tree
version=v4
num_class=1
num_tree_per_iteration=1
label_index=0
max_feature_idx=31
objective=regression
feature_names=seconds_remaining sqrt_seconds_remaining half_seconds_remaining period clock_seconds score_diff score_diff_x_sqrt_time score_diff_per_min home_score away_score total_points_so_far spread_decayed total_decayed pregame_spread pregame_total expected_remaining_total has_ball_home down distance yardline_100 field_pos_value timeout_diff home_timeouts away_timeouts plays_run plays_per_min pace_ratio home_pass_rate away_pass_rate wind_mph is_dome wind_x_pass_rate
feature_infos=[0:3600] [0:60] [0:1800] [1:4] [0:900] [-78:79] [-35.218366420567172:42.326853178567383] [-78:79] [-12:79] [-7:78] [-12:140] [-62:52.064999999999998] [0:89.5] [-62:54] [31.5:90] [0:89.5] [0:1] [0:5] [-65:87] [0:100] [0:1] [-13:6] [-12:3] [-3:3] [0:261] [0:173] [0:161] [0.12307692307692308:0.75757575757575757] [0.15714285714285714:0.69767441860465118] [0:29] [0:1] [0:17.786622757210992]
tree_sizes=5604 5799 5805 5818 5792 5808 5798 5808 5847 5850 5799 5844 5838 5834 5820 5798 5819 5846 5800 5807 5842 5843 5754 5848 5830 5829 5829 5823 5879 5813 5829 5830 5867 5778 5893 5820 5815 5830 5853 5862 5792 5778 5774 5788 5871 5784 5816 5785 5799 5765 5835 5739 5809 5824 5855 5794 5768 5797 5910 5798 5835 5810 5812 5825 5853 5791 5895 5793 5737 5796 5763 5820 5916 5901 5820 5771 5784 5784 5877 5736 5786 5852 5847 5912 5823 5854 5723 5795 5751 5776 5781 5868 5780 5766 5743 5864 5804 5808 5858 5828 5893 5792 5840 5815 5862 5795 5802 5781 5727 5842 5863

Tree=0
num_leaves=63
num_cat=0
split_feature=12 11 12 12 12 11 12 12 13 13 11 11 12 12 12 12 11 11 13 12 13 13 12 12 13 11 12 7 14 12 11 11 11 11 11 8 13 12 7 12 12 11 0 13 6 11 6 5 12 13 7 12 6 12 12 7 11 7 7 13 12 12
split_gain=1.88616e+07 3.26926e+06 2.98888e+06 1.41075e+06 758419 379213 370132 332761 307961 277172 265357 225322 130151 127793 109858 101222 89185 81184.7 81030.8 65607.9 59078.8 50300.1 48213.5 39801.8 33087.3 32710 31668.2 31143.4 30497.3 30147.5 29729.7 23746.8 23394.6 21529 21485.8 19888.6 19048.7 18894.8 18888.5 18702.1 18429.6 17703.5 16038.4 15301.9 14793.7 14682.6 14566.3 14441.9 13180.3 13108.8 13025.9 12780.2 12322.9 12207.2 12027.7 11929 11625.7 10897.8 10744.9 11556.8 10381.9 10078.1
threshold=31.000138888888895 -5.8745833333333328 15.913958333333335 47.29097222222223 46.52256944444445 -20.287152777777774 24.312708333333337 7.9062499999999991 6.2500000000000009 7.2500000000000009 -19.096249999999998 -4.2392361111111105 38.437638888888898 37.776875000000011 56.000416666666673 56.509027777777781 -3.2499999999999982 -34.239305555555553 14.750000000000002 38.645763888888901 5.2500000000000009 13.750000000000002 12.82701388888889 57.043958333333343 13.750000000000002 -12.086388888888886 60.170833333333341 3.6337284635897782 64.250000000000014 19.965416666666673 -12.614444444444443 -11.833472222222222 -27.796597222222221 -9.2573611111111074 1.4139583333333337 30.500000000000004 13.750000000000002 39.09118055555556 1.0189244717546606 61.002291666666672 19.257777777777779 2.2500694444444451 1683.5000000000002 26.750000000000004 6.8156172769258605 -13.462083333333331 2.6667968686427925 28.500000000000004 33.000069444444456 3.2500000000000004 -3.9968304278922342 40.906180555555558 18.469313889288873 50.137569444444445 27.750069444444446 1.5850552079958129 1.2878472222222224 2.5613866812825434 0.29406617389693018 -24.249999999999996 52.742083333333348 27.00020833333334
decision_type=2 2 2 2 2 2 2 2 2 2 2 2 2 2 2 2 2 2 2 2 2 2 2 2 2 2 2 2 2 2 2 2 2 2 2 2 2 2 2 2 2 2 2 2 2 2 2 2 2 2 2 2 2 2 2 2 2 2 2 2 2 2
left_child=2 3 7 10 9 17 16 27 14 13 19 25 35 48 41 30 29 46 26 47 54 37 57 58 40 42 -10 50 -16 -4 -7 -14 -21 39 51 45 -22 -11 61 -17 -18 53 -8 -20 -25 -12 -5 -2 -3 -30 -1 -15 -34 -6 -13 -31 -24 -9 59 -19 -32 -27
right_child=1 4 6 5 8 15 11 22 18 21 12 20 31 34 28 33 24 23 43 32 36 -23 56 44 -26 38 -28 -29 49 55 60 -33 52 -35 -36 -37 -38 -39 -40 -41 -42 -43 -44 -45 -46 -47 -48 -49 -50 -51 -52 -53 -54 -55 -56 -57 -58 -59 -60 -61 -62 -63
leaf_value=14.972718759172135 16.319455882018904 15.712710246898308 15.443584003941194 17.447057922573389 16.159289171252606 16.592153584280862 15.73004343724021 15.176333477576325 15.973286713248907 15.629965232864407 16.129287438377254 15.565594587035864 16.325263081841594 15.947814380292296 16.313640778147292 16.72382218521496 15.340684076334799 16.906017659902854 15.782256688162933 16.75248275836514 15.501718131520493 15.512298186041201 15.298945148811573 17.178191728922073 15.230221379854248 15.695530143776484 16.247111853086331 14.938529482208683 16.632051093175747 15.600501229947643 16.360308525818557 16.184841135883758 16.535083994720289 16.619273650587978 15.900640037798276 15.811237897658316 15.352793638648594 15.789145339474757 15.513071379116058 16.969871484364237 15.432159669744753 16.087134728531936 15.9434699113406 15.517014316843026 16.734414379964853 16.001055755027629 17.15893870040362 15.982911996401478 15.807505240731112 16.376526212085281 15.052883036897835 16.059333091280813 16.172585021077698 16.286976173551292 15.654046477103726 15.398096672282977 15.199171967203558 15.074024749552933 16.581548756892435 16.662339989885179 16.508749737729456 15.799586084495651
leaf_weight=6666 2478 5401 6787 954 3539 3883 1140 21341 5557 4173 3131 8137 5594 4330 1838 1608 9222 3023 3003 1388 5947 6632 12332 1575 3498 3782 1305 12073 2268 8320 3600 6596 3384 1618 6830 1066 3365 3368 843 1570 13720 3212 3871 663 226 7867 927 369 11426 664 22280 6370 257 4056 7284 797 3852 2996 387 613 1804 6049
leaf_count=6666 2478 5401 6787 954 3539 3883 1140 21341 5557 4173 3131 8137 5594 4330 1838 1608 9222 3023 3003 1388 5947 6632 12332 1575 3498 3782 1305 12073 2268 8320 3600 6596 3384 1618 6830 1066 3365 3368 843 1570 13720 3212 3871 663 226 7867 927 369 11426 664 22280 6370 257 4056 7284 797 3852 2996 387 613 1804 6049
internal_value=15.6764 16.13 15.3214 16.4266 15.9157 16.7372 15.5331 15.1066 16.133 15.7988 16.216 15.6413 16.1341 15.8755 16.2742 16.5828 15.4298 17.0193 15.9241 16.4682 15.5473 15.6127 15.2082 16.9265 15.3735 15.7896 16.0254 15.0062 16.4741 15.5234 16.4863 16.2493 16.5769 16.7696 15.97 16.0176 15.4479 15.7011 15.7401 16.8457 15.3954 16.1859 15.8949 15.7343 17.1231 16.0376 17.3059 16.276 15.7771 16.5744 15.0344 16.0142 16.5096 16.2275 15.6074 15.5828 15.2752 15.1637 16.8382 16.8652 16.41 15.7596
internal_weight=292855 128553 164302 53918 74635 21788 82762 81540 26105 48530 32130 40418 24254 34357 15577 14083 42344 7705 10528 7876 24733 14173 40521 5824 26440 15685 6862 41019 4770 15904 9287 12190 5029 4796 17530 12064 9312 7541 10674 3178 22942 10807 5011 3666 1801 10998 1881 2847 16827 2932 28946 10700 3641 7595 15421 9117 16184 24337 4023 3636 5404 9831
internal_count=292855 128553 164302 53918 74635 21788 82762 81540 26105 48530 32130 40418 24254 34357 15577 14083 42344 7705 10528 7876 24733 14173 40521 5824 26440 15685 6862 41019 4770 15904 9287 12190 5029 4796 17530 12064 9312 7541 10674 3178 22942 10807 5011 3666 1801 10998 1881 2847 16827 2932 28946 10700 3641 7595 15421 9117 16184 24337 4023 3636 5404 9831
is_linear=0
shrinkage=1


Tree=1
num_leaves=63
num_cat=0
split_feature=15 11 15 15 15 11 13 15 15 15 13 11 15 11 15 15 13 11 11 11 11 13 15 15 15 14 11 15 13 13 15 4 11 11 15 15 15 15 15 5 5 0 6 13 5 11 15 11 15 6 13 5 15 16 20 16 5 5 20 13 13 11
split_gain=1.70004e+07 3.02393e+06 2.4923e+06 1.35783e+06 756816 358380 312545 303434 287378 253688 234405 177574 119334 118707 104345 98487.5 85302.4 78776 75813.9 55914 51198.4 46526.7 41187.1 36366.5 36234.5 33168.7 29569.1 28908.9 28210.8 26205.3 24558.4 23809.4 23617.8 21788.2 19841.2 17690.2 17310.3 16794 16770 15481 15469.9 14159 13940.8 13901.4 13650.8 12498 12492.4 12378.9 12017.2 11988.3 12090.2 11565.1 11559.1 11529 13825 11431.9 11405.8 12411.2 11269.3 10702.9 10527.7 10489.1
threshold=30.219513888888894 -5.8745833333333328 15.68090277777778 47.028055555555561 44.756458333333335 -20.287152777777774 5.7500000000000009 24.125555555555561 7.9081944444444447 38.437638888888898 6.7500000000000009 -4.2392361111111105 55.051388888888901 -21.59944444444444 36.208958333333342 55.051388888888901 14.750000000000002 -3.2499999999999982 -34.239305555555553 -15.422569444444441 3.8343055555555559 13.750000000000002 12.149166666666668 60.170833333333341 58.776736111111113 64.250000000000014 -12.614444444444443 19.96541666666667 13.750000000000002 -10.249999999999998 61.002291666666672 292.50000000000006 -13.734583333333331 -10.006805555555554 48.623472222222226 33.595069444444455 19.257777777777783 40.906180555555558 36.86236111111112 30.500000000000004 28.500000000000004 3210.5000000000005 2.6667968686427925 26.750000000000004 16.500000000000004 -23.247708333333332 27.000208333333337 -27.796597222222221 33.000069444444456 6.719509318223559 -24.749999999999996 23.500000000000004 49.201111111111125 1.0000000180025095e-35 0.69500000000000006 1.0000000180025095e-35 1.0000000180025095e-35 -1.0000000180025095e-35 0.63500000000000012 -3.2499999999999996 13.750000000000002 -2.5212499999999993
decision_type=2 2 2 2 2 2 2 2 2 2 2 2 2 2 2 2 2 2 2 2 2 2 2 2 2 2 2 2 2 2 2 2 2 2 2 2 2 2 2 2 2 2 2 2 2 2 2 2 2 2 2 2 2 2 2 2 2 2 2 2 2 2
left_child=2 3 8 9 10 18 12 17 31 19 14 32 34 47 48 29 23 27 42 40 46 38 53 52 49 -14 51 -4 36 -7 -17 56 44 -32 59 -21 -19 -16 -12 -34 45 -27 -5 -18 -9 -2 -13 -11 -3 50 -20 -15 -8 -10 -55 -24 57 -1 -57 -6 -22 -36
right_child=1 4 7 5 6 15 16 11 22 13 21 20 25 26 37 30 43 28 24 35 60 -23 55 -25 -26 41 -28 -29 -30 -31 33 -33 39 -35 61 -37 -38 -39 -40 -41 -42 -43 -44 -45 -46 -47 -48 -49 -50 -51 -52 -53 -54 54 -56 58 -58 -59 -60 -61 -62 -63
leaf_value=-0.64836751449922581 0.68737655258922969 0.023430603227588605 -0.22708287679181682 1.6861928908737545 0.48280974842508018 0.8022450286794589 0.18935680805135721 0.33103795853986551 -0.53354409029176886 1.0034543238955476 -0.06983990420266091 -0.12944787149988132 0.59808272733164192 0.6586788561951612 0.207119845595233 0.92338680372520698 0.080817002786756617 -0.32371008596239997 1.2131030870581432 0.2213841889795036 -0.18927359363724527 -0.17723736778131188 -0.43301362156583506 0.5449072935675966 1.4071554331817184 0.73727872221872071 0.49288150706945438 -0.091276495717337272 -0.4261939649853197 0.61212130003158316 1.2587628744838959 -0.58762873744861588 0.074777250525459041 0.95036310637670196 0.59819692260441204 0.34830416434802003 -0.23570102979539317 0.30705596395153351 0.071483890991025617 -0.15622852851616437 0.25283632228771846 0.9546931642515446 1.405637756847878 -0.15631846164862317 0.12505305713061818 0.48080180131155298 -0.042269506350677721 0.81134817147017346 0.11294846120708657 0.97063971288758677 0.98568486680712886 0.32380570241787138 0.31847626589648775 -0.49147930446773924 -0.3574476823571463 -0.38847002678163606 -0.6967326328461465 -0.48737755515670911 -0.26587163549546267 0.34050248707087072 -0.31796503825561739 0.46864670107546058
leaf_weight=10037 928 7406 7140 954 2086 5970 2884 1376 10323 1369 4127 7971 2267 5741 10059 3425 3512 9798 2686 4939 3302 6361 9218 1408 1406 1461 7169 8689 3488 2633 1432 15514 10173 991 2596 6206 13050 7239 4270 780 602 1600 937 749 1939 3603 8484 2307 7593 1132 789 273 4368 7926 2560 6763 14097 1378 2608 3657 3076 4024
leaf_count=10037 928 7406 7140 954 2086 5970 2884 1376 10323 1369 4127 7971 2267 5741 10059 3425 3512 9798 2686 4939 3302 6361 9218 1408 1406 1461 7169 8689 3488 2633 1432 15514 10173 991 2596 6206 13050 7239 4270 780 602 1600 937 749 1939 3603 8484 2307 7593 1132 789 273 4368 7926 2560 6763 14097 1378 2608 3657 3076 4024
internal_value=-4.62637e-05 0.417139 -0.347921 0.699023 0.215731 1.00015 0.409237 -0.148951 -0.544021 0.495852 0.089838 -0.0446594 0.545773 0.6318 0.165273 0.851967 0.222269 -0.240714 1.27093 0.355022 -0.131127 -0.0752473 -0.447547 0.312376 1.18356 0.743632 0.561652 -0.152545 -0.293699 0.744134 1.01044 -0.636654 0.0937144 1.13307 0.46045 0.292083 -0.273455 0.248957 0.00202531 0.0583138 0.491594 0.851197 1.54799 0.0391064 0.210628 0.523253 -0.0845051 0.883145 0.0687521 1.11502 1.16177 0.643534 0.267161 -0.4959 -0.458795 -0.393396 -0.666442 -0.628977 -0.354382 0.392267 -0.251379 0.519532
internal_weight=292849 133159 159690 55492 77667 22355 30612 79266 80424 33137 47055 37101 17691 16859 32297 14451 12921 42165 7904 16278 22833 14758 39398 8660 6013 5328 13183 15829 26336 8603 5848 41026 14268 2423 12363 11145 22848 17298 8397 10953 5133 3061 1891 4261 3315 4531 16455 3676 14999 4607 3475 6014 7252 20809 10486 18589 25512 11415 9371 5743 6378 6620
internal_count=292849 133159 159690 55492 77667 22355 30612 79266 80424 33137 47055 37101 17691 16859 32297 14451 12921 42165 7904 16278 22833 14758 39398 8660 6013 5328 13183 15829 26336 8603 5848 41026 14268 2423 12363 11145 22848 17298 8397 10953 5133 3061 1891 4261 3315 4531 16455 3676 14999 4607 3475 6014 7252 20809 10486 18589 25512 11415 9371 5743 6378 6620
is_linear=0
shrinkage=0.05


Tree=2
num_leaves=63
num_cat=0
split_feature=12 11 12 12 12 11 12 13 11 12 13 12 11 12 13 12 12 12 12 11 13 12 11 12 14 13 12 12 11 13 13 11 13 11 12 11 11 7 1 11 7 7 5 12 13 5 13 12 14 7 11 12 12 16 19 12 14 5 7 7 7 11
split_gain=1.54233e+07 2.68112e+06 2.43622e+06 1.13151e+06 625917 304531 303250 293564 281410 207077 200759 160011 109834 105850 100746 95255.3 88520.3 77555.4 52239.4 48578.6 43903.2 40440.5 39956.7 36613.6 34960.9 34333.2 31290.3 29931.1 28938.1 26258 25184.6 22925.2 20804.5 19580.9 18145.9 17831.9 17276.7 16357.2 15985.7 15205.3 15078.3 14909.8 12654.4 12379.2 12234.7 12046.8 11617.5 11498.5 11427.6 11400.7 11328.7 11327 10939.6 10521.8 10601.3 10466.1 10165.6 9665.69 9347.21 9216.76 9136.48 9110.42
threshold=31.000138888888895 -6.0922222222222215 16.376388888888894 47.29097222222223 44.756458333333342 -23.247708333333332 9.1545138888888911 3.2500000000000004 -3.2499999999999982 38.437638888888898 7.2500000000000009 25.671875000000004 -19.096249999999998 53.08784722222223 14.750000000000002 24.125555555555561 57.043958333333343 37.776875000000011 54.670069444444451 -17.499861111111105 9.7500000000000018 60.170833333333341 -15.422569444444441 5.3729861111111106 64.750000000000014 13.750000000000002 21.138541666666669 12.82701388888889 -12.086388888888886 7.2500000000000009 -43.249999999999993 -25.20805555555555 -10.249999999999998 -31.498888888888885 65.450694444444466 1.2384722222222224 -11.833472222222222 0.59965705903148081 56.784680862158154 -1.9364583333333327 0.054719563507722627 3.9169571859453955 28.500000000000004 48.937638888888898 4.7500000000000009 30.500000000000004 26.750000000000004 27.547777777777782 50.250000000000007 1.5850552079958129 -11.833472222222222 37.5376388888889 21.605972222222228 1.0000000180025095e-35 30.500000000000004 51.745069444444447 73.750000000000014 -5.4999999999999991 1.1216894918062497 1.3158581833173013 2.018142921792077 -7.5086805555555554
decision_type=2 2 2 2 2 2 2 2 2 2 2 2 2 2 2 2 2 2 2 2 2 2 2 2 2 2 2 2 2 2 2 2 2 2 2 2 2 2 2 2 2 2 2 2 2 2 2 2 2 2 2 2 2 2 2 2 2 2 2 2 2 2
left_child=2 3 6 9 10 18 23 13 11 19 17 26 31 48 21 29 22 39 33 42 47 43 -7 41 -15 51 59 53 58 52 -20 -11 34 -5 -18 -19 -14 -21 -26 -3 -32 -1 -2 -9 60 -30 -16 -17 -6 50 -28 -12 -10 -8 -55 61 -34 -31 -13 -4 -29 -24
right_child=1 4 8 5 7 16 27 14 15 12 25 28 36 24 46 20 32 35 30 37 -22 -23 55 -25 38 -27 49 44 45 57 40 -33 56 -35 -36 -37 -38 -39 -40 -41 -42 -43 -44 -45 -46 -47 -48 -49 -50 -51 -52 -53 -54 54 -56 -57 -58 -59 -60 -61 -62 -63
leaf_value=-0.60220588244283579 0.54927205061439399 0.14809057217765362 -0.15244066681501087 1.2808160936050728 0.28760600157074911 0.90273710112373884 -0.48537782829633092 0.20821375855678217 -0.26737034446231916 0.92169589977589439 -0.055659561552743736 0.24934184539051338 0.59072070830293977 0.60147353114824975 0.073462715267580844 -0.12979435175554965 1.0280179401827876 0.29528440116157889 1.7497301949718136 0.32543373986514695 -0.24941453211970807 0.53112655710843748 0.68126497810779574 -0.53543550105820192 0.74348954259698985 -0.15667583773276589 0.073620562573674816 -0.31945175972639228 0.077275529278211103 -0.39837844645493165 1.4371989548630018 0.70859398916799821 0.81158071615994665 1.0210843919731987 1.3083566956154238 0.18178479216370438 0.46954134705127476 0.14986107939609433 0.98993834496581035 0.053190752888057462 1.1616840682649299 -0.67780339989674465 0.25922024181733527 0.3227408554425657 -0.42946221699167558 -0.15940176854270813 -0.14433086387813093 -0.047791322911638491 0.46435772707419076 -0.25764951972658728 -0.065378348338561418 0.073442836633027045 -0.18245158122197436 -0.31580737723000052 -0.44008012804890112 0.76185986428374286 1.1763037353625585 -0.27357409862760146 0.039556731379936254 -0.27317686655706663 -0.44215080653579159 0.49648396651603233
leaf_weight=19755 3100 7474 6138 1219 1038 3494 9228 3853 11501 2289 3441 3644 5610 3116 3548 8738 2579 8932 491 9273 5746 1885 2905 17120 1603 5915 1802 12366 10087 4483 1652 2882 1292 1908 768 5661 6265 1551 1149 9700 759 9890 431 6123 4502 567 739 8372 8092 637 7841 3354 5675 2281 7100 3230 231 2390 622 2132 1738 885
leaf_count=19755 3100 7474 6138 1219 1038 3494 9228 3853 11501 2289 3441 3644 5610 3116 3548 8738 2579 8932 491 9273 5746 1885 2905 17120 1603 5915 1802 12366 10087 4483 1652 2882 1292 1908 768 5661 6265 1551 1149 9700 759 9890 431 6123 4502 567 739 8372 8092 637 7841 3354 5675 2281 7100 3230 231 2390 622 2132 1738 885
internal_value=0.000112278 0.410623 -0.320686 0.68398 0.219707 0.964241 -0.50901 0.391601 -0.123911 0.49284 0.0993288 -0.0131561 0.610679 0.55088 0.24364 -0.202941 0.846082 0.16652 1.26555 0.352879 -0.129843 0.318717 0.764268 -0.593776 0.716609 -0.0686078 -0.111199 -0.402479 0.10874 -0.272405 1.41903 0.803086 1.02252 1.12271 1.09272 0.25127 0.526834 0.300292 0.846708 0.0944967 1.35098 -0.627448 0.513951 0.278533 -0.357577 0.0646659 0.0358942 -0.089675 0.444296 -0.0529462 -0.0393985 0.00806658 -0.239325 -0.447353 -0.4099 0.69523 0.867635 -0.355025 0.218771 -0.183596 -0.334602 0.638259
internal_weight=292792 128437 164355 52814 75623 21413 83980 31146 80375 31401 44477 33470 17046 14998 16148 46905 15384 31767 6029 14355 22856 11861 10514 46765 5868 12710 18550 37215 14920 24049 2902 5171 4870 3127 3347 14593 11875 10824 2752 17174 2411 29645 3531 9976 18606 10654 4287 17110 9130 10280 9643 6795 17176 18609 9381 7020 1523 6873 4266 8270 14104 3790
internal_count=292792 128437 164355 52814 75623 21413 83980 31146 80375 31401 44477 33470 17046 14998 16148 46905 15384 31767 6029 14355 22856 11861 10514 46765 5868 12710 18550 37215 14920 24049 2902 5171 4870 3127 3347 14593 11875 10824 2752 17174 2411 29645 3531 9976 18606 10654 4287 17110 9130 10280 9643 6795 17176 18609 9381 7020 1523 6873 4266 8270 14104 3790
is_linear=0
shrinkage=0.05


Tree=3
num_leaves=63
num_cat=0
split_feature=12 12 13 12 12 13 12 13 12 13 12 13 12 12 12 13 12 13 13 13 13 12 12 7 12 12 12 13 8 2 12 13 12 13 13 13 7 13 12 13 7 7 12 16 19 13 13 13 7 12 13 16 19 8 13 16 19 16 19 12 13 12
split_gain=1.38525e+07 2.1965e+06 2.07933e+06 1.1052e+06 759338 318303 273554 257789 252015 193373 166694 158517 119245 97962.1 91070.5 82442.5 67487.4 65925.5 62243.8 62086.9 40328.1 38852.7 29682.7 29213.9 28790.7 28349.4 27921.2 27676.6 25189.3 24581.3 22676.1 21963 21458.7 19995 18808.9 18451.4 17514.2 16663.4 16637.5 15594.7 13784.9 13475 11929.1 11282.6 12095.2 11186.2 10619.8 10354.5 10341.7 10280.3 10167.6 9930.4 10369.2 9463.69 12019.3 9277.27 12859.4 8813.1 9355.42 8790.54 8559.94 8452.18
threshold=31.000138888888895 16.376388888888894 -10.249999999999998 46.012638888888894 47.29097222222223 3.2500000000000004 9.6434027777777782 4.7500000000000009 24.514236111111114 -24.749999999999996 37.5376388888889 -6.2499999999999991 37.776875000000011 55.051388888888901 61.002291666666672 14.750000000000002 51.745069444444447 13.750000000000002 -24.249999999999996 -2.7499999999999996 7.2500000000000009 5.3729861111111106 39.570694444444449 0.057590786948176591 60.170833333333341 52.065833333333337 19.965416666666673 -24.249999999999996 23.500000000000004 1110.5000000000002 13.255763888888891 -22.749999999999996 64.000833333333347 -3.2499999999999996 13.750000000000002 -38.249999999999993 0.76574523475161593 -43.249999999999993 41.840416666666677 -34.749999999999993 0.59965705903148081 3.9169571859453955 42.060138888888893 1.0000000180025095e-35 53.500000000000007 -3.2499999999999996 -38.249999999999993 4.7500000000000009 -0.23330741316744424 42.060138888888893 26.750000000000004 1.0000000180025095e-35 35.500000000000007 42.500000000000007 -16.249999999999996 1.0000000180025095e-35 38.500000000000007 1.0000000180025095e-35 28.500000000000004 58.776736111111113 9.2500000000000018 21.138541666666669
decision_type=2 2 2 2 2 2 2 2 2 2 2 2 2 2 2 2 2 2 2 2 2 2 2 2 2 2 2 2 2 2 2 2 2 2 2 2 2 2 2 2 2 2 2 2 2 2 2 2 2 2 2 2 2 2 2 2 2 2 2 2 2 2
left_child=1 6 3 10 7 13 21 12 19 16 27 29 43 45 25 24 46 22 28 26 -13 41 -9 35 60 -11 -3 36 39 31 51 -10 -15 42 61 -18 -2 -25 -20 -12 -29 57 -14 -4 -45 -6 -5 -32 -22 -19 -17 -8 -53 54 -28 -23 -57 -1 -59 -37 -7 -21
right_child=2 8 4 9 5 15 30 17 11 14 18 20 33 32 -16 50 23 49 38 34 48 55 -24 37 -26 -27 53 40 -30 -31 47 -33 -34 -35 -36 59 -38 -39 -40 -41 -42 -43 -44 44 -46 -47 -48 -49 -50 -51 -52 52 -54 -55 -56 56 -58 58 -60 -61 -62 -63
leaf_value=-0.60628245769378719 0.47286367160750231 -0.21591165938629728 0.064282805232532103 1.1331130124798303 0.53960349605177649 0.33514636044590612 -0.45042801000979349 -0.016230045145744249 0.25828825599148897 0.68811571276183259 0.89168708551448683 -0.071646107330866016 0.28932511545311795 0.69464931163268995 1.1492867431953444 0.091115424969036365 1.6428553288799332 -0.17810371458022434 0.42606256012341914 -0.28581264450956534 -0.27832508172059683 -0.53999702885779099 0.13591449413873233 1.4335472373421803 0.51234394306158337 0.8572561990814539 -0.029896933894751249 0.287632164120319 0.45878173395082933 0.017553990533111814 -0.31016975316664763 0.089263246025705401 0.91177156693568728 0.24437069465161507 -0.38347154080318374 1.225004988705453 0.22941485670494105 1.036998053096009 0.55984497888498175 0.68788235713234169 0.092672780128964544 -0.64382743142304788 0.40290420627321177 0.21935524346660562 0.092804213405896924 0.42982547154015216 0.91617166776005787 -0.40362516753744748 -0.15705572712811483 -0.045586714834589759 -0.13056498882808085 -0.29212112886415892 -0.4102651346053991 -0.26378739695432629 -0.13071459921544742 -0.38719692245086956 -0.50978236806466237 -0.45026862872327095 -0.56534142459612413 1.4520358725749982 0.2261067706302968 -0.20783630522345389
leaf_weight=9645 3370 9858 7572 789 5488 4681 9360 7196 2614 5462 1447 13962 4473 4902 1832 2790 586 4927 4878 7780 3561 9591 5780 343 1866 4601 4592 7090 852 8368 12220 7259 1501 9250 3308 1157 950 1319 4486 2782 1041 9853 4823 3470 4146 4080 2242 3934 3483 2083 634 2596 6646 885 8302 3166 6734 2320 7789 762 2942 6313
leaf_count=9645 3370 9858 7572 789 5488 4681 9360 7196 2614 5462 1447 13962 4473 4902 1832 2790 586 4927 4878 7780 3561 9591 5780 343 1866 4601 4592 7090 852 8368 12220 7259 1501 9250 3308 1157 950 1319 4486 2782 1041 9853 4823 3470 4146 4080 2242 3934 3483 2083 634 2596 6646 885 8302 3166 6734 2320 7789 762 2942 6313
internal_value=-0.00030335 -0.304743 0.38829 0.657749 0.238265 0.445002 -0.483714 0.127101 -0.117813 0.948666 0.451204 -0.0272265 0.211406 0.594249 0.824724 0.260379 1.15334 -0.0151991 0.566777 -0.204443 -0.120863 -0.559703 0.0515461 1.28426 0.336263 0.765528 -0.151664 0.317087 0.707769 0.0806043 -0.376355 0.134036 0.745682 0.296475 -0.276123 1.39298 0.419393 1.11965 0.490206 0.757811 0.262686 -0.595838 0.34829 0.107516 0.150485 0.492842 0.972999 -0.332953 -0.218393 -0.138739 0.0500422 -0.414026 -0.377115 -0.105686 -0.094815 -0.504786 -0.470623 -0.57187 -0.53898 1.31586 0.293099 -0.2509
internal_weight=292732 164139 128593 45989 82604 28884 83854 53720 80285 19093 26896 39247 33734 15971 11895 12913 7198 19986 14445 41038 21006 49098 12976 4167 9489 10063 23637 12451 5081 18241 34756 9873 6403 18546 17401 2505 4320 1662 9364 4229 8131 29607 9296 15188 7616 9568 3031 16154 7044 7010 3424 18602 9242 13779 12894 19491 9900 19754 10109 1919 7623 14093
internal_count=292732 164139 128593 45989 82604 28884 83854 53720 80285 19093 26896 39247 33734 15971 11895 12913 7198 19986 14445 41038 21006 49098 12976 4167 9489 10063 23637 12451 5081 18241 34756 9873 6403 18546 17401 2505 4320 1662 9364 4229 8131 29607 9296 15188 7616 9568 3031 16154 7044 7010 3424 18602 9242 13779 12894 19491 9900 19754 10109 1919 7623 14093
is_linear=0
shrinkage=0.05


Tree=4
num_leaves=63
num_cat=0
split_feature=12 11 12 12 12 12 11 12 11 11 11 11 12 12 12 12 11 11 12 11 11 11 12 7 12 11 12 12 12 11 8 14 7 7 11 11 6 12 12 7 12 11 12 14 11 14 14 11 7 29 11 6 7 11 12 12 11 7 16 19 8 7
split_gain=1.25663e+07 2.14221e+06 2.06487e+06 918730 481303 269302 252403 220537 203718 162175 161773 160684 77590.5 74577 71739.1 67621.2 64754 60324.1 51733 43569 38793.4 36838.5 33140.7 27995.6 27993.9 27472.4 26826.2 24168.5 23397.3 19163.9 18945.6 18793.1 18203.3 17807 15526.4 15482.2 15098.6 14837.7 14175.5 13010.1 12707.8 12537.7 11756.7 11752.1 11288.8 10813 10447.7 10210.2 10083.7 9986.96 9857.79 10403.6 9707.58 12510.2 9688.78 9345.91 9271.39 9383.87 9187.64 10811.7 9183.81 8988.75
threshold=31.41694444444445 -5.8745833333333328 15.913958333333335 47.29097222222223 46.52256944444445 24.312708333333337 -20.287152777777774 8.8995138888888921 5.000208333333334 -17.999444444444439 3.3751388888888889 -1.7738194444444442 37.776875000000011 56.509027777777781 39.775277777777788 56.509027777777781 -1.2709722222222217 -31.498888888888885 41.598750000000003 13.867083333333335 9.8321527777777806 -8.0435416666666644 39.09118055555556 3.3758116883116887 19.965416666666673 6.750208333333334 56.509027777777781 60.170833333333341 12.82701388888889 -14.337291666666665 28.500000000000004 64.250000000000014 0.59965705903148081 1.1902498077379786 -17.999444444444439 -26.509583333333328 1.8634272483041239 4.1016666666666666 65.450694444444466 -1.1564251251161255 51.745069444444447 -27.796597222222221 43.026875000000011 50.250000000000007 2.1752083333333343 67.250000000000014 76.250000000000014 -10.440833333333332 0.56853749622161354 3.3500000000000001 -7.0891666666666655 9.0816818033254005 1.5850552079958129 -6.838819444444443 35.994513888888896 39.341527777777785 -0.8930555555555556 1.6469184332444196 1.0000000180025095e-35 33.500000000000007 36.500000000000007 0.30894847222637817
decision_type=2 2 2 2 2 2 2 2 2 2 2 2 2 2 2 2 2 2 2 2 2 2 2 2 2 2 2 2 2 2 2 2 2 2 2 2 2 2 2 2 2 2 2 2 2 2 2 2 2 2 2 2 2 2 2 2 2 2 2 2 2 2
left_child=2 3 7 9 10 16 17 23 13 18 12 21 -3 43 32 29 24 36 30 26 22 33 -12 37 60 -13 -10 61 -9 -8 35 -15 54 34 -7 -2 -5 -1 -17 -18 -31 -20 -14 -6 -45 -33 -47 -40 -23 -21 51 -16 53 -26 -11 -22 57 -30 -39 -60 -4 -19
right_child=1 4 5 6 8 11 15 28 19 14 20 25 42 31 50 38 39 27 41 49 55 48 -24 -25 52 -27 -28 -29 56 40 -32 45 -34 -35 -36 -37 -38 58 47 -41 -42 -43 -44 44 -46 46 -48 -49 -50 -51 -52 -53 -54 -55 -56 -57 -58 -59 59 -61 -62 -63
leaf_value=-0.549997886390165 0.75130835723503975 0.096326665792244276 -0.18242988044188568 1.4065204911802844 0.21370457132548887 0.32759894184552057 0.77090302455634385 -0.40873848616038866 0.21124833221978198 0.27490054876652587 -0.033850927494442587 -0.099994853408063161 0.2273600430965034 0.52792190295270602 0.52466375257683917 0.8463817461089409 -0.39679962034514499 0.96195934121686621 0.91147632183560301 0.24701840503454414 -0.18247206439286134 0.029088400463891596 0.13017359885174681 -0.59908311988821061 -0.017466605367970331 -0.24918095893124437 0.41289841446952763 1.2231674122133467 -0.26300391102017578 0.55186896051542933 0.26407363073104567 0.89380315759089235 0.13946551157439974 -0.069226944259519849 0.13281236049112471 0.51091369180084845 1.1630152311447728 -0.51848712913118877 1.1927229271027515 -0.25629310466329985 0.69318466080342023 0.70697591434824592 0.32158620637130314 0.46842791952688806 0.35159517545623781 0.61402943124801945 0.89971303536778413 0.87644282634948434 -0.088893291162280841 0.018223231397582713 0.35094560987064161 0.38573123592937653 -0.25777771058702798 -0.12363853633614492 0.36856148629258745 -0.057379848835192621 -0.36913548595002155 -0.38170478701722393 -0.35340501204307784 -0.47870253228971199 -0.29872237901261678 0.67000271506228692
leaf_weight=14654 830 14157 8070 1371 640 1171 2835 19623 5262 6065 6831 15902 9288 1535 6574 3677 1822 3854 1049 576 2749 10652 5606 13262 4424 3829 2405 950 6631 3636 638 873 1645 955 8089 3598 1288 8722 605 17519 2887 2796 5161 7284 2913 1449 419 474 2181 2752 1378 1714 862 7442 5106 3270 7326 2233 2344 6659 2154 294
leaf_count=14654 830 14157 8070 1371 640 1171 2835 19623 5262 6065 6831 15902 9288 1535 6574 3677 1822 3854 1049 576 2749 10652 5606 13262 4424 3829 2405 950 6631 3636 638 873 1645 955 8089 3598 1288 8722 605 17519 2887 2796 5161 7284 2913 1449 419 474 2181 2752 1378 1714 862 7442 5106 3270 7326 2233 2344 6659 2154 294
internal_value=0.000372361 0.376189 -0.284965 0.61741 0.200587 -0.112682 0.866201 -0.464897 0.372755 0.44406 0.10507 -0.0242275 0.179528 0.491883 0.372481 0.740166 -0.20215 1.0954 0.624587 0.208979 -0.0103415 0.0654315 0.0400879 -0.537784 -0.145346 -0.128957 0.274548 0.994163 -0.371997 0.661967 0.519412 0.668762 0.29487 0.136278 0.157477 0.556134 1.28905 -0.512658 0.89386 -0.269549 0.61451 0.762991 0.261036 0.422036 0.43509 0.747413 0.678557 1.05472 0.00903176 0.0578847 0.475344 0.495982 -0.0958436 -0.0840593 0.31774 -0.114533 -0.327443 -0.292946 -0.481759 -0.446123 -0.206957 0.941433
internal_weight=292960 126434 166526 53264 73170 85072 21871 81454 26108 31393 47062 42779 28606 15113 22482 14114 42293 7757 8911 10995 18456 23048 12437 45641 22952 19731 7667 5098 35813 9358 5066 4276 12816 10215 9260 4428 2659 32379 4756 19341 6523 3845 14449 10837 10197 2741 1868 1079 12833 3328 9666 8288 12728 11866 11171 6019 16190 8864 17725 9003 10224 4148
internal_count=292960 126434 166526 53264 73170 85072 21871 81454 26108 31393 47062 42779 28606 15113 22482 14114 42293 7757 8911 10995 18456 23048 12437 45641 22952 19731 7667 5098 35813 9358 5066 4276 12816 10215 9260 4428 2659 32379 4756 19341 6523 3845 14449 10837 10197 2741 1868 1079 12833 3328 9666 8288 12728 11866 11171 6019 16190 8864 17725 9003 10224 4148
is_linear=0
shrinkage=0.05


Tree=5
num_leaves=63
num_cat=0
split_feature=12 11 12 12 12 11 12 13 11 13 12 11 12 12 13 12 12 12 12 13 12 12 11 12 13 12 13 7 13 11 5 3 11 11 13 13 12 8 13 11 12 13 8 13 7 7 12 14 8 8 13 14 6 7 12 5 7 7 11 12 8 13
split_gain=1.13213e+07 1.94842e+06 1.82847e+06 801461 492846 246055 231116 217955 215363 165070 115915 105035 81323.6 79326 72908.4 70433.4 64304.7 59807.1 43566.8 36696.4 35573.1 33820.6 29053.1 27803.7 27774.5 25600.6 24746.8 24566 24367.4 22550 20528.5 18935.2 17862.5 16884.4 15340.3 14540.5 16660.3 14146.9 13043.9 12039.9 11689.1 11561 11455 11038.5 11003.2 10743.9 10380 10269.4 9961.49 9860.29 9700 9557.03 9398.27 9189.81 9155.5 8855.04 9240.83 8707.38 8341.83 8208.62 8014.63 7963.06
threshold=31.226041666666671 -6.4741666666666653 16.618333333333336 45.000347222222231 45.500486111111123 -22.450694444444441 9.8745833333333355 3.2500000000000004 -3.3999305555555548 9.7500000000000018 25.671875000000004 -16.572083333333328 57.043958333333343 53.08784722222223 14.750000000000002 25.107083333333339 36.208958333333342 52.742083333333348 37.776875000000011 13.750000000000002 39.775277777777788 5.3729861111111106 -15.422569444444441 62.921666666666674 -46.249999999999993 60.170833333333341 3.2500000000000004 1.5850552079958129 7.2500000000000009 -15.020624999999997 6.5000000000000009 3.5000000000000004 -29.49958333333333 -11.833472222222222 13.750000000000002 -10.249999999999998 65.450694444444466 28.500000000000004 3.2500000000000004 -25.20805555555555 40.231180555555561 3.2500000000000004 35.500000000000007 -6.2499999999999991 0.78965926805730835 3.1918752733540869 51.745069444444447 50.250000000000007 30.500000000000004 23.500000000000004 26.750000000000004 76.250000000000014 -3.3691409403679855 2.5613866812825434 22.050347222222225 -22.499999999999996 2.3243509888453109 0.35045266863953778 -8.0435416666666644 22.050347222222225 29.500000000000004 26.750000000000004
decision_type=2 2 2 2 2 2 2 2 2 2 2 2 2 2 2 2 2 2 2 2 2 2 2 2 2 2 2 2 2 2 2 2 2 2 2 2 2 2 2 2 2 2 2 2 2 2 2 2 2 2 2 2 2 2 2 2 2 2 2 2 2 2
left_child=2 3 6 11 9 17 21 13 10 16 27 20 22 47 25 28 38 32 48 41 37 45 -7 -15 -19 -9 40 33 44 49 -26 43 -5 -4 -11 36 -14 -2 -3 -22 -18 57 58 -8 59 -1 -24 -6 -13 -12 -16 -25 -30 -23 -35 -33 -57 -17 -31 -10 -20 -36
right_child=1 4 8 5 7 12 31 14 15 34 29 18 35 23 50 19 26 24 60 -21 39 53 46 51 30 -27 -28 -29 52 42 -32 55 -34 54 61 -37 -38 -39 -40 -41 -42 -43 -44 -45 -46 -47 -48 -49 -50 -51 -52 -53 -54 -55 -56 56 -58 -59 -60 -61 -62 -63
leaf_value=-0.51462110319534926 0.48583016597066664 0.091099459723193249 0.05649873827755314 1.0132973415375568 0.22391639130369845 0.7387968247183001 -0.23822536567176306 0.25161843621498092 -0.2078102609117578 -0.0087717889171405015 0.33365888009333217 0.26811378019623416 0.87307785364613411 0.56965891374124078 0.073023080156470896 -0.012845690109525255 0.18550638565027341 1.5809389946043648 0.41938798419632656 -0.25827755409740377 0.77725887197436361 -0.4364636302898684 0.53685330005643539 0.75849266223305345 1.210297435197301 0.45433055833141012 0.11711348428189879 -0.25525231295360062 -0.33975278561334149 0.12951326796222604 0.94802904206961802 -0.47329027346355668 0.78715445698430386 -0.12918264440160437 -0.11298768406900346 0.7333764338666201 1.1476005507181386 0.24533728797754939 -0.014186950005101033 0.59077736093263644 0.2734066881981298 -0.11885150275938941 -0.11459349696724852 -0.32956436678244078 -0.30515181095915578 -0.57755364170479351 0.65276903607847037 0.40869049752094516 0.080526615717091576 0.14192263835481297 -0.13026298431979194 1.0958611731727919 -0.22370772433686345 -0.51794473573998545 -0.046052366144075707 -0.34181560450880277 -0.44269452101132167 -0.12901450918560384 0.044398242899864639 -0.13743637795850802 0.11222687618298964 -0.2825932928056798
leaf_weight=18660 4149 10327 2278 1618 838 4180 5952 9267 10618 3960 1227 8059 2440 4933 3273 7946 7121 382 8069 3102 1305 16130 5569 1077 2437 1874 6730 2003 4917 5174 1113 1741 1969 7170 5336 1249 733 721 4113 2676 8096 7423 789 7494 1966 10834 3014 7686 777 1483 714 269 2719 4455 6158 17063 2634 2023 6491 6812 219 795
leaf_count=18660 4149 10327 2278 1618 838 4180 5952 9267 10618 3960 1227 8059 2440 4933 3273 7946 7121 382 8069 3102 1305 16130 5569 1077 2437 1874 6730 2003 4917 5174 1113 1741 1969 7170 5336 1249 733 721 4113 2676 8096 7423 789 7494 1966 10834 3014 7686 777 1483 714 269 2719 4455 6158 17063 2634 2023 6491 6812 219 795
internal_value=-1.88014e-05 0.354794 -0.272873 0.595181 0.195348 0.799071 -0.434556 0.353585 -0.101796 0.0934411 -0.00318815 0.401245 0.694607 0.489983 0.220094 -0.169792 0.143062 1.0377 0.328922 -0.099878 0.541114 -0.503388 0.630467 0.624878 1.17272 0.285754 0.196977 -0.0904469 -0.222791 0.0981393 1.12836 -0.33573 0.889415 -0.0692795 -0.085484 0.879548 0.936837 0.450283 0.0611114 0.652087 0.232287 -0.0716129 0.0696857 -0.289153 -0.192985 -0.537757 0.577629 0.390554 0.251629 0.228826 0.0365947 0.82668 -0.298467 -0.454122 -0.0907799 -0.364929 -0.355328 -0.0364303 0.0821588 -0.180316 0.411286 -0.135023
internal_weight=292350 127088 165262 50679 76409 24704 84963 29931 80299 46478 32773 25975 17185 14803 15128 47526 36387 7519 17124 20494 8851 50079 12763 6279 3932 11141 21947 17609 27032 15164 3550 34884 3587 15606 10091 4422 3173 4870 14440 3981 15217 17392 12454 13446 19396 29494 8583 8524 8836 2710 3987 1346 7636 20585 13328 21438 19697 9969 11665 17430 8288 6131
internal_count=292350 127088 165262 50679 76409 24704 84963 29931 80299 46478 32773 25975 17185 14803 15128 47526 36387 7519 17124 20494 8851 50079 12763 6279 3932 11141 21947 17609 27032 15164 3550 34884 3587 15606 10091 4422 3173 4870 14440 3981 15217 17392 12454 13446 19396 29494 8583 8524 8836 2710 3987 1346 7636 20585 13328 21438 19697 9969 11665 17430 8288 6131
is_linear=0
shrinkage=0.05


Tree=6
num_leaves=63
num_cat=0
split_feature=15 15 11 15 15 15 11 11 13 13 11 15 15 15 15 11 15 15 15 15 13 13 15 13 15 11 13 13 11 13 13 11 13 28 11 7 7 15 7 11 15 7 14 14 14 13 15 7 7 6 16 19 11 6 8 13 6 7 13 29 13 14
split_gain=1.02486e+07 1.78861e+06 1.73768e+06 683774 378402 282557 214587 205762 171852 144918 124413 89585.2 73595.3 61756.8 57448.2 48397.5 46941.2 44970.6 41061.5 33882.8 33218.8 28933.2 25937.1 25756.5 23362.6 23073.9 22686.9 21374.6 19018.3 16668.2 15714.7 15536.7 15319.2 14414.3 13383.6 13367.5 13321.3 13244.5 13081.9 12765.7 12678.6 12040 11755.7 11648 11807 11572.2 10985.6 10771.1 10649.6 10099.1 10050.3 10167.3 9554.64 9463.6 9388.49 9233.25 9204.21 9126.5 11412.9 9611.12 8892.55 8892.23
threshold=32.001250000000006 18.292777777777783 -5.8745833333333328 47.028055555555561 48.937638888888898 10.117916666666668 -20.287152777777774 -4.2392361111111105 7.2500000000000009 9.2500000000000018 -16.572083333333328 25.671875000000004 40.015694444444456 56.509027777777781 26.418472222222224 -34.239305555555553 61.002291666666672 40.231180555555561 38.645763888888894 5.6286111111111117 13.750000000000002 13.750000000000002 13.470972222222224 7.2500000000000009 61.958819444444451 -15.774791666666664 17.250000000000004 3.2500000000000004 -27.796597222222221 -10.249999999999998 3.2500000000000004 -2.172013888888888 4.7500000000000009 0.47922830374753461 -9.2573611111111074 1.0189244717546606 1.5850552079958129 40.479722222222229 0.14636696732948509 -2.2837499999999995 60.170833333333341 0.56853749622161354 60.750000000000007 64.250000000000014 67.250000000000014 3.2500000000000004 61.958819444444451 2.3243509888453109 0.78965926805730835 -2.1907317340182413 1.0000000180025095e-35 40.500000000000007 -11.833472222222222 19.456650533916889 16.500000000000004 -5.2499999999999991 -16.221984346202532 0.21406182323220754 -43.249999999999993 5.1500000000000012 26.750000000000004 48.250000000000007
decision_type=2 2 2 2 2 2 2 2 2 2 2 2 2 2 2 2 2 2 2 2 2 2 2 2 2 2 2 2 2 2 2 2 2 2 2 2 2 2 2 2 2 2 2 2 2 2 2 2 2 2 2 2 2 2 2 2 2 2 2 2 2 2
left_child=1 5 3 10 8 19 15 11 12 16 18 36 39 29 23 57 27 41 54 47 45 37 -7 48 38 -13 33 43 -20 -8 -18 -14 50 -11 46 -27 52 -10 42 -4 -35 -12 -17 -6 55 -16 -15 -1 -9 -25 -24 -52 -3 -30 -2 -45 -41 58 59 -5 61 -23
right_child=2 7 4 6 9 22 13 14 21 26 17 25 31 34 20 24 30 -19 28 -21 -22 60 32 49 -26 35 -28 -29 53 -31 -32 -33 -34 40 -36 -37 -38 -39 -40 56 -42 -43 -44 44 -46 -47 -48 -49 -50 -51 51 -53 -54 -55 -56 -57 -58 -59 -60 -61 -62 -63
leaf_value=-0.48469501910012608 0.50607480716881359 0.049535760569177391 0.15951538595407455 1.1320998556781234 0.41983388770060848 -0.34784625165050209 0.63358543680397306 -0.14019021908951032 -0.022430567153663983 0.026148901682226212 0.29331782371489384 0.24940831234899702 0.31090026843771001 0.78730023458102449 -0.011802022020108872 0.85408131080114735 0.73824594359747586 0.42755423609603505 0.80036655939354784 -0.42705639820475555 -0.22836162823435299 -0.24136888534029857 -0.28316941990953193 -0.29718430768890253 1.1646563185773882 0.10299815698621413 0.025950609526800034 0.31691283653871472 0.60342519077004131 0.49093362076841135 0.4809915347512444 0.21156711184842469 -0.33835995649777573 0.21776748144405123 0.68973597424422828 -0.096134108900040302 -0.21266066154823937 0.1070503760947335 0.71896814300211265 -0.20669065004760934 0.4397277635280733 0.13916115113977301 1.0341708423008418 0.39624484092949736 0.4586454295837597 -0.095405476119436172 0.97696627302957906 -0.54483375394746625 -0.2652709222637869 -0.17395041521040747 -0.13463597964071508 -0.24571068546906491 -0.066068204585930809 0.29511835263407188 0.34818940595197412 0.76823731741882595 0.08195702838943196 0.94056195239294782 1.1350490545461838 1.5439003708011816 -0.24475022294582216 -0.057251977367066012
leaf_weight=17794 1819 2198 7193 227 5500 17556 6677 18787 4292 708 10068 2712 6584 1836 10593 2642 1683 8130 1336 20503 2859 747 8931 5307 829 11602 1994 3920 4657 2988 931 9826 5845 2542 1598 908 1307 3657 1067 282 863 1452 1439 218 1396 6793 1368 13015 1872 2429 3090 6209 9551 266 1981 763 11575 288 911 468 945 5331
leaf_count=17794 1819 2198 7193 227 5500 17556 6677 18787 4292 708 10068 2712 6584 1836 10593 2642 1683 8130 1336 20503 2859 747 8931 5307 829 11602 1994 3920 4657 2988 931 9826 5845 2542 1598 908 1307 3657 1067 282 863 1452 1439 218 1396 6793 1368 13015 1872 2429 3090 6209 9551 266 1981 763 11575 288 911 468 945 5331
internal_value=0.000886624 -0.250808 0.34848 0.567903 0.187512 -0.398407 0.776909 -0.0724554 0.113856 0.36854 0.410733 0.0347973 0.173829 0.662504 -0.134809 0.987076 0.455041 0.337492 0.553758 -0.476937 -0.0704499 -0.0281874 -0.301606 -0.180691 0.916873 0.117214 0.164378 0.41249 0.632531 0.589539 0.646841 0.251438 -0.267874 0.231465 0.809208 0.0885382 -0.0612939 0.0371441 0.876753 0.106965 0.274136 0.273901 0.91782 0.460008 0.55275 -0.0444709 0.868561 -0.510117 -0.151537 -0.258518 -0.245258 -0.20882 -0.0444387 0.58683 0.42388 0.68606 0.0750751 1.20802 1.25537 1.41122 -0.102128 -0.0799163
internal_weight=292858 169861 122997 52047 70950 92943 22338 76918 50432 20518 29709 28278 35460 14467 48640 7871 14411 19650 10059 51312 20245 14972 41631 28395 5977 15222 6107 11797 6259 9665 2614 16410 24075 4113 4802 12510 13056 7949 5148 19050 3405 11520 4081 7877 2377 17386 3204 30809 20659 7736 18230 9299 11749 4923 3800 981 11857 1894 1606 695 7023 6078
internal_count=292858 169861 122997 52047 70950 92943 22338 76918 50432 20518 29709 28278 35460 14467 48640 7871 14411 19650 10059 51312 20245 14972 41631 28395 5977 15222 6107 11797 6259 9665 2614 16410 24075 4113 4802 12510 13056 7949 5148 19050 3405 11520 4081 7877 2377 17386 3204 30809 20659 7736 18230 9299 11749 4923 3800 981 11857 1894 1606 695 7023 6078
is_linear=0
shrinkage=0.05


Tree=7
num_leaves=63
num_cat=0
split_feature=15 11 15 15 15 13 13 15 15 15 15 11 11 15 13 15 13 11 11 11 15 13 15 11 15 11 15 15 15 11 7 11 7 13 7 8 16 20 16 29 7 11 11 6 13 29 20 15 15 11 13 11 13 7 29 15 16 20 7 29 14 6
split_gain=9.22816e+06 1.69585e+06 1.15643e+06 723799 525412 337914 206529 143698 135807 128025 103398 93078.8 86049.9 71799.1 63856.6 47018.4 40649.2 32287 31042.3 28708.9 28465.2 26351.4 26017.1 24618.1 24142.6 22529.6 22250 20063.8 17541.4 16896.8 16804.9 15109.5 15793.3 14279.2 13512.3 12408.7 12002.7 12757.8 11785.1 11490.3 11401.6 11167.3 10802.8 10348.6 10030.7 10631.6 9987.6 9981.7 9277.84 9055.02 8992.62 8849.47 8681.63 8257.73 8143.07 7874.69 7847.3 10923.3 7840.75 7632.74 7427.86 13526.6
threshold=28.875208333333337 -12.348888888888888 15.248263888888891 43.026875000000011 47.29097222222223 3.2500000000000004 3.2500000000000004 7.9081944444444447 52.742083333333348 22.050347222222225 40.015694444444456 -29.49958333333333 -3.964166666666666 35.538402777777783 13.750000000000002 60.170833333333341 13.750000000000002 -21.59944444444444 -1.0706249999999997 -7.5086805555555554 53.939305555555563 5.2500000000000009 61.958819444444451 -5.1331944444444435 35.107291666666676 -6.4741666666666653 35.308125000000011 11.039236111111114 54.670069444444451 -17.499861111111105 2.4356608950704897 -15.774791666666664 1.2281366798345372 26.750000000000004 1.4049183632332194 39.500000000000007 1.0000000180025095e-35 0.69500000000000006 1.0000000180025095e-35 3.3500000000000001 1.0474541096337722 -6.3522916666666651 -23.247708333333332 19.456650533916889 -46.249999999999993 7.6500000000000012 0.63500000000000012 52.742083333333348 64.000833333333347 -29.49958333333333 -3.2499999999999996 -10.440833333333332 13.750000000000002 -0.14041344000801151 15.15 57.57444444444446 1.0000000180025095e-35 0.64500000000000013 -2.9258101773218281 14.250000000000002 64.750000000000014 -3.5254432252449628
decision_type=2 2 2 2 2 2 2 2 2 2 2 2 2 2 2 2 2 2 2 2 2 2 2 2 2 2 2 2 2 2 2 2 2 2 2 2 2 2 2 2 2 2 2 2 2 2 2 2 2 2 2 2 2 2 2 2 2 2 2 2 2 2
left_child=2 4 7 6 10 8 13 30 19 18 24 28 31 23 20 29 26 43 34 -5 -7 -14 41 35 40 -15 -8 -9 -6 47 36 -11 -33 39 51 -3 58 -38 -29 -16 -2 -10 -26 49 -30 -46 -40 -13 -22 -12 -21 -4 -20 -23 -43 -41 -27 -58 -1 -24 -52 -62
right_child=1 3 9 5 11 14 16 27 22 12 17 15 21 25 33 -17 -18 -19 52 50 48 53 59 -25 42 56 -28 38 44 -31 -32 32 -34 -35 -36 -37 37 -39 46 55 -42 54 -44 -45 45 -47 -48 -49 -50 -51 60 -53 -54 -55 -56 -57 57 -59 -60 -61 61 -63
leaf_value=-0.53781791111652033 0.28373825534542219 0.1623337001353779 -0.0061317370256556225 0.47929724946441815 0.95040396327669585 0.18817687522321602 -0.059250232953807436 -0.37858295576261419 0.62963908647121158 0.16518402733148227 0.85577399493059492 0.70602431896943896 -0.08614721759202075 0.30203277534441875 0.23539160986466962 0.98173714262195466 -0.14711423950101707 0.48783120797608509 -0.23675634214588445 0.37059995104208943 0.31074430974190992 -0.23266383664531942 0.70865345606872276 0.042966906397445916 0.55585579370619154 0.14459632228076075 0.060890419374844809 -0.34024219699822522 1.4480897902658112 0.62790666019043551 -0.51058623962888516 0.023873393125923029 -0.17017972631957465 -0.14642448597204558 -0.25015033237409406 -0.20770351183740621 -0.43880226382787024 -0.32352872820055001 -0.29725603698789399 0.0033493013450793907 0.048825741216921265 0.48901549071628958 0.37340725749933368 0.36540249365599869 1.2438388798463471 0.95986829975419807 -0.19267284560174835 0.85038826651215338 0.49827395548885972 0.65943667584507515 0.26475087399718333 -0.14895307597119464 -0.33543375689041571 -0.13590163218273896 0.77077647895298229 0.17393159877076519 0.18264998397113363 0.32751025928394106 -0.45215653279346713 1.0332014564904246 0.73072859603661333 0.30112219309349003
leaf_weight=4004 5041 8419 1176 4416 1668 8402 7447 14929 2868 1710 823 2662 15541 5935 904 2027 6381 5275 11915 7062 3375 5405 2392 12668 1022 6345 7985 11073 303 3479 15476 12441 1144 859 3257 232 10093 3170 8019 3271 576 4647 4041 234 803 604 3203 2271 824 2212 5263 13968 2751 3734 274 852 4707 1802 8311 201 252 676
leaf_count=4004 5041 8419 1176 4416 1668 8402 7447 14929 2868 1710 823 2662 15541 5935 904 2027 6381 5275 11915 7062 3375 5405 2392 12668 1022 6345 7985 11073 303 3479 15476 12441 1144 859 3257 232 10093 3170 8019 3271 576 4647 4041 234 803 604 3203 2271 824 2212 5263 13968 2751 3734 274 852 4707 1802 8311 201 252 676
internal_value=9.88566e-05 0.290364 -0.27133 0.194823 0.603971 0.343812 0.0828427 -0.404849 0.453188 -0.128235 0.434897 0.83916 -0.0680275 0.150183 0.177836 0.765163 -0.0409786 0.564559 -0.201017 0.368816 0.241343 -0.125776 0.596731 0.0873735 0.331124 0.221442 0.00291422 -0.333684 1.06754 0.712866 -0.469366 0.0251574 0.00752075 0.0418595 -0.157751 0.152387 -0.444406 -0.411277 -0.303604 0.0740557 0.259662 0.550878 0.410338 0.688184 1.18117 1.1227 -0.267426 0.772644 0.347654 0.712942 0.33197 -0.137863 -0.255288 -0.193148 0.504857 0.038633 0.18421 0.222798 -0.480049 0.7342 0.287852 0.418444
internal_weight=292820 141500 151320 108459 33041 46538 61921 78278 28051 73042 19224 13817 39975 40108 18487 10439 21813 8544 33067 17669 12601 24680 10382 21319 10680 18789 15432 37224 3378 8412 41054 15295 13585 5886 18401 8651 25578 13263 22295 5027 5617 7789 5063 3269 1710 1407 11222 4933 4199 3035 13253 15144 14666 9139 4921 4123 12854 6509 12315 2593 6191 928
internal_count=292820 141500 151320 108459 33041 46538 61921 78278 28051 73042 19224 13817 39975 40108 18487 10439 21813 8544 33067 17669 12601 24680 10382 21319 10680 18789 15432 37224 3378 8412 41054 15295 13585 5886 18401 8651 25578 13263 22295 5027 5617 7789 5063 3269 1710 1407 11222 4933 4199 3035 13253 15144 14666 9139 4921 4123 12854 6509 12315 2593 6191 928
is_linear=0
shrinkage=0.05


Tree=8
num_leaves=63
num_cat=0
split_feature=12 11 12 12 12 11 11 12 15 11 12 11 12 12 12 11 11 12 11 11 11 12 12 11 6 11 11 2 7 11 7 14 12 2 12 7 11 16 19 11 7 8 11 5 11 12 21 16 7 8 7 16 19 11 16 19 20 11 27 11 6 29
split_gain=8.28892e+06 1.52153e+06 1.14191e+06 589018 466316 264544 176228 143392 130613 116003 112536 89004.3 66335.1 63347.1 53499.3 42408.5 37405.7 26699.9 26699.5 25641.5 24422.4 24325.2 23893.7 22841.6 22585.2 21232.4 19445.1 18258.1 17262.7 16775.9 15359.7 14888.2 14512.8 13180.5 13056.7 11857.4 10938.1 10702.7 13022.6 10391 10302.4 10255.9 9951.28 9485.89 9348.1 9265.7 9163.5 8936.74 8328.35 8293.96 8215.98 8172.28 11258.1 8130.22 8126.31 7813.51 7810.19 7733.66 7731.54 7633.85 7369.93 7190.27
threshold=29.639513888888892 -11.833472222222222 15.248263888888891 43.500069444444456 44.500763888888898 3.0337500000000008 2.6797222222222232 23.310555555555563 7.9081944444444447 -29.49958333333333 52.742083333333348 -4.1402777777777766 36.208958333333342 55.503125000000004 35.994513888888896 11.807152777777778 -1.180347222222222 61.958819444444451 -24.140972222222221 3.9715972222222224 -7.0891666666666655 53.939305555555563 35.308125000000011 -5.1331944444444435 3.6743858110234733 9.8321527777777806 -6.0922222222222215 785.50000000000011 1.3158581833173013 -20.287152777777774 3.6337284635897782 52.750000000000007 61.958819444444451 764.50000000000011 56.509027777777781 1.1216894918062497 -8.5554166666666642 1.0000000180025095e-35 37.500000000000007 -5.7498611111111106 -1.1564251251161255 30.500000000000004 -13.734583333333331 -20.499999999999996 -21.59944444444444 64.000833333333347 1.0000000180025095e-35 1.0000000180025095e-35 2.3243509888453109 42.500000000000007 0.56853749622161354 1.0000000180025095e-35 39.500000000000007 -34.239305555555553 1.0000000180025095e-35 35.500000000000007 0.47500000000000003 13.092430555555557 0.49216704842931941 -2.2837499999999995 6.6758998461881767 7.7500000000000009
decision_type=2 2 2 2 2 2 2 2 2 2 2 2 2 2 2 2 2 2 2 2 2 2 2 2 2 2 2 2 2 2 2 2 2 2 2 2 2 2 2 2 2 2 2 2 2 2 10 2 2 2 2 2 2 2 2 2 2 2 2 2 2 2
left_child=2 4 8 6 14 10 12 16 30 24 20 33 23 29 35 21 28 39 -16 51 -5 -7 57 50 31 -24 -14 48 36 61 37 -6 -15 42 -17 44 -4 -1 -39 -12 -18 -20 -9 -29 -2 -23 53 -25 -10 -35 -3 -13 -53 -26 -45 -56 -49 -8 -28 -22 -31 -11
right_child=1 3 7 5 9 15 22 11 27 13 17 19 26 32 18 34 40 -19 41 -21 59 45 25 47 46 -27 58 43 -30 60 -32 -33 -34 49 -36 -37 -38 38 -40 -41 -42 -43 -44 54 -46 -47 -48 56 -50 -51 -52 52 -54 -55 55 -57 -58 -59 -60 -61 -62 -63
leaf_value=-0.45738362898959928 0.43311164912397732 0.17620123068320898 -0.026809370089344194 0.44942419384341759 0.74318171476893746 0.17634640822147823 -0.08916145897531097 0.21904156514868253 -0.33507119099911326 0.75688299331597264 0.57978133533738796 -0.10693312175082291 0.29060738486070919 0.77131723922856055 0.60956033127177811 0.013896522978811372 -0.33884837912097393 0.69714650858317717 0.42035302924752077 -0.19120463855746339 0.34385989067741313 0.29234667656234542 0.053813579484212296 0.0047463071343873701 1.018969193181761 -0.095888786559864048 0.13432572754657199 -0.39583795740757988 -0.22821558027585423 0.59048914429777533 -0.49338112713466142 1.1598145951040011 0.96242055829135609 0.023969492375785859 0.18171655392657815 0.0022209441296204375 -0.13179327426581705 -0.32586948231932455 -0.42767150218169842 0.46073548648786516 -0.21920545425562343 0.13080376817662026 0.072364503977715905 -0.30428782393891568 0.25563727714287515 0.48837015369737691 0.61535209194997198 0.038026949207519922 -0.4214246922339836 -0.17207920621332951 0.034933420714275035 0.053805834444398508 -0.074044504766772587 0.77861782160782544 -0.15509110246362401 -0.26396503002128091 0.14566411421432809 -0.25428536418379871 0.21399793719834231 0.26452510977393112 0.45828507952344949 0.61393327241874429
leaf_weight=14039 875 6458 2981 4155 252 7570 7289 1486 15606 2112 3118 8606 5791 2774 2101 4061 2029 2521 7492 6220 6972 3182 7698 6707 847 3420 5364 1625 4083 4631 12075 1778 1594 7226 1621 404 14810 4569 10205 4554 16130 320 5210 8227 4959 747 317 3781 3424 582 1225 2404 6062 644 2280 5997 3041 785 7068 5412 1394 1577
leaf_count=14039 875 6458 2981 4155 252 7570 7289 1486 15606 2112 3118 8606 5791 2774 2101 4061 2029 2521 7492 6220 6972 3182 7698 6707 847 3420 5364 1625 4083 4631 12075 1778 1594 7226 1621 404 14810 4569 10205 4554 16130 320 5210 8227 4959 747 317 3781 3424 582 1225 2404 6062 644 2280 5997 3041 785 7068 5412 1394 1577
internal_value=6.00838e-05 0.284382 -0.249122 0.188193 0.57386 0.326656 0.0844768 -0.1136 -0.384263 0.749473 0.425041 -0.0437515 0.144951 0.682951 0.378978 0.173563 -0.179543 0.555738 0.451179 -0.104297 0.344463 0.228779 -0.0397843 0.0848385 0.993309 0.00775926 0.214915 -0.316393 -0.135496 0.611686 -0.445934 1.10849 0.84126 0.0534789 0.0617969 0.264188 -0.114205 -0.426033 -0.396212 0.509187 -0.232592 0.408511 0.104943 -0.280438 0.282325 0.32973 0.863447 0.0457329 -0.35063 0.00933607 0.153685 -0.0726236 -0.0377381 0.915747 -0.269052 -0.233997 0.086022 -0.105245 0.179636 0.309214 0.559982 0.695957
internal_weight=292487 136611 155876 102540 34071 43913 58627 77829 78047 17920 26732 37796 39435 14082 16151 17181 40033 10193 9913 23292 16539 11499 19192 21212 3838 11118 18223 37159 21874 9714 40888 2030 4368 14504 5682 6238 17791 28813 14774 7672 18159 7812 6696 18129 5834 3929 1808 13529 19030 7808 7683 17072 8466 1491 16504 8277 6822 8074 12432 12384 6025 3689
internal_count=292487 136611 155876 102540 34071 43913 58627 77829 78047 17920 26732 37796 39435 14082 16151 17181 40033 10193 9913 23292 16539 11499 19192 21212 3838 11118 18223 37159 21874 9714 40888 2030 4368 14504 5682 6238 17791 28813 14774 7672 18159 7812 6696 18129 5834 3929 1808 13529 19030 7808 7683 17072 8466 1491 16504 8277 6822 8074 12432 12384 6025 3689
is_linear=0
shrinkage=0.05


Tree=9
num_leaves=63
num_cat=0
split_feature=12 12 11 12 12 12 11 11 11 13 13 12 12 14 12 13 12 12 11 12 13 12 13 12 1 11 11 8 5 12 8 6 13 11 11 11 11 11 14 8 16 19 14 6 13 16 19 12 14 14 16 19 11 16 16 19 13 13 10 22 5 16
split_gain=7.56034e+06 1.3458e+06 1.28806e+06 514938 273027 206490 162402 133294 119975 119132 114526 65423.5 49866.6 47922 46460.6 46143.5 46272.2 33113.3 29951 28448.5 26565 24811.5 22088.8 21460.5 17822.6 17715.9 16251.3 15630.9 15272.4 13890.3 13120.1 12752.9 13081.3 12631.3 12148.8 11736.6 11726.1 10454.4 10179 9912.03 9781.88 11359 9434.8 8840.4 8754.12 8577.47 9592.03 8547.22 8423.79 12224.8 8413.29 10883 8374.96 8352.71 7730.59 11927.5 7724.01 7586.49 7426.44 7407 7817.15 7364.44
threshold=32.236319444444447 18.292777777777783 -5.8745833333333328 48.937638888888898 48.046805555555558 9.8745833333333355 -4.2392361111111105 -21.59944444444444 -20.287152777777774 7.2500000000000009 6.2500000000000009 26.418472222222224 41.840416666666677 64.250000000000014 38.645763888888901 13.750000000000002 25.107083333333339 61.002291666666672 -34.239305555555553 40.906180555555558 17.250000000000004 5.1337500000000027 13.750000000000002 13.470972222222224 54.593955517349762 -16.572083333333328 -15.422569444444441 28.500000000000004 6.5000000000000009 60.170833333333341 42.500000000000007 19.456650533916889 -34.749999999999993 2.2500694444444451 -2.2837499999999995 -11.313611111111108 -14.337291666666665 2.5002777777777783 60.750000000000007 35.500000000000007 1.0000000180025095e-35 36.500000000000007 47.750000000000007 5.8677318936299114 -10.249999999999998 1.0000000180025095e-35 53.500000000000007 53.08784722222223 76.250000000000014 67.250000000000014 1.0000000180025095e-35 41.500000000000007 -2.5212499999999993 1.0000000180025095e-35 1.0000000180025095e-35 39.500000000000007 26.750000000000004 -46.249999999999993 16.500000000000004 2.5000000000000004 -12.499999999999998 1.0000000180025095e-35
decision_type=2 2 2 2 2 2 2 2 2 2 2 2 2 2 2 2 2 2 2 2 2 2 2 2 2 2 2 2 2 2 2 2 2 2 2 2 2 2 2 2 2 2 2 2 2 2 2 2 2 2 2 2 2 2 2 2 2 2 2 10 2 2
left_child=1 5 3 8 9 21 11 18 19 14 13 30 27 52 45 16 54 26 57 58 29 -1 42 61 -15 -13 -9 36 38 -12 53 32 -21 40 -16 -14 -10 43 -20 -27 -25 -42 -11 -18 -19 -4 -47 -28 49 -26 -23 -52 -6 -3 -8 -56 -24 -5 -2 60 -44 -7
right_child=2 6 4 7 10 23 15 17 12 22 20 25 35 24 34 -17 37 44 28 31 -22 50 56 33 48 39 47 -29 -30 -31 -32 -33 -34 -35 -36 -37 -38 -39 -40 -41 41 -43 59 -45 -46 46 -48 -49 -50 -51 51 -53 -54 -55 55 -57 -58 -59 -60 -61 -62 -63
leaf_value=-0.44198468363634186 0.52947595193525676 -0.066766780835506689 0.045599727331031445 1.2286463446210178 0.39303370362027334 -0.33338130792860121 -0.18129413644972514 0.66824958515712451 0.3523392747004655 -0.08747041767962789 0.18048558247666935 0.24047716285651941 0.46144894891721633 0.42336672976800199 0.25258932706290133 -0.23973389158584235 -0.0022152289543030858 0.84099008402398767 0.79831326521516155 0.76490707262543423 0.016240532468118574 -0.40221345614378717 -0.072782008905522597 -0.25002655132557133 0.70418987743238892 0.098134108968277484 0.46835671551752206 0.082645386399870568 0.69656583303450248 0.35304650372134905 -0.19722790529088835 0.28216133191146786 0.58077160932948146 -0.30988441751545925 0.16814016115882249 0.35104572112743382 0.2509487005896196 -0.099044918353522055 0.99188456053576657 -0.09054214924844646 -0.097649062117174834 -0.2137351765327567 -0.20383700126790269 -0.088518420772469186 0.64356957638541834 0.18018830040308756 0.069131983219128376 0.57783149517361909 0.90210116842183585 0.47672697427798261 -0.27083069591481779 -0.37621138719302494 0.2874208758100385 0.011807286520679493 -0.034537388892333425 -0.15427755660494658 -0.23149658458193861 0.99595016795811153 0.36753201099124677 0.095756404534604059 0.03223341136090796 -0.27057299232097437
leaf_weight=28502 1162 6523 7815 538 2955 9406 10462 2866 3914 1367 5452 2211 5084 2414 6891 6545 11485 1608 1442 1573 2148 10813 5705 9782 1125 11078 3369 1099 1581 1485 1219 251 2575 4180 11184 4620 10601 6758 1360 742 2972 7264 453 4000 898 3565 4280 3891 231 1271 3765 7096 5214 7023 2912 7282 885 1193 1855 4151 1540 9353
leaf_count=28502 1162 6523 7815 538 2955 9406 10462 2866 3914 1367 5452 2211 5084 2414 6891 6545 11485 1608 1442 1573 2148 10813 5705 9782 1125 11078 3369 1099 1581 1485 1219 251 2575 4180 11184 4620 10601 6758 1360 742 2972 7264 453 4000 898 3565 4280 3891 231 1271 3765 7096 5214 7023 2912 7282 885 1193 1855 4151 1540 9353
internal_value=-1.60179e-05 -0.213976 0.301494 0.491419 0.162073 -0.342401 -0.0611038 0.700388 0.37173 0.0947187 0.306578 0.0332889 0.319899 0.400556 0.145732 -0.116077 -0.0972061 0.607526 0.892117 0.548612 0.1699 -0.411291 -0.0273259 -0.261925 0.521823 0.110597 0.567113 0.264545 0.822055 0.217471 -0.0401781 0.629804 0.650767 -0.230784 0.200348 0.408928 0.278311 -0.0471611 0.892587 0.0862833 -0.214252 -0.180043 0.03129 -0.0245129 0.770531 0.0826839 0.119616 0.527101 0.612101 0.583777 -0.370909 -0.339709 0.325668 -0.0260317 -0.151091 -0.12008 -0.0941284 1.06894 0.43006 0.0577234 -0.0214997 -0.302082
internal_weight=292984 171373 121611 51480 70131 93133 78240 18746 32734 47836 22295 28796 25318 13210 33735 49444 42899 12632 6114 7416 9085 50176 14101 42957 5041 14031 10126 15614 4383 6937 14765 4399 4148 24198 18075 9704 14515 22243 2802 11820 20018 10236 7511 15485 2506 15660 7845 7260 2627 2396 21674 10861 8169 13546 20656 10194 6590 1731 3017 6144 1993 18759
internal_count=292984 171373 121611 51480 70131 93133 78240 18746 32734 47836 22295 28796 25318 13210 33735 49444 42899 12632 6114 7416 9085 50176 14101 42957 5041 14031 10126 15614 4383 6937 14765 4399 4148 24198 18075 9704 14515 22243 2802 11820 20018 10236 7511 15485 2506 15660 7845 7260 2627 2396 21674 10861 8169 13546 20656 10194 6590 1731 3017 6144 1993 18759
is_linear=0
shrinkage=0.05


Tree=10
num_leaves=63
num_cat=0
split_feature=12 11 3 12 12 13 13 12 11 2 12 11 12 12 13 12 12 11 11 13 13 12 12 13 12 7 12 11 11 7 7 6 11 16 19 13 29 29 11 11 29 12 7 11 16 19 7 6 6 10 13 6 11 29 12 12 12 6 5 7 10 5
split_gain=6.77643e+06 1.24982e+06 849879 513591 448919 191662 127826 122296 117499 80996.5 77257.4 69192 66094.6 55470.1 48707.4 47523.1 41903.4 28694.7 26849.7 23096.2 22097.5 20816 16678.3 15255.3 14657 14309.4 13543.7 13245.1 13074.1 12715.3 12711.5 12685.7 12628.3 12507.5 13878.2 12411.3 12042 11547.3 10722 10700.3 9816.16 9714.86 9597.68 9108.07 8796.02 11215.7 8610.96 7910.47 7883.15 7794.9 8349.79 7761.04 7512.66 7432.57 7349.75 7315.36 7260.46 7229.88 7120.84 6923.6 6689.65 6642.11
threshold=28.87520833333334 -9.2573611111111074 3.5000000000000004 44.500763888888898 43.500069444444456 3.2500000000000004 4.7500000000000009 21.605972222222228 -23.247708333333332 486.50000000000006 52.742083333333348 -4.2392361111111105 35.994513888888896 36.403055555555561 13.750000000000002 57.574444444444453 54.670069444444451 -20.287152777777774 -1.0706249999999997 13.750000000000002 5.2500000000000009 49.853611111111114 64.000833333333347 -43.249999999999993 50.137569444444445 1.1216894918062497 35.308125000000011 -4.5064583333333328 -15.422569444444441 2.4356608950704897 1.0474541096337722 6.7678262535715676 -2.3465972222222216 1.0000000180025095e-35 40.500000000000007 -34.249999999999993 11.450000000000001 3.3500000000000001 -16.572083333333328 -7.0891666666666655 15.450000000000001 64.000833333333347 -3.519921989832866 -16.169444444444441 1.0000000180025095e-35 40.500000000000007 0.67510551248645168 6.2179064653324874 1.6453216455454214 16.500000000000004 -34.249999999999993 7.451621747049983 -13.734583333333331 15.450000000000001 65.450694444444466 33.000069444444456 26.03006944444445 -4.2447352931906535 -28.499999999999996 0.060985941103057259 25.500000000000004 -28.499999999999996
decision_type=2 2 2 2 2 2 2 2 2 2 2 2 2 2 2 2 2 2 2 2 2 2 2 2 2 2 2 2 2 2 2 2 2 2 2 2 2 2 2 2 2 2 2 2 2 2 2 2 2 2 2 2 2 2 2 2 2 2 2 2 2 2
left_child=2 3 7 12 6 10 13 18 16 29 39 28 25 27 21 24 31 49 44 26 56 -7 40 -18 52 38 -8 59 51 42 -30 35 48 -11 -35 -5 47 -16 -2 -6 -12 -23 -4 -26 -1 -46 -19 -25 -15 50 -14 -9 -10 -41 -17 -29 -13 -22 -20 -3 -39 -21
right_child=1 4 9 8 5 14 19 11 15 33 22 20 17 32 37 54 23 46 58 61 57 41 -24 36 43 -27 -28 55 30 -31 -32 -33 -34 34 -36 -37 -38 60 -40 53 -42 -43 -44 -45 45 -47 -48 -49 -50 -51 -52 -53 -54 -55 -56 -57 -58 -59 -60 -61 -62 -63
leaf_value=-0.18050681572170002 0.29928692883521846 0.18094637086997095 -0.43017321463512159 0.89345303222488903 0.40684193078798847 0.13852707443352338 -0.061446785123893434 0.36355271043183213 0.50637667267372388 -0.33020317000094634 0.44629482695600359 -0.10171935196460863 0.6965161126111985 0.26831169239087077 0.19184106402203749 0.68755598628839287 1.2201226861703964 0.34157562192726482 -0.3662322625218562 -0.38616057909701185 -0.2090934765806336 0.2471423380176937 0.64641397634079911 1.0132647345894488 0.65744515576946316 -0.03318239688780638 0.043070376937106997 0.0044204461105476342 0.023980401043797759 -0.44121595481569953 -0.12032077773027633 0.58746299105938637 0.13224042793071417 -0.20770730517091704 -0.3024876974900963 0.68127334320907984 0.61104857686395742 0.016249963090881524 0.18463206532011819 0.27348999705311677 0.71534033014439047 0.42896016772606932 -0.36099543927685906 0.52018755548016216 -0.036721594240638054 -0.15011082497991585 0.10830339955018581 0.79113722617715554 0.17527336954845349 0.41904993375726374 0.48358041973119231 0.098447655553485336 0.38982662582847211 0.45112161250331273 0.86357102617621428 0.075574729775278779 -0.034930953857456142 -0.12220241201063116 -0.22477568396227599 0.078704433341088828 -0.23655969238431337 -0.11254055665005469
leaf_weight=9707 3043 2619 7305 1237 2041 5470 5883 332 3421 16699 6817 10416 743 4465 956 2404 482 8554 945 229 5345 5806 1447 1497 2051 582 6549 8849 11838 15197 1751 1383 7214 5969 11003 1623 305 4454 6210 11330 359 843 16295 3046 3215 6784 416 581 4667 1815 1256 1624 2363 623 817 6103 6680 4347 15740 4508 277 6376
leaf_count=9707 3043 2619 7305 1237 2041 5470 5883 332 3421 16699 6817 10416 743 4465 956 2404 482 8554 945 229 5345 5806 1447 1497 2051 582 6549 8849 11838 15197 1751 1383 7214 5969 11003 1623 305 4454 6210 11330 359 843 16295 3046 3215 6784 416 581 4667 1815 1256 1624 2363 623 817 6103 6680 4347 15740 4508 277 6376
internal_value=0.000179212 0.248586 -0.232655 0.470486 0.149223 0.276886 0.0594126 -0.118915 0.647239 -0.35621 0.373488 -0.0611327 0.304723 0.111902 0.15417 0.563599 0.813074 0.379695 -0.186129 -0.0465348 -0.109826 0.210815 0.49123 0.961135 0.513551 0.207242 -0.0063896 0.0602077 0.0227803 -0.405465 0.0053791 0.712896 0.18172 -0.299447 -0.269168 0.773325 0.908261 0.0334427 0.222366 0.300906 0.459852 0.270255 -0.382426 0.575537 -0.146596 -0.11366 0.33077 0.951569 0.220788 0.494643 0.563034 0.143608 0.458837 0.282785 0.732456 0.0334668 -0.0756264 -0.170138 -0.232809 0.116296 0.0014011 -0.122084
internal_weight=292906 141714 151192 43829 97885 40423 57462 78724 21210 72468 22617 42333 22619 38425 17806 14102 7108 12784 36391 19037 26788 12119 8623 2865 10881 9835 12432 22079 15545 38797 13589 4243 16346 33671 16972 2860 2383 5687 9253 13994 7176 6649 23600 5097 19706 9999 8970 2078 9132 3814 1999 1956 5784 11953 3221 14952 17096 9692 16685 7127 4731 6605
internal_count=292906 141714 151192 43829 97885 40423 57462 78724 21210 72468 22617 42333 22619 38425 17806 14102 7108 12784 36391 19037 26788 12119 8623 2865 10881 9835 12432 22079 15545 38797 13589 4243 16346 33671 16972 2860 2383 5687 9253 13994 7176 6649 23600 5097 19706 9999 8970 2078 9132 3814 1999 1956 5784 11953 3221 14952 17096 9692 16685 7127 4731 6605
is_linear=0
shrinkage=0.05


Tree=11
num_leaves=63
num_cat=0
split_feature=15 11 3 15 15 13 13 15 11 15 15 15 15 11 15 13 13 11 11 15 11 11 6 13 15 11 15 15 8 11 4 11 16 20 13 29 8 15 14 11 5 8 29 16 20 16 20 13 9 11 28 6 21 31 6 5 16 20 13 5 11 10
split_gain=6.14974e+06 1.16719e+06 654630 517170 396195 209657 144027 88552.9 85968.8 82150.9 72858 63869.9 59375.1 53958.9 48807.7 42744.4 24609 22767.4 22444.6 21574.3 20287.4 19506.7 19131.2 18741.3 16709.4 14477.6 14464.6 12910.1 12054.4 12221 11415.8 11308.7 11118.3 12445.7 10831.4 10047.9 9502.52 9310.89 9087.29 9032.39 8535.15 8534.39 8469.11 7899.42 9477.78 7720.88 11836.5 7597.53 7544.56 7461.51 7267.6 7214.37 7040.96 7030.18 7368.92 6800.84 6652.99 7884.19 6509.95 6379.53 6341.98 6330.65
threshold=27.750069444444453 -11.833472222222222 3.5000000000000004 43.026875000000011 44.500763888888898 3.2500000000000004 4.7500000000000009 53.08784722222223 -29.49958333333333 20.212916666666668 7.9081944444444447 33.213958333333345 35.107291666666676 -4.2392361111111105 53.08784722222223 13.750000000000002 13.750000000000002 -6.4741666666666653 -23.247708333333332 53.939305555555563 -7.5086805555555554 -2.2837499999999995 3.6743858110234733 13.750000000000002 65.450694444444466 -5.1331944444444435 61.958819444444451 35.308125000000011 42.500000000000007 -13.734583333333331 216.50000000000003 -17.499861111111105 1.0000000180025095e-35 0.69500000000000006 26.750000000000004 15.450000000000001 30.500000000000004 37.776875000000011 53.250000000000007 -17.499861111111105 21.500000000000004 35.500000000000007 3.3500000000000001 1.0000000180025095e-35 0.69500000000000006 1.0000000180025095e-35 0.50500000000000012 -6.2499999999999991 2.5000000000000004 -21.59944444444444 0.51810350209126665 -2.5253987582424928 1.0000000180025095e-35 5.6382486524661504 6.4932657394365902 -1.0000000180025095e-35 1.0000000180025095e-35 0.56500000000000006 -46.249999999999993 16.500000000000004 -17.999444444444439 15.500000000000002
decision_type=2 2 2 2 2 2 2 2 2 2 2 2 2 2 2 2 2 2 2 2 2 2 2 2 2 2 2 2 2 2 2 2 2 2 2 2 2 2 2 2 2 2 2 2 2 2 2 2 2 2 2 2 10 2 2 2 2 2 2 2 2 2
left_child=2 4 9 6 12 7 11 20 22 21 30 25 41 28 31 19 27 53 61 -7 -5 51 38 45 35 40 39 -8 29 59 -4 -10 -12 -34 42 47 50 -19 -6 -16 -3 49 -17 -32 -45 -15 -47 -9 -22 -2 60 -1 58 54 -13 -31 -27 -58 -24 -11 -20 -14
right_child=1 3 10 5 8 15 16 24 14 13 32 17 18 23 26 34 -18 37 36 -21 48 -23 52 -25 -26 56 -28 -29 -30 55 43 -33 33 -35 -36 -37 -38 -39 -40 -41 -42 -43 -44 44 -46 46 -48 -49 -50 -51 -52 -53 -54 -55 -56 -57 57 -59 -60 -61 -62 -63
leaf_value=-0.024359531896204278 0.35263563836579387 0.11556861039227302 -0.4094634270381331 0.39443641267018281 0.6977032075862627 0.15170947603164051 -0.060411993497606287 0.50213427694532253 0.55884270133370517 0.22601015708905503 -0.31125095028555694 0.29328166426202901 0.58905852685817583 -0.13543374609102038 0.70887349226758778 0.20066751232776539 -0.13033461603532587 0.093217011585394152 0.38806462893707128 0.29078541011480646 0.23139516119502718 -0.22285287482736185 0.96738884814984205 -0.23211304163557564 0.65306072280189464 -0.031924656393176119 0.82255617059725261 0.039058797780853638 -0.17404364521252869 0.069571678044779581 -0.38725512732640727 0.4397455410857079 -0.27763101669344442 -0.17600430300304354 -0.12661004053859587 0.70433472960115073 0.09391580127815069 0.16167061958851858 1.0038275418318328 0.56186287848233729 -0.05463292239112158 0.027249399788421714 0.032650605889453545 -0.35176546172565204 -0.23870567128769404 -0.11773443904389876 -0.014405162876239672 0.40340477852990003 0.30617622755128077 0.19216130222364991 0.4056102589445062 -0.15322822531417291 0.5237282013017629 0.12728066266621324 0.17788249077640558 -0.030166243210232931 0.00074660422666469309 0.117584846722181 0.71982955815579208 0.048597593068741715 0.26089695965662107 0.43209117628994398
leaf_weight=1207 835 6107 19997 4145 295 8350 6953 3545 4370 821 15624 3964 1288 11968 2456 917 6917 9919 1570 4190 6933 17641 363 3436 1298 6174 1596 6143 986 2064 10534 3724 11863 4048 881 402 372 9963 1705 1876 837 683 4102 8096 2417 7273 4478 4427 6615 5524 3562 10873 336 1366 2135 9918 4212 2196 1132 1323 2649 1322
leaf_count=1207 835 6107 19997 4145 295 8350 6953 3545 4370 821 15624 3964 1288 11968 2456 917 6917 9919 1570 4190 6933 17641 363 3436 1298 6174 1596 6143 986 2064 10534 3724 11863 4048 881 402 372 9963 1705 1876 837 683 4102 8096 2417 7273 4478 4427 6615 5524 3562 10873 336 1366 2135 9918 4212 2196 1132 1323 2649 1322
internal_value=-0.000390916 0.22577 -0.232468 0.146876 0.475091 0.276309 0.0582338 0.36412 0.641533 -0.125632 -0.338432 0.106175 0.308173 -0.0808392 0.58409 0.145985 -0.0540513 0.155493 0.382033 0.198199 0.297586 -0.189328 0.851577 -0.122982 0.485787 0.0371002 0.693193 -0.0137534 -0.00510891 0.00669428 -0.382352 0.504108 -0.281258 -0.251788 0.0349955 0.459784 0.34109 0.127526 0.959045 0.645354 0.0950483 0.195248 0.0633821 -0.356574 -0.325798 -0.107164 -0.0783629 0.447365 0.267928 0.213285 0.352893 -0.140355 0.73373 0.229951 0.252921 -0.0129812 0.00511361 0.0407988 0.780546 0.116608 0.3083 0.509748
internal_weight=292916 148349 144567 112691 35658 45805 66886 27365 17853 71988 72579 46873 17805 42267 14022 18440 20013 27347 10763 12540 17693 29721 3831 27155 9672 19526 5928 13096 15112 14126 41044 8094 31535 15911 5900 8374 8153 19882 2000 4332 6944 7042 5019 21047 10513 23719 11751 7972 13548 6359 7781 12080 1831 7465 6099 11982 12582 6408 1495 2144 4219 2610
internal_count=292916 148349 144567 112691 35658 45805 66886 27365 17853 71988 72579 46873 17805 42267 14022 18440 20013 27347 10763 12540 17693 29721 3831 27155 9672 19526 5928 13096 15112 14126 41044 8094 31535 15911 5900 8374 8153 19882 2000 4332 6944 7042 5019 21047 10513 23719 11751 7972 13548 6359 7781 12080 1831 7465 6099 11982 12582 6408 1495 2144 4219 2610
is_linear=0
shrinkage=0.05


Tree=12
num_leaves=63
num_cat=0
split_feature=12 11 12 12 12 13 13 12 12 12 11 12 11 12 13 11 12 13 12 12 12 13 13 12 13 12 13 8 11 8 16 19 16 19 8 7 11 11 7 13 8 5 11 12 31 8 13 6 19 13 6 16 19 11 7 5 6 12 5 5 6 11
split_gain=5.53939e+06 1.08709e+06 602417 441307 408114 175750 117821 85336.7 79495.6 72683.1 71589.2 54405.9 53007.1 49532.4 42180.2 33200.4 29336.4 26633.6 23289 16431.8 16355.3 15893.2 14708.8 13808.1 12155.1 11851 11748.5 11563.5 11341.4 11206.3 11096.2 12168.8 10754.7 12166.3 10713 10602.8 11307.8 10417.4 10071 9328.84 9305.28 9136.79 8435.77 8204.36 8134.19 8030.52 7871.22 7859.27 7667.5 7645.47 7612.93 7497.05 9588.21 7471.73 7111.45 7050.89 6295.28 6059.71 6049.52 5968.46 5903.81 5777.37
threshold=27.750069444444446 -10.440833333333332 13.470972222222224 43.026875000000011 46.817083333333336 3.2500000000000004 3.2500000000000004 19.965416666666673 34.88354166666668 52.065833333333337 -24.140972222222221 6.8781944444444454 -3.7831249999999996 34.467222222222233 13.750000000000002 -22.450694444444441 61.002291666666672 13.750000000000002 54.670069444444451 37.100833333333348 53.08784722222223 5.2500000000000009 7.2500000000000009 61.958819444444451 -3.2499999999999996 52.065833333333337 -43.249999999999993 42.500000000000007 -13.138194444444443 35.500000000000007 1.0000000180025095e-35 40.500000000000007 1.0000000180025095e-35 34.500000000000007 30.500000000000004 2.5613866812825434 -0.55916666666666626 -4.5064583333333328 4.8920041052435161 26.750000000000004 11.500000000000002 17.500000000000004 -38.44756944444444 54.270486111111119 3.8818016700476483 6.5000000000000009 -36.249999999999993 -13.124097788041736 33.500000000000007 -35.249999999999993 -4.7252277651132379 1.0000000180025095e-35 26.500000000000004 -17.499861111111105 0.66396601774555963 16.500000000000004 -8.9172351825692378 67.23819444444446 -28.499999999999996 -20.499999999999996 5.9401879677537694 -34.239305555555553
decision_type=2 2 2 2 2 2 2 2 2 2 2 2 2 2 2 2 2 2 2 2 2 2 2 2 2 2 2 2 2 2 2 2 2 2 2 2 2 2 2 2 2 2 2 2 2 2 2 2 2 2 2 2 2 2 2 2 2 2 2 2 2 2
left_child=2 4 11 6 8 9 13 22 29 24 18 38 27 37 20 40 25 19 41 47 -7 -14 30 -11 -5 -12 -20 28 55 49 -4 -32 -15 -34 48 36 54 45 51 43 46 42 -6 -16 -28 -3 -10 -8 -17 -2 -23 -1 -53 -27 -13 -9 -30 -22 -19 -38 -39 -42
right_child=1 3 7 5 10 14 17 12 15 23 16 35 21 32 39 34 -18 58 26 -21 57 50 -24 -25 -26 53 44 -29 56 -31 31 -33 33 -35 -36 -37 59 60 -40 -41 61 -43 -44 -45 -46 -47 -48 -49 -50 -51 -52 52 -54 -55 -56 -57 -58 -59 -60 -61 -62 -63
leaf_value=-0.38110320934226638 0.30560948317185704 0.20704285473240436 -0.20189986959072359 0.30504378322745573 0.91045441910985037 0.14428241806519337 -0.1765758194467357 0.2054564660374314 0.72826518030538046 0.41075384076314753 0.45651909874372482 -0.20154880441921319 -0.091144312956512819 0.11878264817164992 0.0062724766687247691 0.41019395364262901 0.74013904546364317 -0.34356533044693766 1.0997269222886852 0.059384828555449076 0.24425135133670495 -0.21224326067052651 -0.25706882238812373 0.55050869738540076 0.21285752269074237 0.6527589256627111 0.91077021270315195 -0.16807428028750165 0.17955041011314721 -0.0017032101337054327 -0.069221012648839869 -0.17047025428798118 0.28263484970302305 0.15869050555196476 0.098389799231243497 -0.35441555926731222 -0.3661642070846895 0.036804406584839501 -0.41484010488695344 -0.12706826899750856 0.66761103487749984 0.34947922048615476 0.66330271508198779 0.14137542180465998 0.71028100077832879 0.068005695234044664 0.50364850207141709 -0.030120304517222536 0.31479461833343614 0.17456474619346637 -0.12460059828400616 -0.24742736170095303 -0.34984267366325633 0.51934062329193309 -0.27247530422453392 0.034221713795101333 -0.021211453440956301 0.44197914840822872 -0.11353123757579445 -0.28476724014777732 -0.041650476379418572 0.40003632223797125
leaf_weight=13300 1359 1226 12994 9271 412 7922 1010 982 603 7916 4454 6920 16858 9748 3346 2800 1726 298 502 5998 4200 5249 5776 2291 5842 1767 1257 1042 402 773 4432 8993 2730 7230 487 4230 2842 9075 9233 853 226 203 2441 1691 894 6778 1155 9761 8698 6198 4705 2905 10928 2695 7268 1549 12568 428 6629 11159 3258 2040
leaf_count=13300 1359 1226 12994 9271 412 7922 1010 982 603 7916 4454 6920 16858 9748 3346 2800 1726 298 502 5998 4200 5249 5776 2291 5842 1767 1257 1042 402 773 4432 8993 2730 7230 487 4230 2842 9075 9233 853 226 203 2441 1691 894 6778 1155 9761 8698 6198 4705 2905 10928 2695 7268 1549 12568 428 6629 11159 3258 2040
internal_value=-0.000108268 0.214621 -0.220575 0.131303 0.434736 0.253567 0.0473626 -0.123104 0.304927 0.339078 0.627932 -0.327628 -0.0773086 0.0996536 0.136139 0.370111 0.551182 -0.0410069 0.770877 -0.00693518 0.187942 -0.120734 -0.18477 0.442173 0.269425 0.514524 0.879658 -0.00692348 0.00391946 0.179623 -0.168954 -0.137052 0.156141 0.192688 0.32833 -0.280508 -0.269406 0.0449085 -0.369625 0.0257486 0.494438 0.676185 0.6993 0.0516477 0.827812 0.0893257 0.581063 -0.0438686 0.33806 0.198168 -0.170834 -0.354224 -0.328354 0.57231 -0.237899 0.100714 -0.0149756 0.262629 -0.123475 -0.301315 0.0160773 0.427006
internal_weight=292526 148191 144335 107501 40690 43760 63741 75550 24339 25320 16351 68785 43355 40045 18440 16009 10642 23696 5709 16769 12550 26812 32195 10207 15113 8916 2653 16543 15501 8330 26419 13425 19708 9960 11985 32419 28189 20337 36366 5890 4024 3056 2853 5037 2151 8004 1758 10771 11498 7557 9954 27133 13833 4462 14188 2531 12970 4628 6927 14001 12333 2266
internal_count=292526 148191 144335 107501 40690 43760 63741 75550 24339 25320 16351 68785 43355 40045 18440 16009 10642 23696 5709 16769 12550 26812 32195 10207 15113 8916 2653 16543 15501 8330 26419 13425 19708 9960 11985 32419 28189 20337 36366 5890 4024 3056 2853 5037 2151 8004 1758 10771 11498 7557 9954 27133 13833 4462 14188 2531 12970 4628 6927 14001 12333 2266
is_linear=0
shrinkage=0.05


Tree=13
num_leaves=63
num_cat=0
split_feature=12 12 11 12 12 11 15 13 13 13 12 12 12 12 11 13 7 13 12 12 15 11 13 13 16 19 11 2 13 16 19 13 11 6 11 7 31 11 7 11 29 7 28 12 12 7 29 29 11 12 5 28 29 10 19 7 11 28 11 7 7 0
split_gain=5.01917e+06 938702 823146 296591 220898 126725 113929 107152 87931.8 74318.4 59587.1 58807.8 43178.2 41794.1 30875.9 26690.5 26017 23072.4 22004.8 21409.2 17778.7 16186.3 15163.5 14132.9 12896.7 13731.8 12713 12286.8 11932.8 11816.6 14806.7 11165.2 10642.5 10472.4 9907.69 9348.41 8854.49 8673.34 8293.75 8665.24 8180.33 7916.12 7834.99 8029.91 7416.36 7387.13 13567.1 7284.02 7222.37 7027.83 6757.22 6511.56 6563.28 6381.73 6335.77 6249.61 6180.27 7090.48 5953.47 5937.29 5606.29 5569.92
threshold=32.791250000000012 17.074791666666673 -7.7105555555555538 48.623472222222226 50.137569444444445 -5.1331944444444435 10.117916666666668 9.7500000000000018 3.2500000000000004 -24.749999999999996 25.838750000000005 40.015694444444456 25.107083333333339 40.906180555555558 -20.287152777777774 13.750000000000002 0.057590786948176591 15.250000000000002 61.002291666666672 61.002291666666672 3.8537500000000007 -17.999444444444439 11.250000000000002 -2.7499999999999996 1.0000000180025095e-35 31.500000000000004 -1.7379861111111115 1190.5000000000002 -38.249999999999993 1.0000000180025095e-35 34.500000000000007 26.750000000000004 -15.020624999999997 19.456650533916889 -34.239305555555553 1.862699821870617 8.7030259740259748 -27.796597222222221 0.78965926805730835 -1.3223611111111107 11.250000000000002 2.2155209635268722 0.43142231511894108 64.000833333333347 39.09118055555556 0.045977038491530363 16.350000000000005 7.7500000000000009 -11.060069444444443 58.776736111111113 -14.499999999999998 0.5345681119836122 15.750000000000002 14.500000000000002 24.500000000000004 -1.2241330098472953 -15.422569444444441 0.51714341692789978 -2.6515972222222213 0.59965705903148081 2.4356608950704897 2818.5000000000005
decision_type=2 2 2 2 2 2 2 2 2 2 2 2 2 2 2 2 2 2 2 2 2 2 2 2 2 2 2 2 2 2 2 2 2 2 2 2 2 2 2 2 2 2 2 2 2 2 2 2 2 2 2 2 2 2 2 2 2 2 2 2 2 2
left_child=1 6 3 11 7 10 20 13 18 16 35 21 22 26 33 29 28 36 51 56 53 61 38 -15 55 -26 45 32 -5 -14 -31 44 -12 37 -18 48 42 -13 39 -7 -36 50 -10 -44 -9 -4 -47 -39 -3 -30 -22 52 58 -1 -16 -8 57 -11 -6 -23 -57 -2
right_child=2 5 4 9 8 12 24 31 17 19 27 14 15 23 54 -17 34 -19 -20 -21 41 59 -24 -25 25 -27 -28 -29 49 30 -32 -33 -34 -35 40 -37 -38 47 -40 -41 -42 -43 43 -45 -46 46 -48 -49 -50 -51 -52 -53 -54 -55 -56 60 -58 -59 -60 -61 -62 -63
leaf_value=-0.091648068797006821 0.30913754192114917 0.030135525324570811 0.17149769792237704 1.018808676327978 0.3644405770270655 -0.074266481026561623 -0.33374809308802261 -0.07209789666349635 -0.0072943412123726362 0.42679261035106353 0.22177688650119434 0.61571976777015103 -0.068812256681451328 0.23683269109568961 0.42878265861219389 -0.17433443531045056 0.77114338614945943 0.050590252230307213 0.53060594038606834 0.65466354932575954 -0.34490283323668597 0.2188695496094939 -0.22217700562393394 0.15205157799764274 -0.11128028379499105 -0.21281572105196334 0.054101224469914382 0.036374884484888535 0.72193280355005174 0.095325097338476383 -0.030761792247599302 -0.19950446018397622 0.10245297550637665 0.21249058552086356 0.59853050165936195 -0.19613699948889077 0.53794409580462221 0.53190411699150886 -0.20556772746066665 -0.1384667542652262 0.28571855185217543 -0.35051839688613262 0.20920241325646871 0.37264764272299572 0.013166907983376899 0.075201652532583818 0.46851732733969886 0.36810359994133224 -0.057282247881330822 0.90714532961441674 -0.27615795927358161 0.45277454728113692 0.55868902464581149 -0.36973635631559332 0.32212986596429627 -0.22873635388957614 0.44554534148711583 0.58649725794875573 0.26906212390833745 0.08835153967351371 -0.33433002426508712 0.51211658682264583
leaf_weight=209 3145 3223 5258 699 3884 8675 1912 4216 365 1052 2466 1479 12769 8677 1692 3949 786 2452 2242 2179 4623 7557 4609 11363 4391 13828 11900 5116 1648 3048 9851 948 7724 304 1626 958 223 1691 2732 13352 243 7880 5752 866 6452 5750 227 1155 8846 780 16105 1406 313 22402 8179 14545 5352 2143 2860 987 1381 381
leaf_count=209 3145 3223 5258 699 3884 8675 1912 4216 365 1052 2466 1479 12769 8677 1692 3949 786 2452 2242 2179 4623 7557 4609 11363 4391 13828 11900 5116 1648 3048 9851 948 7724 304 1626 958 223 1691 2732 13352 243 7880 5752 866 6452 5750 227 1155 8846 780 16105 1406 313 22402 8179 14545 5352 2143 2860 987 1381 381
internal_value=0.000243536 -0.170103 0.251795 0.426049 0.151908 -0.0541935 -0.286066 0.0996463 0.292517 0.592499 0.0327165 0.322616 -0.0959398 0.135914 0.390493 -0.0533383 0.737079 0.183099 0.391208 0.514499 -0.334001 0.241047 -0.138899 0.18877 -0.217968 -0.188352 0.0901224 0.0996082 0.835075 -0.034717 -0.00096271 -0.0351554 0.131349 0.497102 0.621391 -0.0458792 0.228175 0.517054 -0.123388 -0.113187 0.558034 -0.307773 0.218207 0.230643 -0.0205334 0.128267 0.0902152 0.465581 -0.033937 0.781782 -0.291506 0.35422 0.334523 -0.36717 0.340453 -0.248204 0.478693 0.534062 0.324038 0.203804 -0.237913 0.331209
internal_weight=292826 174594 118232 43078 75154 87318 87276 54791 20363 16508 28333 26570 58985 43175 14500 29617 5782 9658 10705 10726 51219 12070 29368 20040 36057 18219 23135 15306 3127 25668 12899 11616 10190 4629 2655 13027 7206 4325 24759 22027 1869 28608 6983 6618 10668 11235 5977 2846 12069 2428 20728 8463 7057 22611 9871 17838 8547 3195 6744 8544 15926 3526
internal_count=292826 174594 118232 43078 75154 87318 87276 54791 20363 16508 28333 26570 58985 43175 14500 29617 5782 9658 10705 10726 51219 12070 29368 20040 36057 18219 23135 15306 3127 25668 12899 11616 10190 4629 2655 13027 7206 4325 24759 22027 1869 28608 6983 6618 10668 11235 5977 2846 12069 2428 20728 8463 7057 22611 9871 17838 8547 3195 6744 8544 15926 3526
is_linear=0
shrinkage=0.05


Tree=14
num_leaves=63
num_cat=0
split_feature=12 12 11 12 12 12 11 13 13 11 13 12 14 12 12 13 12 12 12 0 7 13 7 14 16 0 16 11 13 28 14 29 7 11 16 11 14 7 11 13 14 9 16 7 14 29 11 7 11 14 13 7 16 29 29 7 7 14 8 29 29 5
split_gain=4.53893e+06 792623 787901 310616 175058 121532 90593.9 82220 78796.2 78050.2 71344.8 37532 34214.8 33377.7 30139.2 29881.1 26739.2 24273.7 23933.9 20232.2 16777.4 14644.4 13096.4 12122.9 12071.1 11653 10920.1 10882.5 10570.5 10753 10452.8 11974.3 9237.41 10396.4 8819.92 8786.75 8548.46 8452.69 8264.65 8237.34 9139.77 10007.8 8142.8 7933.63 7644.17 7600.36 7395.03 9939.98 7353.04 7258.52 10441.6 7168.91 7016.67 7011.13 16924.4 6929.03 8579.9 6875.57 6844.33 6749.95 7614.31 6650.14
threshold=32.001250000000006 18.292777777777783 -5.8745833333333328 49.201111111111125 48.046805555555558 10.803125 -5.1331944444444435 -24.749999999999996 9.7500000000000018 -17.499861111111105 9.2500000000000018 25.671875000000004 64.250000000000014 37.776875000000011 37.776875000000011 7.2500000000000009 41.598750000000003 26.03006944444445 65.450694444444466 366.50000000000006 0.14636696732948509 -43.249999999999993 -0.22615094860408663 43.250000000000007 1.0000000180025095e-35 2980.5000000000005 1.0000000180025095e-35 -12.614444444444443 17.250000000000004 0.49259218612818267 60.750000000000007 13.550000000000002 1.1902498077379786 -16.572083333333328 1.0000000180025095e-35 -27.796597222222221 76.250000000000014 0.80649032877518467 -2.5212499999999993 26.750000000000004 47.750000000000007 13.500000000000002 1.0000000180025095e-35 0.78965926805730835 60.750000000000007 5.1500000000000012 -0.80895833333333333 1.4049183632332194 -25.20805555555555 67.250000000000014 6.2500000000000009 0.76574523475161593 1.0000000180025095e-35 9.9500000000000011 8.7500000000000018 0.72716781199181668 -3.9968304278922342 50.250000000000007 33.500000000000007 7.3500000000000005 4.4500000000000011 -18.499999999999996
decision_type=2 2 2 2 2 2 2 2 2 2 2 2 2 2 2 2 2 2 2 2 2 2 2 2 2 2 2 2 2 2 2 2 2 2 2 2 2 2 2 2 2 2 2 2 2 2 2 2 2 2 2 2 2 2 2 2 2 2 2 2 2 2
left_child=1 5 3 9 8 19 11 20 13 16 12 51 38 42 58 17 23 43 27 55 21 45 -17 -2 61 -14 -15 -9 29 -12 -31 53 33 -13 -16 -18 49 48 -6 40 -10 -42 -4 -8 -23 -5 47 -26 -25 50 59 -3 -21 54 -32 56 -1 -43 -11 60 -27 -7
right_child=2 6 4 7 10 24 15 18 39 14 28 32 25 26 34 22 35 -19 -20 52 -22 44 -24 37 46 36 -28 -29 -30 30 31 -33 -34 -35 -36 -37 -38 -39 -40 -41 41 57 -44 -45 -46 -47 -48 -49 -50 -51 -52 -53 -54 -55 -56 -57 -58 -59 -60 -61 -62 -63
leaf_value=-0.35941732581593677 0.69874371807364855 -0.0058397691130046081 0.012319587209104182 0.71887091514906798 0.30820339321059859 -0.3140600574396657 -0.088200204048459963 0.50560928222506563 -0.14757311408677612 0.17631266220543285 0.0096707571547709568 0.20143151689608221 0.31658683908271362 0.1091548912003886 0.24179495949439947 -0.19240501198645868 0.57877235927767656 -0.01796533454032221 0.68804609459467936 -0.30615507309666085 0.52370955758894588 0.63896050569606389 -0.094278874254931963 0.44247820599079973 -0.11132179335523454 0.63154239667185608 0.17976378883155111 0.40802567448362742 0.011343665992607228 0.092046836373803329 0.18328730626490206 0.57630441644064645 -0.072650091596724378 0.076425495244323266 0.3206504775042493 0.43805356934819467 0.73453498245216908 0.11713546372423829 0.2080346145707809 -0.19085657666339995 0.032801327943148918 0.20816681318792513 0.084957442601407085 -0.18825011878223685 0.7819543249880786 1.1013206644700124 -0.20411079427313808 -0.21814740615262448 0.29153807566571305 0.35706793754027455 0.22900891196096446 -0.087011749210867947 -0.25209516732213255 -0.051361717789802912 0.67240230805066792 -0.36262354078828285 -0.28144320078725676 -0.090936163425366145 -0.0024524239297679996 0.73574937673192053 0.29588672191757576 -0.21529400065686732
leaf_weight=6198 203 6889 7751 202 2982 1897 19324 5443 1505 8160 1095 1961 2833 10957 6882 7744 1572 16570 1211 11919 1017 1851 6068 1062 7729 382 10961 6108 2181 1502 1161 271 872 10948 7368 3899 255 537 6708 908 4934 202 7682 2208 1990 415 8393 3034 3430 1553 261 4494 12198 211 208 16194 8275 3611 573 437 308 17215
leaf_count=6198 203 6889 7751 202 2982 1897 19324 5443 1505 8160 1095 1961 2833 10957 6882 7744 1572 16570 1211 11919 1017 1851 6068 1062 7729 382 10961 6108 2181 1502 1161 271 872 10948 7368 3899 255 537 6708 908 4934 202 7682 2208 1990 415 8393 3034 3430 1553 261 4494 12198 211 208 16194 8275 3611 573 437 308 17215
internal_value=6.34755e-05 -0.167143 0.231749 0.379712 0.123324 -0.265366 -0.0485626 0.545922 0.0699797 0.289715 0.239109 0.0292952 0.297123 0.104812 0.237758 -0.0863021 0.401252 -0.06346 0.476305 -0.313126 0.708079 0.750013 -0.149305 0.32031 -0.196987 0.390663 0.144472 0.454048 0.10152 0.145723 0.190138 0.269643 0.0847894 0.0954292 0.282587 0.478585 0.456207 0.304899 0.238889 -0.0465964 -0.0338022 -0.0142123 0.0484793 -0.0984681 0.713229 0.977476 -0.168915 -0.141453 0.327314 0.431833 0.515168 -0.0378912 -0.278824 0.216713 0.258038 -0.340092 -0.314858 -0.0750403 0.164584 0.581177 0.482359 -0.225113
internal_weight=292912 170130 122782 51923 70859 93052 77078 18237 48511 33686 22348 25164 15719 37351 22983 51914 10703 38102 12762 54784 5475 4458 13812 5232 38268 6029 21918 11551 6629 4448 3353 1851 13781 12909 14250 5471 3196 5029 9690 11160 10252 8747 15433 21532 3841 617 19156 10763 4492 2941 1388 11383 24117 1580 1369 30667 14473 3813 8733 1127 690 19112
internal_count=292912 170130 122782 51923 70859 93052 77078 18237 48511 33686 22348 25164 15719 37351 22983 51914 10703 38102 12762 54784 5475 4458 13812 5232 38268 6029 21918 11551 6629 4448 3353 1851 13781 12909 14250 5471 3196 5029 9690 11160 10252 8747 15433 21532 3841 617 19156 10763 4492 2941 1388 11383 24117 1580 1369 30667 14473 3813 8733 1127 690 19112
is_linear=0
shrinkage=0.05


Tree=15
num_leaves=63
num_cat=0
split_feature=12 12 11 12 12 13 11 11 2 12 12 13 12 12 11 12 13 13 12 13 7 12 11 7 6 8 7 12 7 11 13 16 29 20 16 20 11 20 16 11 11 7 16 31 12 13 29 12 29 31 11 7 6 29 29 11 8 6 7 7 13 5
split_gain=4.07942e+06 728738 694081 221118 210704 109054 95928.1 90003.2 77897.7 50552.6 49724.9 45981.1 33182.4 32398.8 27386.3 26645.1 23693.9 19599.7 18471.6 17666.9 16209.8 14581.1 12842 11958.5 11419.5 11338.8 11291.8 11198.7 11027.1 11983.3 10686.3 10154.6 9594.16 9544.63 9157.54 11833.1 8709.57 8544.29 10198.2 8385.52 8218.79 8089 8064.39 7983.5 7807.07 7776.92 7536.75 9327.12 7236.2 7216.53 6916.81 6751.88 6705.77 6694.91 6621.87 7423.16 6494.79 6140.85 6103.17 6067.52 6052.13 5701.94
threshold=32.236319444444447 16.376388888888894 -10.440833333333332 48.937638888888898 50.137569444444445 3.2500000000000004 -3.3999305555555548 4.8393055555555557 571.50000000000011 40.015694444444456 25.671875000000004 -24.749999999999996 39.570694444444449 24.722361111111116 -20.287152777777774 56.509027777777781 13.750000000000002 13.750000000000002 65.450694444444466 17.250000000000004 0.057590786948176591 40.685486111111118 -8.9011111111111081 3.6337284635897782 19.456650533916889 42.500000000000007 -1.7255639707432573 60.170833333333341 1.6469184332444196 -1.9999999999999996 11.250000000000002 1.0000000180025095e-35 14.65 0.63500000000000012 1.0000000180025095e-35 0.64500000000000013 -17.999444444444439 0.65500000000000014 1.0000000180025095e-35 -11.577708333333332 -2.5918055555555553 1.1902498077379786 1.0000000180025095e-35 1.9383918128654971 58.776736111111113 -46.249999999999993 8.2500000000000018 70.215277777777786 11.250000000000002 4.8427937433722175 -19.096249999999998 0.78965926805730835 -2.370800376032228 3.3500000000000001 12.750000000000002 -0.8930555555555556 16.500000000000004 6.6758998461881767 -0.14390954679710649 0.076085808732996682 -34.249999999999993 -28.499999999999996
decision_type=2 2 2 2 2 2 2 2 2 2 2 2 2 2 2 2 2 2 2 2 2 2 2 2 2 2 2 2 2 2 2 2 2 2 2 2 2 2 2 2 2 2 2 2 2 2 2 2 2 2 2 2 2 2 2 2 2 2 2 2 2 2
left_child=1 8 4 5 9 12 10 15 23 36 25 20 37 30 24 40 21 61 -13 27 44 -7 41 34 42 39 -10 -9 29 52 51 -14 46 -33 -1 -36 56 -4 -39 -3 -5 50 -11 -18 60 -22 47 -17 -47 -48 -12 -8 -28 -21 55 -51 -2 -16 -42 -24 -6 -15
right_child=2 6 3 7 11 16 13 19 26 14 22 18 31 17 57 32 43 -19 -20 53 45 -23 59 -25 -26 -27 28 -29 -30 -31 -32 33 -34 -35 35 -37 -38 38 -40 -41 58 -43 -44 -45 -46 48 49 -49 -50 54 -52 -53 -54 -55 -56 -57 -58 -59 -60 -61 -62 -63
leaf_value=-0.3189294793439626 0.36141298954492646 0.043177588030998866 0.079423016320365511 0.32511355148891963 0.82255048266581265 -0.0018132619769034048 -0.11435095711635063 0.14180553025670425 -0.30795701725084684 0.41876740494455889 0.2468904028304913 0.46700997542230421 0.15667368859284447 -0.26015917466492539 0.350994219584154 0.41919071722297785 0.035976595502370055 -0.1633042181121015 0.73233204722789158 0.21478713148373824 0.83965813976839687 0.092028783001947057 0.079264507672532625 -0.34885912221605836 0.16983269408467364 -0.1757665297550349 -0.02762477053999365 0.29054255534801016 -0.26090355170682272 -0.2117361653935963 -0.20653059482165845 0.19957968424142514 0.65158902556698739 0.31358772048467232 -0.29250308816817022 -0.19895238931431081 0.1975489437135346 0.079895438489389681 0.2251176122687277 -0.054960572009537925 0.42109489602563982 -0.053339346471571084 0.54422812256196818 -0.096245049154338791 0.87883005248258061 0.58777725059758967 0.16971017279937653 0.71555730062166312 0.286697799703588 0.52140662452544817 0.10583797144220551 -0.20756007392885145 -0.15871350023483069 -0.033568155036790524 0.17418536636548076 0.22827720148335198 0.22916073611709545 0.25398117758502553 0.21609228622601628 -0.0062300902232237101 0.63102589100378359 -0.0372866071139656
leaf_weight=15576 1837 2589 13848 5990 696 9115 19586 5360 2798 2427 991 6341 8950 290 5905 3630 1438 3824 735 324 270 7582 3216 12695 304 1679 1111 1658 6836 20359 4734 6521 411 2562 11654 4776 6199 2293 2560 13645 400 705 2778 5530 1075 1617 567 288 231 779 7066 2158 8030 1643 302 302 1895 2274 3988 5847 1095 20939
leaf_count=15576 1837 2589 13848 5990 696 9115 19586 5360 2798 2427 991 6341 8950 290 5905 3630 1438 3824 735 324 270 7582 3216 12695 304 1679 1111 1658 6836 20359 4734 6521 411 2562 11654 4776 6199 2293 2560 13645 400 705 2778 5530 1075 1617 567 288 231 779 7066 2158 8030 1643 302 302 1895 2274 3988 5847 1095 20939
internal_value=4.27588e-05 -0.157361 0.221308 0.144419 0.406719 0.0921899 -0.0562237 0.267435 -0.26264 0.31987 0.00672445 0.576768 0.146114 -0.099879 0.382187 0.336233 0.0084832 -0.0591174 0.494669 0.139867 0.693205 0.0408028 0.0658462 -0.30774 0.468417 -0.0521073 -0.211117 0.176981 -0.203652 -0.190376 -0.138443 0.194509 0.417575 0.231768 -0.29142 -0.265323 0.233948 0.0994405 0.156532 -0.0393078 0.286984 0.109005 0.48582 -0.068957 0.77103 0.587581 0.401076 0.441153 0.550318 0.320368 0.123216 -0.123611 -0.142786 0.00742875 0.381968 0.439801 0.294339 0.324056 0.234872 0.024113 0.705872 -0.0403433
internal_weight=292824 171104 121720 86041 35679 60399 87269 25642 83835 23619 35738 12060 36734 51531 13688 16657 23665 25053 7076 8985 4984 16697 17825 44701 5509 17913 39134 7018 36336 29500 26478 18033 6279 9083 32006 16430 9931 18701 4853 16234 10378 8762 5205 6968 2866 2118 5868 3918 1848 1950 8057 21744 9141 1967 1383 1081 3732 8179 4388 9063 1791 21229
internal_count=292824 171104 121720 86041 35679 60399 87269 25642 83835 23619 35738 12060 36734 51531 13688 16657 23665 25053 7076 8985 4984 16697 17825 44701 5509 17913 39134 7018 36336 29500 26478 18033 6279 9083 32006 16430 9931 18701 4853 16234 10378 8762 5205 6968 2866 2118 5868 3918 1848 1950 8057 21744 9141 1967 1383 1081 3732 8179 4388 9063 1791 21229
is_linear=0
shrinkage=0.05


Tree=16
num_leaves=63
num_cat=0
split_feature=12 11 3 12 12 13 13 11 12 12 15 12 12 11 12 13 11 13 12 12 13 6 13 8 14 11 11 5 6 12 25 29 5 5 13 29 13 10 5 6 12 10 29 6 12 12 13 5 5 5 11 12 29 5 21 27 5 5 20 19 14 14
split_gain=3.68046e+06 719275 404998 316608 280031 113212 72951.1 68024.5 53254.3 52180 42843.4 39669 35244.4 31173.9 29234.8 25931.9 18569.2 17825.2 16591.5 14966.2 12885.2 12648.3 12339 9637.12 9629.6 9189.15 8967.08 9129.31 8819.16 8756.02 8472.8 8021.54 7753.93 10112.5 7691.35 7681.52 7327.84 7163.21 7157.68 7000.24 6876.05 6830.74 6811.93 6766.62 6725.97 6440.44 6386.43 6062.33 6025.98 7657.6 6316.37 6000.71 5986.03 6252.72 5981.91 5899.88 5897.25 5801.57 5785.64 5642.99 5579.28 9639.94
threshold=27.750069444444446 -9.2573611111111074 3.5000000000000004 44.000416666666673 42.060138888888893 3.2500000000000004 4.7500000000000009 -29.49958333333333 21.605972222222228 51.745069444444447 6.6168750000000012 55.503125000000004 35.107291666666676 -1.5126388888888893 33.213958333333345 14.250000000000002 -20.287152777777774 -6.2499999999999991 55.051388888888901 64.000833333333347 13.750000000000002 3.6743858110234733 -24.249999999999996 35.500000000000007 53.750000000000007 -2.3465972222222216 -10.616458333333332 29.500000000000004 13.139317587403246 61.958819444444451 2.0535968951185728 15.450000000000001 25.500000000000004 -21.499999999999996 -6.2499999999999991 3.3500000000000001 14.250000000000002 25.500000000000004 14.500000000000002 0.80786068198644867 36.86236111111112 12.500000000000002 11.750000000000002 12.78986139879431 70.215277777777786 10.803125 -36.249999999999993 -20.499999999999996 1.0000000180025095e-35 -1.0000000180025095e-35 -0.19368055555555547 50.137569444444445 3.3500000000000001 -28.499999999999996 1.0000000180025095e-35 0.51712409101571677 -4.4999999999999991 16.500000000000004 0.74500000000000011 41.500000000000007 64.750000000000014 67.250000000000014
decision_type=2 2 2 2 2 2 2 2 2 2 2 2 2 2 2 2 2 2 2 2 2 2 2 2 2 2 2 2 2 2 2 2 2 2 2 2 2 2 2 2 2 2 2 2 2 2 2 2 2 2 2 2 2 2 10 2 2 2 2 2 2 2
left_child=2 3 8 12 6 9 14 21 17 34 41 22 23 26 58 18 39 56 -7 31 40 24 28 46 -5 30 57 -28 -9 -13 -16 -11 33 -12 43 -17 -15 -37 55 -14 -8 -4 -41 -6 -20 -35 -2 -19 49 50 -43 -24 -22 -54 -23 -32 -1 -10 -3 -58 -36 -62
right_child=1 4 10 7 5 15 20 11 13 19 32 29 16 36 25 35 -18 47 44 -21 52 54 51 -25 -26 -27 27 -29 -30 -31 38 -33 -34 45 60 37 -38 -39 -40 42 -42 48 -44 -45 -46 -47 -48 -49 -50 -51 -52 -53 53 -55 -56 -57 59 -59 -60 -61 61 -63
leaf_value=-0.013285440509942112 0.26293829145643616 0.007050734651881406 -0.018338752047145537 0.50821754250710682 0.26910495646765503 0.10949781912682642 -0.046982123440282339 0.49691380664591656 0.11812939656299681 0.31948043849315449 -0.29813622748235707 0.50219142277923379 0.49911396649064255 -0.088797035330786936 0.28858037972331724 0.14015012217072156 0.22887204960058441 -0.2384155250846626 0.21527950217271968 0.50567184935325193 0.0038735118553445587 0.61590660068466863 0.32296349793948265 -0.017818670129446792 0.80433585806554475 0.071327952276063492 -0.018039243231233897 -0.18379893872379574 0.26926748458768279 0.63507737728047975 0.10654805818359521 0.54691969513711403 -0.27793921427939905 -0.22916830423134657 0.16656296404158247 0.0038459375858383091 -0.18131937723859859 -0.24700480783571963 0.018661800440977965 0.35330509113296599 0.0322216711701689 -0.23070443027440091 0.11762445052850179 0.048771274975316734 0.50246504622678945 -0.18095605398194109 0.14075879523524734 -0.15865625976851522 -0.32293931650129037 -0.18157952747646877 -0.31192176309101183 0.40679340970225236 -0.37187404112511896 -0.11632944183332219 0.37949478870563547 0.1850797588456834 -0.063862509226141409 0.0032170324323219494 0.08262756812168065 -0.13080440107517072 0.42688307461845165 0.1624901235747149
leaf_weight=1774 1238 14306 210 336 5404 10437 8262 3169 1932 7906 3326 3455 734 13442 852 998 9320 2770 3558 1438 1020 1487 5311 859 1692 9765 14019 882 496 1974 5610 409 5977 14331 8395 4252 2546 304 1386 2718 4099 3112 347 373 216 13474 7909 17221 19548 1726 10612 3619 250 5286 334 4177 4589 2544 3076 10048 596 821
leaf_count=1774 1238 14306 210 336 5404 10437 8262 3169 1932 7906 3326 3455 734 13442 852 998 9320 2770 3558 1438 1020 1487 5311 859 1692 9765 14019 882 496 1974 5610 409 5977 14331 8395 4252 2546 304 1386 2718 4099 3112 347 373 216 13474 7909 17221 19548 1726 10612 3619 250 5286 334 4177 4589 2544 3076 10048 596 821
internal_value=0.00022792 0.175178 -0.179713 0.341991 0.102437 0.195904 0.029856 0.478361 -0.0955633 0.265859 -0.263222 0.437563 0.212989 -0.0518632 0.0687937 0.106202 0.266901 -0.138016 0.142003 0.356575 -0.050773 0.669249 0.388791 0.142286 0.755549 0.107372 -0.00922041 -0.0278623 0.466187 0.550617 0.136633 0.330732 -0.22572 -0.215686 0.209085 0.0145869 -0.103541 -0.0129427 0.125021 0.36011 -0.0207171 -0.302741 0.32667 0.25489 0.231845 -0.205813 0.157322 -0.169719 -0.304447 -0.28103 -0.293523 0.356978 -0.10743 -0.127935 0.572777 0.14008 -0.0993885 0.0528326 0.0204291 -0.109823 0.182093 0.273918
internal_weight=292277 148194 144083 44998 103196 45107 58089 21873 71767 25342 72316 18024 23125 35365 39172 19765 13119 36402 14211 9753 18917 3849 12595 10006 2028 21790 19377 14901 3665 5429 12025 8315 37108 31131 15589 5554 15988 4556 11173 3799 12361 35208 3065 5777 3774 27805 9147 19991 34998 15450 13724 8930 6556 5536 1821 9787 16411 4476 17382 14637 9812 1417
internal_count=292277 148194 144083 44998 103196 45107 58089 21873 71767 25342 72316 18024 23125 35365 39172 19765 13119 36402 14211 9753 18917 3849 12595 10006 2028 21790 19377 14901 3665 5429 12025 8315 37108 31131 15589 5554 15988 4556 11173 3799 12361 35208 3065 5777 3774 27805 9147 19991 34998 15450 13724 8930 6556 5536 1821 9787 16411 4476 17382 14637 9812 1417
is_linear=0
shrinkage=0.05


Tree=17
num_leaves=63
num_cat=0
split_feature=12 11 12 12 12 13 13 12 2 12 11 11 12 12 13 12 13 13 13 11 11 12 11 16 20 8 16 20 7 16 20 31 7 7 29 16 20 24 13 29 13 21 7 11 14 7 16 20 25 29 29 7 20 16 14 12 12 29 7 29 31 8
split_gain=3.3077e+06 620414 463378 261181 166612 109045 101312 58124.7 51510.7 49135.7 39462 37492.5 29387.5 28233.8 18592.8 18057.1 17359.9 15693.9 15436.4 10643 10479.8 10321.1 9737.51 9718.17 12446.7 9666.17 9289.34 12104.6 8929.15 8891.15 11269.1 8840.01 8796.85 8686.63 8575.98 8563.1 11386 8018.57 7986.76 7798.15 7451.51 7347.35 7126.02 6546.22 6314.85 7054.11 6297.29 9876.21 6227.93 6139.02 11361 5994.62 5952.44 5944.11 5932.98 5895.77 5793.23 5710.87 5582.04 5444.81 5402.89 5284.37
threshold=29.639513888888892 -12.883541666666664 15.248263888888891 47.53819444444445 47.028055555555561 4.7500000000000009 3.2500000000000004 23.310555555555563 533.50000000000011 36.403055555555561 -1.5126388888888893 -31.498888888888885 56.509027777777781 39.775277777777788 13.750000000000002 58.776736111111113 4.7500000000000009 -6.2499999999999991 13.750000000000002 -27.796597222222221 -11.577708333333332 36.86236111111112 -7.7105555555555538 1.0000000180025095e-35 0.59500000000000008 28.500000000000004 1.0000000180025095e-35 0.66500000000000015 5.3534103797017503 1.0000000180025095e-35 0.7350000000000001 8.7030259740259748 0.36669017395392572 0.96160546770302879 15.750000000000002 1.0000000180025095e-35 0.69500000000000006 69.500000000000014 13.750000000000002 3.3500000000000001 -24.749999999999996 1.0000000180025095e-35 0.26829949965234706 -26.509583333333328 48.250000000000007 -0.2097568780123594 1.0000000180025095e-35 0.70500000000000007 1.9052528746254078 15.250000000000002 18.950000000000003 0.17825406622337864 0.80500000000000016 1.0000000180025095e-35 50.250000000000007 64.000833333333347 70.215277777777786 11.450000000000001 0.51912171279215713 15.450000000000001 6.1414338263637278 7.5000000000000009
decision_type=2 2 2 2 2 2 2 2 2 2 2 2 2 2 2 2 2 2 2 2 2 2 2 2 2 2 2 2 2 2 2 2 2 2 2 2 2 2 2 2 2 10 2 2 2 2 2 2 2 2 2 2 2 2 2 2 2 2 2 2 2 2
left_child=2 4 8 5 13 9 12 16 28 26 20 41 22 25 31 40 23 32 21 -15 58 -7 -5 -4 -25 43 -3 -28 35 -10 -31 55 48 46 56 -1 -37 52 -12 -16 42 -6 -13 -2 -20 -46 -22 -48 -11 51 -51 -19 -21 -50 -24 -8 60 -47 -9 -56 -14 -18
right_child=1 3 7 6 11 18 14 10 29 17 38 15 34 19 39 -17 61 49 44 37 33 -23 54 24 -26 -27 27 -29 -30 30 -32 -33 -34 -35 -36 36 -38 -39 -40 -41 -42 -43 -44 -45 45 57 47 -49 53 50 -52 -53 -54 -55 59 -57 -58 -59 -60 -61 -62 -63
leaf_value=-0.2951651296518184 0.40118773888573456 0.023992687784595797 -0.12321050782632217 0.34239429609658134 0.70506767182527552 -0.038649826095296713 0.15151684738338933 0.1453709733802627 -0.22460385369494162 0.37629057020237122 -0.067519753309394887 0.52296575750753227 0.39382256055547704 0.47768012052005598 0.19632732801986497 0.58001402603213337 -0.22226430465212574 0.12436305034164281 -0.19906678996747362 0.31075984662328549 -0.022512649098365201 0.046235261243488028 0.049045367593256138 -0.097932765280839398 -0.0019138855026020819 0.092202930674738906 0.056864058637580497 0.17241291542637566 -0.3256103959913238 -0.19441934655768567 -0.095040592343327235 0.4874728972849236 0.079614509881490977 -0.12234239773337573 0.68532875584129205 -0.26780279699322357 -0.17275742395018276 0.080828713756000342 -0.15578487108765129 0.012726207605047163 0.3919196394598759 0.44449744303443817 0.32504266042382923 0.22206979201395374 -0.12111046460996672 0.012018843267726106 0.012193479036441123 0.14880826055825613 0.16241348664555327 0.34145636145944258 -0.05352304669890981 0.029802416950476768 0.45365114472515072 0.23567204510872394 0.24337905064385659 0.29423491024478327 0.56468838169886792 -0.13944897699904565 0.035697802997214895 0.42017675350670686 0.23660277959961151 -0.14456718913461139
leaf_weight=16222 550 11450 15006 3476 2367 6463 7461 2087 17937 530 13533 2693 4982 1221 696 2647 3352 12643 959 5595 7368 8028 374 10350 5008 1405 8581 3080 8925 14500 3555 218 1488 1337 258 12731 4198 342 3162 3398 5106 313 555 7196 2899 3125 6053 1692 5304 722 243 1933 844 5824 8589 802 445 776 2613 460 620 6340
leaf_count=16222 550 11450 15006 3476 2367 6463 7461 2087 17937 530 13533 2693 4982 1221 696 2647 3352 12643 959 5595 7368 8028 374 10350 5008 1405 8581 3080 8925 14500 3555 218 1488 1337 258 12731 4198 342 3162 3398 5106 313 555 7196 2899 3125 6053 1692 5304 722 243 1933 844 5824 8589 802 445 776 2613 460 620 6340
internal_value=-0.000138326 0.179446 -0.157491 0.121939 0.376809 0.0704788 0.24184 -0.0712153 -0.243581 0.110245 -0.0267809 0.506956 0.314081 0.272982 0.1315 0.466007 -0.113195 0.153955 -0.0220986 0.341596 0.0185812 0.00837638 0.270793 -0.0945927 -0.0666247 0.212951 0.0559861 0.0873959 -0.28115 -0.199655 -0.174858 0.173738 0.19417 -0.000233307 0.402585 -0.26917 -0.244245 0.317026 -0.0842453 0.0439796 0.429818 0.674813 0.489256 0.234838 -0.0790084 -0.0620499 0.0105767 0.0420542 0.208783 0.119926 0.242043 0.111826 0.329557 0.200772 0.244346 0.165403 0.39041 -0.0181397 0.0844179 0.252412 0.376468 -0.171459
internal_weight=292630 136661 155969 105827 30834 74048 31779 77901 78068 51798 37845 13681 19204 17153 12575 11001 40056 28687 22250 8002 21150 14491 12899 30364 15358 9151 23111 11661 42076 35992 18055 8481 13146 16450 6305 33151 16929 6781 16695 4094 8354 2680 3248 7746 7759 6800 15113 7745 11658 15541 965 14576 6439 11128 9423 8263 6047 3901 4700 9049 5602 9692
internal_count=292630 136661 155969 105827 30834 74048 31779 77901 78068 51798 37845 13681 19204 17153 12575 11001 40056 28687 22250 8002 21150 14491 12899 30364 15358 9151 23111 11661 42076 35992 18055 8481 13146 16450 6305 33151 16929 6781 16695 4094 8354 2680 3248 7746 7759 6800 15113 7745 11658 15541 965 14576 6439 11128 9423 8263 6047 3901 4700 9049 5602 9692
is_linear=0
shrinkage=0.05


Tree=18
num_leaves=63
num_cat=0
split_feature=12 12 12 13 13 13 12 12 12 12 15 13 13 13 13 13 12 1 13 12 13 13 6 12 7 7 13 13 14 7 5 7 7 13 5 7 13 29 6 14 16 20 29 29 14 6 14 31 10 13 6 6 14 13 16 19 6 29 28 14 29 19
split_gain=2.99854e+06 530523 356639 351532 149448 87441.2 61145.2 54519.8 45926 43755.6 30640.2 28989.3 27586 26303.6 25874 24855.2 14322.7 14267.9 13731.3 13180.6 12645.6 12419.5 12365 12192.3 12043.7 10967.9 10550.9 9673.27 9647.54 9458.83 9003.69 8865.77 7990.79 7864.64 7767.07 7619.58 8686.31 7205.31 7071.23 9501.97 7041.56 7769.42 6906.96 16189 6891.19 6886.23 7319.29 6839.95 6800.63 6527.54 6416.44 6391.51 6511.1 6231.15 6056.45 10199.2 5928.1 8780.82 6951.47 5900.15 5879.38 5723.19
threshold=28.305069444444445 43.026875000000011 13.470972222222224 -10.249999999999998 -3.2499999999999996 6.7500000000000009 53.500416666666673 21.605972222222228 34.88354166666668 55.051388888888901 6.6168750000000012 -24.749999999999996 9.7500000000000018 -22.249999999999996 3.2500000000000004 -24.749999999999996 36.63472222222223 42.585208295090631 26.750000000000004 59.488611111111119 -6.2499999999999991 -17.249999999999996 19.456650533916889 65.450694444444466 1.4049183632332194 0.054719563507722627 -23.249999999999996 -3.2499999999999996 73.750000000000014 0.80649032877518467 16.500000000000004 1.0474541096337722 0.56853749622161354 -46.249999999999993 -28.499999999999996 2.4356608950704897 3.2500000000000004 15.65 0.90246574492300569 64.250000000000014 1.0000000180025095e-35 0.65500000000000014 8.0500000000000025 11.050000000000002 44.250000000000007 -17.082406474276155 46.750000000000007 7.0659211485977798 12.500000000000002 -34.749999999999993 8.5640722312366595 -10.353045699359532 48.250000000000007 -32.749999999999993 1.0000000180025095e-35 26.500000000000004 3.6743858110234733 11.550000000000002 0.45244745943069969 52.750000000000007 3.6500000000000008 30.500000000000004
decision_type=2 2 2 2 2 2 2 2 2 2 2 2 2 2 2 2 2 2 2 2 2 2 2 2 2 2 2 2 2 2 2 2 2 2 2 2 2 2 2 2 2 2 2 2 2 2 2 2 2 2 2 2 2 2 2 2 2 2 2 2 2 2
left_child=2 4 10 6 8 9 11 20 17 27 48 22 16 29 26 25 -6 -2 19 51 24 44 33 -17 53 -8 30 -5 -11 49 -9 61 40 -3 -22 36 -12 38 39 47 -15 -42 -30 -44 -19 -14 -47 -29 -1 -10 -13 60 -53 -4 -50 -56 58 -58 -35 -60 -7 -28
right_child=1 3 7 5 12 18 15 14 13 28 35 50 45 32 -16 23 -18 21 -20 -21 34 -23 -24 -25 -26 -27 31 37 42 -31 -32 -33 -34 56 -36 -37 -38 -39 -40 -41 41 -43 43 -45 -46 46 -48 -49 54 -51 -52 52 -54 -55 55 -57 57 -59 59 -61 -62 -63
leaf_value=0.0096514724724665654 0.015069570468833735 0.6862436165549155 0.067690989075679747 0.22632334237684654 -0.0030335948237514314 0.17815244266327787 0.70127254780344117 0.1303491259238144 0.3768813947252363 0.30500112843140059 -0.17817116235128105 0.32553903373509202 -0.19861757695595969 0.12675169846183493 -0.10829226974671545 0.42564748993113083 0.074740480769924234 0.39550326344859565 -0.12226520755502862 0.20410109446371907 -0.27718264369317502 0.073786665281622449 0.099606330284833414 0.64103972267161913 -0.16736352576521021 0.51490953713310805 0.024185546445717278 0.16243000763125379 0.57150763079533529 0.03601832625854607 -0.006792703664716568 -0.16514473246947822 -0.00060434625698880596 0.28162469931792283 -0.14543003993855824 -0.26505242815286323 -0.23649180772148748 0.33567986337571509 0.08363726559883386 0.30991323598162301 0.16301588535531436 0.2714594978039177 0.02193537120215237 0.6375563607583592 0.15331593992663239 -0.17184831940897241 -0.039668814168593469 -0.078342748704449017 -0.29658261576523831 0.25759831735483057 0.21862959401400328 -0.096056293795271863 0.084530091980112243 -0.081477848882624382 -0.18006490944801457 -0.27432345858958651 0.43385682045469132 0.15925383907125656 0.42209654132838664 0.6166770911103433 -0.12635174719852391 -0.038396357071298425
leaf_weight=210 5603 380 738 9321 14799 200 2093 1994 1611 6902 19288 8183 912 7656 11040 4585 9865 310 863 1922 1184 9752 241 772 4532 1296 4657 6255 637 387 2991 1188 801 281 20402 4895 9568 539 3029 1100 5892 2300 228 200 5442 1186 8912 309 17471 4047 1705 529 8622 13383 3623 13961 2512 331 601 1170 750 16939
leaf_count=210 5603 380 738 9321 14799 200 2093 1994 1611 6902 19288 8183 912 7656 11040 4585 9865 310 863 1922 1184 9752 241 772 4532 1296 4657 6255 637 387 2991 1188 801 281 20402 4895 9568 539 3029 1100 5892 2300 228 200 5442 1186 8912 309 17471 4047 1705 529 8622 13383 3623 13961 2512 331 601 1170 750 16939
internal_value=-6.167e-05 0.161528 -0.158341 0.26682 0.074674 0.178389 0.418426 -0.0858312 0.136551 0.227228 -0.241389 0.358427 -0.00130056 0.185926 -0.0435472 0.524048 0.0280759 0.0834561 0.0702849 0.0841149 -0.12661 0.108168 0.450311 0.456802 -0.0964477 0.630178 -0.0178038 0.188653 0.326709 0.275267 0.0480792 -0.0322201 0.153474 0.466312 -0.152669 -0.207319 -0.197517 0.157374 0.148355 0.173919 0.161261 0.193492 0.466974 0.310424 0.166435 -0.0671047 -0.0552086 0.151085 -0.27399 0.291622 0.307128 0.0612662 0.0740814 -0.0736777 -0.275689 -0.254914 0.449102 0.401953 0.514198 0.55092 -0.0621257 -0.0249006
internal_weight=293095 145031 148064 65556 79475 41406 24150 79048 43801 28520 69016 15404 35674 22694 38809 8746 24664 21107 12886 12023 40239 15504 5516 5357 18653 3389 27769 20553 7967 6045 4985 22784 16649 5275 21586 33751 28856 11232 10693 7664 15848 8192 1065 428 5752 11010 10098 6564 35265 5658 9888 10101 9151 14121 35055 17584 4895 2843 2052 1771 950 21596
internal_count=293095 145031 148064 65556 79475 41406 24150 79048 43801 28520 69016 15404 35674 22694 38809 8746 24664 21107 12886 12023 40239 15504 5516 5357 18653 3389 27769 20553 7967 6045 4985 22784 16649 5275 21586 33751 28856 11232 10693 7664 15848 8192 1065 428 5752 11010 10098 6564 35265 5658 9888 10101 9151 14121 35055 17584 4895 2843 2052 1771 950 21596
is_linear=0
shrinkage=0.05


Tree=19
num_leaves=63
num_cat=0
split_feature=12 12 11 12 12 12 11 13 13 11 11 12 12 13 12 14 12 14 15 12 13 2 12 13 28 8 14 7 11 7 11 7 11 13 13 19 13 11 12 14 9 7 11 7 19 29 7 27 5 29 5 23 14 6 27 13 29 14 13 7 11 11
split_gain=2.72694e+06 518501 461554 164514 108699 74783.9 67227.4 52652.5 51133.3 43610.5 40672.5 26616.6 24283.5 21985.3 19283.5 19033.4 18684.5 14208.5 13178.6 13074 12399.5 10469.8 10403 9577.98 8979.17 8862.76 8903.29 8476.17 8900.49 8434.94 9224.9 8321.38 7639.37 7587.79 10963.2 7553.27 7515.29 7161.14 6463.14 6395.45 10024.1 6324.49 7752.22 6264.98 6158.27 6103.61 6031.37 5998.66 5986.18 5935.44 5769.99 5670.62 5666.11 6616.37 5546.38 5389.98 5370.01 6247.28 5225.86 5182.86 5707.16 5045.36
threshold=32.791250000000012 18.292777777777783 -6.7198611111111095 49.201111111111125 48.623472222222226 10.803125 -5.0138888888888875 6.7500000000000009 9.7500000000000018 -21.59944444444444 -23.247708333333332 26.600138888888896 41.840416666666677 13.750000000000002 40.479722222222229 64.250000000000014 26.03006944444445 67.250000000000014 3.8537500000000007 57.043958333333343 -46.249999999999993 1064.5000000000002 65.450694444444466 11.250000000000002 0.44686794246998696 9.5000000000000018 52.750000000000007 2.4356608950704897 -2.5918055555555553 1.1216894918062497 -15.422569444444441 0.66396601774555963 -16.572083333333328 -5.2499999999999991 -3.2499999999999996 34.500000000000007 26.750000000000004 -2.5212499999999993 59.488611111111119 47.750000000000007 13.500000000000002 1.7111018466627483 -0.48381944444444464 -0.041775468310634958 47.500000000000007 7.7500000000000009 1.5850552079958129 0.5182149966821501 -4.4999999999999991 11.450000000000001 -20.499999999999996 2.5000000000000004 62.750000000000007 6.6758998461881767 0.5313392857142859 3.2500000000000004 4.0500000000000007 67.250000000000014 -35.249999999999993 0.74326649429884128 -1.3223611111111107 -26.509583333333328
decision_type=2 2 2 2 2 2 2 2 2 2 2 2 2 2 2 2 2 2 2 2 2 2 2 2 2 2 2 2 2 2 2 2 2 2 2 2 2 2 2 2 2 2 2 2 2 2 2 2 2 2 2 10 2 2 2 2 2 2 2 2 2 2
left_child=1 5 3 10 8 18 11 15 14 20 25 46 31 16 35 37 59 24 -1 -11 45 -22 43 27 -17 26 -2 28 48 30 -13 32 -12 47 -35 -4 38 -6 -9 -10 -41 42 -20 -19 -16 -5 -3 -26 -7 52 -18 -42 -23 54 -54 -37 57 -21 -50 60 -8 -28
right_child=2 6 4 9 7 23 13 36 39 19 12 29 -14 -15 44 17 50 22 41 56 21 49 -24 -25 33 -27 61 -29 -30 -31 -32 -33 -34 34 -36 55 -38 -39 -40 40 51 -43 -44 -45 -46 -47 -48 -49 58 -51 -52 -53 53 -55 -56 -57 -58 -59 -60 -61 -62 -63
leaf_value=-0.27318953339063784 0.34292774280726507 -0.0086169236366247844 0.10920019065012994 0.62924584702818431 0.26033586399541625 0.015518017133718377 -0.043242487723999842 0.07902547776054164 -0.13165332541422148 0.33075188070982198 0.24844170962208573 0.17381208828423123 0.27001656790654183 -0.14984459898416749 0.16716141437699653 0.1210228556259112 -0.13039983693901638 0.31457769162685045 -0.17082372520152556 0.44524726798342051 0.27698074391545008 0.5111396878252602 0.40078094730685865 -0.22253980383598601 0.074427821287294721 0.31095952953204559 0.63362288508892783 -0.2342424960131187 -0.15684408290891197 -0.066050031904564321 0.068384327592003677 0.04891484411926434 0.15973129052859711 0.78718031791791532 0.44518557400517411 0.059141227292350954 -0.086732323657094657 0.16933230946685252 0.18574253712823752 0.026881561407595747 0.0032810222899510725 -0.25584539847688187 -0.23196575856658566 0.15044631176481696 0.10621727911675061 0.98414273698564991 -0.12218154447793675 0.45691141016817327 0.013116819290261643 0.39727528957465225 -0.014469014133288516 -0.12169369175182054 0.64080568254132508 0.46634207033086572 0.92738637361422327 -0.006483133924657436 0.4137297517700731 0.72099643771199218 -0.12275894641971136 -0.15186337395149208 -0.094986746043299666 0.40015992078605322
leaf_weight=22660 1030 12298 5364 307 3710 998 8478 5556 1405 6842 3208 2605 10206 6828 6704 219 1130 903 8524 532 416 2527 979 4365 204 2829 668 2408 20114 930 10197 1306 10027 291 1245 10847 540 5207 1906 5425 1402 10211 13304 1641 10887 212 1291 206 764 654 21045 2573 1142 479 205 4397 3236 344 9561 2482 14358 366
leaf_count=22660 1030 12298 5364 307 3710 998 8478 5556 1405 6842 3208 2605 10206 6828 6704 219 1130 903 8524 532 416 2527 979 4365 204 2829 668 2408 20114 930 10197 1306 10027 291 1245 10847 540 5207 1906 5425 1402 10211 13304 1641 10887 212 1291 206 764 654 21045 2573 1142 479 205 4397 3236 344 9561 2482 14358 366
internal_value=-0.00015189 -0.125711 0.185349 0.30794 0.10568 -0.206491 -0.0337803 0.196374 0.0638372 0.43246 0.236947 0.0301957 0.210887 -0.0659573 0.0910006 0.252854 -0.053894 0.324345 -0.243986 0.373221 0.541584 0.519027 0.262252 -0.152812 0.425218 0.368681 0.447608 -0.143813 -0.136879 0.0792868 0.0898491 0.169369 0.181251 0.459371 0.510448 0.0581741 0.0932692 0.20722 0.106305 -0.0321934 -0.0173149 -0.223323 -0.208098 0.208806 0.129452 0.775827 -0.0194141 0.267247 -0.101403 0.539078 -0.0203823 -0.0776248 0.560287 0.627984 0.685076 0.0402133 0.443789 0.554231 -0.112705 -0.0832436 -0.0757791 0.551452
internal_weight=292698 174551 118147 46536 71611 92909 81642 22607 49004 16896 29640 27321 24747 54321 38199 14605 47493 5688 54699 10954 5942 5423 3523 38210 2165 4893 2064 33845 31437 13732 12802 14541 13235 1946 1536 20608 8002 8917 7462 10805 9400 32039 21828 2544 17591 519 13589 410 11323 5007 22175 3975 4353 1826 1347 15244 4112 876 10325 25318 22836 1034
internal_count=292698 174551 118147 46536 71611 92909 81642 22607 49004 16896 29640 27321 24747 54321 38199 14605 47493 5688 54699 10954 5942 5423 3523 38210 2165 4893 2064 33845 31437 13732 12802 14541 13235 1946 1536 20608 8002 8917 7462 10805 9400 32039 21828 2544 17591 519 13589 410 11323 5007 22175 3975 4353 1826 1347 15244 4112 876 10325 25318 22836 1034
is_linear=0
shrinkage=0.05


Tree=20
num_leaves=63
num_cat=0
split_feature=12 11 12 12 12 13 13 11 12 12 12 0 12 11 13 12 12 12 31 11 29 11 11 7 7 16 19 7 13 24 13 27 8 13 16 19 11 31 7 7 19 31 13 16 13 5 23 29 5 29 5 13 23 13 29 5 31 8 8 27 13 27
split_gain=2.4711e+06 471209 340166 192673 131001 75250.9 74828.3 45859.1 37581 29358.4 28728.9 25509 24671.8 22261.6 17495.3 15120.3 13564.9 13284.8 12043.4 11672.8 9890.06 9714.72 9326.73 9254.86 8786.33 8651.64 11256.4 8476 8138.89 7916.84 7868.02 7833.92 7500.46 7094.64 6891.42 11116.4 6871.86 6762.84 6722.17 7497.19 6683.75 6442.67 6182.04 6064.54 5800.83 5796.17 5686.45 5553.24 5529.73 5389.94 5470.47 5299.16 5274.68 5657.22 5232.85 5877.12 6201.94 5184.23 5141.58 5102.2 5083.94 4991.28
threshold=29.639513888888892 -12.614444444444443 15.248263888888891 46.817083333333336 48.623472222222226 3.2500000000000004 3.2500000000000004 -3.1720833333333327 7.9062499999999991 39.775277777777788 36.208958333333342 1575.5000000000002 56.509027777777781 -29.49958333333333 14.250000000000002 21.605972222222228 37.100833333333348 61.002291666666672 8.9983315295815327 -27.796597222222221 15.750000000000002 -6.5795138888888873 7.000208333333334 0.065158373175270734 0.59965705903148081 1.0000000180025095e-35 39.500000000000007 0.46671381423856678 14.750000000000002 67.500000000000014 -35.249999999999993 0.49216704842931941 30.500000000000004 -34.749999999999993 1.0000000180025095e-35 36.500000000000007 -4.5064583333333328 5.4600408163265319 2.2155209635268722 -3.519921989832866 42.500000000000007 0.98249410377358515 13.750000000000002 1.0000000180025095e-35 13.750000000000002 -13.499999999999998 2.5000000000000004 3.3500000000000001 12.500000000000002 15.050000000000002 -2.4999999999999996 -2.7499999999999996 2.5000000000000004 -6.2499999999999991 9.4500000000000011 -7.4999999999999991 1.8946830436720143 1.5000000000000002 15.500000000000002 0.47017396461401612 -23.249999999999996 0.40058139534883724
decision_type=2 2 2 2 2 2 2 2 2 2 2 2 2 2 2 2 2 2 2 2 2 2 2 2 2 2 2 2 2 2 2 2 2 2 2 2 2 2 2 2 2 2 2 2 2 2 10 2 2 2 2 2 10 2 2 2 2 2 2 2 2 2
left_child=2 4 8 5 9 10 12 11 38 32 27 24 -5 23 18 44 42 43 41 -11 52 37 34 -6 60 -10 -27 36 -18 40 -13 61 33 58 -17 -36 -3 48 39 -1 -21 -8 57 -15 -9 -43 -25 -16 -12 50 51 -33 -14 -54 55 56 -32 -7 -2 -56 -4 -23
right_child=1 3 7 6 13 16 14 15 25 19 21 30 20 17 47 22 28 -19 -20 29 -22 31 -24 46 -26 26 -28 -29 -30 -31 54 49 -34 -35 35 -37 -38 -39 -40 -41 -42 45 -44 -45 -46 -47 -48 -49 -50 -51 -52 -53 53 -55 59 -57 -58 -59 -60 -61 -62 -63
leaf_value=-0.26877394538415128 0.40913833102748054 0.10222318302166569 0.069246626890448373 0.22659580205864538 0.64561307310592386 -0.10553512667108247 0.25909282793164551 -0.11626903023515577 -0.19750305834674567 0.42450370941478338 0.22403548280608443 0.16841396808325615 0.15823524488291774 0.33544128784074717 0.14978786185708207 -0.084684012467154623 0.045384447703166832 0.53668675480296335 0.51558872365182451 0.35684614335982839 0.64456876879383573 0.17374861834682506 -0.14686169112869105 0.2583560667702785 -0.091921273327492586 -0.09239211590838653 -0.17565070372184985 -0.025166921822337138 -0.044882293826178109 0.065510853410782319 0.36263483396489105 0.24998687645330306 0.072131156229440996 0.17498711312390525 0.055412606698811144 -0.058622932823658373 0.038593415968652948 0.085132020156094404 -0.26793644161658725 -0.20856807532612304 0.25907607389957188 -0.072503392766724087 -0.10631425209455952 0.42796959665737377 -0.19600434858149601 0.13320123204232356 0.52046522370498816 -0.0068502332021518177 0.10812881647308024 0.28086760757632845 0.10511497174568672 0.11049472615409062 0.40147829009694064 0.29943609910136704 -0.082703218817404944 0.028554298066053658 0.070936759514311595 -0.0076699346497283065 0.22749493402214616 0.02283083669279622 -0.039012936774295549 0.052894166076093742
leaf_weight=7355 589 7346 1370 14180 1759 1687 994 17120 18432 1681 5081 947 406 3436 688 11660 10141 1778 216 2605 266 995 3360 259 9326 5951 12799 3028 3312 410 272 1549 1347 6364 2854 8499 10049 1588 16013 17567 5391 357 3463 3726 2634 8080 1095 3165 1294 626 6752 1219 2494 3036 2069 9603 550 6824 1168 2563 5188 6022
leaf_count=7355 589 7346 1370 14180 1759 1687 994 17120 18432 1681 5081 947 406 3436 688 11660 10141 1778 216 2605 266 995 3360 259 9326 5951 12799 3028 3312 410 272 1549 1347 6364 2854 8499 10049 1588 16013 17567 5391 357 3463 3726 2634 8080 1095 3165 1294 626 6752 1219 2494 3036 2069 9603 550 6824 1168 2563 5188 6022
internal_value=3.39865e-05 0.155456 -0.135811 0.104443 0.324679 0.0576132 0.202537 -0.0619596 -0.209565 0.244742 0.0960786 -0.0158528 0.26301 0.454339 0.111224 -0.0938326 -0.0112934 0.414128 0.147194 0.304106 0.346216 0.131879 -0.0690526 0.569647 -0.0607397 -0.173166 -0.149232 0.0520303 0.02316 0.279981 0.0286985 0.110689 0.181472 0.199597 -0.0576863 -0.0299535 0.0654689 0.17753 -0.242622 -0.226346 0.290969 0.138702 -0.0500011 0.383632 -0.12691 0.12449 0.470555 0.021151 0.200529 0.138783 0.129411 0.188618 0.33274 0.345521 0.0199006 0.0395474 0.167783 -0.0270783 0.288585 -0.0243163 -0.0163898 0.0700535
internal_weight=292598 136466 156132 104858 31608 70976 33882 78015 78117 19555 45549 31888 20382 12053 13500 46127 25427 8940 9647 10087 6202 25126 26373 3113 15884 37182 18750 20423 13453 8406 16004 17163 9468 8121 23013 11353 17395 7963 40935 24922 7996 9431 11974 7162 19754 8437 1354 3853 6375 10146 9520 2768 5936 5530 15057 10425 822 8511 1757 4632 6558 7017
internal_count=292598 136466 156132 104858 31608 70976 33882 78015 78117 19555 45549 31888 20382 12053 13500 46127 25427 8940 9647 10087 6202 25126 26373 3113 15884 37182 18750 20423 13453 8406 16004 17163 9468 8121 23013 11353 17395 7963 40935 24922 7996 9431 11974 7162 19754 8437 1354 3853 6375 10146 9520 2768 5936 5530 15057 10425 822 8511 1757 4632 6558 7017
is_linear=0
shrinkage=0.05


Tree=21
num_leaves=63
num_cat=0
split_feature=12 12 11 12 12 12 11 13 11 13 11 3 12 12 13 12 12 12 16 19 7 7 13 13 7 6 6 13 16 16 19 19 13 11 12 13 19 16 16 19 31 16 19 13 19 27 29 29 29 16 19 7 11 11 7 29 29 13 6 5 23 19
split_gain=2.22768e+06 425454 375367 133757 88961.8 61542.4 59068.3 42399.6 41871 38359.4 34549.7 28045.8 17867.9 17560.8 16926.7 16357.7 15202.1 12625.6 10584.9 14641.2 9447.62 11761.4 9249.06 8791.52 8544.1 8310.5 7996.52 7768.66 7544.83 7530.23 10778.1 7481.8 6789.59 6755.18 6660.09 6580.08 6492.87 11249.4 6350.86 9119.72 6296.81 6093.2 9005.97 5698.24 5606.09 5593.58 5556.75 5652.81 5415.23 5389.26 9782.7 5328.14 5500.4 5156.61 5146.27 5056.79 5874.75 7601.18 5404.77 5030.51 7045.89 4837.24
threshold=32.791250000000012 18.292777777777783 -6.4741666666666653 51.745069444444447 49.201111111111125 9.6434027777777782 -3.8748611111111102 7.2500000000000009 -17.499861111111105 9.2500000000000018 -22.450694444444441 2.5000000000000004 41.135069444444447 39.775277777777788 13.750000000000002 41.598750000000003 26.418472222222224 62.921666666666674 1.0000000180025095e-35 30.500000000000004 0.99391175682379307 -2.9258101773218281 -35.249999999999993 -46.249999999999993 0.25644940301428859 11.093328826092621 19.456650533916889 26.750000000000004 1.0000000180025095e-35 1.0000000180025095e-35 34.500000000000007 28.500000000000004 -34.749999999999993 0.92625000000000013 67.23819444444446 27.250000000000004 33.500000000000007 1.0000000180025095e-35 1.0000000180025095e-35 26.500000000000004 7.6564615384615395 1.0000000180025095e-35 60.500000000000007 28.250000000000004 32.500000000000007 0.4915727677303286 10.850000000000003 11.550000000000002 11.250000000000002 1.0000000180025095e-35 30.500000000000004 0.80649032877518467 -29.49958333333333 -7.2393749999999981 -1.2241330098472953 16.350000000000005 4.9500000000000011 9.7500000000000018 -15.375277752317517 -13.499999999999998 2.5000000000000004 40.500000000000007
decision_type=2 2 2 2 2 2 2 2 2 2 2 2 2 2 2 2 2 2 2 2 2 2 2 2 2 2 2 2 2 2 2 2 2 2 2 2 2 2 2 2 2 2 2 2 2 2 2 2 2 2 2 2 2 2 2 2 2 2 2 2 10 2
left_child=1 5 3 8 7 20 11 12 15 17 23 22 29 -10 16 51 49 33 54 -20 21 -1 -3 -5 48 46 31 55 -13 -4 -31 -17 -33 -6 44 40 37 -24 -18 -40 59 45 -43 -29 -12 -14 53 -48 -25 -8 -51 52 -2 -15 -7 56 57 -9 -58 -11 -61 -30
right_child=2 6 4 10 9 18 14 27 13 35 34 28 41 25 -16 26 38 -19 19 -21 -22 -23 36 24 -26 -27 -28 43 61 30 -32 32 -34 -35 -36 -37 -38 -39 39 -41 -42 42 -44 -45 -46 -47 47 -49 -50 50 -52 -53 -54 -55 -56 -57 58 -59 -60 60 -62 -63
leaf_value=-0.24940590766911425 0.4272740649418183 0.22806425110159775 0.026374050169728824 0.75199992339175548 0.24086119891880428 -0.23987507713514186 -0.10167620530573732 0.1655672184151992 0.13205823675039055 -0.11603856924807002 0.42293453889570415 -0.052171138506499383 0.040130102980133101 0.26957869797851158 -0.13732216003819889 0.46273094123417702 -0.047720983772729972 0.34194189585630386 -0.044450978928690779 -0.14111508176078261 -0.24794926064254047 -0.17884916864622813 0.019019018385411236 0.5490541418109055 0.23149316398081959 0.12394832074543292 0.096451218181491674 -0.3080349078880944 0.066239963203882354 0.17454813081050591 0.05679143000466267 0.41780920644101704 0.2965843345050862 0.16821261185126002 0.50147354544088663 -0.11409771125504956 0.044201127130015554 0.20045267881390727 0.11716523737764679 -0.012165781414179415 0.28612494730251903 0.21080641097085018 0.10147503730070762 -0.052558786259418691 0.32084292779196505 0.1294118400097774 -0.015693229890205492 0.20228068780993536 0.36965839896441044 0.034383698483840069 -0.077524254268830833 0.064937069978597647 0.22770086734807632 0.14555491211822147 -0.15974804119546443 0.15251843879552679 -0.17408824194465772 0.0026253168046232742 -0.022744896816536759 0.37382529593458991 0.074129271778657843 -0.012085327771025604
leaf_weight=9175 378 933 10075 400 6749 2237 12261 915 9482 325 1714 8570 2751 7823 6747 1359 9382 1984 5090 17019 23192 16641 1482 3146 269 1859 308 365 2922 2628 7456 1634 4022 6112 719 431 9718 2017 1648 7860 375 4093 3495 542 6475 4847 354 1856 496 2459 9478 455 4074 943 19565 493 635 3274 8150 204 4570 6053
leaf_count=9175 378 933 10075 400 6749 2237 12261 915 9482 325 1714 8570 2751 7823 6747 1359 9382 1984 5090 17019 23192 16641 1482 3146 269 1859 308 365 2922 2628 7456 1634 4022 6112 719 431 9718 2017 1648 7860 375 4093 3495 542 6475 4847 354 1856 496 2459 9478 455 4074 943 19565 493 635 3274 8150 204 4570 6053
internal_value=0.000455979 -0.113107 0.168011 0.276219 0.0946609 -0.186248 -0.0297464 0.058366 0.224451 0.18162 0.411484 0.0236187 0.0878105 0.183686 -0.0636862 0.298816 -0.0521529 0.224495 -0.143254 -0.118864 -0.224768 -0.203934 0.0759891 0.527748 0.504626 0.221813 0.346176 -0.0140377 -0.0186199 0.0569507 0.0874944 0.357125 0.331673 0.206352 0.355166 0.0738136 0.0652375 0.123634 -0.0185377 0.0102608 0.0886271 0.12877 0.160469 -0.155595 0.34226 0.0970952 0.238376 0.167374 0.524731 -0.0783926 -0.0544705 0.228083 0.244738 0.256255 -0.16798 -0.00449303 -0.0104706 0.0382476 -0.0337029 0.0740491 0.0870113 0.0134197
internal_weight=292684 174449 118235 47766 70469 92919 81530 49719 34547 20750 13219 31695 35345 22317 49835 12230 43088 14845 43911 22109 49008 25816 14150 4311 3911 12835 7323 14374 17545 20159 10084 7015 5656 12861 8908 5905 13217 3499 18890 9508 5474 15186 7588 907 8189 7598 10976 2210 3642 24198 11937 4907 4452 8766 21802 13467 12974 4189 8785 5099 4774 8975
internal_count=292684 174449 118235 47766 70469 92919 81530 49719 34547 20750 13219 31695 35345 22317 49835 12230 43088 14845 43911 22109 49008 25816 14150 4311 3911 12835 7323 14374 17545 20159 10084 7015 5656 12861 8908 5905 13217 3499 18890 9508 5474 15186 7588 907 8189 7598 10976 2210 3642 24198 11937 4907 4452 8766 21802 13467 12974 4189 8785 5099 4774 8975
is_linear=0
shrinkage=0.05


Tree=22
num_leaves=63
num_cat=0
split_feature=12 11 3 12 12 11 11 12 11 11 15 0 5 11 7 12 12 12 12 5 12 12 7 9 29 29 14 11 7 5 11 31 11 9 14 29 31 14 29 11 14 29 29 14 11 20 5 24 28 27 11 19 31 9 12 12 14 27 29 11 14 7
split_gain=2.03032e+06 408198 223973 188540 117006 75554.2 55217.7 30907.8 30377.6 25392.6 23007.4 17295.1 16744.5 16726.5 15953.2 15912.5 13875.1 12975.8 11633.1 11058.9 10863 10681.1 9015.8 8864.67 8785.56 9515.29 8438.11 8337.4 8272.9 8807.99 7490.66 7667.35 7285.53 7074.85 6731.59 24070.9 6464.51 6277.05 6209.13 6183.71 6152.76 6089.13 8744.41 6077.12 6315.89 6061.22 6047.76 5982.27 5967.52 5685.95 5525.73 5515.34 5433.62 5429.49 5382.16 5247.34 5229.46 5190 8492.65 5184.04 5183.72 5161.87
threshold=27.750069444444446 -13.462083333333331 3.5000000000000004 43.026875000000011 44.500763888888898 1.0362500000000001 -1.9364583333333327 54.670069444444451 -3.2499999999999982 -29.49958333333333 5.8793055555555567 2193.5000000000005 -20.499999999999996 13.092430555555557 0.59965705903148081 55.503125000000004 64.000833333333347 22.273263888888895 36.403055555555561 -28.499999999999996 19.257777777777779 35.308125000000011 0.057590786948176591 13.500000000000002 14.65 12.750000000000002 65.750000000000014 5.8943055555555564 2.4356608950704897 -18.499999999999996 -7.7105555555555538 5.9147068525579458 -25.20805555555555 2.5000000000000004 63.250000000000007 16.050000000000004 2.2357910411605029 52.750000000000007 15.350000000000003 6.750208333333334 66.250000000000014 14.65 12.750000000000002 63.250000000000007 -4.04548611111111 0.66500000000000015 -2.4999999999999996 53.500000000000007 0.42317867317867325 0.5306692509405998 5.000208333333334 22.500000000000004 8.2499910714285729 8.5000000000000018 65.450694444444466 54.670069444444451 74.250000000000014 0.51928389290267762 7.3500000000000005 3.7290277777777785 55.250000000000007 0.74326649429884128
decision_type=2 2 2 2 2 2 2 2 2 2 2 2 2 2 2 2 2 2 2 2 2 2 2 2 2 2 2 2 2 2 2 2 2 2 2 2 2 2 2 2 2 2 2 2 2 2 2 2 2 2 2 2 2 2 2 2 2 2 2 2 2 2
left_child=2 4 8 6 11 7 14 30 17 22 -4 46 40 16 18 47 23 -1 45 -10 -21 39 37 34 25 -9 -26 -23 29 -12 31 -5 -13 43 38 48 -25 -6 -7 52 -8 42 -35 60 -45 -3 -2 -11 -36 -39 -40 -34 -14 -53 -17 -15 -18 -38 -59 -22 -32 -31
right_child=1 3 10 5 9 13 12 24 19 15 28 32 21 55 -16 54 56 -19 -20 20 59 27 -24 36 26 -27 -28 -29 -30 61 33 -33 51 41 35 -37 57 49 50 -41 -42 -43 -44 44 -46 -47 -48 -49 -50 -51 -52 53 -54 -55 -56 -57 -58 58 -60 -61 -62 -63
leaf_value=-0.062881241206692584 0.37969437158849256 0.051401546377851375 -0.22648426493643675 0.25859154109069665 0.33666197911027029 0.11358561519228534 -0.16981887448094007 0.31015511243640415 -0.22517174733498094 0.32391555436681596 -0.22274645952887001 0.32276573897425503 -0.013908036329845911 -0.024715388288876105 -0.021733219866470095 0.4101843068910882 0.21118185960871716 0.0055949695477303827 0.13151185759602743 -0.12290542618044956 -0.057860687417907258 0.06127178692241167 0.42234422038014863 0.15286128308203062 0.29374124660080181 0.051059308011045169 0.73666545318520593 -0.014053580569325938 -0.22136552352005354 -0.13358020443773011 0.10794898093305301 0.10487304016242732 0.30978741577317737 0.20927269389788769 -0.063974412507608089 0.65851173740961866 -0.12785087792815733 0.57045838985008179 0.093323200756628352 -0.079663360957900553 0.026429354455247373 0.41363213981415065 -0.052716588928802488 -0.17095331052150983 0.18389377211652153 0.11876995189922818 0.10477930824640631 0.13661936292309923 0.16888550428618099 0.82591150183940121 -0.20060773357171474 0.17647763496441873 0.15385498868525027 0.31747826032090254 0.56899009237705223 0.085054960035484781 0.44364253232037865 -0.14361660586745661 0.17130116142302021 -0.1085302206352728 0.20571508199530353 -0.17711589450145587
leaf_weight=13934 208 13323 31726 5097 243 10100 2011 6575 1589 7835 4783 1773 13914 3046 3293 3068 662 13739 12323 16317 19513 9849 1897 645 206 375 229 5858 6504 18606 3668 967 1189 5174 302 247 777 1428 334 3816 498 332 339 322 204 4456 4770 453 3039 264 305 5927 499 773 656 1693 384 350 548 6812 2155 10766
leaf_count=13934 208 13323 31726 5097 243 10100 2011 6575 1589 7835 4783 1773 13914 3046 3293 3068 662 13739 12323 16317 19513 9849 1897 645 206 375 229 5858 6504 18606 3668 967 1189 5174 302 247 777 1428 334 3816 498 332 339 322 204 4456 4770 453 3039 264 305 5927 499 773 656 1693 384 350 548 6812 2155 10766
internal_value=0.00107276 0.130925 -0.132478 0.0887595 0.294017 0.164963 0.0363027 0.223588 -0.069974 0.38818 -0.194565 0.192089 -0.00625523 0.0979383 0.0827463 0.352361 0.120282 -0.0288854 0.0941761 -0.0956797 -0.0908492 0.00296164 0.500341 0.10917 0.309913 0.296184 0.528068 0.0331797 -0.169654 -0.159801 0.188657 0.2341 0.2311 0.166041 0.123851 0.183154 0.01849 0.576548 0.104023 -0.0230761 -0.130871 0.205748 0.193156 0.129459 -0.0332442 0.068292 0.11634 0.313696 0.147824 0.610781 -0.0470667 0.210461 -0.00808955 0.19279 0.438304 0.0145096 0.296863 -0.0333133 0.0485372 -0.0709758 0.14416 -0.149543
internal_weight=292688 148399 144289 117915 30484 48075 69840 25643 71904 15844 72385 14640 36445 22432 33395 12012 17693 27673 30102 44231 42642 33936 3832 16647 7385 6950 435 15707 40659 34155 18258 6064 9662 12194 14327 3588 2320 1935 10739 18229 2509 5845 5513 6349 526 17779 4978 8288 3341 1692 639 7889 14413 6700 3724 4739 1046 1675 898 26325 5823 29372
internal_count=292688 148399 144289 117915 30484 48075 69840 25643 71904 15844 72385 14640 36445 22432 33395 12012 17693 27673 30102 44231 42642 33936 3832 16647 7385 6950 435 15707 40659 34155 18258 6064 9662 12194 14327 3588 2320 1935 10739 18229 2509 5845 5513 6349 526 17779 4978 8288 3341 1692 639 7889 14413 6700 3724 4739 1046 1675 898 26325 5823 29372
is_linear=0
shrinkage=0.05


Tree=23
num_leaves=63
num_cat=0
split_feature=1 11 12 12 12 13 11 12 12 11 15 12 13 13 13 7 14 24 16 12 16 9 14 16 12 16 14 8 13 27 31 14 16 28 6 14 13 26 21 11 14 16 28 13 14 13 31 27 11 5 14 14 11 16 7 16 31 9 31 14 27 31
split_gain=1.81442e+06 372128 199623 175382 88752.1 75014.5 54214.8 35965.2 27473.4 20586 17923.5 16730.6 14877.8 14710.1 14333.6 13209.5 13026.3 10953.3 10816.8 10228.2 9196.45 9005.35 10033 8440.68 8359.63 8324.9 7992.65 7964.69 8766.79 7626.29 7278.21 7175.6 6678.29 6528.99 7258.09 6314.05 10359.7 6149.75 5830.27 5650.13 5577.19 5499.3 5483.72 5333.6 5849.97 5434.06 5951.51 5007.96 4885.08 6603.32 4861.34 4773.81 4761.03 4683.91 5792.62 4678.06 4643.38 5177.8 4872.6 4966.12 4619.86 4910.35
threshold=42.432298609519378 -13.734583333333331 13.470972222222224 42.335277777777783 47.29097222222223 3.2500000000000004 -1.9364583333333327 53.08784722222223 21.605972222222228 -31.498888888888885 5.8793055555555567 38.645763888888901 3.2500000000000004 13.750000000000002 14.750000000000002 0.031914902646814923 40.750000000000007 33.500000000000007 1.0000000180025095e-35 61.958819444444451 1.0000000180025095e-35 13.500000000000002 64.250000000000014 1.0000000180025095e-35 62.921666666666674 1.0000000180025095e-35 51.250000000000007 28.500000000000004 -34.749999999999993 0.49675310984608906 1.984108946608947 48.250000000000007 1.0000000180025095e-35 0.51714341692789978 5.9401879677537694 43.250000000000007 -21.749999999999996 0.92527359567523715 1.0000000180025095e-35 1.6056250000000003 54.250000000000007 1.0000000180025095e-35 0.42317867317867325 -13.749999999999998 54.750000000000007 -20.249999999999996 4.4321386554621851 0.52506983240223482 -8.9011111111111081 12.500000000000002 65.250000000000014 50.250000000000007 -4.5064583333333328 1.0000000180025095e-35 0.24227274968254817 1.0000000180025095e-35 5.6740419524001622 21.500000000000004 6.5116517246433467 52.250000000000007 0.52478758514149304 0.9432844916704799
decision_type=2 2 2 2 2 2 2 2 2 2 2 2 2 2 2 2 2 2 2 2 2 2 2 2 2 2 2 2 2 2 2 2 2 2 2 2 2 2 10 2 2 2 2 2 2 2 2 2 2 2 2 2 2 2 2 2 2 2 2 2 2 2
left_child=2 4 10 6 11 7 15 23 18 38 53 35 25 16 21 29 -8 24 39 -9 -18 22 -7 -5 55 -10 -17 28 -13 -3 -23 37 -12 -30 -35 36 -2 -15 -6 -4 -31 -37 -24 44 45 -28 -47 -19 -27 -50 -42 -25 -20 -1 -55 -11 57 -33 -58 -60 61 -44
right_child=1 3 8 5 9 14 13 19 12 17 32 27 -14 31 -16 26 20 47 52 -21 -22 30 42 51 -26 48 43 -29 33 40 -32 56 -34 34 -36 41 -38 -39 -40 -41 50 -43 60 -45 -46 46 -48 -49 49 -51 -52 -53 -54 54 -56 -57 58 -59 59 -61 -62 -63
leaf_value=-0.23470157991536 0.5432771746986188 0.076656186483309477 -0.10995007514828237 0.13096237868700708 0.53432613169949061 0.090551809988862905 -0.17701694726859066 0.24602741885583318 -0.046770781019433369 0.31069371384514377 -0.18547805778499465 0.3616983057068765 -0.089807344159734764 -0.05118506347400939 0.0040929546184006911 0.011085254268975641 -0.018464137492933044 0.18029253849661786 -0.032606303223058172 0.35711231067203736 0.038590042440480816 0.18413654012361133 -0.045655473179287386 0.1135913805364448 0.49875129001523633 0.061232927201268932 -0.0052356977839283156 -0.012507264966289497 0.18840755087832625 0.11852126355550462 -0.050980775691052138 -0.0058007146212089543 -0.14303685508743777 0.35962018544823354 0.20797632927627616 0.09651677850907503 0.077817860005147788 -0.27631311771799372 0.30121820246390879 -0.17252678775192823 0.24136283227963126 0.18338287387799695 0.37063669276775729 0.050057330855525772 0.085620280156283646 0.19618925452510746 0.48778549174161318 0.41344266662803986 0.017559879140857798 -0.07531865099505386 0.046199997564696213 0.20815080019152574 -0.08768660854249001 -0.16444939338244713 -0.22479425984329923 0.39130329325638435 -0.29841317244792637 -0.14730028729328895 0.12028361449187452 -0.19622285939543183 0.33895001763886401 0.15410095795652184
leaf_weight=15800 259 6391 14874 10497 2340 9212 966 7925 12820 3506 18509 1786 10104 504 5100 7544 14353 1207 5368 2816 13904 421 224 1570 1137 3429 228 270 3405 4398 1495 3443 18625 1680 1499 3479 222 763 308 4768 2127 3835 298 7175 3405 735 230 285 6853 2654 376 9064 14593 7570 8423 3778 364 795 219 283 569 2150
leaf_count=15800 259 6391 14874 10497 2340 9212 966 7925 12820 3506 18509 1786 10104 504 5100 7544 14353 1207 5368 2816 13904 421 224 1570 1137 3429 228 270 3405 4398 1495 3443 18625 1680 1499 3479 222 763 308 4768 2127 3835 298 7175 3405 735 230 285 6853 2654 376 9064 14593 7570 8423 3778 364 795 219 283 569 2150
internal_value=-7.06308e-05 0.122618 -0.126285 0.0836399 0.283305 0.153441 0.0310944 0.200677 -0.0700968 0.38337 -0.187799 0.206809 -0.038391 -0.0115741 0.0761064 0.0776678 0.00343502 0.350207 -0.0988044 0.275181 0.00961003 0.101664 0.117189 0.162795 0.372348 -0.0182178 0.0512655 0.254735 0.263356 0.116031 0.000750328 -0.080409 -0.164196 0.236629 0.288203 0.153661 0.329057 -0.18687 0.507336 -0.125148 0.152479 0.142083 0.19285 0.0770094 0.119047 0.2143 0.266122 0.225076 0.0100806 -0.00837354 0.212076 0.194202 -0.0728765 -0.215362 -0.196243 0.352552 -0.0539499 -0.0323729 -0.159384 -0.0581807 0.210568 0.180601
internal_weight=292930 148540 144390 119544 28996 51341 68203 31872 75463 12561 68927 16435 35860 35594 19469 32609 29223 9913 39603 10741 28257 14369 12453 21131 8421 25756 19317 8640 8370 13292 1916 6371 37134 6584 3179 7795 481 1267 2648 19642 6901 7314 3241 11773 4598 1193 965 1492 12936 9507 2503 10634 19961 31793 15993 7284 5104 4238 866 502 3017 2448
internal_count=292930 148540 144390 119544 28996 51341 68203 31872 75463 12561 68927 16435 35860 35594 19469 32609 29223 9913 39603 10741 28257 14369 12453 21131 8421 25756 19317 8640 8370 13292 1916 6371 37134 6584 3179 7795 481 1267 2648 19642 6901 7314 3241 11773 4598 1193 965 1492 12936 9507 2503 10634 19961 31793 15993 7284 5104 4238 866 502 3017 2448
is_linear=0
shrinkage=0.05


Tree=24
num_leaves=63
num_cat=0
split_feature=12 12 11 12 12 2 11 11 13 11 13 12 16 19 12 12 14 14 7 13 7 5 16 13 14 14 19 7 5 7 28 13 13 13 7 13 16 19 14 11 7 16 19 5 31 12 28 14 14 9 13 23 28 29 27 29 12 13 13 14 29 29
split_gain=1.65861e+06 304062 281998 108639 60510.8 47149.9 43884.2 35593.7 31062.9 28331.7 23553.8 17534.8 16836.3 24028.1 15427.9 15056.3 13633 10942.4 10793.7 9559.12 9440.3 9308.85 8777.69 8766.14 8583.06 10664.1 8429.83 8078.86 8007.18 8002.24 7720.45 7602.82 7135.77 6796.95 6683.47 6767.53 6509.17 7090.21 6429.62 10578.7 6176.15 6095.98 10370.2 5853.75 5705.13 5602.72 5583.69 6180.99 8079.31 6625.8 6377.43 5740.19 5555.29 5498.92 7022.97 6528.54 5472.82 5405.8 5294.45 6024.66 6558.13 6826.69
threshold=32.791250000000012 18.292777777777783 -5.5338194444444433 51.745069444444447 50.447361111111114 698.50000000000011 -5.1331944444444435 -20.287152777777774 9.7500000000000018 -22.450694444444441 9.2500000000000018 25.838750000000005 1.0000000180025095e-35 33.500000000000007 44.000416666666673 40.479722222222229 64.250000000000014 67.250000000000014 0.35963103280952569 -46.249999999999993 3.1918752733540869 -20.499999999999996 1.0000000180025095e-35 4.7500000000000009 61.750000000000007 62.250000000000007 34.500000000000007 1.7111018466627483 6.5000000000000009 -3.1446330469080146 0.51288694034808036 -34.749999999999993 -32.249999999999993 6.2500000000000009 0.72716781199181668 9.2500000000000018 1.0000000180025095e-35 27.500000000000004 76.250000000000014 -1.0231249999999998 1.0833691602178277 1.0000000180025095e-35 35.500000000000007 -28.499999999999996 2.0675754504504509 25.107083333333339 0.52733499377335002 47.750000000000007 49.750000000000007 13.500000000000002 22.250000000000004 2.5000000000000004 0.46517846039049876 7.7500000000000009 0.52185857620640241 6.6500000000000012 70.215277777777786 -35.249999999999993 15.750000000000002 60.750000000000007 6.4500000000000011 10.550000000000002
decision_type=2 2 2 2 2 2 2 2 2 2 2 2 2 2 2 2 2 2 2 2 2 2 2 2 2 2 2 2 2 2 2 2 2 2 2 2 2 2 2 2 2 2 2 2 2 2 2 2 2 2 2 10 2 2 2 2 2 2 2 2 2 2
left_child=1 5 3 7 8 20 11 18 15 19 16 -3 21 -14 22 36 24 33 31 -5 29 -8 -9 27 -6 -26 -24 32 -21 -1 -12 44 -7 52 35 -31 -4 -38 -19 -40 57 -17 -43 -15 -2 -45 47 -10 -49 50 -50 -51 -18 55 -55 -33 -11 -13 59 -32 -61 -62
right_child=2 6 4 9 10 23 12 14 46 56 30 40 13 43 -16 41 17 38 -20 28 -22 -23 26 -25 25 -27 -28 -29 -30 34 58 53 -34 -35 -36 -37 37 -39 39 -41 -42 42 -44 45 -46 -47 -48 48 49 51 -52 -53 -54 54 -56 -57 -58 -59 -60 60 61 -63
leaf_value=-0.21942250026588472 0.24018019921430903 -0.020790426954303751 0.010380289349544155 0.68111130714173362 0.18170341900857317 0.065868830534535044 -0.18215610431377149 0.098069427362878991 -0.14288244831477223 0.29541222334787642 -0.013964743304243089 0.17069465633043923 0.061951304475211334 -0.19997020203294086 0.21000629488359668 0.074448477623197049 0.16813892803893823 0.17215295366356065 0.17959323425163431 0.48056398938793338 -0.22398578513235312 -0.072033439070565961 0.24112908258163654 -0.15948270790759886 -0.20433433453372893 0.11660104581559116 0.13693039467427565 -0.16340667214334267 0.32707234970738575 -0.13142168187826475 0.061662397503946101 0.28215687122815486 -0.09724223819683997 0.15231197344859138 -0.19362108869483352 -0.20981110263826686 0.15591448239603778 0.047544091031233561 0.60337708811125446 0.17099985133509737 -0.04609960852414699 0.22179346902145661 0.10064391896143926 -0.074440686717597862 0.42136208359993454 -0.021744006804658031 0.054165518845048749 0.14826286710384012 0.028158798023836876 0.0019167064413446071 -0.1284647032365718 -0.1383793646666466 0.44606852814954356 0.24588477620176855 -0.014408225923847813 0.51606735012240035 0.48371208144949729 0.060535217992738283 0.042788767791052028 0.10876952001028523 0.5043005330244168 0.17320323554152739
leaf_weight=8637 575 11695 9467 428 5148 689 2075 8986 1220 9517 1796 1220 6162 633 10251 9276 212 2651 2199 2675 14643 25473 2735 9472 331 1174 6710 4829 1261 15009 778 2036 24166 325 12179 3376 1879 7664 247 332 1243 2379 6868 9241 1842 11107 1993 639 3872 1100 780 2161 1246 1502 313 351 404 12721 1468 510 335 293
leaf_count=8637 575 11695 9467 428 5148 689 2075 8986 1220 9517 1796 1220 6162 633 10251 9276 212 2651 2199 2675 14643 25473 2735 9472 331 1174 6710 4829 1261 15009 778 2036 24166 325 12179 3376 1879 7664 247 332 1243 2379 6868 9241 1842 11107 1993 639 3872 1100 780 2161 1246 1502 313 351 404 12721 1468 510 335 293
internal_value=0.000311309 -0.0975484 0.145172 0.232554 0.0767574 -0.159348 -0.0270879 0.187848 0.0487996 0.349894 0.158565 0.0252245 -0.0527979 -0.0248485 0.160827 0.0710203 0.19796 0.26024 0.275708 0.456117 -0.189709 -0.0803345 0.133465 -0.117594 0.151001 0.0459278 0.167126 -0.104223 0.431485 -0.1769 0.0698215 0.307608 -0.0927182 0.359706 -0.164877 -0.145827 0.0397573 0.0688961 0.20524 0.356173 0.0606651 0.103101 0.131833 -0.0503429 0.378376 -0.0456786 -0.0220893 -0.0376455 -0.0226177 -0.0364339 0.0018758 -0.0910686 0.405799 0.266821 0.201014 0.316754 0.303128 0.070187 0.114281 0.169005 0.242272 0.350345
internal_weight=292499 174570 117929 51785 66144 93000 81570 37500 49298 14285 16846 26879 54691 27143 28682 37533 11666 5013 8818 4364 53844 27548 18431 39156 6653 1505 9445 29684 3936 39201 5180 6619 24855 1783 30564 18385 19010 9543 3230 579 15184 18523 9247 20981 2417 20348 11765 9772 8552 7913 4652 3261 1458 4202 1815 2387 9921 13941 3384 1916 1138 628
internal_count=292499 174570 117929 51785 66144 93000 81570 37500 49298 14285 16846 26879 54691 27143 28682 37533 11666 5013 8818 4364 53844 27548 18431 39156 6653 1505 9445 29684 3936 39201 5180 6619 24855 1783 30564 18385 19010 9543 3230 579 15184 18523 9247 20981 2417 20348 11765 9772 8552 7913 4652 3261 1458 4202 1815 2387 9921 13941 3384 1916 1138 628
is_linear=0
shrinkage=0.05


Tree=25
num_leaves=63
num_cat=0
split_feature=12 12 12 13 13 13 12 12 12 13 13 12 12 13 13 12 16 19 7 16 20 13 8 16 19 7 29 29 3 13 13 29 23 27 29 7 31 29 7 13 13 19 16 8 28 7 24 13 13 31 9 13 21 29 29 19 16 7 12 16 19 16
split_gain=1.48198e+06 287980 164014 160649 98411.3 36878.8 34482.8 26824.4 21968.4 21577.1 19690.4 18515.5 14664.4 13075.7 12571.7 12331.2 11707.3 13863.9 10527.8 10173 16294.1 9527.31 8218.92 7917.85 12930.1 6789.67 6727.65 8036.22 6357.9 6245.28 6126.92 7393.55 6320.04 6149.67 7398.36 6100.77 5810.09 9026.6 5707.64 5682.76 5665.07 5662.85 5651.34 5615.25 5605.36 5546.43 5718.3 5519.83 5235.72 5171.98 5127.4 5043.14 4942.5 4861.24 4794 4648.37 4814.08 4635.17 4626.95 4542.41 5302.58 4499.52
threshold=27.750069444444446 45.269513888888895 13.470972222222224 -10.249999999999998 -6.2499999999999991 6.7500000000000009 37.5376388888889 58.776736111111113 22.485208333333336 9.7500000000000018 -24.249999999999996 55.051388888888901 3.6217361111111113 5.2500000000000009 -23.249999999999996 36.63472222222223 1.0000000180025095e-35 33.500000000000007 0.4045398410449515 1.0000000180025095e-35 0.58500000000000008 -43.249999999999993 28.500000000000004 1.0000000180025095e-35 17.500000000000004 0.13136802616163659 14.65 12.750000000000002 2.5000000000000004 -23.249999999999996 13.750000000000002 3.3500000000000001 2.5000000000000004 0.55107838589981462 7.1500000000000012 0.58351677060101326 8.460242778960172 18.850000000000005 0.17825406622337864 -38.249999999999993 -24.749999999999996 47.500000000000007 1.0000000180025095e-35 36.500000000000007 0.40603782182729559 0.031914902646814923 74.500000000000014 26.750000000000004 4.7500000000000009 7.9312803268384675 15.500000000000002 28.250000000000004 1.0000000180025095e-35 4.0500000000000007 15.65 18.500000000000004 1.0000000180025095e-35 1.0474541096337722 70.215277777777786 1.0000000180025095e-35 33.500000000000007 1.0000000180025095e-35
decision_type=2 2 2 2 2 2 2 2 2 2 2 2 2 2 2 2 2 2 2 2 2 2 2 2 2 2 2 2 2 2 2 2 10 2 2 2 2 2 2 2 2 2 2 2 2 2 2 2 2 2 2 2 10 2 2 2 2 2 2 2 2 2
left_child=2 4 12 7 6 11 16 10 19 15 18 41 -1 29 22 36 28 -18 39 48 -21 -9 44 -14 -25 40 27 58 -2 35 33 -32 -33 -7 -35 -10 55 -38 -17 52 -23 42 -5 -31 -8 46 -16 49 57 61 -34 -49 -3 -42 -43 56 -6 -4 -13 -12 -61 -11
right_child=1 3 8 5 9 30 14 21 13 47 59 26 23 -15 45 38 17 -19 -20 20 -22 25 -24 24 -26 -27 -28 -29 -30 43 31 32 50 34 -36 -37 37 -39 -40 -41 53 54 -44 -45 -46 -47 -48 51 -50 -51 -52 -53 -54 -55 -56 -57 -58 -59 -60 60 -62 -63
leaf_value=-0.20411098556544563 0.058344581625137761 0.50158899092005427 -0.080114662559749181 0.12880064906238384 -0.0037345643331236841 0.079079534162252912 0.040694384894131845 0.72603194999445486 0.11936535572809828 -0.072995395398951876 0.20439877670033765 0.2231028018265751 -0.17483495127728041 -0.090347530747366289 0.18678352673714266 0.071735318304900084 0.19018461246028673 0.076449315811764285 0.11998134857342686 -0.09140108065258791 -0.00075105399729864385 0.52092125119186972 -0.014123653227643246 -0.035421217259886006 -0.1477041992777498 0.22099783068718601 0.40663878246574181 0.0059538805535529942 -0.032355665532272537 -0.01835483784413312 0.15388634866368678 0.21534518460161453 -0.010258893397962559 0.039636258529272023 0.43880814942358826 -0.0069523534134965231 0.33223358360719102 -0.070124170623841839 -0.017019681588431961 0.3418547356508384 0.52986114581031607 0.10983400062977403 0.22851349308909275 -0.14395651051702826 0.26115704869638651 0.10909725082886175 -0.063968143486926532 -0.29668097251026848 -0.15157152308497135 0.13565727110016404 -0.24311634848582681 -0.069067394172738147 0.26707553542415863 0.34807421833694585 0.27670393643979224 -0.011087181331917318 0.13599984682384761 -0.14059511214511811 0.39064251947576473 0.35693049224144729 0.24113150859135427 -0.010356093614646766
leaf_weight=21466 10162 1167 12506 2794 1305 5310 308 250 1612 5904 4783 6545 23503 7053 5345 14728 3731 9510 456 15145 7369 1163 320 2925 20815 439 524 410 2385 18842 842 292 3606 204 269 2346 325 243 2065 4550 465 9669 2903 933 4606 6921 237 396 5533 421 252 631 283 1849 450 17069 1167 4246 441 1364 3658 5573
leaf_count=21466 10162 1167 12506 2794 1305 5310 308 250 1612 5904 4783 6545 23503 7053 5345 14728 3731 9510 456 15145 7369 1163 320 2925 20815 439 524 410 2385 18842 842 292 3606 204 269 2346 325 243 2065 4550 465 9669 2903 933 4606 6921 237 396 5533 421 252 631 283 1849 450 17069 1167 4246 441 1364 3658 5573
internal_value=0.000153973 0.111156 -0.113922 0.201984 0.0577025 0.136197 0.11263 0.313117 -0.0630964 0.00972122 0.284078 0.171021 -0.169833 -0.0305781 0.166292 0.0291938 0.0757158 0.108509 0.351915 -0.0854418 -0.061732 0.426369 0.231364 -0.154254 -0.133872 0.407057 0.233434 0.221109 0.0411026 -0.0128127 0.0594752 0.0188885 -0.00853195 0.0945012 0.267096 0.044511 0.00278022 0.160277 0.0608209 0.369519 0.430479 0.139754 0.179642 -0.0242878 0.24735 0.139035 0.176128 -0.0458725 -0.109391 -0.0362648 -0.0255279 -0.157036 0.456034 0.384818 0.117281 -0.00180574 0.0622606 -0.0954517 0.233733 0.239379 0.272648 -0.0425826
internal_weight=292584 148290 144294 54938 93352 34511 43525 20427 75585 49827 16261 23736 68709 30786 17737 36902 25788 13241 6456 44799 22514 4166 5234 47243 23740 3916 7920 7396 12547 23733 10775 4992 4150 5783 473 3958 20109 568 16793 6000 3477 15816 5697 19775 4914 12503 5582 12925 22285 11898 3858 1027 1450 2314 10119 19541 2472 16752 6986 9805 5022 11477
internal_count=292584 148290 144294 54938 93352 34511 43525 20427 75585 49827 16261 23736 68709 30786 17737 36902 25788 13241 6456 44799 22514 4166 5234 47243 23740 3916 7920 7396 12547 23733 10775 4992 4150 5783 473 3958 20109 568 16793 6000 3477 15816 5697 19775 4914 12503 5582 12925 22285 11898 3858 1027 1450 2314 10119 19541 2472 16752 6986 9805 5022 11477
is_linear=0
shrinkage=0.05


Tree=26
num_leaves=63
num_cat=0
split_feature=12 11 3 12 12 12 11 11 11 13 13 14 15 14 14 16 19 11 12 7 11 6 7 3 24 5 19 13 27 28 12 7 13 14 7 16 19 7 13 29 12 5 6 13 23 11 14 28 5 19 28 13 13 14 13 16 19 29 13 14 29 29
split_gain=1.33334e+06 243956 231465 96448.5 57117.3 41886.7 27150.3 25722 25463.1 25115.6 21661.5 17829.8 16398.5 14132 11838 11306.7 18017.5 11274.8 10069.7 9923.59 9605.53 9088.75 8470.84 8198.36 7948.08 7356.94 7233.32 6724.87 6712.56 6665.78 6631.51 6547.94 10267 6522.57 7298.05 6319.12 9027.89 6310.22 6304.8 6279.58 6203.36 8075.45 5925.23 5914.24 5913.75 5757.64 5513.13 6518.42 5407.59 5260.68 5257.43 6816.95 5240.25 8555.64 6541.58 5168.13 9771.55 5029.58 4834.2 5147.69 7616.98 6415.58
threshold=32.001250000000006 -5.7498611111111106 3.5000000000000004 49.201111111111125 48.046805555555558 23.310555555555563 -1.5126388888888893 -15.774791666666664 -16.572083333333328 7.2500000000000009 6.2500000000000009 64.250000000000014 5.8793055555555567 67.250000000000014 43.250000000000007 1.0000000180025095e-35 28.500000000000004 -34.239305555555553 37.776875000000011 0.80649032877518467 -29.49958333333333 -12.123737031844094 0.59965705903148081 2.5000000000000004 48.500000000000007 -1.0000000180025095e-35 24.500000000000004 -35.249999999999993 0.48338852097130253 0.44836473515819414 62.921666666666674 1.6469184332444196 -3.7499999999999996 48.250000000000007 -0.26211799291497023 1.0000000180025095e-35 34.500000000000007 0.15557356383936613 -5.2499999999999991 3.0500000000000003 65.450694444444466 -1.4999999999999998 -6.0729363034975314 -3.2499999999999996 1.5000000000000002 1.6723611111111121 61.250000000000007 0.53315018315018325 -18.499999999999996 56.500000000000007 0.51288694034808036 7.7500000000000009 15.750000000000002 60.750000000000007 12.250000000000002 1.0000000180025095e-35 34.500000000000007 6.4500000000000011 17.250000000000004 66.250000000000014 13.550000000000002 9.4500000000000011
decision_type=2 2 2 2 2 2 2 2 2 2 2 2 2 2 2 2 2 2 2 2 2 2 2 2 2 2 2 2 2 2 2 2 2 2 2 2 2 2 2 2 2 2 2 2 10 2 2 2 2 2 2 2 2 2 2 2 2 2 2 2 2 2
left_child=2 3 5 8 9 15 23 17 14 18 11 46 -4 29 -2 45 -17 -5 -3 20 -16 -8 35 27 30 -22 -27 -7 42 -13 -19 32 -14 -11 39 -10 -37 49 -31 -35 41 -15 57 -40 -41 -1 -6 -48 -34 -20 -36 -52 53 -53 -55 -23 -57 -12 59 -30 61 -61
right_child=1 4 12 7 10 6 21 -9 22 33 28 13 31 40 19 16 -18 24 37 -21 25 55 -24 -25 -26 26 -28 -29 58 38 -32 -33 48 34 50 36 -38 -39 43 44 -42 -43 -44 -45 -46 -47 47 -49 -50 -51 51 52 -54 54 -56 56 -58 -59 -60 60 -62 -63
leaf_value=-0.086132243232708863 0.55379323906612166 0.025029036765905888 -0.18568462327068114 0.47552701405105496 0.14869870040599573 0.18856434163481353 -0.13009340558183238 0.24055380966212536 0.10549908942181084 -0.09734183917041131 0.029418026856644061 0.094347265015726225 -0.090997939159730395 0.26455424378253051 0.33801960397629688 0.040798368891511901 -0.072317775109981428 0.32193144018174824 0.12254337877742139 0.019290525567633447 0.34220420928094825 -0.063101894049150009 0.014339297155974477 -0.0077966351700045917 0.055456710874383891 0.28773898145622412 0.16639457243959158 0.038273614533654639 0.084645780722929997 0.14692400881113152 0.4582798949462723 -0.1717494457503575 -0.19956498685098095 0.097006480679651688 -0.019080134666833636 0.23430901121320247 0.13206521580000236 0.018835770096084978 0.62735650102770424 0.12775523117218252 0.29476804024952608 0.06570376855473202 0.042855444601142149 0.37547802644776018 -0.11976550070802283 -0.14432071286933235 0.003947674479948044 0.2425195316162328 -0.1347345426977086 0.065678018479060796 -0.17917784264510764 0.058808791213717675 -0.0023909612043742888 0.1512630723733768 0.46262359061055314 0.083869792858626696 -0.038832370998848474 -0.2915574017082932 0.020025234805539024 0.19475523761222546 0.46046332107318771 -0.0936739214856563
leaf_weight=17036 254 13970 31746 1693 6268 781 3132 9264 9945 2363 205 218 12431 793 1499 4343 18571 6136 7965 650 847 10152 1588 12966 251 1490 7042 15486 4037 233 1051 10468 4243 487 4562 3010 7660 3426 297 265 861 1433 1187 1132 2617 5669 1480 354 13377 8320 279 1717 1357 475 262 2083 7327 300 1768 1149 224 231
leaf_count=17036 254 13970 31746 1693 6268 781 3132 9264 9945 2363 205 218 12431 793 1499 4343 18571 6136 7965 650 847 10152 1588 12966 251 1490 7042 15486 4037 233 1051 10468 4243 487 4562 3010 7660 3426 297 265 861 1433 1187 1132 2617 5669 1480 354 13377 8320 279 1717 1357 475 262 2083 7327 300 1768 1149 224 231
internal_value=-0.000225387 0.125418 -0.0909489 0.207085 0.064511 -0.0407037 -0.00999332 0.299307 0.157161 0.0338868 0.1309 0.172143 -0.15877 0.246734 0.216577 -0.0756596 -0.0508775 0.358883 0.057506 0.2091 0.220439 -0.051026 0.125623 0.0218616 0.332273 0.201612 0.187617 0.0455004 0.0716632 0.354817 0.341932 -0.137679 -0.125806 -0.0214192 -0.00648799 0.134194 0.160927 0.0805214 0.388905 -0.0689092 0.180818 0.13663 -0.0181845 0.42823 -0.0969695 -0.100666 0.126389 0.0501041 -0.150357 0.0934967 0.0178233 0.0589802 0.076458 0.120043 0.262427 -0.0383608 -0.011665 -0.16146 0.0921815 0.114789 0.190555 0.146442
internal_weight=292426 122615 169811 52380 70235 97546 51927 18395 33985 48065 22170 13069 72265 4967 11782 45619 22914 9131 33681 11528 10878 22694 22203 29233 7438 9379 8532 16267 9101 1880 7187 40519 30051 14384 12021 20615 10670 19711 1662 3369 3087 2226 1692 1429 2882 22705 8102 1834 17620 16285 8652 4090 3811 2454 737 19562 9410 505 7409 5641 1604 1380
internal_count=292426 122615 169811 52380 70235 97546 51927 18395 33985 48065 22170 13069 72265 4967 11782 45619 22914 9131 33681 11528 10878 22694 22203 29233 7438 9379 8532 16267 9101 1880 7187 40519 30051 14384 12021 20615 10670 19711 1662 3369 3087 2226 1692 1429 2882 22705 8102 1834 17620 16285 8652 4090 3811 2454 737 19562 9410 505 7409 5641 1604 1380
is_linear=0
shrinkage=0.05


Tree=27
num_leaves=63
num_cat=0
split_feature=0 13 12 3 12 13 13 13 13 13 12 7 14 14 2 7 12 14 5 5 5 13 13 14 28 27 6 13 14 14 27 28 13 14 14 16 19 16 16 19 31 13 14 31 27 13 27 16 19 14 14 8 6 14 13 14 28 16 20 31 25 19
split_gain=1.21369e+06 226442 144998 144306 70123.7 40178.6 23590.2 19766.2 18954.1 18944.2 18665.6 18555.5 16256.4 14400.1 14235.2 12731.1 12044.2 11947.2 11177.7 10926.8 10798.1 9946.44 9831.25 9739.68 9532.83 9529.2 9363.83 9349.98 9333.72 8529.96 8463.01 8123.73 7472.78 7373.29 11435.3 6810 8446.29 6700.52 6410.81 10174.1 6410.67 6308.78 11496.4 8788.1 7102.57 8278.75 8595.36 6145.16 7708.46 6141.19 6119.14 6084.02 6020.58 6013.51 6551.81 10164.7 6003.9 5926.41 10882.8 5923.92 5865.68 5777.32
threshold=1827.5000000000002 -6.2499999999999991 43.766597222222224 3.5000000000000004 45.500486111111123 -24.249999999999996 9.2500000000000018 -6.2499999999999991 -22.249999999999996 6.7500000000000009 55.051388888888901 0.14636696732948509 64.250000000000014 48.250000000000007 374.50000000000006 1.2281366798345372 35.308125000000011 67.250000000000014 1.5000000000000002 -13.499999999999998 -28.499999999999996 -43.249999999999993 -24.249999999999996 43.250000000000007 0.51288694034808036 0.56883480744932169 1.5193199243381679 1.2500000000000002 61.250000000000007 43.750000000000007 0.47949210926860536 0.52395295467584635 15.750000000000002 76.250000000000014 80.250000000000014 1.0000000180025095e-35 40.500000000000007 1.0000000180025095e-35 1.0000000180025095e-35 41.500000000000007 2.9409057372949183 -2.2499999999999996 71.750000000000014 2.2561979719067704 0.48493921248412269 1.2500000000000002 0.54061910747957265 1.0000000180025095e-35 44.500000000000007 68.750000000000014 56.750000000000007 22.500000000000004 -2.5253987582424928 60.750000000000007 12.250000000000002 72.250000000000014 0.45722996515679448 1.0000000180025095e-35 0.71500000000000008 1.1079944366479555 2.6906269953689099 19.500000000000004
decision_type=2 2 2 2 2 2 2 2 2 2 2 2 2 2 2 2 2 2 2 2 2 2 2 2 2 2 2 2 2 2 2 2 2 2 2 2 2 2 2 2 2 2 2 2 2 2 2 2 2 2 2 2 2 2 2 2 2 2 2 2 2 2
left_child=3 2 8 7 9 11 12 15 23 16 -7 21 28 30 -5 22 61 27 -10 49 -9 40 26 -2 -8 29 -1 -14 50 -22 -11 -30 53 41 -35 -20 -37 -25 -16 -40 -4 42 43 -19 -43 -46 -47 -21 -49 60 -6 -13 -45 -26 -55 -56 -23 -31 -59 -29 -15 -3
right_child=1 4 5 14 6 10 24 20 18 13 -12 51 17 19 38 -17 -18 33 35 47 25 56 -24 37 32 -27 -28 59 31 57 -32 -33 -34 34 -36 36 -38 -39 39 -41 -42 44 -44 52 45 46 -48 48 -50 -51 -52 -53 -54 54 55 -57 -58 58 -60 -61 -62 -63
leaf_value=0.2335775197555269 0.44217518602261097 0.07869271819290552 0.36261040875351574 -0.17663666772488656 0.097309448510608451 0.18274378277347189 -0.031171571789348304 -0.19581346338237376 0.12136369856781654 -0.19853709743622688 0.2840957348960596 0.25615654249401532 0.40306349581128348 -0.057072626150225604 -0.15177391736786583 -0.089145772261036996 0.060277351003301442 -0.36682685513644697 0.023640249245000505 -0.018734453872648011 -0.17438148665716985 0.22074216975604896 -0.025900651439395996 0.11008661095313338 0.061716308282808024 0.039424149784453855 0.02517420824058425 0.44348094814696304 -0.020850140954221982 -0.090852207845153396 -0.056845547840551049 0.20214217092981471 0.011898525401155088 0.46778463590985209 0.003150483077178844 0.16091605539711651 0.050398579687519797 0.18861598893320519 -0.065532243383679273 -0.13848103890084015 0.68391996201427507 0.0079625823163662676 0.25299866985943587 0.23589229906354048 0.50143523689801417 0.24037264550872398 -0.1104381461888492 0.15088330473071254 0.014931646109031272 0.17331792848400665 0.17505082065683364 0.020874768985838746 -0.10062167932684594 0.11168184778722934 0.47406408763581925 0.045029262849351485 0.383747292052316 -0.067800052067222435 0.037641818991780568 0.15673946838657915 -0.20843483346140151 -0.013895399011370248
leaf_weight=600 294 1940 248 31211 6389 14733 3140 1810 10355 1705 6576 2259 1071 1874 20387 6429 16815 201 8397 5270 2097 643 23421 5239 1461 1863 5228 215 2100 17684 2760 506 2291 391 200 2654 4960 5655 7461 13314 434 478 377 202 235 955 213 1556 3157 206 4198 313 384 799 407 209 4953 14152 2958 1102 972 12765
leaf_count=600 294 1940 248 31211 6389 14733 3140 1810 10355 1705 6576 2259 1071 1874 20387 6429 16815 201 8397 5270 2097 643 23421 5239 1461 1863 5228 215 2100 17684 2760 506 2291 391 200 2654 4960 5655 7461 13314 434 478 377 202 235 955 213 1556 3157 206 4198 313 384 799 407 209 4953 14152 2958 1102 972 12765
internal_value=-0.000314338 0.102997 0.1696 -0.100596 0.0440761 0.251245 0.107942 -0.0525915 0.104027 0.00821508 0.214033 0.34081 0.138375 -0.033499 -0.151165 -0.0254446 0.0313752 0.206433 0.0808826 -0.00695085 -0.0764673 0.387169 -0.0114403 0.158558 0.0375314 -0.0708884 0.046666 0.293328 0.107286 -0.0764601 -0.110984 0.0225086 0.0792803 0.149299 0.310819 0.0546959 0.0889376 0.150864 -0.131848 -0.112287 0.567782 0.117858 0.0263358 -0.0824267 0.17445 0.231126 0.176358 0.0183624 0.0598387 -0.0897286 0.128149 0.227543 0.0155823 0.132933 0.20637 0.328808 0.36506 -0.0705536 -0.04957 0.203851 -0.108823 -0.00167592
internal_weight=292872 144257 67713 148615 76544 30159 27524 76242 37554 49020 21309 8850 19217 17500 72373 35678 31520 6024 26366 13035 40564 6278 29249 11188 8307 38754 5828 2388 13193 36891 4465 2606 5167 3636 591 16011 7614 10894 41162 20775 682 3045 1164 787 1881 1403 1168 9983 4713 3052 10587 2572 586 2876 1415 616 5596 34794 17110 1317 2846 14705
internal_count=292872 144257 67713 148615 76544 30159 27524 76242 37554 49020 21309 8850 19217 17500 72373 35678 31520 6024 26366 13035 40564 6278 29249 11188 8307 38754 5828 2388 13193 36891 4465 2606 5167 3636 591 16011 7614 10894 41162 20775 682 3045 1164 787 1881 1403 1168 9983 4713 3052 10587 2572 586 2876 1415 616 5596 34794 17110 1317 2846 14705
is_linear=0
shrinkage=0.05


Tree=28
num_leaves=63
num_cat=0
split_feature=12 12 11 12 12 11 12 13 13 11 13 7 11 12 6 12 31 6 14 16 20 8 16 20 13 7 11 28 12 16 20 5 11 16 20 6 24 16 14 13 27 27 27 14 6 16 20 14 20 11 13 6 20 7 13 11 13 5 31 7 13 31
split_gain=1.10121e+06 201452 193104 66910.8 50576.6 32203.9 31752.9 25520.5 23417.7 19729.4 14839.2 15644.7 13835.7 12630.5 9472.47 8801.08 8461.97 7913.24 7727.07 7550.07 14223.7 7536.9 6857.15 12068.6 6806.7 7319.56 7204.42 6702.13 6658.57 6610.25 10156.8 6432.68 6714.23 6143.03 14563.7 5824.76 5804.59 5552.11 5402.6 5373.81 5852.17 5368.02 5334.12 5065.14 6083.78 4899.83 6033.44 4831.05 4808.21 4628.17 4611.31 4511.28 4396.33 4388.63 4065.57 4032.42 4028.29 4739.68 3989.16 3980.65 3807.51 4121.55
threshold=32.791250000000012 18.292777777777783 -8.5554166666666642 51.745069444444447 48.937638888888898 -8.5554166666666642 10.579375000000001 4.7500000000000009 9.2500000000000018 -25.20805555555555 3.2500000000000004 0.69217125599999207 -34.239305555555553 41.840416666666677 9.8576042268491992 61.002291666666672 6.2957191338073697 -13.124097788041736 48.250000000000007 1.0000000180025095e-35 0.62500000000000011 44.500000000000007 1.0000000180025095e-35 0.39500000000000007 11.750000000000002 1.6469184332444196 -2.5918055555555553 0.51358735784965304 62.921666666666674 1.0000000180025095e-35 0.50500000000000012 -7.4999999999999991 -20.287152777777774 1.0000000180025095e-35 0.55500000000000016 22.912093337224093 78.500000000000014 1.0000000180025095e-35 72.750000000000014 -18.249999999999996 0.5582108717363391 0.5143682906688688 0.5048081368469719 52.250000000000007 3.4361638731886752 1.0000000180025095e-35 0.66500000000000015 63.750000000000007 0.87500000000000011 0.98729166666666635 8.2500000000000018 6.6758998461881767 0.71500000000000008 0.96160546770302879 -5.7499999999999991 -2.4082638888888881 -32.749999999999993 -4.4999999999999991 7.9312803268384675 -2.6458434613514821 -46.249999999999993 3.841246205901379
decision_type=2 2 2 2 2 2 2 2 2 2 2 2 2 2 2 2 2 2 2 2 2 2 2 2 2 2 2 2 2 2 2 2 2 2 2 2 2 2 2 2 2 2 2 2 2 2 2 2 2 2 2 2 2 2 2 2 2 2 2 2 2 2
left_child=1 6 3 9 7 21 19 14 15 35 11 29 60 36 22 49 -16 -12 41 -1 53 31 42 -24 25 26 56 -10 38 -7 -31 -3 -33 -9 -35 43 37 -11 39 40 -14 -19 -4 -2 -45 -34 -47 -41 -25 -6 -51 52 -15 59 -18 -44 -8 -58 -13 -21 -5 -62
right_child=2 5 4 12 8 10 24 33 27 13 17 58 28 51 16 -17 54 18 -20 20 -22 -23 23 48 -26 -27 -28 -29 -30 30 -32 32 45 34 -36 -37 -38 -39 -40 47 -42 -43 55 44 -46 46 -48 -49 -50 50 -52 -53 -54 -55 -56 -57 57 -59 -60 -61 61 -63
leaf_value=-0.17455093050857137 0.17914783542537732 0.24491059770989346 0.024432749089042298 0.58322590545956365 0.16746373022967243 -0.030462087707064645 0.080532829629050368 -0.030126136960532457 -0.022403453867070228 0.087941597041804209 -0.13795468915606612 -0.10415114629988681 0.30302084838548593 0.18558524614893712 -0.023966050660501836 0.23432113890088546 0.041762912736840227 -0.15194053825756729 -0.040792248219530786 -0.18087612450499874 -0.082601762186818903 -0.087128999601889356 0.054114270892744509 0.12626994906615191 -0.15674994038919315 -0.14062899009315505 -0.09588083453076271 0.086661901876752045 0.37129739557113206 -0.018500319182803229 0.056574511211439339 0.17268828469582759 0.004018078333679561 -0.015639084224684362 0.11923204130699215 0.050806766455873231 0.0029113255910255299 0.15714655286121759 0.10539606362849537 0.19651753288074481 0.56747427703019215 -0.034844174976050045 0.12069475405967152 0.43669158724807461 0.27056486721085377 0.034912585323217692 0.13724438093214297 0.32217475320757077 0.22883068747554336 0.098529061341075502 0.28732852312759227 0.13336569364960787 0.27451382631925908 -0.18891659865034527 0.34257327247258962 0.047826944281850331 0.049562938752066549 -0.065111852400297182 0.11150463420663848 -0.11669005933618509 0.4847081450633331 0.27683722642582159
leaf_weight=26655 1011 409 7215 412 8535 17695 620 9711 2199 5657 3669 5721 3800 6923 3833 3322 208 3115 15129 3788 8314 1080 7014 7202 4197 5817 20251 3916 1917 11014 7622 948 6565 6368 2918 306 1093 5954 485 2586 222 1428 3819 714 2470 5074 2011 1092 1360 5500 343 3126 1746 8115 244 3779 1023 7518 222 6699 597 406
leaf_count=26655 1011 409 7215 412 8535 17695 620 9711 2199 5657 3669 5721 3800 6923 3833 3322 208 3115 15129 3788 8314 1080 7014 7202 4197 5817 20251 3916 1917 11014 7622 948 6565 6368 2918 306 1093 5954 485 2586 222 1428 3819 714 2470 5074 2011 1092 1360 5500 343 3126 1746 8115 244 3779 1023 7518 222 6699 597 406
internal_value=-0.000582438 -0.0802888 0.117419 0.205871 0.0711665 -0.0230049 -0.130614 0.0442566 0.131808 0.165369 -0.0385482 -0.020879 0.307834 0.14768 0.0697763 0.16095 0.000180369 -0.0705475 -0.0579691 -0.15568 -0.136986 0.0403908 0.0795893 0.102752 -0.0965533 -0.0893775 -0.0792368 0.0474439 0.287264 -0.00857565 0.0122062 0.0495732 0.0440839 -0.00232404 0.0267506 0.261594 0.113071 0.12344 0.26754 0.277738 0.317755 -0.115149 0.0552279 0.276954 0.307944 0.0351403 0.0639736 0.233903 0.142586 0.143982 0.109659 0.184944 0.203526 -0.161286 0.204545 0.0844637 -0.0424375 -0.0513725 -0.0960779 -0.13989 0.454379 0.400925
internal_weight=292702 174699 118003 40517 77486 81702 92997 53671 23815 29000 65615 42274 11517 24499 34674 17700 4285 23341 19672 53571 26916 16087 30389 15576 39426 35229 29412 6115 10102 36331 18636 15007 14598 18997 9286 4501 12704 11611 8185 7700 4022 4543 14813 4195 3184 13650 7085 3678 8562 14378 5843 11795 8669 18602 452 7598 9161 8541 5943 10487 1415 1003
internal_count=292702 174699 118003 40517 77486 81702 92997 53671 23815 29000 65615 42274 11517 24499 34674 17700 4285 23341 19672 53571 26916 16087 30389 15576 39426 35229 29412 6115 10102 36331 18636 15007 14598 18997 9286 4501 12704 11611 8185 7700 4022 4543 14813 4195 3184 13650 7085 3678 8562 14378 5843 11795 8669 18602 452 7598 9161 8541 5943 10487 1415 1003
is_linear=0
shrinkage=0.05


Tree=29
num_leaves=63
num_cat=0
split_feature=12 11 12 12 12 13 11 13 12 12 12 11 12 13 13 7 7 12 11 6 5 28 12 11 29 14 29 10 12 28 13 31 10 19 25 9 31 5 5 13 26 29 13 7 13 28 14 29 9 12 19 5 6 19 29 6 14 13 11 14 14 11
split_gain=1.0024e+06 181867 165463 60793 54413.8 29606.4 28278.9 26262.3 18617.4 16310.9 13019.3 11502 10577.9 8457.25 7697.59 7369.72 7297.26 7147.23 6447.88 6657.5 6425.88 7262.2 6183.15 5974.31 5892.56 11539.9 7355.31 5764.27 5895.24 5634.44 5614.66 5550.23 5450.62 5353.67 5343.83 6354.72 7352.18 5304.52 5280.87 5855.72 5163.05 5497.23 5517.08 5132.84 5999.38 5055.77 5039.7 6131.46 5722.35 4990.99 4941.14 4914.61 4906.09 4827.71 4788.73 4623.59 4608.08 4600.88 4553.75 5635.77 5299.38 4483.84
threshold=31.602638888888894 -10.440833333333332 15.913958333333335 48.937638888888898 51.745069444444447 3.2500000000000004 -8.5554166666666642 9.2500000000000018 9.6434027777777782 41.840416666666677 23.50180555555556 -34.239305555555553 37.776875000000011 3.2500000000000004 13.750000000000002 0.32057732019916291 0.58351677060101326 65.450694444444466 -17.499861111111105 19.456650533916889 28.500000000000004 0.51863425925925932 55.051388888888901 -16.572083333333328 14.65 65.750000000000014 12.750000000000002 11.500000000000002 2.5045833333333323 0.51358735784965304 15.750000000000002 5.5675570507429226 27.500000000000004 26.500000000000004 2.1361346016483727 2.5000000000000004 0.98249410377358515 -23.499999999999996 34.500000000000007 13.750000000000002 1.1103509962371232 8.7500000000000018 27.750000000000004 1.6469184332444196 -6.2499999999999991 0.53352059925093642 60.750000000000007 6.4500000000000011 6.5000000000000009 37.5376388888889 30.500000000000004 -6.4999999999999991 -12.458954832719394 24.500000000000004 3.3500000000000001 9.5035884996850992 67.250000000000014 -32.749999999999993 -2.6515972222222213 54.750000000000007 52.750000000000007 -17.00631944444444
decision_type=2 2 2 2 2 2 2 2 2 2 2 2 2 2 2 2 2 2 2 2 2 2 2 2 2 2 2 2 2 2 2 2 2 2 2 2 2 2 2 2 2 2 2 2 2 2 2 2 2 2 2 2 2 2 2 2 2 2 2 2 2 2
left_child=2 4 8 5 9 12 16 22 27 20 38 -6 -3 15 49 -12 57 -13 19 33 21 23 -5 -2 26 -26 -24 -1 -29 -9 46 40 45 -11 58 36 -36 -10 39 50 54 42 -42 44 51 -33 -31 56 -49 -7 -8 -39 -15 -30 -16 -20 -48 -4 59 60 -14 -18
right_child=1 3 6 7 11 14 10 29 37 18 13 17 34 52 31 -17 61 -19 55 -21 -22 -23 24 -25 25 -27 -28 28 53 30 -32 32 -34 -35 35 -37 -38 43 -40 -41 41 -43 -44 -45 -46 -47 47 48 -50 -51 -52 -53 -54 -55 -56 -57 -58 -59 -60 -61 -62 -63
leaf_value=0.083677237750672456 0.14658726184538076 0.038791298090963801 0.16594467786776332 0.13517034474366701 0.43287595298311904 -0.017013389170928893 -0.018563127457613692 -0.020759645128436303 -0.17389606356472589 0.33944633637376609 0.011583629026217214 0.262057714043687 0.19315028516875934 -0.12125919692301401 0.1252958229130102 -0.048384236891258425 0.076969921539713271 0.40598317894731201 0.1836368376106613 0.0017815963151185093 -0.018748504689173714 0.17703178756511465 0.19245997396248526 0.05508542123112932 0.15161570812891556 0.60151420790716958 -0.0074048970938338345 -0.17687990075307194 -0.098126190110725584 0.047148222244940086 0.010725964931633795 -0.23216709833008822 0.086357580980528967 0.22380462362984052 -0.1218818741768968 0.10439556244626574 0.060221095436124021 0.036211440087059565 -0.18761326525510358 -0.12984685404759849 -0.091309806255005732 0.07712736633071679 -0.36875216999077448 -0.13816448322713834 -0.10624144683350023 0.039310066667736843 0.19247745248141576 0.43829597592437297 0.14398504142975885 0.038168037365528075 -0.068359439700832719 -0.069292213333239705 -0.042363475729941973 -0.14846505945238095 -0.016003932257761179 0.065537272713909953 -0.10295026671790748 0.05028599730724314 0.076859953271749271 0.33932021788127487 -0.065789394533547624 -0.021849796992383892
leaf_weight=261 3463 16270 991 10372 1396 6603 6381 2218 2356 1221 16652 7771 1106 2375 752 7399 1404 974 5029 295 747 5227 8096 3682 332 250 488 15720 5783 975 1694 909 229 5668 604 11947 6618 1267 893 3089 1541 423 202 5825 14588 211 334 356 310 10797 22730 8540 11561 27228 2943 994 217 6472 1201 532 240 6272
leaf_count=261 3463 16270 991 10372 1396 6603 6381 2218 2356 1221 16652 7771 1106 2375 752 7399 1404 974 5029 295 747 5227 8096 3682 332 250 488 15720 5783 975 1694 909 229 5668 604 11947 6618 1267 893 3089 1541 423 202 5825 14588 211 334 356 310 10797 22730 8540 11561 27228 2943 994 217 6472 1201 532 240 6272
internal_value=1.68039e-05 0.107058 -0.0798792 0.0684377 0.201064 0.0420654 -0.0315839 0.133359 -0.130927 0.163146 -0.044799 0.299475 0.0694349 -0.0248252 -0.000772673 -0.00686601 0.0304622 0.278132 0.202376 0.234388 0.12364 0.132238 0.161642 0.0994483 0.191578 0.345571 0.181098 -0.150408 -0.151663 0.0428205 0.079106 -0.04421 -0.135612 0.244347 0.0918418 0.0820127 0.0449764 -0.101626 -0.0677253 -0.0643947 -0.0231529 -0.0844275 -0.123656 -0.0959866 -0.0859102 -0.181033 0.131922 0.199744 0.301726 0.0172279 -0.0574453 -0.0556595 -0.0558168 -0.13965 0.0127793 0.164161 0.0761536 0.0656643 0.152989 0.201607 0.146965 -0.00376723
internal_weight=293024 125237 167787 88770 36467 63128 86219 25642 81568 26326 71080 10141 38518 37987 24610 24051 15139 8745 13207 7184 13119 12372 19538 7145 9166 582 8584 48992 48731 6104 3886 7210 1349 6889 22248 19169 7222 32576 33093 32200 5861 2166 1743 30220 24395 1120 2192 1217 666 17400 29111 9807 13936 33011 3695 6023 551 7463 3079 1878 1346 7676
internal_count=293024 125237 167787 88770 36467 63128 86219 25642 81568 26326 71080 10141 38518 37987 24610 24051 15139 8745 13207 7184 13119 12372 19538 7145 9166 582 8584 48992 48731 6104 3886 7210 1349 6889 22248 19169 7222 32576 33093 32200 5861 2166 1743 30220 24395 1120 2192 1217 666 17400 29111 9807 13936 33011 3695 6023 551 7463 3079 1878 1346 7676
is_linear=0
shrinkage=0.05


Tree=30
num_leaves=63
num_cat=0
split_feature=12 11 12 12 12 13 11 14 14 11 13 12 7 12 5 13 7 5 11 13 29 27 28 7 16 13 31 7 7 13 5 29 5 29 12 5 26 14 27 13 16 20 14 7 14 20 20 11 8 5 13 29 12 29 29 8 27 21 14 16 20 16
split_gain=897753 186188 102138 86905.7 50048.3 25079.9 25042.9 19797.4 19914.9 17763.2 14498.3 13395.9 12856.4 11846.7 10389.3 10091 9833.75 9619 9225.49 9199.47 9045.06 8837.06 8663.89 8593.95 7833.19 7712.99 7848.83 7644.56 7582.08 7435.27 7411.03 6909.6 8485.81 7191.44 6776.53 8492.11 7327.86 6710.34 6583.68 6514.84 6499.18 12484.1 6430.77 6244.52 6206.68 6188.35 6137.38 6002 5903.18 5874.36 5155.66 7882.39 5046.13 4950.3 4877.69 6363.3 5440.76 4793.71 6303.75 4764.05 9418.67 4440.96
threshold=28.132986111111112 -5.5338194444444433 12.82701388888889 44.000416666666673 40.685486111111118 6.2500000000000009 -16.169444444444441 64.250000000000014 67.250000000000014 -3.3999305555555548 3.2500000000000004 34.88354166666668 1.5850552079958129 53.939305555555563 15.500000000000002 -5.2499999999999991 3.1918752733540869 -30.499999999999996 -0.44104166666666639 -35.249999999999993 13.15 0.48894993894993899 0.43765547263681598 0.088932828033174066 1.0000000180025095e-35 26.750000000000004 8.9983315295815327 0.15557356383936613 0.96160546770302879 -3.2499999999999996 -15.499999999999998 2.2500000000000004 -11.499999999999998 1.7500000000000002 65.450694444444466 -1.4999999999999998 1.1196866578486293 61.750000000000007 0.51003355704697995 -46.249999999999993 1.0000000180025095e-35 0.6150000000000001 76.250000000000014 0.10023667185781827 66.250000000000014 0.70500000000000007 0.65500000000000014 -2.5212499999999993 9.5000000000000018 6.5000000000000009 -1.7499999999999998 8.0500000000000025 57.574444444444453 9.4500000000000011 6.6500000000000012 5.5000000000000009 0.5182149966821501 1.0000000180025095e-35 57.750000000000007 1.0000000180025095e-35 0.64500000000000013 1.0000000180025095e-35
decision_type=2 2 2 2 2 2 2 2 2 2 2 2 2 2 2 2 2 2 2 2 2 2 2 2 2 2 2 2 2 2 2 2 2 2 2 2 2 2 2 2 2 2 2 2 2 2 2 2 2 2 2 2 2 2 2 2 2 10 2 2 2 2
left_child=2 3 16 11 10 7 13 27 15 12 14 45 19 -5 -3 -9 18 -11 23 -4 -16 -8 -17 -1 -13 26 31 47 40 38 44 33 -33 48 35 36 -10 -29 -24 -15 -19 -42 -36 53 -12 -2 -26 -6 -7 -41 51 54 -23 -21 55 56 -49 -34 -59 -32 -61 -20
right_child=1 4 9 6 5 25 21 8 34 17 30 24 -14 39 20 22 -18 28 61 43 -22 52 29 -25 46 -27 -28 37 -30 -31 59 32 57 -35 42 -37 -38 -39 -40 49 41 -43 -44 -45 -46 -47 -48 50 -50 -51 -52 -53 -54 -55 -56 -57 -58 58 -60 60 -62 -63
leaf_value=-0.049761169637487349 0.043954002872606243 0.039256299554775831 0.10778378504570935 0.22867857748398818 0.1358041604984653 0.12005965294784687 0.11145010841710637 0.050449068094844576 0.026493875133683498 -0.18063312041348115 -0.14023780574901801 0.092601527528463526 -0.098884210659765326 0.5403446356780085 -0.1091190716772148 0.01752735648689599 -0.16950712069138052 -0.076916675470339979 -0.15977413299032342 0.056583214671832596 0.23698135627228678 0.17793839631061803 0.74030992652571537 -0.1198064913543006 0.13175091480966844 -0.10419948424080933 0.3296801120245263 0.036597113866940756 -0.13299779566467257 0.31276970128076326 -0.042411426368654963 -0.10048067831265549 0.027431220274760783 0.32985952380708611 0.15180221431638083 0.019416300701146694 0.2780504447844615 -0.20753463437751096 0.33997413689891498 0.34690233630115719 -0.061905763984686848 0.021113612037494234 0.45614900857451474 -0.029624804233159427 0.04279765825975558 0.12452406114339552 0.2201417287818512 -0.24702252502226452 -0.16146360050257483 0.22836978150421647 0.087114243781058726 -0.12774651020702973 0.25438290595274926 -0.036173979683230502 0.29245875526812271 0.21066889750486065 0.069087472342768838 -0.0015425384060126263 0.28014500469187986 -0.019206799496456234 0.10688894434199621 -0.121669067547665
leaf_weight=6531 11096 21253 1660 7784 5490 1246 4112 376 459 1823 2306 9075 4358 332 1955 202 14951 23039 15159 4556 208 8819 217 13302 6743 989 229 1110 3656 1656 8798 1260 11332 351 590 2035 784 376 200 3485 16609 6225 246 17413 579 3035 2776 247 218 1506 9125 761 2869 2101 219 306 301 360 442 6278 1937 15482
leaf_count=6531 11096 21253 1660 7784 5490 1246 4112 376 459 1823 2306 9075 4358 332 1955 202 14951 23039 15159 4556 208 8819 217 13302 6743 989 229 1110 3656 1656 8798 1260 11332 351 590 2035 784 376 200 3485 16609 6225 246 17413 579 3035 2776 247 218 1506 9125 761 2869 2101 219 306 301 360 442 6278 1937 15482
internal_value=-6.55433e-05 0.0877019 -0.0873597 0.153776 0.0394744 0.0789774 0.216948 0.110819 0.183703 -0.0499858 0.00196497 0.0979688 -0.0194783 0.268054 0.0286307 0.290558 -0.133881 -0.0678599 -0.123324 -0.00602563 -0.075743 0.174539 0.330202 -0.0967443 0.125857 0.0310965 0.0397701 0.0833185 -0.0637055 0.360647 -0.0294152 0.0353835 0.0229727 0.126908 0.114793 0.0823386 0.185255 -0.0252731 0.549575 0.32558 -0.0581803 -0.0392731 0.241797 -0.0138787 -0.103502 0.0612661 0.157549 0.0931296 0.0780572 0.311189 0.071741 -0.00475408 0.196723 0.0273073 0.0825131 0.0283955 -0.0735832 0.0357994 0.153857 -0.0168465 0.0105345 -0.140525
internal_weight=292938 146073 146865 61632 84441 41127 28907 24700 6765 81440 43314 32725 30088 13107 23416 2651 65425 51352 50474 25730 2163 15800 2275 19833 18594 16427 15438 17935 49529 2073 19898 15209 13394 1815 4114 3278 1243 1486 417 5323 45873 22834 836 24070 2885 14131 9519 16449 1464 4991 10959 1834 11688 6657 1073 854 548 12134 802 17013 8215 30641
internal_count=292938 146073 146865 61632 84441 41127 28907 24700 6765 81440 43314 32725 30088 13107 23416 2651 65425 51352 50474 25730 2163 15800 2275 19833 18594 16427 15438 17935 49529 2073 19898 15209 13394 1815 4114 3278 1243 1486 417 5323 45873 22834 836 24070 2885 14131 9519 16449 1464 4991 10959 1834 11688 6657 1073 854 548 12134 802 17013 8215 30641
is_linear=0
shrinkage=0.05


Tree=31
num_leaves=63
num_cat=0
split_feature=0 11 12 12 12 11 13 11 14 6 12 6 29 14 8 13 11 9 7 11 6 9 11 7 25 6 29 20 14 12 28 28 20 13 31 6 13 26 23 7 12 29 29 29 7 29 14 29 29 9 29 31 5 20 31 31 20 28 14 26 21 29
split_gain=819657 183006 86716.6 75152.8 41578 28768.2 27802.1 15783.3 13050.9 11493.8 10807.8 10799.2 10215.4 10835.5 10056.3 12644.8 9880.91 9291.49 9237.35 8938.96 8309.47 7981.17 7957.47 7050.04 6968.64 6681.85 6663.64 6594.14 6437.91 6172.34 6120.04 6022.24 5948.06 5706.3 8074.02 5672.8 5417.26 5344.31 5262.13 5229.01 5212.65 5206.29 8617.1 10914.9 5175.25 6506.34 5101.46 5045.49 9023.99 5008.03 7440.83 9229.94 4969.45 4940.47 4898.96 4891.89 4778.78 5205.56 5092.38 5074.16 4720.13 5222.35
threshold=1800.5000000000002 -12.883541666666664 13.029722222222224 45.269513888888895 47.028055555555561 -1.9364583333333327 3.2500000000000004 -10.006805555555554 43.750000000000007 1.7540825283808616 58.139444444444457 -12.123737031844094 16.550000000000004 50.750000000000007 39.500000000000007 3.2500000000000004 -29.49958333333333 14.500000000000002 2.8513957045440068 -0.55916666666666626 10.933739822285576 13.500000000000002 -27.796597222222221 0.10693598928893049 1.86575908115642 -6.779226830157036 14.850000000000003 0.81500000000000006 66.250000000000014 65.450694444444466 0.4677890963969063 0.40603782182729559 0.83500000000000008 15.250000000000002 8.9983315295815327 -4.7252277651132379 9.7500000000000018 0.88277884518151495 2.5000000000000004 0.50440857099298619 31.41694444444445 3.6500000000000008 8.4500000000000011 10.550000000000002 0.16763121801090561 15.750000000000002 74.250000000000014 7.8500000000000005 7.3500000000000005 2.5000000000000004 14.65 6.0045903010033461 -14.499999999999998 0.70500000000000007 5.9588650345260525 0.98249410377358515 0.68500000000000016 0.51928389290267762 46.250000000000007 0.98149381295344662 1.0000000180025095e-35 5.3500000000000005
decision_type=2 2 2 2 2 2 2 2 2 2 2 2 2 2 2 2 2 2 2 2 2 2 2 2 2 2 2 2 2 2 2 2 2 2 2 2 2 2 10 2 2 2 2 2 2 2 2 2 2 2 2 2 2 2 2 2 2 2 2 2 10 2
left_child=2 4 18 5 22 9 10 20 30 40 32 26 13 37 15 17 54 24 19 23 -4 33 -2 -1 -9 -24 28 36 -10 46 -7 -27 49 34 55 -17 44 -11 -14 56 -3 -23 -43 -44 -13 -46 53 48 -42 -5 51 -51 -21 -18 60 -8 57 59 -59 -33 61 -6
right_child=1 3 7 6 16 8 21 14 11 12 -12 27 38 -15 -16 35 29 -19 -20 52 -22 41 25 -25 -26 31 -28 -29 -30 -31 -32 39 -34 -35 -36 -37 -38 -39 -40 -41 47 42 43 -45 45 -47 -48 -49 -50 50 -52 -53 -54 -55 -56 -57 -58 58 -60 -61 -62 -63
leaf_value=-0.042316884239091294 0.24322076966757675 0.040050080762951579 0.088729165373957281 0.094321591538911009 0.28572114947563015 -0.19115222542992916 0.18750035790092803 0.15657009817757728 -0.11604002263821189 0.07670853350771889 0.2108817906885232 0.032061191747417346 0.072353546545187483 0.052410077170572382 -0.12777496023043816 -0.10691874026538502 0.20761419028111822 -0.0087256991839203286 -0.15868369476330635 -0.16344138597581501 -0.018859006962582223 0.12397543358171514 0.37981876866799208 -0.10931051184138452 -0.058937941279838216 0.017860530168981745 0.16463285253943388 0.069829340555974451 0.1007948680120838 0.37217449432985195 -0.050230205760717975 0.026652891277935915 0.20971430584744688 0.014035024651547766 0.38497527660022485 -0.056020224137661306 -0.028591704263480996 -0.046099531300158703 0.3436746562864883 0.074610803736992914 0.11825239016460896 -0.18615766298159428 0.2982397837632329 -0.099768634601737016 -0.042728304845165564 0.22700275372540168 -0.022443830715098853 0.070702546439845901 0.33049342330841752 0.15416244203405788 0.34843417777977637 -0.056276350901380445 -0.11939175311392579 0.30010333922129651 0.15614827383162821 0.071629760441993956 0.20655638217614791 0.035975984794450237 0.19386588774450172 0.13352926412821281 0.18493110328932238 0.4303688880770451
leaf_weight=5819 1675 3945 2711 9813 1035 1127 1013 380 3168 1055 4830 16435 334 13103 4626 11369 7503 18290 16828 8901 5305 405 260 12089 24554 1220 270 4609 383 718 2434 1721 1952 3253 226 10566 8336 5500 385 3012 5872 840 273 463 4248 235 212 5376 547 6125 440 569 22918 1796 367 9008 2725 595 3625 3133 381 1611
leaf_count=5819 1675 3945 2711 9813 1035 1127 1013 380 3168 1055 4830 16435 334 13103 4626 11369 7503 18290 16828 8901 5305 405 260 12089 24554 1220 270 4609 383 718 2434 1721 1952 3253 226 10566 8336 5500 385 3012 5872 840 273 463 4248 235 212 5376 547 6125 440 569 22918 1796 367 9008 2725 595 3625 3133 381 1611
internal_value=3.70211e-05 0.0826522 -0.0847557 0.0537241 0.1894 0.0251423 0.110114 -0.048912 -0.00338986 0.0577247 0.144121 0.00525705 0.032932 0.0261556 -0.0565445 -0.0514856 0.255278 -0.0357934 -0.126655 -0.115813 0.0175337 0.0579833 0.139435 -0.0875453 -0.0556474 0.12875 -0.0744139 0.0142488 -0.0926311 0.230698 -0.0948709 0.124654 0.127049 0.0717352 0.0900495 -0.0824048 0.00548996 -0.0263254 0.217912 0.133449 0.0898172 -0.0357212 -0.0768126 0.0480666 0.0190725 -0.0285415 0.219979 0.106458 0.136387 0.117516 0.149402 0.136269 -0.131719 0.225508 0.329269 0.0833604 0.148462 0.130995 0.171618 0.0956492 0.3502 0.373918
internal_weight=292517 148161 144356 116572 31589 77362 39210 77801 41245 36117 23729 37684 20377 19658 69785 65159 13623 43224 66555 49727 8016 15481 17966 17908 24934 16291 3821 33863 3551 10229 3561 16031 18899 13500 10247 21935 29254 6555 719 14811 15740 1981 1576 736 20918 4483 9511 11795 6419 16947 7134 6694 31819 9299 3394 10021 11799 9074 4220 4854 3027 2646
internal_count=292517 148161 144356 116572 31589 77362 39210 77801 41245 36117 23729 37684 20377 19658 69785 65159 13623 43224 66555 49727 8016 15481 17966 17908 24934 16291 3821 33863 3551 10229 3561 16031 18899 13500 10247 21935 29254 6555 719 14811 15740 1981 1576 736 20918 4483 9511 11795 6419 16947 7134 6694 31819 9299 3394 10021 11799 9074 4220 4854 3027 2646
is_linear=0
shrinkage=0.05


Tree=32
num_leaves=63
num_cat=0
split_feature=0 11 3 12 12 11 13 11 11 27 13 16 19 14 7 16 20 7 19 12 9 16 5 19 13 7 14 13 12 5 28 14 14 14 7 14 13 10 26 12 5 10 7 13 16 19 14 26 27 13 27 5 26 14 13 25 19 2 16 27 14 9
split_gain=741568 161483 88336.5 58437.5 54655.2 22147.6 19806.2 15456 13946.2 12835.8 11214.3 10413.6 17735.5 10170.6 9686.15 9661.62 13682.4 9539.52 8717.48 8216.33 7309.25 7304.13 7157.87 6737.87 5985.27 5983.95 5910.57 5780.25 5777.66 5733.7 5678.59 5609.72 5849.47 10910.2 5937.71 5842.88 6342.16 6643.99 5448.4 5281.1 5134.96 5009.77 4747.03 8236.22 4721.86 5494.07 4701.04 5986.27 5967.78 5430.04 4629.26 4605.37 4555.65 5677.03 4483.04 4430.44 4727.9 4329.22 4202.56 4200.23 4137.82 3891.93
threshold=1827.5000000000002 -9.4411805555555528 3.5000000000000004 50.137569444444445 45.269513888888895 -0.55916666666666626 3.2500000000000004 -8.5554166666666642 -23.247708333333332 0.51524446923219946 -24.749999999999996 1.0000000180025095e-35 49.500000000000007 43.750000000000007 2.4356608950704897 1.0000000180025095e-35 0.64500000000000013 -2.9258101773218281 34.500000000000007 52.742083333333348 13.500000000000002 1.0000000180025095e-35 14.500000000000002 7.5000000000000009 -32.749999999999993 0.057590786948176591 63.750000000000007 26.750000000000004 37.776875000000011 29.500000000000004 0.46883827683615825 39.750000000000007 47.250000000000007 50.750000000000007 0.39531558391222693 46.250000000000007 -4.2499999999999991 20.500000000000004 0.87571529813049442 24.514236111111114 -15.499999999999998 25.500000000000004 0.74326649429884128 -5.2499999999999991 1.0000000180025095e-35 66.500000000000014 64.250000000000014 1.0184312292659843 0.44904069412196018 17.750000000000004 0.52010101010101029 -13.499999999999998 0.93999417035855271 65.750000000000014 11.250000000000002 3.6556880816842869 39.500000000000007 1040.5000000000002 1.0000000180025095e-35 0.5306692509405998 48.250000000000007 5.5000000000000009
decision_type=2 2 2 2 2 2 2 2 2 2 2 2 2 2 2 2 2 2 2 2 2 2 2 2 2 2 2 2 2 2 2 2 2 2 2 2 2 2 2 2 2 2 2 2 2 2 2 2 2 2 2 2 2 2 2 2 2 2 2 2 2 2
left_child=2 3 7 8 5 9 19 22 29 52 25 39 23 30 17 40 51 -4 21 55 27 -10 24 -13 41 59 -12 46 -20 58 -7 -11 35 38 -35 36 37 50 -34 -9 -15 -1 43 -19 -21 -46 -8 -48 -49 -50 -33 -17 -3 -54 -45 56 -6 -28 -2 -5 -40 -38
right_child=1 4 14 10 6 13 20 11 18 31 26 12 -14 15 -16 16 -18 42 28 44 -22 -23 -24 -25 -26 -27 57 -29 -30 -31 -32 32 33 34 -36 -37 61 -39 60 -41 -42 -43 -44 54 45 -47 47 48 49 -51 -52 -53 53 -55 -56 -57 -58 -59 -60 -61 -62 -63
leaf_value=0.34553477093518259 0.159650881604322 0.062949893594519954 -0.15199593828223001 0.32946837171406912 0.16851134635688411 -0.19966688473498984 0.054641266573647457 -0.08445181024654369 0.09176418561561521 -0.14290183306394416 0.17684579594338357 0.11712786445358681 -0.059532766351704527 -0.12309446895624193 -0.14809977694271573 -0.065208473152280108 0.11334982748530271 -0.046032520725972442 0.059042307926475759 0.12961913468019359 -0.035276685457906791 0.20251033323257417 -0.016625588724571677 0.0030262878902896878 0.037045949106748521 0.24624922640483771 0.14474261565998198 -0.085055114984074073 0.11550914250393279 -0.012306911085738214 -0.05106165771921925 0.070949787849591842 0.18743452416218032 0.115968290377988 -0.0049832292707199521 0.29498229646953206 0.30052423514474685 0.30387186830635793 0.038166692946476358 -0.041039800002592719 -0.01985611175330252 0.082548476036611973 -0.12055467300361739 -0.091197182771782431 0.24032822570481086 0.1170390647392987 0.21820782562918081 -0.14432351078060843 0.12928426573846061 -0.11872908413410187 -0.14214471903244927 0.016368563239184727 -0.000754753658217745 0.11771202454572438 -0.14979305262698525 0.0054298994780646002 0.090342361348363404 0.29094945352302409 0.25010496353984157 0.49236420101927703 -0.12275189822062767 0.081266361733241296
leaf_weight=314 2412 5153 9622 2345 2652 935 9054 22010 2476 261 4604 1467 20087 1317 19647 2136 3558 9142 8292 4428 1990 3744 7489 10906 3297 2140 624 594 9995 313 2056 828 245 6986 1187 583 570 220 628 10281 13992 428 14257 15670 3008 1296 1115 265 2242 244 367 9085 13373 1093 4127 1095 7168 2758 2768 482 1095 315
leaf_count=314 2412 5153 9622 2345 2652 935 9054 22010 2476 261 4604 1467 20087 1317 19647 2136 3558 9142 8292 4428 1990 3744 7489 10906 3297 2140 624 594 9995 313 2056 828 245 6986 1187 583 570 220 628 10281 13992 428 14257 15670 3008 1296 1115 265 2242 244 367 9085 13373 1093 4127 1095 7168 2758 2768 482 1095 315
internal_value=-0.000276428 0.0805667 -0.0785884 0.161787 0.0460698 0.0192412 0.0964288 -0.0410314 0.123459 0.0482853 0.250543 -0.0505279 -0.0305272 -0.00964996 -0.118121 -0.000907268 0.0279287 -0.106967 0.107311 0.129769 0.0541734 0.158447 0.0123088 0.0165631 0.0659491 0.309574 0.213793 0.067347 0.0899096 0.19547 -0.0975675 0.0862338 0.0908363 0.072957 0.0984035 0.15368 0.11775 0.0520225 -0.0327173 -0.0706317 -0.0287449 0.194154 -0.0969336 -0.0852927 0.165926 0.20324 0.0743598 0.120514 0.0808524 0.104904 0.00544157 0.000835347 0.0225855 0.0082037 -0.103419 0.100831 0.111468 0.264024 0.208025 0.357406 -0.0641121 0.222663
internal_weight=292831 144087 148744 42953 101134 65983 35151 76279 30000 32904 12953 64751 32460 33079 72465 30088 14779 52818 24507 19647 15504 6220 11528 12373 4039 4967 7986 13514 18287 5493 2991 13285 13024 10141 8173 2883 2300 1415 1968 32291 15309 742 43196 28939 8732 4304 12920 3866 2751 2486 1195 11221 19619 14466 19797 10915 9820 3382 5180 2827 1723 885
internal_count=292831 144087 148744 42953 101134 65983 35151 76279 30000 32904 12953 64751 32460 33079 72465 30088 14779 52818 24507 19647 15504 6220 11528 12373 4039 4967 7986 13514 18287 5493 2991 13285 13024 10141 8173 2883 2300 1415 1968 32291 15309 742 43196 28939 8732 4304 12920 3866 2751 2486 1195 11221 19619 14466 19797 10915 9820 3382 5180 2827 1723 885
is_linear=0
shrinkage=0.05


Tree=33
num_leaves=63
num_cat=0
split_feature=0 11 0 12 12 13 12 13 14 11 0 13 7 13 20 29 14 7 7 13 5 31 6 14 19 29 14 14 29 13 19 29 9 7 29 6 13 9 13 8 13 27 13 7 31 14 29 11 24 14 23 31 25 11 11 13 31 29 29 9 23 6
split_gain=667208 146792 69224.8 60816 40175.7 29029.6 20319.7 18501.2 13619.3 13335.3 12062 11081.4 9327.49 8244.83 7901.83 7652.7 11563.4 7578.58 10905.9 7489.62 7376.86 8198.3 7068.31 8659.38 6634.95 6493.39 12222 9662.19 6359.66 8235.31 6037.39 6029.25 5988.37 5966.91 6261.89 5916.88 5890.87 5662.53 6247.95 5671.69 5481.08 5382.44 5256.65 6286.18 6337.81 5671.43 12430.2 5240.83 5207.81 5164.51 15802.6 5081.28 4976.55 4853.94 4791.81 4789.3 11898.1 6519.38 5645.04 4775.15 4706.79 4647.83
threshold=1800.5000000000002 -12.614444444444443 857.50000000000011 50.137569444444445 51.745069444444447 7.2500000000000009 37.100833333333348 3.2500000000000004 47.750000000000007 -2.5918055555555553 2503.5000000000005 -34.749999999999993 0.54557266034095842 -29.749999999999996 0.74500000000000011 15.750000000000002 66.250000000000014 0.93347164591977883 -1.7255639707432573 -46.249999999999993 -20.499999999999996 8.2499910714285729 6.337706823264841 50.250000000000007 24.500000000000004 8.2500000000000018 77.250000000000014 78.250000000000014 7.2500000000000009 -6.2499999999999991 33.500000000000007 11.15 13.500000000000002 -0.31107655088992564 3.0500000000000003 2.6667968686427925 -36.249999999999993 8.5000000000000018 1.2500000000000002 15.500000000000002 -7.2499999999999991 0.49536997342021788 -24.249999999999996 0.14636696732948509 1.8946830436720143 66.750000000000014 3.7500000000000004 -6.7198611111111095 34.500000000000007 64.250000000000014 2.5000000000000004 5.3299148846629327 1.5257176447536007 -3.1720833333333327 -1.5126388888888893 -9.2499999999999982 4.8712685475444104 11.850000000000003 9.8500000000000032 14.500000000000002 1.5000000000000002 -14.808738598653287
decision_type=2 2 2 2 2 2 2 2 2 2 2 2 2 2 2 2 2 2 2 2 2 2 2 2 2 2 2 2 2 2 2 2 2 2 2 2 2 2 2 2 2 2 2 2 2 2 2 2 2 2 10 2 2 2 2 2 2 2 2 2 10 2
left_child=2 4 17 5 10 6 14 15 -7 12 -2 -12 13 -4 -3 25 -17 18 -1 -6 -11 22 23 -22 -8 26 28 49 -5 40 -13 42 -9 34 -10 -23 -14 47 -39 61 -30 -15 43 44 -21 -44 -47 51 -49 53 -51 -26 -20 -27 -55 58 -57 -58 -52 -43 -36 -40
right_child=1 3 9 7 19 8 24 32 33 20 11 30 36 41 -16 16 -18 -19 52 31 21 35 -24 -25 37 27 -28 -29 29 -31 -32 -33 -34 -35 60 -37 -38 38 39 -41 -42 59 45 -45 -46 46 -48 48 -50 50 55 -53 -54 54 -56 56 57 -59 -60 -61 -62 -63
leaf_value=-0.1332463769189017 0.089001047572278169 0.0067901959038365323 0.14880084432887727 0.14210955674439119 0.46678338265249431 -0.10742674203398105 0.11936383223733985 0.077271079039939794 0.099164699977224893 -0.11648167630202022 0.26124232005789277 0.20513796049480112 0.021895628785097418 -0.030406822040138799 0.065937282545655632 0.16766015185602012 0.62386629407024274 -0.13364219935556776 0.11290230496676967 0.20842734834127696 -0.09149284005601889 -0.012817426982305705 -0.10440919116640844 -0.03251886862516485 0.11346895888792585 0.12293416813405325 0.47773584585104678 -0.22484392250237401 0.27156818876679084 0.12290150387936825 0.12272873568085896 0.15127238836263526 -0.059231952147658307 0.013055857261804429 0.051942769792888345 0.21405794600899083 -0.058768133828430796 0.13544619648216269 -0.1576077116616621 -0.14368478063245613 0.55711171166971329 -0.0085412487200633418 0.18694849202713013 0.14967382580052907 0.38356542264465721 0.64214057734220464 0.23311468903403579 0.055203534872646731 -0.004398244402338527 -0.22324369101662123 0.5682894362164248 0.0034987516432451677 -0.079967369163051749 -0.14241673048259801 0.075998866010734578 -0.077469332231879698 0.41681967853548491 0.11713934173150098 0.22504532911213593 0.074734093377303717 -0.1100816085989159 0.095338547608298338
leaf_weight=14334 9188 29601 946 7328 412 3910 5975 8746 543 5702 2367 2944 2659 8304 6977 399 213 29713 339 685 8692 774 7172 21928 4697 1800 314 218 488 606 9108 1350 884 12583 534 456 15195 4522 202 374 259 3794 2686 506 2154 237 858 10444 5646 211 202 1353 21130 422 617 321 418 322 298 3150 2773 1729
leaf_count=14334 9188 29601 946 7328 412 3910 5975 8746 543 5702 2367 2944 2659 8304 6977 399 213 29713 339 685 8692 774 7172 21928 4697 1800 314 218 488 606 9108 1350 884 12583 534 456 15195 4522 202 374 259 3794 2686 506 2154 237 858 10444 5646 211 202 1353 21130 422 617 321 418 322 298 3150 2773 1729
internal_value=-0.000433449 0.0739955 -0.0769959 0.0476689 0.167914 0.0291323 0.0441226 0.118421 -0.0235687 -0.0454105 0.13379 0.162322 -0.0218315 0.00564735 0.0180736 0.154227 0.327196 -0.114971 -0.0994719 0.258522 -0.0633602 -0.0555952 -0.0597301 -0.0492621 0.07139 0.146547 0.17166 0.0997413 0.160535 0.260153 0.142875 0.248345 0.0647357 -0.00361059 -0.058071 0.071398 -0.0467543 0.0614907 0.101301 0.0342843 0.371184 -0.0032432 0.266712 0.312447 0.341396 0.226178 0.322149 0.0492109 0.0342902 0.115133 0.182099 0.0888803 -0.0769168 0.073285 -0.0127644 0.236997 0.17659 0.286752 0.364573 0.0292402 -0.0839108 0.0688102
internal_weight=292712 148424 144288 115929 32495 91863 71520 24066 20343 78772 23607 14419 34048 16194 36578 14436 612 65516 35803 8888 44724 39022 37792 30620 34942 13824 8995 4829 8681 1353 12052 8476 9630 16433 3850 1230 17854 28967 6827 2305 747 15248 7126 3345 2839 3781 1095 22140 16090 4611 1772 6050 21469 2839 1039 1561 1061 740 500 6944 3307 1931
internal_count=292712 148424 144288 115929 32495 91863 71520 24066 20343 78772 23607 14419 34048 16194 36578 14436 612 65516 35803 8888 44724 39022 37792 30620 34942 13824 8995 4829 8681 1353 12052 8476 9630 16433 3850 1230 17854 28967 6827 2305 747 15248 7126 3345 2839 3781 1095 22140 16090 4611 1772 6050 21469 2839 1039 1561 1061 740 500 6944 3307 1931
is_linear=0
shrinkage=0.05


Tree=34
num_leaves=63
num_cat=0
split_feature=12 12 13 12 13 13 12 16 20 12 16 19 8 13 13 13 10 8 16 28 19 16 6 7 14 16 20 19 19 12 0 13 7 13 13 13 24 20 7 14 10 14 14 14 19 6 19 13 17 28 21 6 22 16 19 14 28 27 27 6 13 13
split_gain=614650 128324 79576.3 51929.8 31191.6 17236.4 17147.3 14762.2 21714.1 13972.6 11700.5 19992.7 9800.39 7841.06 7499.94 7255.82 6915.73 6812.71 6786.04 6696.44 6432.64 11726.5 6408.38 6399.26 6340.44 6181.48 9325.53 5915.62 5726.11 5581.6 5214.58 4956.73 4736.57 4720.56 4679.88 4670.33 4395.48 4386.3 4254.2 4128.97 4320 4122.92 4347.55 6031.82 4082.99 4067.73 3988.6 3980.38 3828.62 3791.94 3782.35 3706.67 6317.59 3909.02 5130.41 3693.77 3630 4201.77 3513.85 3506.24 3467.02 3411.15
threshold=26.418472222222224 41.840416666666677 -10.249999999999998 11.939305555555558 -13.249999999999998 9.7500000000000018 52.742083333333348 1.0000000180025095e-35 0.50500000000000012 55.051388888888901 1.0000000180025095e-35 33.500000000000007 35.500000000000007 -35.249999999999993 4.7500000000000009 -46.249999999999993 9.5000000000000018 11.500000000000002 1.0000000180025095e-35 0.51863425925925932 20.500000000000004 1.0000000180025095e-35 -7.0989044430342441 0.29406617389693018 62.750000000000007 1.0000000180025095e-35 0.87500000000000011 24.500000000000004 17.500000000000004 57.574444444444453 212.50000000000003 9.7500000000000018 0.28106036728652423 6.7500000000000009 -18.249999999999996 13.750000000000002 97.500000000000014 0.35500000000000004 1.5850552079958129 66.250000000000014 27.500000000000004 73.750000000000014 67.250000000000014 66.250000000000014 33.500000000000007 -4.0891455210903027 10.500000000000002 -16.249999999999996 2.5000000000000004 0.48579499596448755 1.0000000180025095e-35 -14.141639649497217 1.5000000000000002 1.0000000180025095e-35 44.500000000000007 57.250000000000007 0.53315018315018325 0.45954339432600305 0.48493921248412269 -11.264299552370089 -2.7499999999999996 -24.249999999999996
decision_type=2 2 2 2 2 2 2 2 2 2 2 2 2 2 2 2 2 2 2 2 2 2 2 2 2 2 2 2 2 2 2 2 2 2 2 2 2 2 2 2 2 2 2 2 2 2 2 2 2 2 10 2 10 2 2 2 2 2 2 2 2 2
left_child=3 4 6 16 12 9 18 14 35 25 33 46 13 17 32 -8 -1 -2 61 22 21 -18 -15 24 34 58 37 -20 -10 50 -22 38 -6 36 49 48 -5 -27 47 -21 -41 42 43 56 -24 -35 -12 -13 -9 -17 51 -7 -53 -54 -55 -36 57 -11 -4 -16 -60 -3
right_child=1 2 5 10 7 29 15 8 28 41 11 31 -14 19 59 23 20 -19 27 39 30 -23 44 -25 -26 26 -28 -29 -30 -31 -32 -33 -34 45 55 -37 -38 -39 -40 40 -42 -43 -44 -45 -46 -47 -48 -49 -50 -51 -52 52 53 54 -56 -57 -58 -59 60 -61 -62 -63
leaf_value=0.16611667422101639 0.33847494945727158 0.16515959714584605 0.0094046417828142076 -0.040371452788639857 0.013841661476845055 -0.1809509284594315 0.45912429404107269 0.021874188669935866 0.13841543933292719 -0.089250992788583977 0.086249388086180989 0.0049474958290577102 -0.046999382622139922 0.23611191400686865 -0.11593129414936375 0.087254384018375847 -0.12885000861552559 0.12566467103639153 0.27130186693392927 0.11540556756448198 -0.14358667093719862 -0.018198968301841794 0.091276138103802043 0.0044049738641112847 0.27547824403500876 0.053305835190802044 0.24350905644151824 0.16621997925146714 0.062059284099180927 0.095628145804491652 -0.10911792430176295 -0.10203417941400635 -0.044887771911886962 -0.13628823657065145 0.23926971786995491 -0.06902368323811936 -0.078613959528491026 0.11421163539755648 -0.10948385170887159 -0.1917643821570702 0.067295640534595455 0.23659589230001235 0.074421461212336129 0.32282903942214974 0.022631076804795914 -0.062253896581251217 0.013170745358342936 -0.046829783929199537 -0.033433834481825679 0.26595167040835782 0.12479903986370321 0.2464696098186345 -0.045956209783108291 0.12358795670196239 -0.011131661311542061 0.076687717219096854 0.23059595617580106 0.13349040355028358 0.10106620627517367 -0.038706990551157713 0.039691512682745338 0.097199627807836697
leaf_weight=222 443 2942 3676 14197 15244 297 363 11605 3431 223 2582 4699 1586 429 1765 354 4953 2481 1667 7799 16076 4635 2874 301 5100 5330 1035 6878 8642 1942 34679 4065 4430 4355 503 2316 15970 6645 2156 220 591 1139 2165 504 8791 3237 6739 17664 4283 1880 575 248 3618 1003 2386 1144 936 3964 4163 8780 5148 4978
leaf_count=222 443 2942 3676 14197 15244 297 363 11605 3431 223 2582 4699 1586 429 1765 354 4953 2481 1667 7799 16076 4635 2874 301 5100 5330 1035 6878 8642 1942 34679 4065 4430 4355 503 2316 15970 6645 2156 220 591 1139 2165 504 8791 3237 6739 17664 4283 1880 575 248 3618 1003 2386 1144 936 3964 4163 8780 5148 4978
internal_value=0.00028057 0.0677727 0.11743 -0.0774114 0.026575 0.0771353 0.186867 0.0071017 0.0317767 0.0937502 -0.0497913 -0.0301659 0.0732951 0.0813714 -0.0176209 0.239819 -0.111916 0.158011 0.155835 0.0705405 -0.112942 -0.0753669 0.0465415 0.231194 0.238794 0.0752093 0.0995695 0.186749 0.0837684 0.0194968 -0.120038 -0.0509016 0.000615929 -0.0694912 0.190528 -0.00270731 -0.0606185 0.0871095 -0.0424205 0.104241 -0.0031292 0.147706 0.134684 0.157853 0.0395501 -0.104735 0.0334213 -0.0359504 0.00696339 0.237687 0.00129519 -0.00812352 -0.00102447 -0.00981799 0.0287643 0.126456 0.141562 0.121609 0.0508001 -0.0516424 0.0671404 0.122462
internal_weight=293046 156817 71107 136229 85710 44997 26110 60496 30277 34928 75664 37905 25214 23628 30219 9645 60565 2924 16465 20704 60343 9588 12094 9282 8981 25997 13010 8545 12073 10069 50755 28584 19674 37759 3881 18204 30167 11975 24519 8610 811 8931 7792 5627 11665 7592 9321 22363 15888 2234 8127 7552 7255 7007 3389 1647 5123 4187 12987 10545 9311 7920
internal_count=293046 156817 71107 136229 85710 44997 26110 60496 30277 34928 75664 37905 25214 23628 30219 9645 60565 2924 16465 20704 60343 9588 12094 9282 8981 25997 13010 8545 12073 10069 50755 28584 19674 37759 3881 18204 30167 11975 24519 8610 811 8931 7792 5627 11665 7592 9321 22363 15888 2234 8127 7552 7255 7007 3389 1647 5123 4187 12987 10545 9311 7920
is_linear=0
shrinkage=0.05


Tree=35
num_leaves=63
num_cat=0
split_feature=12 12 13 12 12 13 12 13 13 16 19 16 19 31 29 29 13 8 29 6 31 29 7 6 13 31 31 16 19 19 16 13 29 29 29 29 31 16 12 31 16 19 2 24 6 13 24 13 29 5 29 13 28 13 24 6 29 0 13 13 13 21
split_gain=548923 111025 90676.7 41042.3 22468.6 16456.9 15752.6 13113.6 12253.2 11340.3 10296.3 9725.52 15839.3 8931.32 17659.8 12180.1 7618.39 6957.76 6902.15 6728.7 6205.2 6524.59 6032.1 5944.52 5860.92 5796.32 5658.06 5555.31 12314.3 5529.92 7329.6 5503.68 7591.87 6317.95 9533.67 6107.84 5615.64 5317.48 5298.99 5122.03 5022.01 9313.93 5015.37 4888.32 4673.96 6797.17 4654.66 5056.86 4568.57 4564.63 4532.68 5752.86 5473.27 4594.83 4454.99 4366.72 4272.29 4253.31 4231.58 4158.14 4089.67 4087
threshold=33.402708333333344 19.257777777777779 -6.2499999999999991 49.501180555555564 52.065833333333337 3.2500000000000004 10.579375000000001 -24.749999999999996 13.250000000000002 1.0000000180025095e-35 34.500000000000007 1.0000000180025095e-35 33.500000000000007 8.460242778960172 18.950000000000003 21.350000000000005 1.7500000000000002 12.500000000000002 17.250000000000004 6.4932657394365902 1.874646103071846 7.6500000000000012 0.17825406622337864 -14.808738598653287 -24.249999999999996 5.5323589030206692 1.984108946608947 1.0000000180025095e-35 39.500000000000007 25.500000000000004 1.0000000180025095e-35 3.2500000000000004 2.1500000000000008 8.0500000000000025 9.3500000000000032 1.2500000000000002 3.1529554367201427 1.0000000180025095e-35 67.23819444444446 6.2957191338073697 1.0000000180025095e-35 35.500000000000007 1015.5000000000001 72.500000000000014 1.8634272483041239 -5.2499999999999991 58.500000000000007 -34.249999999999993 3.1500000000000008 1.5000000000000002 9.3500000000000032 26.250000000000004 0.5143682906688688 22.750000000000004 32.500000000000007 22.088238395230157 0.8500000000000002 2585.5000000000005 -1.2499999999999998 -2.7499999999999996 17.250000000000004 1.0000000180025095e-35
decision_type=2 2 2 2 2 2 2 2 2 2 2 2 2 2 2 2 2 2 2 2 2 2 2 2 2 2 2 2 2 2 2 2 2 2 2 2 2 2 2 2 2 2 2 2 2 2 2 2 2 2 2 2 2 2 2 2 2 2 2 2 2 10
left_child=1 6 3 9 8 11 27 19 13 46 57 42 -13 22 16 -16 -15 -7 31 20 48 -22 23 26 55 43 -4 -1 -29 30 -8 33 -33 35 58 59 54 61 44 -24 -25 -42 -3 50 45 -37 47 -2 -5 56 51 52 -10 60 -34 -12 -49 -11 -35 -6 -54 -9
right_child=2 5 4 7 18 17 29 37 25 10 24 12 -14 14 15 -17 -18 -19 -20 -21 21 -23 39 40 -26 -27 -28 28 -30 -31 -32 32 36 34 -36 38 -38 -39 -40 -41 41 -43 -44 -45 -46 -47 -48 49 -50 -51 -52 -53 53 -55 -56 -57 -58 -59 -60 -61 -62 -63
leaf_value=-0.12574640630237194 0.17995590527067284 0.0043039299244611627 0.1286326713755486 0.25771215743970138 -0.11868497108592804 -0.069944395798115774 -0.077908187183284572 0.14619859789852399 -0.048669177487704898 0.13850766371627818 0.17576601595443625 0.084363402478087185 0.00068212534294216946 0.52436737954949597 -0.32306995886870088 0.17980297698280004 0.18791003859559585 -0.013863322318485791 0.32516100227581396 0.18026681693700566 0.41196756596369799 0.25924778343964922 -0.040192692487975572 0.023797763457158713 0.084690699986570972 -0.11703395301377775 -0.15630726376023532 -0.04514889973186284 -0.11716671767012161 -0.077808923650369566 0.014693343974884532 0.19315011303506427 0.0074188373300033738 -0.20171681818489917 0.12539298913799618 -0.056985794277776274 0.079384322451953399 0.19682374045220188 0.40938110369762398 0.14156863858728388 0.12915896923379891 0.041353405237223528 -0.037991117453747697 -0.1545015989230058 0.06045197400525535 0.23694549220688965 0.024465078678975474 0.33276160617545902 -0.011650343563917762 0.05167987729936472 0.11349642737498496 -0.15145991700980602 0.090907422396874826 0.25022253323738514 -0.2147702848945286 -0.044317089855371992 0.10367515733330086 0.22720267342026867 0.077914816630529432 0.15936206553293311 -0.062032700049678771 0.013819012314527541
leaf_weight=26523 1294 13003 232 456 286 13859 4407 5678 2214 2543 3212 7670 21515 301 228 253 384 9204 325 1815 1342 1479 3931 15479 9917 1571 691 8846 18052 35491 4147 998 2153 402 1578 217 4342 6596 261 429 4059 11799 15204 534 691 2065 3976 212 240 7544 805 662 1189 284 251 242 4698 2903 203 252 690 650
leaf_count=26523 1294 13003 232 456 286 13859 4407 5678 2214 2543 3212 7670 21515 301 228 253 384 9204 325 1815 1342 1479 3931 15479 9917 1571 691 8846 18052 35491 4147 998 2153 402 1578 217 4342 6596 261 429 4059 11799 15204 534 691 2065 3976 212 240 7544 805 662 1189 284 251 242 4698 2903 203 252 690 650
internal_value=-0.000402912 -0.0553664 0.0849626 0.131417 0.0423639 -0.0118935 -0.0912515 0.192638 0.0253855 0.100827 0.127861 0.00244179 0.0226762 0.0372557 0.173429 -0.0587408 0.336304 -0.0475651 0.097728 0.258633 0.299012 0.33202 0.0329152 0.0403754 0.104242 -0.0310376 -0.0846247 -0.109504 -0.0934846 -0.0691111 -0.0330183 0.0923089 0.0645037 0.128451 0.0607135 0.167626 0.045446 0.165393 0.193569 -0.02228 0.0440598 0.0638348 -0.0184943 -0.00984037 0.174492 0.208982 0.0721192 0.0858983 0.164945 0.0761118 0.00340233 -0.0142047 0.00658438 0.0631371 -0.0158594 0.160338 0.113632 0.18582 -0.107916 0.0116067 0.0347421 0.132605
internal_weight=292477 177921 114556 54797 59759 80455 97466 18256 45735 36541 18817 57392 29185 37786 1166 481 685 23063 14024 5332 3517 2821 36620 32260 13371 7949 923 53421 26898 44045 8554 13699 7744 5955 2183 3772 6746 12924 3234 4360 31337 15858 28207 6378 2973 2282 17724 13748 696 12454 5844 5039 4377 2163 2404 3454 4910 5446 605 538 1879 6328
internal_count=292477 177921 114556 54797 59759 80455 97466 18256 45735 36541 18817 57392 29185 37786 1166 481 685 23063 14024 5332 3517 2821 36620 32260 13371 7949 923 53421 26898 44045 8554 13699 7744 5955 2183 3772 6746 12924 3234 4360 31337 15858 28207 6378 2973 2282 17724 13748 696 12454 5844 5039 4377 2163 2404 3454 4910 5446 605 538 1879 6328
is_linear=0
shrinkage=0.05


Tree=36
num_leaves=63
num_cat=0
split_feature=0 11 3 12 24 13 13 14 16 19 12 7 11 13 29 14 14 9 19 8 14 14 29 29 28 7 19 16 31 7 29 29 29 28 16 13 29 9 5 14 12 16 19 6 29 14 14 28 29 29 14 13 29 13 29 29 13 5 29 26 14 6
split_gain=493633 107879 61965.1 43629.8 23626.7 22564.4 15126.6 12544.8 12479.2 17024.2 11954.5 8011.76 8155.47 7934.28 7081.12 10396 6959.88 6610.18 6541.81 6497.17 6142.91 6253.43 6248.09 6220.1 6753.58 6039.18 5948.96 7778.56 5897.48 5727.45 5590.91 9164.96 7318.79 7057.99 5327.25 5232.16 5988.24 5073.37 5053.26 4938.53 4898.93 4850.14 6663.4 4838.62 10289.3 4884.86 5341.29 4819.4 4784.83 4844.25 10076.4 4694.41 4581.35 4508.82 4465.83 4458.88 6393.21 4449.77 4823.27 4398.19 4405.14 4353.6
threshold=1848.5000000000002 -13.734583333333331 3.5000000000000004 40.685486111111118 33.500000000000007 3.2500000000000004 3.2500000000000004 52.750000000000007 1.0000000180025095e-35 49.500000000000007 53.08784722222223 2.4356608950704897 -0.44104166666666639 -38.249999999999993 14.65 66.250000000000014 37.250000000000007 13.500000000000002 7.5000000000000009 1.5000000000000002 67.250000000000014 66.250000000000014 1.9500000000000002 4.5500000000000007 0.48492424242424248 0.067051594801388753 24.500000000000004 1.0000000180025095e-35 6.1414338263637278 0.060985941103057259 3.7500000000000004 8.4500000000000011 10.550000000000002 0.50552503052503062 1.0000000180025095e-35 26.750000000000004 18.450000000000003 8.5000000000000018 -20.499999999999996 54.750000000000007 25.107083333333339 1.0000000180025095e-35 12.500000000000002 1.7540825283808616 16.550000000000004 50.750000000000007 49.750000000000007 0.4694499751119961 11.450000000000001 8.2500000000000018 77.250000000000014 -18.249999999999996 11.950000000000001 -24.249999999999996 4.9500000000000011 7.2500000000000009 -6.2499999999999991 -14.499999999999998 17.250000000000004 0.96911300443519932 43.750000000000007 11.265637278554342
decision_type=2 2 2 2 2 2 2 2 2 2 2 2 2 2 2 2 2 2 2 2 2 2 2 2 2 2 2 2 2 2 2 2 2 2 2 2 2 2 2 2 2 2 2 2 2 2 2 2 2 2 2 2 2 2 2 2 2 2 2 2 2 2
left_child=2 4 8 6 7 10 16 59 38 18 41 12 25 61 28 -16 -3 35 -10 54 21 22 -15 -24 39 53 27 -18 48 51 -19 -32 33 -33 -6 36 37 -7 -1 -25 -40 -5 -43 -28 45 46 -45 -34 49 50 55 -26 -49 -4 -8 -12 -57 -14 -59 -2 -61 -9
right_child=1 3 11 5 34 17 19 13 9 -11 14 -13 57 20 15 -17 26 30 -20 -21 -22 -23 23 24 29 -27 43 -29 -30 -31 31 32 47 -35 -36 -37 -38 -39 40 -41 -42 42 -44 44 -46 -47 -48 52 -50 -51 -52 -53 -54 -55 -56 56 -58 58 -60 60 -62 -63
leaf_value=-0.11865031588500603 0.06803138764961858 -0.15430783441983725 0.16082646159928329 0.059534954747141315 0.071335007197887379 0.043091568837287722 0.007702494496197621 0.36720665520935208 0.11380702753370889 -0.038500661933832996 0.12919490636842199 -0.12319116221283993 -0.13056452030818819 0.020521356415374455 0.14544563891089674 0.55060998550598228 0.018201708824673209 0.098362794895812511 0.016166231123700969 -0.0044417047658917835 0.30653206698259572 -0.051935379127772519 0.29712600202112466 0.28963504858948441 0.29771428018135998 -0.081406172712708322 0.047569388570713619 0.13065782447532981 0.0095257011084309978 0.13790599913370014 -0.14310739020674543 -0.016637662818037167 0.15227133513415031 0.35819156424836684 0.13584123742904641 -0.081967087934112906 0.28735823329193172 0.15626871419865285 -0.059891137876970285 0.042112273097488002 -0.021464063376304077 0.22222640309741037 0.092426390643872119 -0.016777434480467934 0.21243065905248107 0.022351763671654257 -0.15391892418251096 -0.31501646714561299 0.33446527349482652 0.075064512728184873 0.44898027294283288 0.15045291165093544 -0.027419843483553499 -0.033638544396702739 -0.097929033248631947 0.3565727564304641 0.10065351857573068 -0.093477550756914995 0.04835124722760431 0.34272190030875072 0.14419087834357677 0.15418072382257844
leaf_weight=2631 1882 491 310 12416 6202 16170 1353 1312 1958 24148 5318 19501 9424 461 410 258 2817 715 13802 13277 1348 256 1611 246 2049 13708 13799 3386 864 1520 1493 231 210 274 6623 740 269 1054 24627 1097 12508 1081 11558 5423 588 9379 816 208 325 2208 289 740 411 7179 3839 558 435 21578 616 317 2351 296
leaf_count=2631 1882 491 310 12416 6202 16170 1353 1312 1958 24148 5318 19501 9424 461 410 258 2817 715 13802 13277 1348 256 1611 246 2049 13708 13799 3386 864 1520 1493 231 210 274 6623 740 269 1054 24627 1097 12508 1081 11558 5423 588 9379 816 208 325 2208 289 740 411 7179 3839 558 435 21578 616 317 2351 296
internal_value=0.000217908 0.0676088 -0.0622886 0.0456822 0.15486 0.0761608 0.0139173 0.19643 -0.0318725 -0.0121191 0.100617 -0.0957986 -0.0856823 0.225462 0.144954 0.30252 0.0324904 0.0360401 0.0283034 -0.0229884 0.207734 0.191008 0.199066 0.210394 0.185624 -0.0616806 0.0350277 0.0795987 0.134396 0.216138 -0.0264573 -0.0580502 0.037181 0.187041 0.104655 0.0481818 0.0536918 0.050026 -0.0516956 0.0876333 -0.0469489 0.081739 0.103545 0.025811 0.00728257 -0.000454128 -0.034736 -0.0542243 0.146207 0.139223 0.160673 0.25871 -0.124412 -0.0255685 -0.070406 0.147401 0.244677 -0.101771 -0.0895391 0.126615 0.167899 0.328113
internal_weight=292964 140974 151990 112663 28311 57495 55168 15486 79674 39908 35720 72316 52815 10936 10665 668 36699 21775 15760 18469 9328 7980 7724 7263 5652 21197 36208 6203 9997 4309 3542 2827 1334 505 12825 18233 17493 17224 39766 1343 37135 25055 12639 30005 16206 15618 6239 829 9133 8808 6600 2789 619 7489 5192 6311 993 31618 22194 4550 2668 1608
internal_count=292964 140974 151990 112663 28311 57495 55168 15486 79674 39908 35720 72316 52815 10936 10665 668 36699 21775 15760 18469 9328 7980 7724 7263 5652 21197 36208 6203 9997 4309 3542 2827 1334 505 12825 18233 17493 17224 39766 1343 37135 25055 12639 30005 16206 15618 6239 829 9133 8808 6600 2789 619 7489 5192 6311 993 31618 22194 4550 2668 1608
is_linear=0
shrinkage=0.05


Tree=37
num_leaves=63
num_cat=0
split_feature=15 11 15 15 7 11 13 13 11 5 6 7 16 19 15 29 15 16 19 31 31 14 14 16 19 7 5 5 29 29 0 14 13 9 29 9 29 29 19 16 14 8 31 29 29 13 13 13 17 8 14 13 15 14 14 13 14 14 14 29 26 26
split_gain=451413 99062.1 49817.4 41722.4 26269.3 21627.7 17825.5 13407.3 10725.7 10579.1 10019.8 9937.64 8608.26 13849 8046.8 7682.27 7335.77 6920.71 9661.47 6739.47 6226.9 5962.46 8602.25 5952.5 11503.1 5773.86 6213.16 5684.54 5596.43 5458.5 5280.49 5117.07 4995.77 5262.08 4972.03 5576.73 5748.31 8049.29 4968.19 5536.4 4953.73 5181.77 4641.29 4578.53 4364.78 4347.32 4923.75 5666.82 4191.72 4178.08 4081.96 4145.9 4005.75 3994.58 7436.78 5018.66 4306.27 5472.55 5006.22 4458.93 4105.24 3993
threshold=27.000208333333337 -15.422569444444441 45.500486111111123 11.250208333333335 0.14636696732948509 -1.9364583333333327 3.2500000000000004 -35.249999999999993 -2.5918055555555553 22.500000000000004 -17.082406474276155 1.5850552079958129 1.0000000180025095e-35 43.500000000000007 58.776736111111113 11.15 51.745069444444447 1.0000000180025095e-35 40.500000000000007 1.984108946608947 8.460242778960172 50.250000000000007 49.750000000000007 1.0000000180025095e-35 26.500000000000004 0.69217125599999207 -30.499999999999996 17.500000000000004 3.9500000000000006 3.1500000000000008 2139.5000000000005 45.750000000000007 -35.249999999999993 18.500000000000004 2.1500000000000008 13.500000000000002 8.4500000000000011 10.550000000000002 30.500000000000004 1.0000000180025095e-35 64.250000000000014 5.5000000000000009 8.9983315295815327 9.6500000000000004 9.4500000000000011 -46.249999999999993 -41.749999999999993 -39.249999999999993 2.5000000000000004 23.500000000000004 40.250000000000007 9.7500000000000018 36.403055555555561 46.250000000000007 44.250000000000007 -21.249999999999996 49.750000000000007 51.250000000000007 49.250000000000007 13.550000000000002 0.96553696271681155 0.72384313594337546
decision_type=2 2 2 2 2 2 2 2 2 2 2 2 2 2 2 2 2 2 2 2 2 2 2 2 2 2 2 2 2 2 2 2 2 2 2 2 2 2 2 2 2 2 2 2 2 2 2 2 2 2 2 2 2 2 2 2 2 2 2 2 2 2
left_child=3 4 5 23 7 9 14 28 11 17 19 32 50 -14 21 30 53 52 -19 -7 25 22 -4 -1 -25 26 -10 -17 29 -2 -6 -22 43 44 40 42 -37 -38 39 -23 -8 -42 -36 -5 -34 -30 -47 -48 -15 61 -12 -52 -3 54 55 -9 58 60 -55 -59 -58 -28
right_child=1 2 6 8 15 10 34 16 20 -11 12 -13 13 48 -16 27 -18 18 -20 -21 31 38 -24 24 -26 -27 49 -29 45 -31 -32 -33 33 -35 35 36 37 -39 -40 -41 41 -43 -44 -45 -46 46 47 -49 -50 -51 51 -53 -54 56 -56 -57 57 59 -60 -61 -62 -63
leaf_value=-0.11418074636635721 0.2905906336694401 0.009520565274200192 0.060744326901454093 0.033026550297385597 0.050832878724411806 0.07753931509183537 0.047482279521963475 0.36172330340707742 -0.14015951060683904 -0.045039555741055302 -0.23027106958131616 -0.080391400828577028 0.082944198377562783 0.012098144104729702 0.16882371940580113 0.063885555802551383 0.21793586508179119 0.11947433055569277 0.047308926260839948 -0.16544647385227124 0.25435205833942054 0.09213845407978638 -0.24531140677188035 -0.019255153319250293 -0.09783548190905253 -0.10650225074874578 0.11140283873943346 -0.12984855729241263 0.49919499351509988 -0.028621889250757905 0.13295603880250945 0.0019882558745601782 -0.009440719464992503 0.031723546288197145 0.040393384870575387 -0.13546293556369696 0.27706986786906357 -0.075290424877391599 0.092500500105352684 0.20910259515671092 0.3274337456417597 0.065526598980707104 0.24937971678069412 0.24258095669014568 -0.058352001989529861 0.14830004538863134 0.52919137853080644 0.28660683112270319 -0.048743359087508355 -0.013123092883400057 -0.0050437890097771694 -0.053066740157764997 0.055154307693926444 0.18720163552916735 -0.11584784748594089 0.01094131442962341 -0.14135299177410512 0.14117155498978964 0.44623322987981856 0.37016954411282743 0.09590067064646951 -0.058404543035466119
leaf_weight=28319 321 10625 1163 1141 2774 352 967 202 1978 3044 233 5797 6544 9897 5013 1000 4995 7010 13710 1495 251 1896 285 5844 22943 5905 349 608 349 229 6663 990 14946 5189 11502 923 256 438 15320 2175 448 327 271 337 6564 389 333 889 3964 6624 14184 6578 8785 1029 410 205 285 3710 228 225 502 32853
leaf_count=28319 321 10625 1163 1141 2774 352 967 202 1978 3044 233 5797 6544 9897 5013 1000 4995 7010 13710 1495 251 1896 285 5844 22943 5905 349 608 349 229 6663 990 14946 5189 11502 923 256 438 15320 2175 448 327 271 337 6564 389 333 889 3964 6624 14184 6578 8785 1029 410 205 285 3710 228 225 502 32853
internal_value=-0.00017022 0.059273 0.0413129 -0.0650136 0.149547 0.0197814 0.0867137 0.194281 -0.0423639 0.0448151 -0.00521047 -0.0207784 -0.000125743 0.0230006 0.111941 0.0916125 0.171917 0.0516319 0.0717285 -0.119122 -0.0573448 0.0982505 0.000377732 -0.0979019 -0.0818842 -0.0602211 -0.0536813 -0.00940232 0.299232 0.157871 0.108824 0.0531941 -0.00851151 -0.0134661 0.0436091 0.0332659 -0.0537783 0.0548985 0.105559 0.154665 0.123048 0.217153 0.0452248 0.0809389 -0.0243685 0.338799 0.303764 0.353091 -0.00530371 -0.0493829 -0.0226022 -0.0202607 0.0301763 0.138066 0.0343157 0.185499 0.152234 0.130289 0.234503 0.154356 0.00991254 -0.0566163
internal_weight=292781 152751 127405 140030 25346 86421 40984 14301 82924 43174 43247 33974 41400 20405 25852 11045 11791 40130 20720 1847 48950 20839 1448 57106 28787 47709 41804 1608 2510 550 9437 1241 28177 26699 15132 13390 1617 694 19391 4071 1742 775 11773 1478 21510 1960 1611 1222 13861 39826 20995 20762 19410 6796 817 407 5979 4722 1257 3935 787 33202
internal_count=292781 152751 127405 140030 25346 86421 40984 14301 82924 43174 43247 33974 41400 20405 25852 11045 11791 40130 20720 1847 48950 20839 1448 57106 28787 47709 41804 1608 2510 550 9437 1241 28177 26699 15132 13390 1617 694 19391 4071 1742 775 11773 1478 21510 1960 1611 1222 13861 39826 20995 20762 19410 6796 817 407 5979 4722 1257 3935 787 33202
is_linear=0
shrinkage=0.05


Tree=38
num_leaves=63
num_cat=0
split_feature=12 12 11 11 12 10 11 2 13 12 7 29 27 9 13 31 5 7 11 13 8 8 29 11 23 29 29 31 27 31 10 5 29 13 29 5 16 19 0 6 13 5 29 29 31 27 16 19 29 29 31 13 29 13 6 13 29 13 31 28 31 16
split_gain=409091 81638.2 74295.5 20523.7 20148.3 15871.6 14290 12534.7 12092.1 12027.3 8248.05 8913.65 8044.4 8076.71 7151.21 6746.37 8254.53 7611.93 6541.43 6196.13 5922.51 5693.77 5609.67 5651.66 5582.79 5569.76 5517.66 7059.73 5658.15 6120.66 5454.1 5430.73 6034.09 5378.44 6608.41 5313.44 5105.78 8494.9 5033.07 4962.53 5151.24 4930.41 4820.32 4719.95 5394.25 4769.98 4647.78 8731.46 4637.3 4628.1 7191.73 5291.57 7373.95 6572.47 4948.84 4572.12 5251.36 5679.74 4769.55 4719.92 4437.36 4436.4
threshold=33.595069444444455 19.257777777777779 -6.9879166666666652 -27.796597222222221 52.065833333333337 5.5000000000000009 -4.6207638888888871 615.50000000000011 13.750000000000002 49.201111111111125 -0.028456262919584231 9.4500000000000011 0.47630278526504949 2.5000000000000004 13.750000000000002 8.460242778960172 3.5000000000000004 0.58351677060101326 -16.169444444444441 3.2500000000000004 7.5000000000000009 35.500000000000007 7.7500000000000009 -19.096249999999998 2.5000000000000004 2.6500000000000008 6.4500000000000011 2.8193820740097943 0.53581294396211532 4.0530225741745118 27.500000000000004 13.500000000000002 7.5500000000000007 -39.249999999999993 4.5500000000000007 -6.4999999999999991 1.0000000180025095e-35 49.500000000000007 2585.5000000000005 3.1626289853210516 -25.749999999999996 -23.499999999999996 11.050000000000002 2.1500000000000008 3.2101663278589139 0.46349539654336946 1.0000000180025095e-35 45.500000000000007 9.5500000000000025 8.2500000000000018 4.8427937433722175 -6.7499999999999991 15.750000000000002 -5.2499999999999991 6.2806802514124813 -6.2499999999999991 1.2500000000000002 -5.2499999999999991 3.4074097866676527 0.53352059925093642 2.980791592128802 1.0000000180025095e-35
decision_type=2 2 2 2 2 2 2 2 2 2 2 2 2 2 2 2 2 2 2 2 2 2 2 2 10 2 2 2 2 2 2 2 2 2 2 2 2 2 2 2 2 2 2 2 2 2 2 2 2 2 2 2 2 2 2 2 2 2 2 2 2 2
left_child=1 5 3 20 8 -1 10 46 12 22 11 -3 -4 25 15 17 -17 36 -12 49 33 30 23 39 -10 -14 27 -15 -28 -30 -20 32 -25 34 -2 -26 -8 -38 -11 -5 -41 -9 48 -21 -45 -46 -7 -48 -37 54 -51 -52 53 -53 55 58 -57 -58 -6 -59 -29 -43
right_child=2 6 4 9 19 7 14 41 24 38 18 -13 13 26 -16 16 -18 -19 21 43 -22 -23 -24 31 35 -27 28 60 29 -31 -32 -33 -34 -35 -36 42 37 -39 -40 40 -42 61 -44 44 45 -47 47 -49 -50 50 51 52 -54 -55 -56 56 57 59 -60 -61 -62 -63
leaf_value=0.35739033619326521 0.1470695921903207 0.13102537110422904 0.005434772917099818 0.25163256094714453 0.20507258810763782 -0.11271768983473424 -0.033092477637760014 -0.11999086152930641 0.050901098980816489 -0.052545228868296462 0.067318026046462268 -0.029635855929804888 -0.068838058033674362 0.062097202461502465 -0.073393630685557362 -0.0071076315141602141 0.26452340090610976 -0.086384306508252628 -0.018230818085282118 0.1632910808094537 0.14209453071690339 -0.07148218389290649 0.065430368996564195 0.10637204144797177 -0.10808422835322531 0.031509533662844681 0.075568799401551534 -0.17537823337560662 0.34598499038002711 0.12717482433938518 0.035767935151867249 0.030747230540820382 0.34603798320407381 0.20666549385243516 0.40135058657097233 -0.00079603738195600966 0.043602106643449975 -0.023083629217473672 0.15586923326556523 0.10302776655606101 0.35373887481266819 -0.072384368886491912 -0.11885228293010451 -0.012672098802324944 -0.099603698122431861 0.094669221614748875 -0.044850403111470857 -0.10621902009184724 0.21981916372425384 -0.065250049642103555 -0.079731537598859648 0.32958642701846913 0.38064958898554724 0.058009538857759758 0.036864830173171853 -0.010593846133720559 -0.036236842891754453 0.16483866138898837 0.47379898716935553 0.34113368078519152 0.0019673222104729278 -0.041331174836808399
leaf_weight=208 352 2898 14103 1167 605 23810 19935 3319 1581 296 3817 1229 1593 7731 6874 711 460 4136 10403 980 1918 2707 11182 7817 2596 10438 8614 501 384 1900 8493 2550 271 2468 947 2080 7764 12404 12683 2221 225 23055 781 2493 342 4034 9691 14429 268 709 289 270 291 1256 778 451 292 2147 228 462 1186 22963
leaf_count=208 352 2898 14103 1167 605 23810 19935 3319 1581 296 3817 1229 1593 7731 6874 711 460 4136 10403 980 1918 2707 11182 7817 2596 10438 8614 501 384 1900 8493 2550 271 2468 947 2080 7764 12404 12683 2221 225 23055 781 2493 342 4034 9691 14429 268 709 289 270 291 1256 778 451 292 2147 228 462 1186 22963
internal_value=3.36918e-05 -0.0469845 0.0743254 0.125072 0.0420715 -0.0778966 -0.0101624 -0.0788311 0.0275431 0.111944 0.0176315 0.0831857 0.036948 0.0506869 -0.0258694 -0.0186739 0.0997309 -0.0218103 0.00698579 0.0920432 0.213741 -0.00367684 0.0919502 0.112753 -0.0322481 0.0182181 0.0699129 0.0418761 0.094136 0.164098 0.00604008 0.0943862 0.114444 0.250173 0.332612 -0.0552152 -0.0151485 0.00258902 0.151112 0.16679 0.126225 -0.0611373 -0.0113315 0.0606892 0.0460294 0.0794668 -0.0970427 -0.081565 0.0244678 0.123671 0.0724204 0.118777 0.150377 0.106245 0.15272 0.174244 0.14811 0.172778 0.279105 0.196176 -0.0507729 -0.05689
internal_weight=292786 179306 113480 44097 69383 97475 81831 97267 53756 38412 29547 4127 46450 32347 52284 45410 1171 44239 25420 15627 5685 21603 25433 14251 7306 12031 20316 9418 10898 2284 18896 10638 8088 3767 1299 5725 40103 20168 12979 3613 2446 49337 3129 7849 6869 4376 47930 24120 2348 7778 2815 2106 1817 1526 4963 4185 3352 2901 833 2609 1687 46018
internal_count=292786 179306 113480 44097 69383 97475 81831 97267 53756 38412 29547 4127 46450 32347 52284 45410 1171 44239 25420 15627 5685 21603 25433 14251 7306 12031 20316 9418 10898 2284 18896 10638 8088 3767 1299 5725 40103 20168 12979 3613 2446 49337 3129 7849 6869 4376 47930 24120 2348 7778 2815 2106 1817 1526 4963 4185 3352 2901 833 2609 1687 46018
is_linear=0
shrinkage=0.05


Tree=39
num_leaves=63
num_cat=0
split_feature=1 11 12 12 12 13 13 16 20 5 29 27 14 14 5 16 12 17 29 20 13 29 14 20 9 16 20 13 16 14 27 13 26 31 7 29 27 29 29 14 29 29 13 14 24 7 31 11 12 28 28 31 29 28 5 7 13 29 13 14 28 14
split_gain=372124 86970.9 46379.6 33757.3 20204.8 18087.4 12144.5 9692.17 15020 9433.75 10375.5 10098.3 9038.03 8347.66 8081.99 7582.06 7248.82 6842.89 6590.79 6457.85 6121.57 6099.68 8874.44 5877.95 5871.72 5868.74 8006.1 5794.86 5743.12 5675.98 5503.41 5267.67 5125.95 4990.44 4888.37 4816.15 5246.42 4815.94 8457.96 11563.2 5013.41 4749.73 4574.56 4532.88 4509.45 4414.31 4261.2 5256.37 4233.19 4088.34 4046.76 4011.21 6861.68 5279.92 4006.77 5785.64 4456.35 3993.84 3956.65 5045.71 7753.93 7135.05
threshold=42.994185260204681 -12.883541666666664 14.570416666666668 47.53819444444445 51.745069444444447 -2.7499999999999996 9.2500000000000018 1.0000000180025095e-35 0.46500000000000002 1.5000000000000002 16.550000000000004 0.46349539654336946 50.750000000000007 43.750000000000007 -13.499999999999998 1.0000000180025095e-35 3.3944444444444439 2.5000000000000004 9.4500000000000011 0.77500000000000013 -43.249999999999993 9.5500000000000025 49.250000000000007 0.82500000000000007 2.5000000000000004 1.0000000180025095e-35 0.47500000000000003 17.250000000000004 1.0000000180025095e-35 66.250000000000014 0.47176454956152009 -14.249999999999998 1.0390845538940237 8.9983315295815327 0.15912105136243068 11.15 0.51360607182525009 8.6500000000000004 10.050000000000002 68.250000000000014 3.3500000000000001 13.450000000000001 4.7500000000000009 59.250000000000007 37.500000000000007 1.2281366798345372 5.6021743697479005 6.2897916666666669 34.250625000000007 0.47508865248226956 0.47230743012951609 1.9383918128654971 6.2500000000000009 0.51714341692789978 -20.499999999999996 0.24227274968254817 -3.7499999999999996 14.850000000000003 -3.2499999999999996 51.750000000000007 0.4878637916813951 48.750000000000007
decision_type=2 2 2 2 2 2 2 2 2 2 2 2 2 2 2 2 2 2 2 2 2 2 2 2 2 2 2 2 2 2 2 2 2 2 2 2 2 2 2 2 2 2 2 2 2 2 2 2 2 2 2 2 2 2 2 2 2 2 2 2 2 2
left_child=2 4 16 5 15 9 25 42 -9 18 12 -12 21 49 29 -2 -1 -10 -3 50 -6 32 31 54 34 -5 -27 48 -25 57 -8 -23 -11 -13 46 36 -22 40 39 -39 -32 43 45 -37 -14 -4 -16 -48 -26 -7 -17 53 -53 -29 -18 56 -56 -15 59 61 -61 -20
right_child=1 3 7 6 20 13 30 8 17 10 11 33 44 14 24 19 23 -19 58 -21 35 22 -24 28 27 26 -28 51 -30 -31 37 -33 -34 -35 -36 41 -38 38 -40 -41 -42 -43 -44 -45 -46 -47 47 -49 -50 -51 -52 52 -54 -55 55 -57 -58 -59 -60 60 -62 -63
leaf_value=-0.10771548916613093 0.076732714261113083 0.093935533663834656 -0.027352659626790468 0.073338029000824617 0.34318659883171609 -0.15627264694936138 -0.087592763921282679 -0.037442106237692029 0.045424837419168931 0.039412127402478972 -0.046211855643008268 0.53067250578312208 0.10525061416817452 -0.081840873693556693 0.022602910551362199 0.067307324905980223 -0.12183978081064076 -0.02301199884921282 0.01110563495512726 0.21302008243870474 0.1377139567728097 0.10197215911696354 -0.35125724720247326 -0.074224313713339568 0.0049959966687588469 0.087351101332901443 0.16874264027861707 -0.078886898839029315 0.017257791080745839 0.1075822795410175 0.096344078162584404 -0.11471253246532108 -0.070883225073253869 0.19738236202167408 -0.088670707488640671 0.22041415793848743 0.23183475525390884 0.094019776948456035 0.037739946810632814 0.54983257747268022 -0.028838982148192051 0.21460413546384088 -0.074949559060113011 -0.054734373739787803 0.026130151832866773 -0.084929760094452605 -0.0045010578767546725 -0.20353400591082235 0.050735028239243078 -0.038954656671127519 0.13869875043115365 -0.27350907263318847 -0.033407726168908941 0.27226646934257875 -0.014779174109594532 -0.089017195791420076 -0.069391621480752314 0.09373016672563822 0.17282878755164499 0.1517536565375274 -0.022353398682414587 -0.19190246338597364
leaf_weight=20361 10626 11623 25203 12488 662 1129 972 21463 12247 2766 247 208 2144 4535 4698 2837 4893 5204 1714 2168 2186 374 317 3506 8048 7116 5256 227 3358 499 1128 1113 1700 247 2111 202 4627 383 1483 218 2742 506 9489 569 11234 3835 929 515 13619 2169 6633 376 1414 201 5587 25624 11274 348 424 1239 1320 578
leaf_count=20361 10626 11623 25203 12488 662 1129 972 21463 12247 2766 247 208 2144 4535 4698 2837 4893 5204 1714 2168 2186 374 317 3506 8048 7116 5256 227 3358 499 1128 1113 1700 247 2111 202 4627 383 1483 218 2742 506 9489 569 11234 3835 929 515 13619 2169 6633 376 1414 201 5587 25624 11274 348 424 1239 1320 578
internal_value=0.000107206 0.0586566 -0.0541385 0.0377803 0.132592 0.0200935 0.0812168 -0.0270335 -0.00943265 0.0452873 0.022356 0.211096 0.0156021 -0.00289736 0.00380727 0.107282 -0.0822739 0.0250164 0.0729001 0.135165 0.19696 -0.033929 -0.111496 -0.072722 0.0133041 0.0975293 0.12194 0.0258666 -0.0294735 -0.0528938 0.0226595 -0.0601816 -0.00257869 0.350573 -0.023052 0.184954 0.20166 0.04067 0.10193 0.259995 0.00766395 0.0957354 -0.0448105 0.017546 0.0388172 -0.0349594 -0.000488109 -0.0755775 0.0337467 -0.0791512 0.117321 -0.051092 -0.083967 0.0862742 -0.078987 -0.0740489 -0.0512974 -0.0693117 0.0265414 0.0137222 0.061971 -0.0401506
internal_weight=292912 140868 152044 109852 31016 78066 31786 77441 38914 37248 20350 702 19648 40818 37520 22264 74603 17451 16898 11638 8752 6270 1804 54242 32138 24860 12372 23885 6864 5382 6926 1487 4466 455 8253 8090 6813 5954 2084 601 3870 1277 38527 771 13378 29038 6142 1444 21667 3298 9470 2218 1790 428 47378 42485 16861 4883 5275 4851 2559 2292
internal_count=292912 140868 152044 109852 31016 78066 31786 77441 38914 37248 20350 702 19648 40818 37520 22264 74603 17451 16898 11638 8752 6270 1804 54242 32138 24860 12372 23885 6864 5382 6926 1487 4466 455 8253 8090 6813 5954 2084 601 3870 1277 38527 771 13378 29038 6142 1444 21667 3298 9470 2218 1790 428 47378 42485 16861 4883 5275 4851 2559 2292
is_linear=0
shrinkage=0.05


Tree=40
num_leaves=63
num_cat=0
split_feature=15 15 11 15 11 14 13 29 29 7 11 7 14 29 29 29 14 8 16 13 13 29 6 19 6 7 13 14 25 21 7 29 29 5 6 9 5 31 13 13 13 6 6 29 14 14 14 14 29 29 14 29 29 14 29 14 29 29 31 29 29 13
split_gain=336510 74330.3 58766.4 16000.3 14999.5 14783.2 13172 10935.7 11596.2 10603.7 11452 10575.9 10236.1 9633.88 8806.97 10815.4 8058.42 8001.88 7637.43 7635.72 7487.35 6777.81 7294.77 6554.55 6474.6 6405.86 6142.15 6136.02 6737.24 5900.86 6699.54 6104.72 5633.5 5450.58 5447.9 6745.31 5252.63 5244.95 6566.1 5223.81 5165.94 5147.87 5116.46 5065.87 5057.3 14456.8 7046.58 11829.2 7666.42 15072.7 13154.6 6705.29 10270.9 5520.55 5714.17 5860.62 5318.37 5046.9 5029.08 4884.29 5833.08 4814.15
threshold=34.670902777777791 19.257777777777783 -6.838819444444443 50.137569444444445 -1.4809027777777775 83.250000000000014 6.7500000000000009 15.550000000000002 18.950000000000003 2.4356608950704897 -0.73666666666666636 0.045977038491530363 56.750000000000007 20.350000000000005 12.750000000000002 14.65 66.250000000000014 42.500000000000007 1.0000000180025095e-35 -24.749999999999996 -35.249999999999993 11.550000000000002 -16.221984346202532 24.500000000000004 1.1894209551655586 0.24227274968254817 -2.2499999999999996 48.250000000000007 2.4465297822994199 1.0000000180025095e-35 -0.13394993164730004 3.0500000000000003 9.4500000000000011 -14.499999999999998 -6.9862364675577497 11.500000000000002 21.500000000000004 5.4600408163265319 13.750000000000002 -27.249999999999996 -27.249999999999996 -6.0473938347483189 7.0596958416523421 10.65 60.250000000000007 59.750000000000007 64.750000000000014 67.250000000000014 8.2500000000000018 9.2500000000000018 72.750000000000014 9.4500000000000011 8.1500000000000004 71.750000000000014 6.9500000000000011 75.750000000000014 6.6500000000000012 11.950000000000001 2.9614134555978286 5.9500000000000011 4.9500000000000011 -35.249999999999993
decision_type=2 2 2 2 2 2 2 2 2 2 2 2 2 2 2 2 2 2 2 2 2 2 2 2 2 2 2 2 2 10 2 2 2 2 2 2 2 2 2 2 2 2 2 2 2 2 2 2 2 2 2 2 2 2 2 2 2 2 2 2 2 2
left_child=1 9 3 18 17 6 7 11 16 10 25 12 41 -10 21 26 -9 20 -2 -5 42 22 -14 -20 32 40 -16 -8 37 30 31 -30 39 -12 35 -24 -13 43 -39 -22 -1 -4 -3 -29 45 56 51 -48 53 -50 -51 52 -46 -49 55 -55 59 -31 -33 60 -36 -27
right_child=2 4 5 19 -6 -7 27 8 13 -11 33 36 14 -15 15 -17 -18 -19 23 -21 24 -23 34 -25 -26 61 -28 28 29 57 -32 58 -34 -35 44 -37 -38 38 -40 -41 -42 -43 -44 -45 46 -47 47 48 49 50 -52 -53 -54 54 -56 -57 -58 -59 -60 -61 -62 -63
leaf_value=0.19042565250271282 0.066171360944767596 0.28846166470263268 -0.021465212760800906 0.20790870609339232 -0.030597824805986704 0.37776529991332397 -0.07504472806583698 0.17973720378728089 -0.28967217456714972 -0.10292491011613986 -0.10582634193810472 0.019731590109725056 -0.16915681400181104 0.13731635966272734 -0.32418391757423826 0.20670963775406315 0.48152431918037986 -0.091872938528000159 0.18739293060294068 0.13256347044245326 0.24586819520827091 0.27222684664214664 0.426188586743176 0.10206663928196824 -0.0030285693494866155 0.051071132449755557 -0.013787812357077756 0.066529670751896405 0.070274149824168214 0.043141360877092132 0.0088891937649109715 -0.2055456314611892 -0.010530398850450026 -0.067333930178164456 0.029851189108713917 0.14694982894759834 -0.16836303227832861 0.073766825770092734 -0.14114578565393671 0.050901229366695701 -0.014327369110784617 0.053005348423656423 0.070827946920152748 0.29194096777399731 0.012616389955148501 0.44991066508299238 0.2351235186029515 0.019025120568611394 -0.37307706332301505 0.32124499259376021 -0.21370508428754775 0.19480854702769254 -0.31431489503253462 0.018019770194825376 0.4011779011990953 0.32888680967756012 0.17559498186664568 0.28639266544946063 -0.062699478547209142 -0.18161903467606491 0.32134070156187544 -0.061263915887073077
leaf_weight=316 13243 302 2992 5020 38015 323 2076 1443 224 20013 12719 14383 245 319 311 280 261 1814 2809 10220 355 602 249 11356 30296 1003 326 5173 603 1031 7098 866 4295 33255 1056 1626 380 732 689 9905 10919 10333 2499 261 2246 342 1286 951 282 264 202 413 268 474 238 222 1417 268 2135 212 204 19149
leaf_count=316 13243 302 2992 5020 38015 323 2076 1443 224 20013 12719 14383 245 319 311 280 261 1814 2809 10220 355 602 249 11356 30296 1003 326 5173 603 1031 7098 866 4295 33255 1056 1626 380 732 689 9905 10919 10333 2499 261 2246 342 1286 951 282 264 202 413 268 474 238 222 1417 268 2135 212 204 19149
internal_value=0.000530164 -0.0404317 0.070671 0.116321 -0.00698111 0.0408582 0.0391778 0.054695 0.162129 -0.0704834 -0.0620897 0.0489167 0.0674983 -0.0390349 0.0978185 -0.0518176 0.226217 0.0111688 0.0934773 0.157394 0.0150932 0.108543 0.100442 0.118999 0.0101392 -0.0388052 -0.165602 0.00652095 0.0155046 -0.00708404 -0.0193015 -0.0748096 0.0375459 -0.0779852 0.105982 0.18424 0.014879 0.0550457 -0.0304638 0.0576705 -0.00855197 0.0362833 0.0943875 0.0774081 0.0914041 0.142963 0.0670534 0.110884 0.0501373 -0.0852243 0.0893957 0.00835009 -0.0223466 0.103868 0.190142 0.117505 0.106483 0.0935089 -0.103975 0.0398796 0.0772621 -0.0556705
internal_weight=292809 184855 107954 42648 87481 65306 64983 44051 2247 97374 77361 41804 27041 543 13716 917 1704 49466 27408 15240 47652 12799 12197 14165 44851 31387 637 20932 18856 12001 10702 3604 14555 45974 11952 1875 14763 6855 1421 10260 11235 13325 2801 5434 10077 3231 6846 3919 2633 748 466 2927 2514 1885 934 696 2889 1299 3001 1472 1260 20152
internal_count=292809 184855 107954 42648 87481 65306 64983 44051 2247 97374 77361 41804 27041 543 13716 917 1704 49466 27408 15240 47652 12799 12197 14165 44851 31387 637 20932 18856 12001 10702 3604 14555 45974 11952 1875 14763 6855 1421 10260 11235 13325 2801 5434 10077 3231 6846 3919 2633 748 466 2927 2514 1885 934 696 2889 1299 3001 1472 1260 20152
is_linear=0
shrinkage=0.05


Tree=41
num_leaves=63
num_cat=0
split_feature=0 11 24 3 12 10 13 14 13 14 29 14 14 14 11 28 14 27 31 5 14 7 11 29 14 16 10 14 29 29 13 25 13 14 14 11 14 29 31 27 14 16 20 7 29 25 28 13 14 25 14 5 13 13 14 14 29 13 13 29 10 14
split_gain=302674 62095.7 38543 22503.9 21946.9 18822.7 12732.4 12550.2 8767.48 9244 11419.6 10039.7 11665.6 8592.94 8547.64 7927.58 7858.44 8205.11 9371.32 8631.79 7374.74 7232.87 13422.1 7142.36 6534.89 6452.76 6201.97 6147.94 10198 15546.3 7642.75 9112.35 8095.6 9624.89 7640.13 6000.1 7400.21 6620.01 7620.98 6999.13 5911.66 5674.08 8856.86 5615.32 6118.35 6034.24 5610.57 5597.83 7122.05 5519.94 5552.36 5479.15 5432.13 5137.43 7074.55 9182.42 12557.9 7394.16 6841.73 5290.38 5232.38 5258.5
threshold=1862.5000000000002 -6.5795138888888873 109.50000000000001 1.5000000000000002 42.060138888888893 2.5000000000000004 -24.249999999999996 83.250000000000014 9.2500000000000018 64.250000000000014 17.850000000000005 61.750000000000007 62.250000000000007 71.250000000000014 -8.5554166666666642 0.52395295467584635 39.250000000000007 0.48157843707581932 8.2499910714285729 3.5000000000000004 72.250000000000014 0.83273668810173074 -0.76618055555555542 11.15 46.250000000000007 1.0000000180025095e-35 3.5000000000000004 67.250000000000014 4.4500000000000011 5.8500000000000005 -6.7499999999999991 2.7593104986165375 -1.7499999999999998 65.250000000000014 65.250000000000014 -2.6515972222222213 55.250000000000007 1.3500000000000003 1.6675345496813834 0.5182149966821501 65.250000000000014 1.0000000180025095e-35 0.46500000000000002 -0.041775468310634958 13.550000000000002 2.6906269953689099 0.48363334404800179 8.2500000000000018 54.250000000000007 2.6752128203021468 50.250000000000007 -14.499999999999998 -4.7499999999999991 -25.249999999999996 62.750000000000007 65.750000000000014 7.8500000000000005 -34.249999999999993 -31.749999999999996 5.4500000000000011 9.5000000000000018 67.250000000000014
decision_type=2 2 2 2 2 2 2 2 2 2 2 2 2 2 2 2 2 2 2 2 2 2 2 2 2 2 2 2 2 2 2 2 2 2 2 2 2 2 2 2 2 2 2 2 2 2 2 2 2 2 2 2 2 2 2 2 2 2 2 2 2 2
left_child=2 3 5 6 16 -1 23 8 9 11 27 35 52 24 -7 26 -3 49 -19 -20 -15 22 -4 53 -8 -5 -14 28 -11 34 -31 32 -32 -34 -30 36 -6 -38 -39 -40 -33 -16 -43 45 46 -29 -45 -37 -49 50 -18 -24 -13 54 57 56 58 -2 59 -56 61 -57
right_child=1 4 21 25 7 14 13 -9 -10 10 -12 12 15 20 41 -17 17 18 19 -21 -22 -23 51 -25 -26 -27 -28 43 29 30 31 40 33 -35 -36 47 37 38 39 -41 -42 42 -44 44 -46 -47 -48 48 -50 -51 -52 -53 -54 -55 55 60 -58 -59 -60 -61 -62 -63
leaf_value=0.4607720003417754 0.22176556586449966 -0.12869989776463117 -0.014695047642437037 0.032649586557543762 0.04733508302522333 0.015911161313472959 0.0180968186635104 0.42144707872399262 0.012830580800742692 0.28434079937446932 0.47914977074578041 0.0035059731805099632 0.096738575027479026 0.49961588154076986 -0.046171650982241401 0.21469597740116406 -0.040062423310031174 0.018684937122097109 0.080049168871671128 0.40237941250908282 0.17470534864641862 -0.089811464357281906 -0.10508315373022269 0.069223489957766351 0.10638784654516749 0.084709965014326635 -0.090416550415615443 0.0047957115123946487 0.085581352685888623 -0.10270139675816162 0.54307974938207015 -0.093259607688231827 0.43359409059126552 0.013335915336669502 -0.30900487062823495 0.034684345823559844 -0.075115407596541839 0.41274302272370067 0.057653596646621008 0.22573994902641489 0.21092728492335455 -0.039415831117700001 0.014215086054467746 -0.11400149998760867 0.2577733383885808 0.20541103215485498 0.045875976391657955 0.0017229922585898921 0.40134409758336376 -0.068039262004909049 0.023065153677762854 -0.061745575636992511 -0.29760915093997481 0.33504463661669465 0.1668325990751976 0.053980200258182724 0.086869706170899536 0.097225648056962308 0.67044115544136229 0.52774671358772773 0.015794926054461422 0.34926962195305339
leaf_weight=200 2045 1101 12253 11530 3057 11478 2387 230 10589 1032 204 211 685 217 31077 423 6055 24716 710 293 891 34397 10851 1358 17204 12307 1247 559 206 227 270 302 253 294 301 11266 279 312 1118 1390 337 17638 13659 730 262 1137 2200 209 238 4360 8198 22268 515 594 201 234 279 2862 289 207 402 425
leaf_count=200 2045 1101 12253 11530 3057 11478 2387 230 10589 1032 204 211 685 217 31077 423 6055 24716 710 293 891 34397 10851 1358 17204 12307 1247 559 206 227 270 302 253 294 301 11266 279 312 1118 1390 337 17638 13659 730 262 1137 2200 209 238 4360 8198 22268 515 594 201 234 279 2862 289 207 402 425
internal_value=-8.51981e-05 0.0534051 -0.0484035 0.0956907 0.0269834 -0.0224264 0.124812 0.0539502 0.0518188 0.0659255 0.110533 0.0482186 -0.0351295 0.103303 -0.0237412 0.0189108 0.00319137 0.00646976 0.0247687 0.174516 0.238732 -0.0725183 -0.0594064 0.174843 0.0956318 0.0595307 -0.0240441 0.101203 0.154819 0.093682 0.166782 0.208838 0.319366 0.208151 -0.148827 0.0625908 0.102554 0.156992 0.179974 0.150864 0.0672434 -0.0310381 -0.0160099 0.0658367 0.0267561 0.13933 0.00601772 0.0415803 0.214918 -0.0188152 -0.00375381 -0.0759473 -0.210211 0.193859 0.181735 0.26009 0.37075 0.149162 0.484097 0.350786 0.158041 0.244658
internal_weight=292769 138948 153821 53432 85516 74052 29595 40083 39853 29264 8314 20950 3081 20699 73852 2355 45433 44332 25719 1003 1108 79769 45372 8896 19591 23837 1932 8110 3222 2190 1683 1456 817 547 507 17869 6156 3099 2820 2508 639 62374 31297 4888 3192 1696 2930 11713 447 18613 14253 33119 726 7538 6944 2037 976 4907 697 408 1061 659
internal_count=292769 138948 153821 53432 85516 74052 29595 40083 39853 29264 8314 20950 3081 20699 73852 2355 45433 44332 25719 1003 1108 79769 45372 8896 19591 23837 1932 8110 3222 2190 1683 1456 817 547 507 17869 6156 3099 2820 2508 639 62374 31297 4888 3192 1696 2930 11713 447 18613 14253 33119 726 7538 6944 2037 976 4907 697 408 1061 659
is_linear=0
shrinkage=0.05


Tree=42
num_leaves=63
num_cat=0
split_feature=15 11 15 24 7 13 28 14 13 27 29 11 13 14 29 31 29 21 11 24 6 29 29 5 14 9 29 29 27 28 14 14 14 14 14 14 13 9 19 7 5 7 11 29 31 7 14 29 13 8 10 19 29 29 26 14 27 14 11 14 28 13
split_gain=273837 60748.5 31418.8 25598.2 18705.2 16572.8 13913.9 10457.1 9965.57 9264.45 8735.28 8089.19 7938.63 6717.85 7279.34 8819.78 8813.02 7498.56 7322.42 6432.07 6267.79 6248.14 10267 5985.64 6076 5902.84 6209.15 5789.56 9165.76 5646.06 5479.16 6020.56 5447.38 5699.81 5401.74 8050.65 8487.11 5784.21 5340.68 5269.13 5252.27 5156.52 8702.36 5154.49 5119.1 4751.55 4744.22 5639.57 4706.95 5407.85 4666.28 4615.84 4541.83 5208.97 4445.71 4896.08 4373.52 5133.48 4245.27 9406.86 5539.22 4199.32
threshold=27.000208333333337 -15.020624999999997 39.775277777777781 119.50000000000001 0.14636696732948509 1.2500000000000002 0.45722996515679448 82.750000000000014 4.7500000000000009 0.48843892007484635 11.450000000000001 -1.3223611111111107 -35.249999999999993 54.750000000000007 15.750000000000002 6.1414338263637278 13.15 -1.0000000180025095e-35 -3.529027777777777 77.500000000000014 6.719509318223559 1.3500000000000003 0.75000000000000011 34.500000000000007 39.250000000000007 13.500000000000002 4.0500000000000007 9.0500000000000025 0.49675310984608906 0.50824200706457756 62.750000000000007 57.750000000000007 67.250000000000014 62.250000000000007 63.750000000000007 65.750000000000014 -26.749999999999996 5.5000000000000009 17.500000000000004 1.2281366798345372 17.500000000000004 0.96160546770302879 -0.76618055555555542 1.8500000000000003 5.3592902930402948 -0.17283357929861368 64.750000000000014 1.7500000000000002 -32.749999999999993 16.500000000000004 43.500000000000007 24.500000000000004 2.0500000000000003 1.0500000000000003 0.87120451713030589 50.250000000000007 0.56677282377919325 43.750000000000007 -2.9289583333333336 47.750000000000007 0.46274824225977557 -32.249999999999993
decision_type=2 2 2 2 2 2 2 2 2 2 2 2 2 2 2 2 2 10 2 2 2 2 2 2 2 2 2 2 2 2 2 2 2 2 2 2 2 2 2 2 2 2 2 2 2 2 2 2 2 2 2 2 2 2 2 2 2 2 2 2 2 2
left_child=3 4 8 11 6 9 61 25 23 54 50 38 -8 58 15 17 32 45 -16 34 21 22 29 24 -3 -7 46 -28 44 -19 31 -18 33 -17 52 36 -36 -37 -1 48 -12 42 -5 -23 -29 -15 -27 -48 49 -40 -6 -26 53 -14 -4 -56 57 -13 60 -60 -11 -2
right_child=1 2 5 41 10 7 12 -9 -10 13 40 56 19 14 18 16 30 20 -20 -21 -22 43 -24 -25 51 26 27 28 -30 -31 -32 -33 -34 -35 35 37 -38 -39 39 -41 -42 -43 -44 -45 -46 -47 47 -49 -50 -51 -52 -53 -54 -55 55 -57 -58 -59 59 -61 -62 -63
leaf_value=0.033254958008844281 0.15409505679425403 -0.12600124839486296 0.13310613258123566 -0.015934915556982329 0.092849325887963741 0.035458276221374152 0.2601068152720542 0.3786036223257005 -0.025757912918750871 0.1913301103244246 0.027080532542319263 -0.10655241808799719 0.18429147062650275 0.2565327661336908 0.15670644316373694 -0.15300787512141353 0.21251347931733325 -0.047758471502308865 0.52915390804192064 -0.12162945929392813 0.059461675102092895 0.36247326946518954 -0.25872968984452094 -0.1368765319143965 0.058234241628227407 -0.023688678375594251 -0.11299563785541747 0.0010844159985100698 0.11749385221952138 0.2339659865086221 0.2798120322218165 -0.11928797114325258 -0.28830134831793741 0.15182448728256071 0.58007398774768681 0.22021045012328597 0.22803198203070252 -0.013218440789352644 0.31285644274169661 -0.060038486874602372 -0.16879549726330934 -0.091454578790069574 -0.076002485472650372 0.15474308830657599 -0.29820360624537207 0.003685302226722142 -0.01717258319989139 0.32112101081984878 -0.017473002839573797 0.034822919222662549 -0.045224262216192392 0.015852373195072014 0.15174785942381844 -0.12239006822047807 -0.078161699463582548 0.040699473634702547 0.033664680891319694 -0.045563293213806422 0.20829383736547893 -0.081751290702898452 0.054797795281722267 -0.0043236721651236055
leaf_weight=4771 561 692 1134 7831 9387 23318 2149 210 17186 878 900 3856 236 206 381 363 235 298 202 206 2372 308 235 608 7769 543 2046 306 891 439 319 324 284 264 283 1049 437 355 210 7588 551 26997 26222 9461 267 1815 203 312 26934 1024 654 37105 7556 332 967 8257 1553 32779 360 1238 4809 1636
leaf_count=4771 561 692 1134 7831 9387 23318 2149 210 17186 878 900 3856 236 206 381 363 235 298 202 206 2372 308 235 608 7769 543 2046 306 891 439 319 324 284 264 283 1049 437 355 210 7588 551 26997 26222 9461 267 1815 203 312 26934 1024 654 37105 7556 332 967 8257 1553 32779 360 1238 4809 1636
internal_value=-0.000248768 0.0459927 0.0316299 -0.0508349 0.115151 0.0565603 0.152313 0.0279309 0.00674422 0.0794434 0.067282 -0.0319896 0.172554 0.096036 0.112827 0.10683 0.001842 0.119239 0.286439 0.154532 0.133056 0.149301 0.0283711 0.0188418 0.0209226 0.0252766 -0.0266934 -0.0586964 0.0172142 0.120143 0.114817 0.0203296 -0.107047 -0.02462 0.160095 0.231122 0.367017 0.161221 -0.0164298 -0.0230601 -0.0473661 -0.0751324 -0.0621899 0.161329 -0.138651 0.0295721 0.0794344 0.187999 -0.013097 0.0823532 0.0838526 0.023191 0.141499 0.00513389 0.039725 0.0282315 -0.0485015 -0.0519854 0.0556767 -0.0163201 0.0759066 0.03618
internal_weight=292662 152897 126605 139765 26292 63245 14800 28096 63360 35149 11492 78715 12603 24791 17506 16923 1789 15134 583 10454 13113 10741 972 46174 45566 27886 4568 3510 1464 737 878 559 911 627 10248 2124 720 1404 40527 35756 1451 61050 34053 9769 573 2021 1058 515 28168 1234 10041 44874 8124 568 10358 9224 38188 36635 7285 1598 5687 2197
internal_count=292662 152897 126605 139765 26292 63245 14800 28096 63360 35149 11492 78715 12603 24791 17506 16923 1789 15134 583 10454 13113 10741 972 46174 45566 27886 4568 3510 1464 737 878 559 911 627 10248 2124 720 1404 40527 35756 1451 61050 34053 9769 573 2021 1058 515 28168 1234 10041 44874 8124 568 10358 9224 38188 36635 7285 1598 5687 2197
is_linear=0
shrinkage=0.05


Tree=43
num_leaves=63
num_cat=0
split_feature=3 13 12 24 14 13 13 26 6 5 10 13 13 31 14 31 31 27 14 26 14 13 16 19 13 14 13 14 31 14 21 14 14 31 14 6 26 16 19 7 16 19 27 16 19 31 27 14 14 14 24 6 13 31 13 6 13 27 17 27 19 14
split_gain=248342 53842.1 38826.9 25375.6 17119.4 12811.1 11838.5 12338 10551.5 10537.4 8973.06 8534.51 7938.64 12903.5 7937.94 7883.61 15627.4 13476 13440.4 13711.3 9084.16 7688.12 7443.57 13137.2 7428.87 10647.5 7846.33 9689.6 9349.05 7361 12993 10032.4 8773.53 7272.02 7068.18 13533.5 6986.99 6874.84 13261.8 6617.28 6583.39 10638.3 6545.67 6004.31 8074.39 5913.32 5816.26 5804.72 5789.23 7102.67 5358.29 5427.64 5311.49 4920.26 4890.28 4866.69 4847.78 4775.16 4744 4700.5 4528.36 4485.93
threshold=2.5000000000000004 -2.7499999999999996 40.685486111111118 108.50000000000001 64.250000000000014 -24.249999999999996 -1.7499999999999998 1.0699579632553957 18.093986834173435 -15.499999999999998 5.5000000000000009 -46.249999999999993 27.250000000000004 8.9983315295815327 43.750000000000007 2.2357910411605029 3.5111678004535154 0.56267076502732249 74.250000000000014 1.0699579632553957 72.250000000000014 2.7500000000000004 1.0000000180025095e-35 44.500000000000007 6.2500000000000009 65.250000000000014 14.250000000000002 69.250000000000014 5.2995382907880133 71.250000000000014 1.0000000180025095e-35 76.750000000000014 72.250000000000014 2.9409057372949183 67.250000000000014 2.3271942981360882 1.227077415060237 1.0000000180025095e-35 41.500000000000007 0.060985941103057259 1.0000000180025095e-35 37.500000000000007 0.50797894915541986 1.0000000180025095e-35 18.500000000000004 5.7900348837209314 0.51290376290376305 69.750000000000014 67.750000000000014 65.750000000000014 68.500000000000014 -11.562967693884149 20.250000000000004 6.8340967741935499 7.2500000000000009 2.7715068012086221 -23.749999999999996 0.51863425925925932 2.5000000000000004 0.5313392857142859 8.5000000000000018 72.750000000000014
decision_type=2 2 2 2 2 2 2 2 2 2 2 2 2 2 2 2 2 2 2 2 2 2 2 2 2 2 2 2 2 2 10 2 2 2 2 2 2 2 2 2 2 2 2 2 2 2 2 2 2 2 2 2 2 2 2 2 2 2 2 2 2 2
left_child=1 2 40 10 9 8 7 -6 11 -3 -2 33 13 15 -11 34 18 20 19 -17 24 -22 -16 -24 25 -18 27 28 57 46 32 -32 55 -4 -8 -36 -34 -5 60 59 -1 -42 54 -12 -45 61 47 -7 49 -44 51 -48 -28 -30 -21 -31 -53 -26 -25 -13 -39 -41
right_child=3 4 5 37 6 29 12 -9 -10 14 43 39 -14 -15 22 16 17 -19 -20 42 21 -23 23 58 26 -27 52 -29 53 30 31 -33 36 -35 35 -37 -38 38 -40 45 41 -43 48 44 -46 -47 50 -49 -50 -51 -52 56 -54 -55 -56 -57 -58 -59 -60 -61 -62 -63
leaf_value=0.015393198823702315 0.23390602054937049 -0.089433777540109047 0.12142225183758659 -0.079978204556701293 -0.0061627888035305726 0.059198150438921772 0.19632313472712118 0.46189409081581173 -0.037903171907473582 -0.07082791041213278 -0.040014026110917103 0.17116215289099085 -0.20245128178360816 0.44805940530523308 -0.010848555942057039 0.041650514080263108 0.45422071119622381 0.4149557033613378 0.2275348647994104 0.031686166004375231 -0.33385031990029601 -0.00036602612195912719 0.084448231634703289 0.020925273824700628 0.18037881868429426 0.11048195727812669 0.25014742082073238 0.25800477411085965 -0.46215102619522413 0.52976213460656962 0.10745503903708907 -0.32818919752355458 0.078285157624957094 0.44298809745917156 0.13488508001976449 -0.19383409304972177 0.26842936486182128 0.050751652720016471 -0.071859628062202585 0.1420915373010154 0.10457245093732913 0.030353107878313159 -0.37683925902295545 0.064750858943035158 -0.017505714926079073 -0.040234945453558137 0.35938959532227027 -0.18456890275365259 -0.44961290608327986 0.030239113718991118 -0.15686339656685425 -0.07970816481739601 -0.028834971859167686 -0.1170097060174477 -0.27238385931523734 0.23260364946127485 0.10178179792475928 -0.13236169052330102 -0.040787180306816412 0.30992702557585461 -0.02476084855936141 -0.078177847966399733
leaf_weight=20643 338 3259 280 40829 228 12843 1515 367 701 3354 29632 3592 293 210 23378 813 301 280 316 343 219 806 7315 10534 253 891 526 210 210 283 350 211 1131 476 1144 430 844 2379 26646 4198 7193 14685 222 3361 26491 576 200 248 382 206 203 375 252 204 214 273 17823 234 4420 737 11974 244
leaf_count=20643 338 3259 280 40829 228 12843 1515 367 701 3354 29632 3592 293 210 23378 813 301 280 316 343 219 806 7315 10534 253 891 526 210 210 283 350 211 1131 476 1144 430 844 2379 26646 4198 7193 14685 222 3361 26491 576 200 248 382 206 203 375 252 204 214 273 17823 234 4420 737 11974 244
internal_value=0.000228742 0.0447416 0.0700172 -0.04736 0.00957543 0.102072 0.0660588 0.282828 0.149635 -0.00238915 -0.0226085 0.162649 0.0537189 0.0611104 0.0034018 0.0529167 0.0231234 0.0799559 -0.0767352 -0.120925 0.0570158 -0.0718737 0.0088574 0.0295443 0.0999047 0.19759 0.0381914 -0.0470779 -0.118392 0.0872956 0.160934 -0.0566893 0.209174 0.324207 0.119264 0.0450165 0.159636 -0.0654545 -0.0509894 0.149549 0.0356483 0.0547584 -0.217573 -0.02407 -0.00824269 0.110435 0.0801063 0.0545664 -0.308234 -0.181295 0.0980769 0.100898 0.159862 -0.292773 -0.0854166 0.384535 0.0980377 0.0301459 0.00268323 0.194853 -0.012242 0.129977
internal_weight=293088 151438 88109 141650 63329 45588 11069 595 10804 52260 59822 10103 10474 10181 49001 9971 6882 4386 2496 2180 4106 1025 45647 22269 3081 1192 1889 1111 901 34784 3092 561 2531 756 3089 1574 1975 81828 40999 9347 42521 21878 1367 59484 29852 5018 31692 13091 810 428 18601 18398 778 414 557 556 18198 487 14954 4329 14353 4442
internal_count=293088 151438 88109 141650 63329 45588 11069 595 10804 52260 59822 10103 10474 10181 49001 9971 6882 4386 2496 2180 4106 1025 45647 22269 3081 1192 1889 1111 901 34784 3092 561 2531 756 3089 1574 1975 81828 40999 9347 42521 21878 1367 59484 29852 5018 31692 13091 810 428 18601 18398 778 414 557 556 18198 487 14954 4329 14353 4442
is_linear=0
shrinkage=0.05


Tree=44
num_leaves=63
num_cat=0
split_feature=12 12 11 12 11 12 13 7 11 19 16 14 7 14 31 11 5 31 22 31 24 31 27 7 13 5 13 13 31 8 13 16 19 17 8 13 14 6 31 28 31 9 24 13 27 12 31 13 13 21 6 14 14 9 27 31 13 13 6 19 26 13
split_gain=223714 47064.8 39903.9 13465.6 11572 11516 9198.11 8064.6 8814.25 7141.97 11543.4 7074.82 6795.7 6753.2 6128.89 5809.03 5603.03 5333.52 5216.35 5076.42 5064.62 5010.45 5000.11 4952.76 6725.73 4855.44 4759.65 6871.71 6344.98 4714.43 4997.29 4687.96 9368.55 4637.89 4563.04 5159.61 6416.46 4905.41 4822.94 5069.18 4491.35 4320.04 5127.77 4243.2 4191.86 4142.09 4095.75 5481.7 5531.44 4478.43 3781.18 3760.41 8493.21 7204.32 4368.71 4700.88 3738.69 3645.21 3536.37 3494.8 3484.38 3515.92
threshold=34.025208333333346 19.257777777777779 -7.7105555555555538 56.509027777777781 -5.0138888888888875 53.08784722222223 13.750000000000002 2.2155209635268722 -0.8930555555555556 47.500000000000007 1.0000000180025095e-35 76.750000000000014 -0.028456262919584231 42.250000000000007 5.5323589030206692 -25.20805555555555 -29.499999999999996 4.4793446963343362 1.5000000000000002 4.5285826061697616 67.500000000000014 6.9858631156077964 0.47566895571868345 0.2493231767107906 -29.749999999999996 -18.499999999999996 16.250000000000004 22.250000000000004 6.5753611438642663 42.500000000000007 -35.249999999999993 1.0000000180025095e-35 50.500000000000007 2.5000000000000004 22.500000000000004 -14.249999999999998 62.750000000000007 -2.5253987582424928 4.8150120192307702 0.51714341692789978 8.2499910714285729 4.5000000000000009 32.500000000000007 -10.749999999999998 0.52010101010101029 67.23819444444446 4.2660000000000009 25.250000000000004 23.750000000000004 1.0000000180025095e-35 7.2795375085953795 38.750000000000007 43.250000000000007 4.5000000000000009 0.44413233458177281 3.5910197704081637 3.2500000000000004 -35.249999999999993 22.912093337224093 10.500000000000002 1.0199487942029595 14.250000000000002
decision_type=2 2 2 2 2 2 2 2 2 2 2 2 2 2 2 2 2 2 10 2 2 2 2 2 2 2 2 2 2 2 2 2 2 2 2 2 2 2 2 2 2 2 2 2 2 2 2 2 2 10 2 2 2 2 2 2 2 2 2 2 2 2
left_child=1 7 5 6 12 11 9 8 23 10 -4 15 13 -3 18 21 -6 -15 -8 -17 46 58 -11 24 -1 -10 -16 28 -28 30 50 -18 -33 59 35 38 37 -37 -21 -40 41 42 -24 44 -39 -7 47 48 49 60 -14 -32 53 -53 55 -54 -43 -25 -2 -12 61 -20
right_child=2 4 3 -5 16 45 14 -9 25 22 33 -13 29 17 26 19 31 -19 20 34 -22 -23 40 57 -26 -27 27 -29 -30 -31 51 32 -34 -35 -36 36 -38 43 39 -41 -42 56 -44 -45 -46 -47 -48 -49 -50 -51 -52 52 54 -55 -56 -57 -58 -59 -60 -61 -62 -63
leaf_value=0.2830564692007696 0.15278512544573139 -0.16303839484501759 0.017673534008981983 0.089539642522328489 -0.12531423058916027 0.13085603440180321 0.1515485740678385 -0.08501693039580592 -0.095313024469926025 -0.014123356745101893 0.19537510610663167 -0.18604703297629116 0.24473262846011853 0.13754880054019447 -0.22631462821402615 0.087255000697831264 -0.032788419088819527 0.0062987983948864347 0.21058092070291345 -0.042082930615921992 -0.16727148970716871 -0.11028204117061163 0.022815952826684589 0.054584917726042272 -0.0062690237143925992 -0.055574726053138873 -0.098572502395498654 -0.20258350187638927 0.22429668010277892 -0.078479771999705072 -0.15831930561328841 0.033369115166880896 -0.027309711085020245 0.042942786940598519 -0.090166343623056325 0.11782122438092268 0.23684353714670278 -0.07478697052262355 0.043822414386107407 0.15280588785497135 0.13888129921607337 0.069782740966171403 -0.054342961313685628 0.041882695206734509 -0.30111405994119811 0.24347245272367346 0.082585037275817674 -0.16122903576524752 0.19077505621949542 0.14971284073758764 0.057481231660843658 0.050945136178844552 0.089517954951471121 0.33205191603848633 -0.011485653675188867 -0.012961120764085211 0.011819766253219975 -0.049211581494364255 -0.042244475276391136 0.10037402017616232 -0.086032571695517868 -0.013280380207989648
leaf_weight=204 4396 266 10078 9047 1247 9295 499 21803 9644 9058 1169 248 304 2536 584 17525 27069 1114 205 697 509 204 8541 889 9959 37924 309 421 298 1452 341 10547 16025 3105 626 431 241 1009 2082 2190 902 6980 2878 586 256 896 1124 626 339 347 2335 638 2547 354 14925 1995 4626 17127 245 5659 1758 1180
leaf_count=204 4396 266 10078 9047 1247 9295 499 21803 9644 9058 1169 248 304 2536 584 17525 27069 1114 205 697 509 204 8541 889 9959 37924 309 421 298 1452 341 10547 16025 3105 626 431 241 1009 2082 2190 902 6980 2878 586 256 896 1124 626 339 347 2335 638 2547 354 14925 1995 4626 17127 245 5659 1758 1180
internal_value=-0.000368343 -0.0346195 0.0554731 0.0326062 -0.00711202 0.0947172 0.0241879 -0.0582198 -0.0505055 0.0318125 0.0553777 0.0794402 0.0185509 0.0797685 -0.0250934 0.0816058 -0.0205809 0.0975033 -0.003702 0.0721136 -0.0164498 0.131819 0.017515 -0.0283438 -0.00043417 -0.0636332 -0.112447 -0.0476025 0.0600448 0.00891701 0.0143342 -0.0181438 -0.00322463 0.0936265 0.0394199 0.0502582 -0.00797191 -0.0339191 0.0798201 0.0997144 0.0294924 0.0252012 0.00336607 -0.0692959 -0.120791 0.14078 -0.00266212 -0.0241837 -0.00174208 -0.0204915 0.0791362 0.00610902 0.00885723 0.151493 0.00158139 0.0445127 0.0466825 -0.044087 0.142483 0.116665 -0.0393243 0.0199824
internal_weight=292414 181245 111169 70242 83695 40927 61195 97550 75747 52996 20011 30736 28807 3916 8199 30488 54888 3650 6587 25643 6088 4845 32985 28179 10163 47568 1612 1028 607 24891 23439 53641 26572 9933 8118 7492 2523 2282 4969 4272 23927 23025 11419 1851 1265 10191 5579 4455 3829 3490 2639 20800 20459 992 19467 4542 11606 18016 4641 6828 3143 1385
internal_count=292414 181245 111169 70242 83695 40927 61195 97550 75747 52996 20011 30736 28807 3916 8199 30488 54888 3650 6587 25643 6088 4845 32985 28179 10163 47568 1612 1028 607 24891 23439 53641 26572 9933 8118 7492 2523 2282 4969 4272 23927 23025 11419 1851 1265 10191 5579 4455 3829 3490 2639 20800 20459 992 19467 4542 11606 18016 4641 6828 3143 1385
is_linear=0
shrinkage=0.05


Tree=45
num_leaves=63
num_cat=0
split_feature=15 15 11 11 10 11 14 14 14 29 29 11 26 29 29 28 8 14 7 28 11 14 27 6 29 7 6 6 6 7 7 29 7 14 29 26 14 14 29 29 29 31 29 5 29 6 27 5 19 29 14 21 31 31 7 31 5 7 11 8 29 25
split_gain=206448 48099.1 38367.2 12355.8 11654.2 11342.7 9036.27 13957.1 8819.21 9929.18 8817.27 12980.6 10330.4 14332.5 14375.9 9268.95 9151.81 9846.65 8469.83 8713.07 8406.46 8150.99 8117.01 7848.11 7253.16 7193.89 6716.58 6684.67 6555.97 6545.34 6544.02 6315.46 6222.53 6137.19 7392.32 7398.17 5953.85 5388.54 6877.08 5342.48 10802.7 5134.08 5554.32 5124.28 5109.21 5085.34 5791.13 5070.8 5065.1 5039.68 5763.58 5011.76 6164.11 4975.69 4936.2 4916.03 10249.4 5136.52 5357.56 5603.57 5129.98 4806.54
threshold=35.750277777777789 19.257777777777783 -15.020624999999997 -2.3465972222222216 5.5000000000000009 -5.1331944444444435 83.250000000000014 79.750000000000014 64.250000000000014 13.950000000000001 4.1500000000000012 1.0362500000000001 1.1035263795056041 6.1500000000000012 10.550000000000002 0.51090923516344033 2.5000000000000004 67.250000000000014 0.057590786948176591 0.45954339432600305 -2.5918055555555553 67.750000000000014 0.48843892007484635 -3.0354617053576911 11.15 -0.1276789815180194 12.78986139879431 -6.6355000630297001 2.2516043654286286 0.96160546770302879 -0.028456262919584231 9.4500000000000011 -1.599438990182328 63.750000000000007 6.8500000000000005 1.1103509962371232 70.750000000000014 50.750000000000007 16.150000000000002 9.2500000000000018 6.8500000000000005 1.3391565635451508 2.3500000000000001 -4.4999999999999991 1.7500000000000002 -12.458954832719394 0.49675310984608906 8.5000000000000018 34.500000000000007 4.0500000000000007 65.750000000000014 1.0000000180025095e-35 1.3391565635451508 5.197175151975685 0.38604419649897498 8.460242778960172 3.5000000000000004 0.69217125599999207 1.9608333333333339 3.5000000000000004 18.450000000000003 2.7175708106788883
decision_type=2 2 2 2 2 2 2 2 2 2 2 2 2 2 2 2 2 2 2 2 2 2 2 2 2 2 2 2 2 2 2 2 2 2 2 2 2 2 2 2 2 2 2 2 2 2 2 2 2 2 2 10 2 2 2 2 2 2 2 2 2 2
left_child=1 4 18 22 -1 30 7 8 33 10 16 27 -13 21 15 -15 25 -18 19 -2 43 -14 49 -11 41 -10 37 -12 44 32 31 -3 -22 45 -35 -36 -23 38 -24 40 -29 42 61 -6 -19 46 -5 -47 -32 50 51 52 -4 -48 -26 57 60 58 -7 -60 -57 -20
right_child=2 5 3 6 20 55 -8 -9 9 23 11 12 13 14 -16 -17 17 28 24 -21 29 36 26 -25 54 -27 -28 39 -30 -31 48 -33 -34 34 35 -37 -38 -39 -40 -41 -42 -43 -44 -45 -46 47 53 -49 -50 -51 -52 -53 -54 -55 -56 56 -58 -59 59 -61 -62 -63
leaf_value=0.32424684973862394 0.023524495927323193 0.11504590503250256 -0.065311553782203394 -0.2089939413346128 0.065465626322410084 -0.0029128699340329064 0.34467612164214667 -0.37259340927687645 0.42438333492195757 0.0031170702188451221 0.40655560562970278 0.068355442097782229 -0.075303183214273317 -0.066047193694765263 -0.24840926697129398 0.16200104059246154 0.18288240274029488 -0.12019675578695801 -0.03317556978922151 0.17015832825542915 -0.079231733522619585 -0.53885492885201403 0.019841028377779079 0.32527235225658896 0.035074782781165971 0.14265001813671288 -0.017934776977957256 0.18740594968074159 -0.19755723081617838 -0.084933059645898104 0.047429366244886528 -0.016915121007795363 -0.041964934937998022 -0.25621271083379255 -0.19450422829052189 0.20347063972328147 -0.193111947099915 0.096527390801298851 0.31004813135579923 0.23504348663913543 -0.18447880242381182 0.1181642100763898 -0.20177075258823507 -0.03425712199846831 0.17119863710039623 0.02435991334368201 -0.072644431791452843 -0.063307312346695066 -0.0020539871393873183 0.01270117051326234 0.27550030157061384 0.21038684299169425 0.12734600012598249 0.18987989775597092 -0.1804932240498337 0.095100304714452633 0.23611616733079119 -0.079541362694321008 -0.072514939802513223 -0.018886042907734858 -0.13725321216635333 0.19782584194979544
leaf_weight=201 1153 3071 923 526 1380 32188 217 222 359 275 213 2040 399 827 491 964 870 246 538 8368 16270 268 4046 604 1359 616 1680 444 419 24423 6872 1286 35969 465 211 259 235 19661 214 484 347 8792 250 19187 384 28196 655 1751 20888 9654 366 442 753 248 329 440 581 3397 6809 17110 514 386
leaf_count=201 1153 3071 923 526 1380 32188 217 222 359 275 213 2040 399 827 491 964 870 246 538 8368 16270 268 4046 604 1359 616 1680 444 419 24423 6872 1286 35969 465 211 259 235 19661 214 484 347 8792 250 19187 384 28196 655 1751 20888 9654 366 442 753 248 329 440 581 3397 6809 17110 514 386
internal_value=0.000139589 -0.0306008 0.0574936 0.0418226 -0.0551619 -0.00491245 0.0235739 0.0219462 0.0240015 0.0638443 0.0491122 0.0176506 -0.0194656 -0.0757366 -0.00901158 0.0567209 0.122049 0.0586143 0.117416 0.152405 -0.0559496 -0.24435 0.0627276 0.224602 0.0888193 0.246714 0.0786942 0.147882 -0.0445249 -0.0635647 0.0191397 0.0761017 -0.0535731 0.0110708 -0.115094 0.0247717 -0.378029 0.0854811 0.0344889 0.104383 0.0242387 0.105052 0.00683618 -0.0275631 0.0574055 0.014834 -0.0772828 0.0192321 0.0101969 0.0290478 0.0925477 0.0608175 0.0212707 -0.000414439 -0.00702253 -0.0175681 0.0707509 -0.0198476 -0.0162321 -0.0341549 -0.0301007 0.0634346
internal_weight=292735 190586 102149 80974 97430 93156 43235 43018 42796 10485 9606 6712 5224 3184 2282 1791 2894 1919 21175 9521 97229 902 37739 879 11654 975 25601 1488 1049 76662 32117 4357 52239 32311 935 470 503 23921 4260 1275 791 9966 1174 20567 630 31376 1429 29947 27760 12138 2484 2118 1676 903 1688 61039 1535 59504 56107 23919 954 924
internal_count=292735 190586 102149 80974 97430 93156 43235 43018 42796 10485 9606 6712 5224 3184 2282 1791 2894 1919 21175 9521 97229 902 37739 879 11654 975 25601 1488 1049 76662 32117 4357 52239 32311 935 470 503 23921 4260 1275 791 9966 1174 20567 630 31376 1429 29947 27760 12138 2484 2118 1676 903 1688 61039 1535 59504 56107 23919 954 924
is_linear=0
shrinkage=0.05


Tree=46
num_leaves=63
num_cat=0
split_feature=15 11 15 15 16 19 19 24 13 29 14 19 15 5 28 8 16 19 15 17 10 17 19 29 8 17 13 29 24 19 16 27 5 14 13 21 13 29 14 27 14 10 14 14 28 13 31 29 14 28 13 29 14 6 29 5 8 31 29 25 14 29
split_gain=183787 44222 18405.8 16905 16181.9 27728.2 9671.57 7053.93 6877.92 6985.93 7884.45 6947.19 6826.79 6519.68 6361.63 7795.1 6249.85 12203.6 6013.49 5475.01 5278.12 5089.13 4870.66 4834.96 4934.76 4693.77 4601.31 4336.99 4115.21 4110.37 6680.47 4107.89 4715.76 4103.85 4596.21 5247.11 4020.05 4724.41 8514.97 3974.69 3892.73 6000.91 5033.5 7507.94 4655.92 5840.38 4424.38 5734.79 3748.14 6891.28 5755.47 5689.86 4535.24 4332.37 4031.85 3719.01 3791.73 3649.31 3597.69 3773.34 3583.2 3430.83
threshold=27.000208333333337 -9.2573611111111074 11.250208333333335 43.25298611111112 1.0000000180025095e-35 60.500000000000007 19.500000000000004 35.500000000000007 -43.249999999999993 10.850000000000003 72.750000000000014 19.500000000000004 56.509027777777781 -7.4999999999999991 0.51863425925925932 36.500000000000007 1.0000000180025095e-35 19.500000000000004 58.776736111111113 2.5000000000000004 9.5000000000000018 2.5000000000000004 62.500000000000007 4.5500000000000007 12.500000000000002 2.5000000000000004 6.7500000000000009 1.2500000000000002 28.500000000000004 20.500000000000004 1.0000000180025095e-35 0.53198308783415171 -3.4999999999999996 57.250000000000007 -37.249999999999993 -1.0000000180025095e-35 26.750000000000004 15.65 63.250000000000007 0.58355855855855865 66.250000000000014 29.500000000000004 53.750000000000007 54.250000000000007 0.53972763347763364 -20.249999999999996 4.3361666666666681 10.250000000000002 69.250000000000014 0.51928389290267762 -17.249999999999996 12.550000000000002 64.250000000000014 6.5333971082210018 13.350000000000003 21.500000000000004 23.500000000000004 5.5675570507429226 3.8500000000000001 2.5147135230954181 49.750000000000007 14.450000000000001
decision_type=2 2 2 2 2 2 2 2 2 2 2 2 2 2 2 2 2 2 2 2 2 2 2 2 2 2 2 2 2 2 2 2 2 2 2 10 2 2 2 2 2 2 2 2 2 2 2 2 2 2 2 2 2 2 2 2 2 2 2 2 2 2
left_child=2 3 20 13 7 6 28 26 23 11 48 -10 19 -2 27 40 -4 -18 39 -8 -1 -7 25 -5 -25 -19 -3 -15 -6 30 -22 32 -29 34 -34 -36 37 55 -39 -13 42 -42 44 -44 60 -46 58 -48 49 52 51 -51 54 -53 -11 56 -9 -49 59 -45 -16 -56
right_child=1 4 16 8 5 21 12 36 9 10 -12 18 -14 14 15 -17 17 22 -20 -21 29 -23 -24 24 -26 -27 -28 31 -30 -31 -32 -33 33 -35 35 -37 -38 38 -40 -41 41 -43 43 46 45 -47 47 57 -50 50 -52 53 -54 -55 61 -57 -58 -59 -60 -61 -62 -63
leaf_value=0.19271744429249671 0.22249962436569859 0.037976508197081371 -0.039891436361834148 0.031991398446541981 0.18985940761645692 0.015350192228699995 0.067055795665354467 -0.01794024430418064 0.20128767391030478 -0.069139145013748432 -0.25320432724009428 0.085683467013739842 0.14993987782750678 -0.14148015571630718 0.074402131926921064 -0.095897087795527289 0.056899911146633821 0.011833485706796754 0.16920337700261229 0.0099200437613710356 -0.075002061722101665 -0.035683787335733359 -0.041653656885008411 0.36942674780275953 0.14592230782512569 -0.04360083342943917 -0.011931644549333943 -0.092073967766468104 0.10223903341169729 -0.069829695551465662 0.011235809412163665 -0.044852911830278917 0.20002982239822864 0.005176632830954965 0.16430671558631449 0.036106509547935671 -0.14428477016120791 0.0015157302092476486 0.27540788325000054 0.28145676120465518 -0.21434849660911862 0.099486841920516281 0.41523700887627069 -0.061573273056043244 0.019040987860612774 0.29219533321615176 -0.085925559716708316 0.30912661469249314 0.2476335512915529 0.046766951253902123 0.012459654907189406 0.34977436954625934 -0.23168115852339591 0.075991088340004675 0.26245185955931699 -0.10725058623629187 0.048229898384666681 0.067846672715982978 0.19484700550645015 0.15334482711398878 -0.034646643269657176 0.00087830819239890264
leaf_weight=200 526 15232 41494 265 1877 18750 13466 26203 2114 764 211 12435 1842 393 1754 617 5502 12696 2935 6089 4606 6605 17784 568 440 5460 6627 651 4703 47774 4381 1718 621 3773 953 4892 581 1021 392 264 262 361 224 330 369 416 517 203 248 485 933 494 243 205 217 1073 2359 680 1857 533 1319 295
leaf_count=200 526 15232 41494 265 1877 18750 13466 26203 2114 764 211 12435 1842 393 1754 617 5502 12696 2935 6089 4606 6605 17784 568 440 5460 6627 651 4703 47774 4381 1718 621 3773 953 4892 581 1021 392 264 262 361 224 330 369 416 517 203 248 485 933 494 243 205 217 1073 2359 680 1857 533 1319 295
internal_value=0.000208698 0.0380994 -0.0412051 0.0790367 0.0204374 0.0399262 0.0742469 0.00100494 0.109223 0.10263 0.0437482 0.116212 0.0579397 0.0486538 0.0445696 0.0758048 -0.0261746 -0.0124398 0.104696 0.0492664 -0.063089 0.00205491 -0.0230562 0.222186 0.272107 -0.0048386 0.022846 0.0218809 0.127259 -0.0639937 -0.0329661 0.0269838 0.0383198 0.0466184 0.0707958 0.0570335 -0.0140898 -0.0116489 0.077641 0.0897752 0.0878188 -0.0326273 0.0969704 0.133882 0.0553855 0.163983 0.118488 0.0462213 0.0599413 0.0470749 0.105363 0.178499 -0.0341758 0.269704 0.00358891 -0.0159087 -0.0124736 0.123603 0.155653 0.0711868 0.0275999 0.112036
internal_weight=292802 152905 139897 46085 106820 53332 27977 53488 23116 21843 4095 17748 21397 22969 22443 9442 82936 41442 15634 19555 56961 25355 35940 1273 1008 18156 21859 13001 6580 56761 8987 12608 10890 10239 6466 5845 31629 31048 1413 12699 8825 623 8202 4344 3858 785 4120 1400 3884 3636 2117 1184 1519 699 1276 29635 28562 883 2720 863 3073 512
internal_count=292802 152905 139897 46085 106820 53332 27977 53488 23116 21843 4095 17748 21397 22969 22443 9442 82936 41442 15634 19555 56961 25355 35940 1273 1008 18156 21859 13001 6580 56761 8987 12608 10890 10239 6466 5845 31629 31048 1413 12699 8825 623 8202 4344 3858 785 4120 1400 3884 3636 2117 1184 1519 699 1276 29635 28562 883 2720 863 3073 512
is_linear=0
shrinkage=0.05


Tree=47
num_leaves=63
num_cat=0
split_feature=3 11 12 2 13 13 6 28 12 5 16 19 16 19 29 17 13 29 31 27 29 29 29 13 8 25 13 27 6 19 16 19 31 27 13 31 13 13 13 13 27 8 29 13 13 28 5 8 29 28 13 29 5 12 29 31 29 13 29 13 26 31
split_gain=170592 43308.3 20063.2 18202 9911.26 9758.03 9467.19 7150.1 6944.86 6943.29 6271.93 8069.28 5830.82 9655.74 5636.53 5192.94 5039.42 5203.52 4925.73 9281.18 7920.31 6027.78 7317.71 5766.97 4991.48 4537.01 4814.34 4485.61 4298.52 4240.17 6149.95 4131.57 4082.04 4150.75 4076.29 4769.38 4055.46 6027.67 7607.96 3961.22 3884.12 3811.66 3696.41 4784.31 6036.65 3668.99 4072.3 4494.04 3981.8 4189.55 8962.03 3813.75 8044.88 4337.75 3541.57 8389.44 4037.97 4262.22 6485.81 6469.67 3638.92 3612.88
threshold=2.5000000000000004 -16.169444444444441 43.026875000000011 859.50000000000011 -2.7499999999999996 3.2500000000000004 0.80786068198644867 0.46174749163879608 70.215277777777786 -14.499999999999998 1.0000000180025095e-35 55.500000000000007 1.0000000180025095e-35 60.500000000000007 11.15 2.5000000000000004 -27.249999999999996 7.7500000000000009 8.460242778960172 0.47075923392612867 20.050000000000004 10.350000000000003 10.550000000000002 -9.7499999999999982 30.500000000000004 2.5441394442422136 -14.249999999999998 0.48843892007484635 -16.221984346202532 17.500000000000004 1.0000000180025095e-35 12.500000000000002 5.1306162521688847 0.51524446923219946 30.250000000000004 8.9983315295815327 -24.249999999999996 -35.249999999999993 -33.749999999999993 -6.7499999999999991 0.47566895571868345 20.500000000000004 12.550000000000002 -24.249999999999996 -23.749999999999996 0.48136574074074079 10.500000000000002 15.500000000000002 10.550000000000002 0.52280154486036856 13.750000000000002 8.3500000000000032 -1.4999999999999998 52.065833333333337 7.6500000000000012 2.0071898596432987 8.4500000000000011 -28.749999999999996 9.8500000000000032 -31.749999999999996 0.98310846667855001 2.214418435013263
decision_type=2 2 2 2 2 2 2 2 2 2 2 2 2 2 2 2 2 2 2 2 2 2 2 2 2 2 2 2 2 2 2 2 2 2 2 2 2 2 2 2 2 2 2 2 2 2 2 2 2 2 2 2 2 2 2 2 2 2 2 2 2 2
left_child=1 6 4 29 9 8 7 16 12 -3 -5 15 27 31 32 -12 17 -1 21 -20 23 24 -23 -21 -11 -24 -27 -4 -6 30 -2 -14 -8 -34 35 45 37 41 -39 -26 -28 -16 43 54 -45 -7 47 48 51 50 -50 -47 53 -53 55 60 -56 59 -59 -58 -9 -57
right_child=3 2 5 10 28 34 14 42 -10 18 11 -13 13 -15 36 -17 -18 -19 19 20 -22 22 25 -25 39 26 40 -29 -30 -31 -32 -33 33 -35 -36 -37 -38 38 -40 -41 -42 -43 -44 44 -46 46 -48 -49 49 -51 -52 52 -54 -55 56 61 57 58 -60 -61 -62 -63
leaf_value=0.27097406606043473 -0.066216605321803457 0.1743812819057603 -0.00057499216296115409 -0.036343293975426391 -0.084172052126138097 -0.020439011523047688 0.082178204246627196 -0.020158374837351844 0.24208472131989334 0.036361265068943292 0.034152671091835486 -0.029177989580971099 0.20030690816081897 0.042949354224940416 0.21187277452794442 -0.025178060733447107 -0.064056058838895577 -0.04907513851264738 -0.15588156496141536 0.17085539394701343 -0.033004295160857643 -0.23683937602160202 -0.038447472813624733 0.51692687567705531 -0.025893727079447773 0.12287277881787467 -0.08708424515157559 0.058631964303512224 -0.0046617349065322033 -0.062787454344576096 0.018309321634727163 0.10558156707135179 0.35962378391645067 0.10779591538741379 -0.14802671380276824 0.21636449657555754 0.14460352526262329 -0.32348673127565097 -0.025029309956006985 -0.26489436078207712 0.048368815505486412 -0.049833676282990791 0.27240501223270192 -0.0948484957549455 0.12711135062337756 0.032805509755228057 0.2196795511480458 -0.20501012642733493 0.085942129674494841 -0.11488754180253138 -0.14269932439622221 0.14958050571616002 0.038463843679264864 0.41122542152245994 -0.024188974592047677 0.48786014895520957 0.19875788115315579 0.49452773660344518 0.11668764467467554 -0.1384200485301352 0.18220691371533959 0.26139570197364109
leaf_weight=317 4428 787 4392 37896 1786 4063 11426 371 555 28956 12666 20329 1360 7462 329 5202 657 211 203 251 204 358 4562 233 1043 1117 865 11776 34862 57105 4185 7532 271 414 347 318 400 280 890 207 1360 240 673 349 2467 8382 287 200 1463 813 605 413 1334 258 354 203 424 205 255 213 552 1381
leaf_count=317 4428 787 4392 37896 1786 4063 11426 371 555 28956 12666 20329 1360 7462 329 5202 657 211 203 251 204 358 4562 233 1043 1117 865 11776 34862 57105 4185 7532 271 414 347 318 400 280 890 207 1360 240 673 349 2467 8382 287 200 1463 813 605 413 1334 258 354 203 424 205 255 213 552 1381
internal_value=0.000816416 0.0377573 0.0264597 -0.0385796 0.0102615 0.0505847 0.101126 0.14245 0.0668443 0.0274235 -0.0219318 -0.00763333 0.0638464 0.0848973 0.0760856 0.016879 0.0283448 0.143225 0.0244807 0.14064 0.22823 0.0217866 -0.0160564 0.338178 0.0321377 -0.00602771 0.0382252 0.0425495 -0.00853877 -0.057855 -0.0251487 0.12009 0.0893001 0.207803 0.0214845 0.0247358 0.00125852 -0.0317775 -0.0966703 -0.0656523 -0.00430593 0.101593 0.160601 0.149455 0.0995789 0.0213038 0.0336346 0.029654 0.0332065 -0.0187977 0.0190157 0.0476311 0.109563 0.250645 0.184906 0.220907 0.122595 0.169941 0.28578 0.0859721 0.100932 0.290708
internal_weight=293047 151236 128354 141811 76794 51560 22882 8632 33077 40146 76093 38197 32522 16354 14250 17868 1185 528 39359 891 688 38468 8262 484 30206 7904 3342 16168 36648 65718 8613 8892 12111 685 18483 18136 2139 1739 1170 1250 2225 569 7447 6774 2816 17818 13755 13468 13268 2881 2068 10387 2005 671 3958 2507 1451 1097 460 637 923 1584
internal_count=293047 151236 128354 141811 76794 51560 22882 8632 33077 40146 76093 38197 32522 16354 14250 17868 1185 528 39359 891 688 38468 8262 484 30206 7904 3342 16168 36648 65718 8613 8892 12111 685 18483 18136 2139 1739 1170 1250 2225 569 7447 6774 2816 17818 13755 13468 13268 2881 2068 10387 2005 671 3958 2507 1451 1097 460 637 923 1584
is_linear=0
shrinkage=0.05


Tree=48
num_leaves=63
num_cat=0
split_feature=12 11 12 24 12 16 19 6 13 29 28 10 5 19 19 16 13 29 29 27 27 14 13 14 13 14 28 14 13 13 13 14 29 13 29 29 13 14 6 27 29 29 13 29 9 17 28 12 13 9 13 13 14 13 14 13 25 29 14 19 16 14
split_gain=155520 36899 18181.8 13033.5 12012.1 9255.39 17264.7 6932.96 7886.01 12133.2 6752.27 6552.89 6343.98 6073.53 5954.07 7001.17 5885.92 5854.14 5575.15 5684.66 5515.08 4922.22 9911.11 5876.14 5834.38 5259.02 4925.77 10292.1 5102.54 9299.38 7543.32 6482.2 6350.15 6345.19 4832.1 16547.6 10136.4 8963.37 8474.76 5445.42 5279.23 11242.5 6112.19 5352.42 4828.13 4769.34 4763.92 4711.56 4673.48 4735.99 4561.9 4542.11 6407.06 5852.61 7329.86 5224.12 6038.77 4863.03 6308.57 4502.63 6232.78 4368.48
threshold=26.418472222222224 -11.060069444444443 48.937638888888898 119.50000000000001 54.270486111111119 1.0000000180025095e-35 52.500000000000007 22.912093337224093 -46.249999999999993 5.1500000000000012 0.51863425925925932 2.5000000000000004 -1.0000000180025095e-35 7.5000000000000009 19.500000000000004 1.0000000180025095e-35 17.250000000000004 18.050000000000004 10.850000000000003 0.51928389290267762 0.37150663544106172 66.250000000000014 -28.749999999999996 53.750000000000007 -20.749999999999996 55.250000000000007 0.53315018315018325 63.750000000000007 -18.249999999999996 -26.249999999999996 -34.249999999999993 58.750000000000007 6.8500000000000005 -24.249999999999996 7.7500000000000009 6.6500000000000012 -26.749999999999996 43.750000000000007 5.8677318936299114 0.52280154486036856 4.9500000000000011 5.2500000000000009 -30.249999999999996 1.2500000000000002 6.5000000000000009 2.5000000000000004 0.47301343259427098 70.215277777777786 13.750000000000002 14.500000000000002 13.750000000000002 -20.249999999999996 49.750000000000007 -28.249999999999996 46.250000000000007 -17.249999999999996 2.6037947610274661 8.4500000000000011 51.750000000000007 47.500000000000007 1.0000000180025095e-35 67.250000000000014
decision_type=2 2 2 2 2 2 2 2 2 2 2 2 2 2 2 2 2 2 2 2 2 2 2 2 2 2 2 2 2 2 2 2 2 2 2 2 2 2 2 2 2 2 2 2 2 2 2 2 2 2 2 2 2 2 2 2 2 2 2 2 2 2
left_child=3 4 5 11 7 50 13 8 9 -2 34 -1 -12 -7 15 -13 17 47 19 -6 -14 23 -23 51 -24 -25 27 28 29 30 -27 32 -32 -31 35 37 38 -10 -37 -36 43 46 -43 -39 -29 -8 -42 59 49 -16 -3 52 53 -22 -55 56 -53 58 -54 60 -4 -21
right_child=1 2 16 -5 18 6 45 -9 10 -11 12 14 20 -15 48 -17 -18 -19 -20 61 21 22 24 25 -26 26 -28 44 -30 33 31 -33 -34 -35 39 36 -38 40 -40 -41 41 42 -44 -45 -46 -47 -48 -49 -50 -51 -52 55 57 54 -56 -57 -58 -59 -60 -61 -62 -63
leaf_value=0.22572930188563009 -0.026869424754136825 -0.00064492269928310975 0.042901854700191429 -0.056002326418166451 0.089824348971501281 0.13779044878666 0.011651445127237085 -0.034600066018199802 0.32756710720972881 0.36824615373616471 0.18732013406156775 -0.030878910467870075 -0.10728423541565378 0.050766211840454448 -0.038829683881545285 0.052509226454417406 -0.025725753846682093 0.25816335843349231 0.040595466114286362 0.15564401501911951 -0.090162098170430582 -0.18895336319761494 0.24224429317075985 0.23571192217907444 -0.088707900552688193 0.19416277121173176 0.03629601703049689 0.19175095824569824 -0.038949233367599138 0.41445073662848958 -0.0028431395134505106 0.11800120287381749 -0.37256437481939142 0.15990220198852878 0.03028552684820722 0.62365471557805352 0.10021946816730283 -0.098375017546783364 0.2421881715614557 -0.090677082261487726 -0.42420884948483739 0.12671926224780375 -0.043495808986111363 0.078620719425839439 0.50316620228337305 -0.036859809499653437 -0.10768768109457368 0.18993576669627094 -0.076892773279839954 -0.010040171896593841 -0.050541264178187786 0.085106169949869248 -0.28413757743766599 -0.015745930317789317 0.31358457777570831 0.050422452961254006 0.37896733244635028 0.068263025884954184 -0.027088921744699169 0.040258681950053957 0.12942296968901687 0.27187471783425815
leaf_weight=259 310 40201 4162 60799 2129 2264 18908 1718 251 519 1497 5129 387 17498 35768 4941 1991 380 1295 2589 269 471 361 938 210 507 1667 247 507 355 254 327 213 792 5945 203 926 480 518 1102 214 813 1497 3822 254 6920 268 683 5169 23785 5169 390 367 279 427 1396 317 531 680 14851 4166 1180
leaf_count=259 310 40201 4162 60799 2129 2264 18908 1718 251 519 1497 5129 387 17498 35768 4941 1991 380 1295 2589 269 471 361 938 210 507 1667 247 507 355 254 327 213 792 5945 203 926 480 518 1102 214 813 1497 3822 254 6920 268 683 5169 23785 5169 390 367 279 427 1396 317 531 680 14851 4166 1180
internal_value=0.000352616 0.0343103 0.0202339 -0.0387955 0.0761546 0.00965731 0.0255678 0.0631121 0.068615 0.22064 0.0643617 -0.0248557 0.0902189 0.0607425 -0.0257264 0.0100379 0.0569055 0.0636928 0.134576 0.155201 0.0782367 0.084351 -0.0193777 0.0944373 0.120586 0.126886 0.106918 0.140963 0.105361 0.135252 0.0436907 -0.0525149 -0.17191 0.238978 0.0423629 0.0666563 0.209845 0.0345243 0.350306 0.0113594 0.0241111 -0.0294236 0.01644 0.058854 0.350322 -0.00134692 -0.248805 0.0605852 -0.031291 -0.0273317 -0.0063306 0.0521786 0.00734821 0.108055 0.1836 0.106572 0.217215 -0.0549045 -0.117376 0.0567657 0.0861935 0.192096
internal_weight=292465 156615 117193 135850 39422 90960 45590 32229 30511 829 29682 75051 13643 19762 74792 10070 26233 24242 7193 5898 12146 11759 1042 10717 571 6061 5123 3456 2955 2448 1301 794 467 1147 16039 8992 1647 7345 721 7047 7094 2792 2310 4302 501 25828 482 23862 64722 59553 45370 4656 2553 975 706 2103 707 1578 1047 23179 8328 3769
internal_count=292465 156615 117193 135850 39422 90960 45590 32229 30511 829 29682 75051 13643 19762 74792 10070 26233 24242 7193 5898 12146 11759 1042 10717 571 6061 5123 3456 2955 2448 1301 794 467 1147 16039 8992 1647 7345 721 7047 7094 2792 2310 4302 501 25828 482 23862 64722 59553 45370 4656 2553 975 706 2103 707 1578 1047 23179 8328 3769
is_linear=0
shrinkage=0.05


Tree=49
num_leaves=63
num_cat=0
split_feature=12 12 13 7 13 11 12 27 13 14 13 13 29 14 29 14 14 23 29 13 11 8 13 14 8 13 5 9 7 13 13 14 19 28 9 14 13 13 31 29 29 13 29 29 31 11 29 27 8 5 24 14 13 14 13 31 29 29 11 14 13 14
split_gain=138925 32331 27270.4 10844.7 10231.2 8654.97 8315.11 6124.13 7613.39 8917.09 8444.2 7429.58 10260.6 8550.24 6688.48 11746.6 10480.2 10350.9 6479.38 8143.93 6004.8 5578.39 5476.65 5890.59 5442.74 5762.63 5648.19 5474.95 5336.79 6673.21 5256.24 4952.83 4737.99 4686.94 5571.53 6647.57 4652.82 10613.4 6521.66 8677.46 5708 4678.05 11537.5 6943.46 7123.38 4865.85 4590.29 9377.03 8077.73 4464.79 4472.78 4333.75 7916.89 12550.4 9081.21 8931.09 7605.22 7101.93 6442.06 5793.92 6999.22 5734.05
threshold=35.107291666666676 19.257777777777779 -6.2499999999999991 0.30894847222637817 -35.249999999999993 1.9608333333333339 60.170833333333341 0.5143682906688688 -23.249999999999996 60.750000000000007 -31.749999999999996 -6.7499999999999991 6.2500000000000009 55.750000000000007 4.0500000000000007 67.250000000000014 76.750000000000014 2.5000000000000004 3.5500000000000003 -13.249999999999998 -2.5918055555555553 12.500000000000002 -25.249999999999996 55.250000000000007 36.500000000000007 -17.249999999999996 -7.4999999999999991 12.500000000000002 0.72716781199181668 11.250000000000002 -32.749999999999993 44.250000000000007 47.500000000000007 0.47383632491633715 12.500000000000002 51.750000000000007 -7.2499999999999991 -7.7499999999999991 3.7342927018633545 5.5500000000000007 12.850000000000003 -14.249999999999998 11.850000000000003 11.450000000000001 6.0504658119658119 -7.7105555555555538 16.550000000000004 0.47630278526504949 13.500000000000002 -14.499999999999998 73.500000000000014 62.750000000000007 -10.249999999999998 73.750000000000014 -10.749999999999998 5.9147068525579458 11.65 8.5500000000000025 -12.614444444444443 66.750000000000014 -8.2499999999999982 68.750000000000014
decision_type=2 2 2 2 2 2 2 2 2 2 2 2 2 2 2 2 2 10 2 2 2 2 2 2 2 2 2 2 2 2 2 2 2 2 2 2 2 2 2 2 2 2 2 2 2 2 2 2 2 2 2 2 2 2 2 2 2 2 2 2 2 2
left_child=1 20 3 4 -2 24 32 8 9 22 -11 51 -13 -14 15 17 36 -10 -19 -20 -1 -7 23 -6 25 26 -3 46 29 31 -25 -22 -4 -28 -35 -36 37 41 39 -38 -40 43 45 -16 -45 -43 -27 -48 -49 -33 -51 -9 54 59 55 57 -57 -53 -59 60 -54 -61
right_child=2 5 6 -5 7 21 -8 11 14 10 -12 12 13 -15 16 -17 -18 18 19 -21 28 -23 -24 30 -26 27 33 -29 -30 -31 -32 49 -34 34 35 -37 38 -39 40 -41 -42 42 -44 44 -46 -47 47 48 -50 50 -52 52 53 -55 -56 56 -58 58 -60 61 -62 -63
leaf_value=-0.021905282545864328 0.16578130814133105 0.20423988278955224 0.035512689177673633 0.017848138003220007 0.1069107568694963 -0.048491997202825626 0.087602806658559906 0.071688554041150848 0.25247356026010659 -0.010206878690165042 0.30880758681911702 0.01680659457388739 0.121445888448029 0.51148152570096717 -0.045528742399739086 0.38872990970563448 -0.3314415320292825 -0.035596470401057456 0.40298155123524576 -0.030116374855566081 -0.085943401532565508 0.0018240324754243366 0.19278964129019294 0.13117970296023215 -0.046429497180870818 -0.019827938998266723 -0.0028887088570733604 0.019220129839317757 -0.070029006314973927 -0.07936653872352549 -0.1445178903229819 -0.060705351464725776 0.0039527994920447052 0.032445117631724002 0.38806474408534569 0.095385909250621084 0.22602606720334306 -0.17602530591299428 0.26580311357975006 -0.15189105277468484 -0.011487649806054013 0.14235166626964546 -0.099241199239796962 0.35419808462593294 0.031622223356528263 0.010585596667538168 -0.10458012953290159 0.046390640200262179 0.42021851983145436 0.1441428148827838 -0.020468036111985454 0.12899961205147586 -0.14697359229858017 0.31238597741525248 0.47155170220088349 -0.28602689642678286 0.08482262468039295 0.19741276714810443 0.47914431779955829 -0.25652042000991704 0.22295348214164767 0.013952304782044509
leaf_weight=20669 3381 479 19076 7699 957 15072 4385 14655 585 272 872 353 233 356 3234 321 209 1524 213 220 4019 8681 618 234 4755 24083 6301 20624 27272 9824 654 7843 31577 6837 218 1714 236 696 673 422 256 2452 868 224 716 981 370 317 265 418 27357 2841 203 311 215 203 428 636 299 408 342 376
leaf_count=20669 3381 479 19076 7699 957 15072 4385 14655 585 272 872 353 233 356 3234 321 209 1524 213 220 4019 8681 618 234 4755 24083 6301 20624 27272 9824 654 7843 31577 6837 218 1714 236 696 673 422 256 2452 868 224 716 981 370 317 265 418 27357 2841 203 311 215 203 428 636 299 408 342 376
internal_value=-1.83263e-05 -0.0258804 0.0458887 0.0724703 0.0823236 -0.00422472 0.0215579 0.0751389 0.0530334 0.117718 0.233015 0.0927694 0.230081 0.357656 0.0361556 0.104196 0.0183853 0.0681271 0.0129202 0.183369 -0.0458271 -0.0301037 0.0640931 0.0209039 0.00509452 0.0090979 0.0353867 0.00014477 -0.0522703 -0.0424773 -0.071802 -0.0333325 0.0158388 0.0300065 0.0536411 0.128594 0.0252117 0.0115281 0.10423 -0.016209 0.189461 0.0269497 0.0635386 -0.0107587 0.108786 0.104713 -0.0155698 0.0920578 0.217033 -0.0273938 -0.0179856 0.0865748 0.121396 0.0269945 0.154879 0.139327 -0.0347478 0.168417 0.287922 -0.0399747 0.0851473 -0.126951
internal_weight=292532 187118 105414 50376 42677 89716 55038 39296 17437 3607 1144 21859 942 589 13830 2863 10967 2542 1957 433 97402 23753 2463 1845 65963 61208 15549 45659 76733 49461 888 39637 50653 15070 8769 1932 10758 9171 1587 658 929 8475 4301 4174 940 3433 25035 952 582 35618 27775 20917 6262 1640 4622 4407 631 3776 935 1329 545 784
internal_count=292532 187118 105414 50376 42677 89716 55038 39296 17437 3607 1144 21859 942 589 13830 2863 10967 2542 1957 433 97402 23753 2463 1845 65963 61208 15549 45659 76733 49461 888 39637 50653 15070 8769 1932 10758 9171 1587 658 929 8475 4301 4174 940 3433 25035 952 582 35618 27775 20917 6262 1640 4622 4407 631 3776 935 1329 545 784
is_linear=0
shrinkage=0.05


Tree=50
num_leaves=63
num_cat=0
split_feature=12 11 12 24 16 19 6 17 16 19 10 28 31 19 16 19 13 24 13 13 9 31 13 13 31 31 14 13 12 11 25 12 19 13 14 13 13 9 14 14 14 19 10 6 10 8 23 19 7 14 16 19 13 31 13 14 13 14 13 10 13 13
split_gain=126736 31374.2 17759.1 11043.1 9639.58 17157.8 9452.46 8113.23 7974.57 8930.18 7724.65 7508.02 6799.26 5964.01 7324.83 5478.5 5138.44 4394.96 4393.69 4320.39 6058.62 4062.21 4022.98 7758.16 6918.44 4963.16 4730.45 6626.68 4011.44 3850.31 3722.77 3594.41 3561.96 3515.7 3405.68 4802.68 4358.99 3398.93 3374.84 9528.52 5235.77 3700.32 3468.49 3661.07 3356.19 3333.65 3305.46 3221.08 3198.44 3241 3169.35 6281.41 2920.29 2905.09 2822.94 3887.4 5296.97 4792.11 3611.07 3313.78 3203.05 3132.53
threshold=26.418472222222224 -16.572083333333328 48.937638888888898 121.50000000000001 1.0000000180025095e-35 34.500000000000007 8.141457689794116 2.5000000000000004 1.0000000180025095e-35 59.500000000000007 2.5000000000000004 0.45722996515679448 5.5323589030206692 17.500000000000004 1.0000000180025095e-35 64.500000000000014 4.7500000000000009 82.500000000000014 -32.249999999999993 4.7500000000000009 14.500000000000002 1.8313428401663698 -39.249999999999993 -41.749999999999993 4.0105147728476132 2.2780240079084879 57.750000000000007 -25.249999999999996 58.139444444444457 -8.5554166666666642 2.8575527772084448 1.7241666666666662 16.500000000000004 6.7500000000000009 64.750000000000014 -43.249999999999993 -35.749999999999993 2.5000000000000004 68.250000000000014 66.250000000000014 70.250000000000014 14.500000000000002 11.500000000000002 2.1764841658443079 9.5000000000000018 9.5000000000000018 2.5000000000000004 24.500000000000004 0.56853749622161354 39.250000000000007 1.0000000180025095e-35 53.500000000000007 -41.249999999999993 2.6520204081632657 -25.749999999999996 62.750000000000007 -34.249999999999993 61.250000000000007 -38.749999999999993 27.500000000000004 -24.249999999999996 -36.249999999999993
decision_type=2 2 2 2 2 2 2 2 2 2 2 2 2 2 2 2 2 2 2 2 2 2 2 2 2 2 2 2 2 2 2 2 2 2 2 2 2 2 2 2 2 2 2 2 2 2 10 2 2 2 2 2 2 2 2 2 2 2 2 2 2 2
left_child=3 6 4 10 16 30 11 15 33 28 -1 18 34 14 -12 -7 48 21 44 20 29 52 23 24 -23 26 -24 -28 47 -15 32 -5 -6 -4 54 -36 -37 -14 39 41 -40 -27 -43 -44 -2 53 -38 -10 49 -3 -33 -52 -13 -21 55 56 57 58 -8 -58 -56 -57
right_child=1 2 8 31 5 7 12 -9 9 -11 13 17 37 19 -16 -17 -18 -19 -20 45 -22 22 25 -25 -26 38 27 -29 -30 -31 -32 50 -34 -35 35 36 46 -39 40 -41 -42 42 43 -45 -46 -47 -48 -49 -50 -51 51 -53 -54 -55 60 61 59 -59 -60 -61 -62 -63
leaf_value=0.2510481925818539 0.20176455739863172 -0.13340409985374468 0.043492373898391799 -0.07782660326276758 0.12560308151274202 0.049013453103841663 0.057411752068145694 -0.02708061810983578 0.15351013245681361 0.042358040042999173 -0.029608890710337378 0.24540494257266202 -0.0062372220793945922 -0.00054072640075367043 0.058077506767992851 0.0045715256604262474 -0.029069295963982691 -0.1024883232974949 -0.022360082220492891 -0.030669449553205382 0.00055553980171203483 0.0059753692747895118 0.11439639289305698 0.41559282435578471 0.30896445078320717 0.23745487381827393 0.51139889665470351 0.15821931444560036 0.1752734486877619 -0.043185728373625339 0.031495139972919355 -0.059030081760009616 0.06488158195621041 -0.011877564924076371 0.13473400078941361 -0.18073859436120879 0.15776697645311344 -0.19353377002286654 0.42163536913527389 -0.19959569295837742 0.12642346108393415 0.090162918617671672 0.28104948115776146 0.090532908984897409 -0.010265039688912236 -0.034207132491750024 -0.070994055017582477 0.069566488809466129 -0.039344224342444035 0.012502075543582956 -0.0068116236888807954 -0.058698565286140571 0.046628316711977841 -0.10438402468487287 0.33932513871138836 0.081028101018482027 0.019444648243729063 -0.12936492402098207 0.18408170583656994 -0.14025143580115348 0.091561579788926248 0.27584509026342435
leaf_weight=255 498 384 11307 10910 4311 12361 1283 10689 1655 7586 4899 204 629 6577 4633 15795 14380 207 1526 1970 18823 429 429 380 335 596 270 263 2239 27111 3500 23180 5501 3840 433 452 263 393 224 243 456 5112 536 478 298 10370 392 3700 3504 33366 11591 11741 1883 4163 208 490 1188 223 1003 446 350 357
leaf_count=255 498 384 11307 10910 4311 12361 1283 10689 1655 7586 4899 204 629 6577 4633 15795 14380 207 1526 1970 18823 429 429 380 335 596 270 263 2239 27111 3500 23180 5501 3840 433 452 263 393 224 243 456 5112 536 478 298 10370 392 3700 3504 33366 11591 11741 1883 4163 208 490 1188 223 1003 446 350 357
internal_value=-5.03932e-05 0.0306297 0.0214673 -0.0353186 0.0116321 0.026793 0.0852976 0.0100042 0.0551257 0.0807365 -0.0231657 0.109658 0.0421337 -0.0240591 0.0130124 0.0240834 -0.0036826 0.125528 0.0273213 -0.0291794 -0.0221654 0.129523 0.143075 0.231199 0.139061 0.131336 0.238369 0.337751 0.119064 -0.0348603 0.0757788 -0.0519956 0.0915703 0.0294554 0.0595188 -0.0062623 -0.0614844 -0.078379 0.117839 0.107429 0.224146 0.118556 0.106951 0.191418 0.122473 -0.0514946 0.0209601 0.0955337 0.00611716 0.0108381 -0.045935 -0.0329233 0.0661666 -0.0807148 0.0777759 0.0658228 0.0458456 0.091457 0.113045 -0.0242035 0.18436 0.16337
internal_weight=292818 156595 134118 136223 103791 52157 22477 38845 30327 15180 78801 14367 8110 78546 9532 28156 51634 12045 2322 69014 52511 11838 9751 1144 764 8607 962 533 7594 33688 13312 57422 9812 15147 7088 1540 1107 1022 7645 6965 680 6722 6126 1014 796 16503 655 5355 37254 33750 46512 23332 2087 6133 5548 4990 4143 2509 2286 1634 558 847
internal_count=292818 156595 134118 136223 103791 52157 22477 38845 30327 15180 78801 14367 8110 78546 9532 28156 51634 12045 2322 69014 52511 11838 9751 1144 764 8607 962 533 7594 33688 13312 57422 9812 15147 7088 1540 1107 1022 7645 6965 680 6722 6126 1014 796 16503 655 5355 37254 33750 46512 23332 2087 6133 5548 4990 4143 2509 2286 1634 558 847
is_linear=0
shrinkage=0.05


Tree=51
num_leaves=63
num_cat=0
split_feature=15 11 24 15 14 14 14 14 14 31 11 28 28 25 29 29 13 5 16 19 13 14 14 13 10 14 29 26 16 20 13 25 14 29 29 31 11 29 29 28 28 10 5 5 14 13 29 7 7 14 14 13 17 29 29 14 14 6 19 13 19 16
split_gain=115562 23857.1 23178 10439.9 8897.35 12924.9 8322.68 12723.9 10512.3 12489.6 16931.8 12656.5 11915.3 9535.87 8495.89 8030.75 7608.3 7311.24 7078.25 6556 6526.39 7315.26 6392.87 9397.35 6153.04 5632.8 5857.52 7017.22 5517.6 9118.48 5499 9674.67 5923.92 12819.4 8796.3 9185.36 8481.79 8305.08 8940.81 8849.68 5697.85 5106.24 5057.01 5029.41 4946.14 6887.75 4879.9 4794.39 4647.74 4821.13 8067.65 5005.57 4603.07 4397.23 5568.34 4429.5 7371.53 4351.79 4349.78 4273.09 4241.91 6268.81
threshold=33.402708333333344 -2.3465972222222216 103.50000000000001 53.08784722222223 83.250000000000014 79.750000000000014 64.250000000000014 67.250000000000014 66.250000000000014 0.9432844916704799 0.47555555555555534 0.55107838589981462 0.52581763242090307 2.7215284933704962 4.2500000000000009 5.8500000000000005 -6.2499999999999991 1.5000000000000002 1.0000000180025095e-35 64.500000000000014 17.750000000000004 76.250000000000014 68.750000000000014 22.750000000000004 2.5000000000000004 63.750000000000007 7.1500000000000012 1.147396278801893 1.0000000180025095e-35 0.48500000000000004 -2.2499999999999996 2.7134216687113808 71.750000000000014 6.4500000000000011 5.2500000000000009 3.2864472789853028 1.4139583333333337 4.1500000000000012 1.7500000000000002 0.50689687975646891 0.51810350209126665 16.500000000000004 -13.499999999999998 8.5000000000000018 65.250000000000014 6.7500000000000009 5.3500000000000005 0.057590786948176591 0.29406617389693018 71.250000000000014 72.250000000000014 -24.749999999999996 2.5000000000000004 7.6500000000000012 8.2500000000000018 62.750000000000007 64.250000000000014 6.5823205938272418 2.5000000000000004 -27.749999999999996 33.500000000000007 1.0000000180025095e-35
decision_type=2 2 2 2 2 2 2 2 2 2 2 2 2 2 2 2 2 2 2 2 2 2 2 2 2 2 2 2 2 2 2 2 2 2 2 2 2 2 2 2 2 2 2 2 2 2 2 2 2 2 2 2 2 2 2 2 2 2 2 2 2 2
left_child=2 3 16 18 5 6 25 8 9 -8 -11 13 17 15 -15 -12 24 -10 -2 52 21 30 -22 -24 -1 42 -27 -28 -4 -30 31 -9 33 37 40 -36 -35 38 -32 -40 -34 -38 -3 -44 45 -17 -39 -23 49 51 -51 53 -20 55 -55 -5 -57 -58 -31 -56 61 -26
right_child=1 4 28 48 -6 -7 7 20 12 10 11 -13 -14 14 -16 44 -18 -19 19 -21 22 47 23 -25 60 26 27 -29 29 58 32 -33 34 36 35 -37 41 46 39 -41 -42 -43 43 -45 -46 -47 -48 -49 -50 50 -52 -53 -54 54 59 56 57 -59 -60 -61 -62 -63
leaf_value=0.20456267797233699 0.028580952395367544 -0.058654347654961483 -0.055575690550571238 0.113612546095605 0.32753300206159397 -0.36132541362613702 0.3124170177065887 -0.2860547581752117 0.42492274586875167 0.29841791089365977 -0.12782719355977487 0.30185239115532986 -0.0058955345840804915 0.11573140053933009 -0.24726790849516536 0.43734591472959239 -0.020727355293529065 0.11289339037300486 0.10164037486763272 0.033338194717442052 -0.34281761993964516 0.32395494524565782 -0.21765022438030704 0.17537028030093227 -0.011874548264471917 -0.23088464846962023 -0.15731429369894392 0.23367323252932157 -0.051763905291481498 0.11081096628500967 -0.14109091002921245 0.072359267975139058 0.2372214080022908 0.44736642226576806 -0.431420315561581 -0.062424662049454807 0.2150972415344895 -0.29226736578243701 0.0061460214697259975 0.44771689695439171 -0.074168394477633029 0.015143763142757389 0.015265909272881562 -0.061379588837827015 -0.014531374462822719 0.066038127242285291 -0.041856085485827671 0.028980866863715406 -0.076216147425886879 0.35217451716212822 0.11868135361924684 0.0692859029148859 0.042269052973228895 -0.16841978931725765 0.061031589252641433 0.49733031591257221 0.27119224070890552 -0.0095988011796300024 -0.011316932097636824 0.29553564713646363 -0.0022240251162064439 0.070469743262486076
leaf_weight=397 24759 2931 45232 856 222 231 455 403 633 504 520 278 366 202 787 213 46997 268 11828 9691 239 316 332 279 3967 525 263 202 24434 755 265 352 350 234 205 933 673 329 230 223 252 607 30481 2301 396 301 475 244 384 466 1791 9258 4512 201 799 259 425 204 20479 256 30064 5536
leaf_count=397 24759 2931 45232 856 222 231 455 403 633 504 520 278 366 202 787 213 46997 268 11828 9691 239 316 332 279 3967 525 263 202 24434 755 265 352 350 234 205 933 673 329 230 223 252 607 30481 2301 396 301 475 244 384 466 1791 9258 4512 201 799 259 425 204 20479 256 30064 5536
internal_value=-0.00030753 0.0388218 -0.0255435 0.0585195 0.0124253 0.0109851 0.0127633 0.0491669 0.110642 0.067595 0.0327086 -0.0170379 0.234705 -0.0537955 -0.173084 0.0287691 -0.00708954 0.332339 0.0477219 0.0659257 0.00555517 0.0236727 -0.124148 -0.0381926 0.00894841 0.000995108 -0.11659 0.012671 -0.0431976 -0.0309367 0.00622199 -0.119078 0.0260505 0.068199 -0.0474883 -0.129216 0.171164 -0.0342703 0.0892603 0.224027 0.106965 0.120361 0.00425786 0.00988438 0.118295 0.220457 -0.144561 0.195711 0.0953226 0.0998656 0.167025 0.0874873 0.0852496 0.143615 0.0722014 0.194975 0.27319 0.180254 -0.00696952 0.118161 0.00698058 0.0360977
internal_weight=292570 114709 177861 65689 49020 48798 48567 11864 4923 3656 3201 2697 1267 2419 989 1430 86961 901 50790 26031 6941 6091 850 611 39964 36703 990 465 90900 45668 5531 755 4776 3036 1740 1138 1514 1522 718 453 602 1280 35713 32782 910 514 804 560 14899 14515 2257 12258 16340 3000 1256 1744 888 629 21234 1055 39567 9503
internal_count=292570 114709 177861 65689 49020 48798 48567 11864 4923 3656 3201 2697 1267 2419 989 1430 86961 901 50790 26031 6941 6091 850 611 39964 36703 990 465 90900 45668 5531 755 4776 3036 1740 1138 1514 1522 718 453 602 1280 35713 32782 910 514 804 560 14899 14515 2257 12258 16340 3000 1256 1744 888 629 21234 1055 39567 9503
is_linear=0
shrinkage=0.05


Tree=52
num_leaves=63
num_cat=0
split_feature=1 11 10 3 15 14 31 13 14 14 14 14 16 14 13 13 29 14 29 29 28 9 14 14 13 26 5 14 29 29 11 27 29 13 9 13 27 14 31 6 5 16 20 19 13 17 29 29 31 13 27 27 13 14 29 29 13 13 27 14 14 14
split_gain=103943 23237.6 17262.3 14342.8 13105.9 9623.69 8747.68 15642.2 10309.2 8516.28 7788.07 8171.84 7157.36 7080.11 12336.9 16700.5 24227.3 10582 9790.08 7817.74 8447.08 7468.61 6876.26 13874.7 8409.99 12962 8653.89 7414.77 9216.19 12195.4 11212.4 6793.85 9971.55 6705.36 6290.65 6145.83 7236.89 6109.51 9194.7 7656.75 5790.98 5661.73 7562.44 5491.42 5475.46 5433.41 5157.45 9474.79 12123.6 7517.51 6187.08 5919.63 5679.53 14680.7 9038.96 10787.2 16328.9 6015.18 5749.85 5323.07 4940.37 7246.59
threshold=42.749268599594465 -2.6515972222222213 2.5000000000000004 1.5000000000000002 11.250208333333335 82.750000000000014 8.460242778960172 2.2500000000000004 63.250000000000007 51.250000000000007 78.250000000000014 52.750000000000007 1.0000000180025095e-35 54.750000000000007 -1.2499999999999998 4.7500000000000009 7.8500000000000005 53.750000000000007 10.750000000000002 14.050000000000002 0.39662296950698211 13.500000000000002 64.250000000000014 63.750000000000007 9.2500000000000018 1.1151679624489625 -7.4999999999999991 68.250000000000014 9.8500000000000032 8.7500000000000018 0.47555555555555534 0.51003355704697995 6.4500000000000011 3.2500000000000004 8.5000000000000018 3.2500000000000004 0.50797894915541986 73.250000000000014 3.3481638244338838 2.6036299359469299 -30.499999999999996 1.0000000180025095e-35 0.44500000000000006 28.500000000000004 -22.249999999999996 2.5000000000000004 2.6500000000000008 4.9500000000000011 2.3809947089947094 1.7500000000000002 0.48082177385456076 0.53453697679462164 7.2500000000000009 52.250000000000007 15.65 9.0500000000000025 5.7500000000000009 9.2500000000000018 0.44686794246998696 47.750000000000007 49.750000000000007 50.250000000000007
decision_type=2 2 2 2 2 2 2 2 2 2 2 2 2 2 2 2 2 2 2 2 2 2 2 2 2 2 2 2 2 2 2 2 2 2 2 2 2 2 2 2 2 2 2 2 2 2 2 2 2 2 2 2 2 2 2 2 2 2 2 2 2 2
left_child=2 3 -1 9 -4 6 10 -8 33 60 11 46 -11 14 -13 16 17 -16 -18 20 -17 -22 23 -15 26 -26 31 -28 29 37 -30 -24 -33 -9 44 36 -19 38 39 -29 -6 -42 -43 -14 -5 -44 -3 48 49 50 -48 52 53 54 55 58 -57 -54 -49 -59 -2 -62
right_child=1 5 4 34 40 -7 7 8 -10 12 -12 13 43 22 15 19 18 35 -20 -21 21 -23 24 -25 25 -27 27 28 30 -31 -32 32 -34 -35 -36 -37 -38 -39 -40 -41 41 42 45 -45 -46 -47 47 51 -50 -51 -52 -53 57 -55 -56 56 -58 59 -60 -61 61 -63
leaf_value=0.43374099720324683 0.048869114033416899 -0.082277355642605826 -0.0487616378577682 0.044984755715434456 -0.096163221577052815 0.35055492265377103 0.35449945167718327 -0.27918534781037191 0.27342372952017957 0.058163375299112877 -0.26573060799137987 -0.10373890287823145 0.16517876959819278 0.0036162945228854545 -0.11088567545471702 0.35131099350887157 0.64181970319376902 0.51892026160602212 0.26546447589791827 -0.24491008094201488 0.079249962436540269 -0.11370854401280076 0.34224795157183152 -0.18458801051015716 0.089493166181188882 -0.091823743570543959 0.10452882115366105 -0.047756232245944483 0.43998971666340109 -0.38541142591644006 -0.013168850168585778 -0.10130294613392637 0.34277925233481121 0.019897497683580567 0.05762893799467194 0.00084874682872015028 0.1208864381255544 0.13010960127998678 0.17926653674504323 -0.34717740366739114 -0.028791499859861736 -0.02327557657375539 0.034367032259132818 0.091646071501804094 -0.0030277723914574292 -0.020957056147348722 -0.26561702039543239 -0.10907428967353457 0.30764859486584889 0.069281170604728742 0.0033360009459614177 -0.1102191472451633 -0.16747948302749821 -0.32232600053908622 -0.26427480943730453 0.04318020472362339 0.31470013201285368 -0.095073195684022088 0.0095413943811202481 0.01617559104437474 -0.17719875402108301 0.021476771713444507
leaf_weight=200 8085 2725 56952 9006 2320 204 494 236 333 14510 265 858 3226 21951 447 217 345 215 350 239 1849 687 503 1024 1729 2290 3204 651 227 250 340 302 216 895 11501 252 244 524 279 317 44413 23248 14976 11955 17428 6306 336 1414 435 2850 585 1847 1001 327 275 3709 650 1886 3675 2499 639 1622
leaf_count=200 8085 2725 56952 9006 2320 204 494 236 333 14510 265 858 3226 21951 447 217 345 215 350 239 1849 687 503 1024 1729 2290 3204 651 227 250 340 302 216 895 11501 252 244 524 279 317 44413 23248 14976 11955 17428 6306 336 1414 435 2850 585 1847 1001 327 275 3709 650 1886 3675 2499 639 1622
internal_value=5.71671e-05 0.0303017 -0.0293127 0.0487941 -0.0299405 0.00850432 0.00744092 0.111517 0.0293411 0.069668 0.0042546 0.0053815 0.0832804 0.0193984 0.0709267 0.101873 0.219789 0.0795875 0.452942 0.0287966 0.0526386 0.0269535 0.0107041 -0.00477968 0.0435431 -0.0138172 0.0773771 0.0536969 -0.0092501 -0.0592362 0.16871 0.211528 0.0841779 -0.0427021 0.0267623 0.199324 0.308052 -0.0130007 -0.073193 -0.146068 -0.0181949 -0.0161601 -0.00356145 0.107282 0.0133311 0.0179739 -0.0174898 -0.00927066 0.0580217 0.0291523 -0.0949653 -0.0256494 -0.0155237 0.00667989 0.0177769 0.0260136 0.0837313 -0.0569479 -0.0234314 -0.0316836 0.0305987 -0.0347261
internal_weight=292538 144123 148415 77972 148215 66151 65947 1958 1464 40037 63989 63724 29691 39510 5703 4845 1853 1158 695 2992 2753 2536 33807 22975 10832 4019 6813 5792 2588 2021 567 1021 518 1131 37935 711 459 1771 1247 968 91263 88943 44530 15181 26434 21282 24214 21489 4206 3771 921 17283 15436 10050 9723 9448 4359 5386 5089 4385 10346 2261
internal_count=292538 144123 148415 77972 148215 66151 65947 1958 1464 40037 63989 63724 29691 39510 5703 4845 1853 1158 695 2992 2753 2536 33807 22975 10832 4019 6813 5792 2588 2021 567 1021 518 1131 37935 711 459 1771 1247 968 91263 88943 44530 15181 26434 21282 24214 21489 4206 3771 921 17283 15436 10050 9723 9448 4359 5386 5089 4385 10346 2261
is_linear=0
shrinkage=0.05


Tree=53
num_leaves=63
num_cat=0
split_feature=12 11 3 14 14 27 7 11 14 31 6 26 14 14 14 27 13 31 31 9 14 25 6 14 31 13 27 13 13 14 24 9 13 0 31 31 14 31 14 31 13 13 9 9 14 20 14 13 8 5 14 14 28 28 31 14 22 28 30 13 11 7
split_gain=94507 25884.9 12021.5 11711 13153.5 9373.91 8972.86 9041.04 8492.52 7933.12 19440.8 6879.51 7096.29 6781.53 8300.5 6543.61 6012.88 9058.37 10239.5 5726.58 5634.05 8052.82 5411.06 6240.89 5801.52 6983.59 6575.6 5368.12 5712.83 5224.49 5223.84 6886.38 5453.48 5536.98 5380.21 8598.67 6639.62 5498.24 5119.05 5116.81 5106.5 5031 5502.67 5029.9 4622.06 4585.55 4538.06 5048.82 4531.38 4392.54 11237.3 4299.38 4281.93 4280.36 4233.29 4131.49 3990.19 3922.27 4054.6 4200.13 7343.77 3996.05
threshold=25.671875000000004 -5.2388194444444434 1.5000000000000002 83.250000000000014 80.250000000000014 0.47630278526504949 1.6469184332444196 -1.0706249999999997 76.750000000000014 8.7030259740259748 2.7200643277694598 1.2945647686930679 50.250000000000007 51.250000000000007 49.750000000000007 0.51712409101571677 -21.749999999999996 2.8404439293945112 2.0296501068376074 13.500000000000002 76.250000000000014 3.223997965611002 7.451621747049983 55.250000000000007 2.7241647754203036 23.250000000000004 0.46174749163879608 -43.249999999999993 -41.749999999999993 39.250000000000007 20.500000000000004 2.5000000000000004 17.250000000000004 2236.5000000000005 1.9161508221583656 3.2657579087579092 65.750000000000014 5.7120449438202252 59.750000000000007 2.2561979719067704 -38.249999999999993 -35.249999999999993 18.500000000000004 8.5000000000000018 46.250000000000007 0.71500000000000008 41.250000000000007 16.250000000000004 11.500000000000002 -3.4999999999999996 59.750000000000007 54.750000000000007 0.50689687975646891 0.51714341692789978 7.6564615384615395 62.750000000000007 -1.0000000180025095e-35 0.52011560693641623 1.0000000180025095e-35 -7.2499999999999991 -3.4870138888888884 -0.095604835041141853
decision_type=2 2 2 2 2 2 2 2 2 2 2 2 2 2 2 2 2 2 2 2 2 2 2 2 2 2 2 2 2 2 2 2 2 2 2 2 2 2 2 2 2 2 2 2 2 2 2 2 2 2 2 2 2 2 2 2 10 2 2 2 2 2
left_child=6 2 13 4 5 11 7 41 43 20 49 12 -3 14 16 -10 17 18 -2 52 29 48 24 -24 25 26 57 39 -29 -7 -31 -32 33 -33 38 36 -36 53 -34 -15 -30 -1 -43 56 -18 -42 -9 54 -22 -11 -51 -26 -13 -37 -48 -54 -4 58 59 -14 -61 -60
right_child=1 3 8 -5 -6 9 -8 46 15 10 -12 19 22 27 -16 -17 44 -19 -20 -21 21 -23 23 -25 51 -27 -28 28 40 30 31 32 34 -35 35 37 -38 -39 -40 -41 45 42 -44 -45 -46 -47 47 -49 -50 50 -52 -53 55 -55 -56 -57 -58 -59 61 60 -62 -63
leaf_value=0.089778130824011093 0.11570790444816477 -0.05580568697606271 0.21067708110831485 0.30883739785400821 -0.36243329408268132 -0.17283101442126944 -0.056409096113306981 -0.10836529576865082 -0.3437562420697145 -0.10066992588863399 0.38862555660832099 -0.15709542215787398 -0.1297767967196741 -0.00544646393828465 -0.061244698133926981 -0.011426229798131366 -0.01345472426744302 0.054108997905348157 0.57969003042351419 -0.21047501253723577 0.40887340668663719 -0.13442899205726502 -0.17743404673946761 -0.012948957634496636 0.044464654758485267 -0.22726739079626493 -0.030619276280640591 -0.16962961885430244 0.21488881350697386 0.039555428008911125 -0.038726626302886764 0.00089534157847926841 -0.035245173804461953 0.041801553782371347 -0.12889204002972005 -0.027025678368062592 -0.45481591928732024 -0.15320539981274672 0.24073068620958207 0.25894205407130644 0.066251148594248063 -0.021768625369391489 0.01876490904043962 0.060973913042155707 0.081380959115403634 0.12334446113241367 -0.031899000677995608 -0.073820578373708007 0.13313857913512878 -0.025541653645236917 0.41078191452425694 -0.02623146951954778 -0.051673980714237434 0.15742587386455123 0.037216851627032109 0.15016628382701563 0.017023363083363059 0.20689931952955695 -0.19269921620047295 0.34913702043803768 0.083442016398763558 0.0670756605280909
leaf_weight=1311 263 5953 268 322 239 370 28376 2134 264 477 496 582 202 240 1882 336 2590 841 217 744 223 202 779 2213 3003 214 1473 229 689 16278 7090 16519 399 16570 674 919 203 528 289 769 18989 28172 11913 10245 2548 4318 50640 7084 450 540 202 7569 862 477 2316 358 23932 622 265 281 3369 333
leaf_count=1311 263 5953 268 322 239 370 28376 2134 264 477 496 582 202 240 1882 336 2590 841 217 744 223 202 779 2213 3003 214 1473 229 689 16278 7090 16519 399 16570 674 919 203 528 289 769 18989 28172 11913 10245 2548 4318 50640 7084 450 540 202 7569 862 477 2316 358 23932 622 265 281 3369 333
internal_value=-0.000132513 0.0255882 0.0488449 0.00829567 0.00724005 0.00820719 -0.031499 -0.0246737 0.0283594 0.0190263 0.125057 -0.0154061 -0.00780056 0.0702257 0.0311357 -0.15798 0.0580585 0.153161 0.326236 -0.0938655 0.0160526 0.141945 0.00626313 -0.0558194 0.0169836 0.0531597 0.0623621 0.083145 0.078432 0.014224 0.0153814 0.00636936 0.0151112 0.0213806 -0.0443354 -0.075105 -0.204766 -0.0159271 0.0808619 0.196112 0.0808062 -0.00656892 -0.00972216 0.0316098 0.0335822 0.0768334 -0.0367277 -0.0341797 0.224975 0.0175824 0.0936349 -0.00614777 -0.0456304 0.0360672 -0.0288756 0.00762903 0.0191766 0.0893663 0.0728953 0.0916978 0.103987 -0.0481715
internal_weight=292855 160909 68620 92289 91967 91728 131946 103570 35045 62906 1715 28822 26276 33575 8341 600 6459 1321 480 2546 61191 875 20323 2992 17331 6759 6545 25234 24225 60316 59946 43668 36578 33089 3489 2801 877 1924 688 1009 23996 41396 40085 34445 5138 23307 62174 60040 673 1219 742 10572 1802 1396 52956 1220 24200 5072 4450 3852 3650 598
internal_count=292855 160909 68620 92289 91967 91728 131946 103570 35045 62906 1715 28822 26276 33575 8341 600 6459 1321 480 2546 61191 875 20323 2992 17331 6759 6545 25234 24225 60316 59946 43668 36578 33089 3489 2801 877 1924 688 1009 23996 41396 40085 34445 5138 23307 62174 60040 673 1219 742 10572 1802 1396 52956 1220 24200 5072 4450 3852 3650 598
is_linear=0
shrinkage=0.05


Tree=54
num_leaves=63
num_cat=0
split_feature=24 11 27 11 7 14 5 16 19 7 28 14 14 31 14 14 14 31 11 27 14 31 0 31 14 19 9 31 25 27 27 14 31 14 14 8 11 6 28 28 31 5 9 14 11 24 11 25 14 31 31 25 25 28 27 17 14 11 31 14 14 28
split_gain=88517 24437.8 12332.6 11976.7 10017.7 8095.65 8092.79 7586.98 13707.5 7035.32 8936.95 6145.94 8413.83 6946.68 6132.55 6920.86 5929.77 6125.96 5881.43 5763.57 9919.2 7013.91 5924.6 5540.64 5512.03 5053.64 4826.01 4714.68 6402.07 4624.22 4415.57 4372.84 4314.15 4207.03 5521.12 5100.98 4176.81 4173.94 4856.58 4261.6 4660.25 3962.39 3903.88 3921.02 3825.37 4295.9 3823.12 4433.53 3737.71 4543.26 4893.69 7364.35 4633.19 4096.96 3549.25 3541.22 3518.34 3450.74 3430.86 5867.24 6004.84 3803.07
threshold=74.500000000000014 -15.422569444444441 0.48843892007484635 -5.9963888888888883 0.74326649429884128 39.250000000000007 -20.499999999999996 1.0000000180025095e-35 59.500000000000007 0.14636696732948509 0.45103367433930103 51.750000000000007 52.250000000000007 2.0071898596432987 44.250000000000007 52.750000000000007 55.250000000000007 1.8313428401663698 -0.85569444444444442 0.48157843707581932 50.250000000000007 3.5910197704081637 2081.5000000000005 6.5116517246433467 64.250000000000014 19.500000000000004 28.500000000000004 8.9983315295815327 2.7055955618936758 0.56267076502732249 0.37905861269238883 70.250000000000014 3.1529554367201427 59.250000000000007 51.250000000000007 37.500000000000007 -0.64569444444444424 -12.458954832719394 0.55585264408793833 0.51736194839643124 3.6720157910719711 -6.4999999999999991 8.5000000000000018 72.750000000000014 7.000208333333334 3.5000000000000004 0.36305555555555558 2.21297774206757 54.750000000000007 1.3013526722925459 3.7998712907806662 2.3028735881575808 2.985033144450068 0.51358735784965304 0.51928389290267762 3.5000000000000004 51.750000000000007 -3.6165972222222211 1.5577779452651328 48.750000000000007 46.750000000000007 0.46579596698715225
decision_type=2 2 2 2 2 2 2 2 2 2 2 2 2 2 2 2 2 2 2 2 2 2 2 2 2 2 2 2 2 2 2 2 2 2 2 2 2 2 2 2 2 2 2 2 2 2 2 2 2 2 2 2 2 2 2 2 2 2 2 2 2 2
left_child=1 9 11 26 6 57 -5 44 25 10 56 23 18 16 -11 -16 46 24 32 20 -8 36 42 58 41 -9 33 -6 -29 -23 -17 -26 -13 34 -2 -36 -21 39 -39 40 -15 -18 -22 -44 45 -7 -14 -48 53 -50 52 -52 -51 -32 -54 -10 -1 -4 59 60 -3 -62
right_child=3 2 5 4 27 7 19 8 55 14 -12 12 13 37 15 30 17 -19 -20 21 22 29 -24 -25 31 -27 -28 28 -30 -31 48 -33 -34 -35 35 -37 -38 38 -40 -41 -42 -43 43 -45 -46 -47 47 -49 49 50 51 -53 54 -55 -56 -57 -58 -59 -60 -61 61 -63
leaf_value=-0.12798232965658612 -0.025864041193585281 -0.077394230021103086 0.020923098432923497 -0.06057810125905802 -0.056589240590455239 0.090163477892407182 -0.07261959790429616 0.12566582329140583 0.025358732885493951 0.31337323400210315 0.11154547717530548 0.116848622911867 0.072685881223965923 -0.18116946685976454 -0.056153068934088335 -0.14981159231673352 -0.12636323222490731 0.17801732200427892 0.01768244765388469 0.0032686616974725636 -0.075053812362350703 0.0073470302893951719 -0.216844908035147 -0.11221332325679045 0.14676835963373858 0.064662609641584004 0.1953768843718007 -0.047587483161860289 0.30729128887779766 0.079317442576104846 0.23976327139814343 -0.10448470639900487 0.39935288581236628 -0.022183469203995543 0.066107390512969641 -0.023696252297245372 -0.04303698026545829 -0.0056816271047519518 0.11937864280001112 -0.19867883677715842 0.11082271801417523 0.0034029702482093992 -0.0018611095152575785 -0.12390013917531705 -0.01737371512825555 0.019149377528532997 0.034665107896051754 0.31508750239810118 -0.073425320529114449 0.077927058649839301 0.17897022111517508 -0.028824047278112205 0.40572100374940323 0.031611020740416676 0.13864486557319311 -0.049825582624156733 0.033981891086281982 -0.20501469372429712 -0.0059774977553360177 -0.15810136672216507 -0.026088721955681377 0.25759776536658946
leaf_weight=473 4053 925 252 12810 37601 2307 10659 4469 16274 202 12352 256 968 224 1686 252 794 578 419 7962 2226 17010 357 1612 911 14145 333 319 210 2568 572 213 288 9064 6649 2074 12538 18660 809 551 347 2262 21462 678 6619 27576 204 457 679 2626 533 2115 200 403 331 1732 1145 511 14533 1066 202 283
leaf_count=473 4053 925 252 12810 37601 2307 10659 4469 16274 202 12352 256 968 224 1686 252 794 578 419 7962 2226 17010 357 1612 911 14145 333 319 210 2568 572 213 288 9064 6649 2074 12538 18660 809 551 347 2262 21462 678 6619 27576 204 457 679 2626 533 2115 200 403 331 1732 1145 511 14533 1066 202 283
internal_value=-6.45007e-05 0.0278685 0.0187571 -0.0271407 -0.0330865 0.0314579 -0.0238346 0.0331493 0.0492288 0.0744286 0.0970726 -0.00139695 0.0134325 0.00824569 0.0414668 0.0355891 0.0537972 0.0255951 0.158579 -0.0175964 -0.0323029 -0.00461253 -0.0149186 -0.0236482 0.00448103 0.0793147 0.0067536 -0.0545031 0.0936047 0.0167908 0.0556531 0.0991049 0.266868 0.0038688 0.022352 0.0447552 -0.025053 -0.00588557 -0.000479103 -0.0996149 -0.0038406 -0.0303428 -0.0119513 -0.00560378 0.0170168 0.0246346 0.136104 0.228726 0.0626138 0.0488733 0.0631886 0.0130534 0.105223 0.153848 0.239812 0.0181244 -0.0134159 -0.130463 -0.0152485 -0.0696405 -0.00269688 0.139633
internal_weight=292589 144016 120447 148573 126400 73885 88270 73122 36620 23569 13970 46562 27941 26978 9599 9397 6387 4758 963 75460 35382 40078 24723 18621 4180 18614 22173 38130 529 19578 7711 1124 544 21840 12776 8723 20500 20591 19469 1122 571 3056 24366 22140 36502 29883 1629 661 7459 6484 5805 2648 3157 975 531 18006 1618 763 17009 2476 1410 485
internal_count=292589 144016 120447 148573 126400 73885 88270 73122 36620 23569 13970 46562 27941 26978 9599 9397 6387 4758 963 75460 35382 40078 24723 18621 4180 18614 22173 38130 529 19578 7711 1124 544 21840 12776 8723 20500 20591 19469 1122 571 3056 24366 22140 36502 29883 1629 661 7459 6484 5805 2648 3157 975 531 18006 1618 763 17009 2476 1410 485
is_linear=0
shrinkage=0.05


Tree=55
num_leaves=63
num_cat=0
split_feature=24 11 11 7 14 13 28 14 7 28 13 12 13 14 11 14 9 13 9 13 8 10 27 14 14 14 13 29 29 27 29 29 27 7 29 29 8 29 29 14 13 27 29 29 29 29 13 13 14 29 14 14 29 13 27 29 29 29 13 27 22 13
split_gain=78552.4 19208.7 15930.7 11171.3 10797.5 9541.33 9362.45 9353.81 7888.83 7649.06 7543.25 6573.81 6433.93 7165.75 10107.7 6429.44 6134.3 5961.05 7927.2 5841.78 5796.54 7370.35 5869.72 5669.97 12525.5 8039.96 6187.47 11404 8782.38 5381.86 5354.92 5313.06 5114.88 4991.63 5776.04 7562.53 4946.78 4745.35 4593.12 7263.01 6479.38 4552.46 4484.42 11937.6 9340.2 7652.6 7471.95 9374.62 6130.92 10218.2 5731.65 12511.3 8828.57 5674.36 5227.95 6472.05 4802.33 6556.99 7026.68 6147.41 6228.67 7533.92
threshold=60.500000000000007 -15.422569444444441 -6.5795138888888873 0.69217125599999207 51.750000000000007 9.2500000000000018 0.49626844890002791 54.750000000000007 -0.19561040993118275 0.40603782182729559 7.2500000000000009 70.215277777777786 4.7500000000000009 52.250000000000007 0.47555555555555534 76.750000000000014 28.500000000000004 4.2500000000000009 6.5000000000000009 7.7500000000000009 7.5000000000000009 23.500000000000004 0.53581294396211532 43.250000000000007 41.750000000000007 52.750000000000007 -20.249999999999996 3.9500000000000006 4.4500000000000011 0.49675310984608906 2.3500000000000001 2.1500000000000008 0.53352059925093642 0.057590786948176591 11.250000000000002 13.15 9.5000000000000018 1.7500000000000002 4.0500000000000007 65.250000000000014 -7.2499999999999991 0.48397370043147736 10.950000000000001 11.15 9.8500000000000032 14.750000000000002 -3.2499999999999996 -14.749999999999998 63.750000000000007 17.350000000000005 57.750000000000007 60.750000000000007 12.350000000000003 -7.2499999999999991 0.51928389290267762 10.050000000000002 9.0500000000000025 9.3500000000000032 -6.2499999999999991 0.52010101010101029 2.5000000000000004 -4.7499999999999991
decision_type=2 2 2 2 2 2 2 2 2 2 2 2 2 2 2 2 2 2 2 2 2 2 2 2 2 2 2 2 2 2 2 2 2 2 2 2 2 2 2 2 2 2 2 2 2 2 2 2 2 2 2 2 2 2 2 2 2 2 2 2 8 2
left_child=1 9 15 5 10 7 -7 36 -8 -1 -3 12 13 14 -6 16 -2 29 -19 41 22 -22 38 24 -11 26 27 30 -29 -15 -25 37 -33 -27 -35 -36 -4 -14 39 40 -9 -12 44 -44 56 46 47 -45 49 -47 53 -52 -53 -49 -46 -56 59 58 -58 60 61 -31
right_child=2 4 3 -5 11 6 8 20 -10 23 19 -13 31 17 -16 -17 -18 18 -20 -21 21 -23 -24 25 -26 33 -28 28 -30 42 -32 32 -34 34 35 -37 -38 -39 -40 -41 -42 -43 43 45 54 48 -48 50 -50 -51 51 52 -54 -55 55 -57 57 -59 -60 -61 -62 -63
leaf_value=-0.070352162276091854 0.013598941111221903 0.011351517830008092 -0.057097550052453178 -0.049632227411927778 0.21448837010425789 -0.073157917468750902 -0.038082438904796824 0.28812414548710125 0.057092361243711302 -0.0011580827850082966 -0.3739909315498266 0.17404476866046967 0.05262923301180078 0.013095583055199546 -0.17012981062856924 -0.19248160974234343 0.24963715718129464 0.37052440105626983 0.043671369157661122 -0.033353787874177046 -0.072006677730553151 0.0044772669308753661 0.17031220317215603 -0.059181282648550618 0.54325446705810909 0.12861404297251811 0.14896751278105666 0.34203121936511854 0.011214049003602905 0.085939173232802341 -0.34374432804802107 -0.012165992411399019 0.070693103272756422 0.085870833503632477 -0.15985035754773785 0.1067920114951692 -0.017503837597069468 0.26837801407192891 0.0056178551919253729 0.31054571966385158 -0.017336874394972373 -0.090123181479345824 -0.338222069960119 -0.19694310632675519 0.0085375070872714207 0.16861307663810177 -0.11451813015506573 0.077544485588426373 0.29611376095367103 -0.18125064711478589 -0.28758556622287873 0.26913058997060241 -0.060778480237470824 0.37248746617534367 0.41156610320122244 0.15630681301899679 -0.026691281575285969 0.038079387793835434 -0.40710403569587844 0.014743489993941705 0.095886512753586201 -0.10018708204554311
leaf_weight=864 27957 26548 10969 41346 1144 14024 7671 217 3039 218 225 835 1767 14665 200 374 277 314 452 6055 3480 33108 849 349 204 6455 776 214 3001 1214 314 14228 2142 7523 582 488 28092 297 4581 338 852 379 236 342 386 665 1206 381 379 303 255 428 384 285 325 1054 298 1040 204 5497 9704 983
leaf_count=864 27957 26548 10969 41346 1144 14024 7671 217 3039 218 225 835 1767 14665 200 374 277 314 452 6055 3480 33108 849 349 204 6455 776 214 3001 1214 314 14228 2142 7523 582 488 28092 297 4581 338 852 379 236 342 386 665 1206 381 379 303 255 428 384 285 325 1054 298 1040 204 5497 9704 983
internal_value=-4.27056e-05 0.03198 -0.0209741 -0.0275532 0.0223991 -0.0190388 -0.0462764 -0.0108709 -0.0110734 0.0752617 -0.000583831 0.0347858 0.0328697 0.0436032 0.15717 0.0131923 0.0159234 0.0398767 0.177964 -0.0481621 0.00509802 -0.00279913 0.0473536 0.0815167 0.26268 0.0776232 0.0201839 -0.00561785 0.0333337 0.0372434 -0.194266 0.00821321 -0.0013203 0.0953853 0.070412 -0.0382553 -0.0286236 0.0837894 0.0298946 0.108876 0.044881 -0.196312 0.0510922 0.0078879 0.0612408 0.0256067 -0.015596 0.0419255 0.125905 0.0590259 0.0891516 0.0172616 0.113232 0.204128 0.171222 0.21672 0.0509833 -0.0335686 -0.181783 0.0584787 0.0786767 0.00265332
internal_weight=292982 115808 177174 148566 94820 107220 24734 82486 10710 20988 33207 61613 60778 42344 1344 28608 28234 41000 766 6659 43425 36588 6837 20124 422 19702 4654 3878 3215 40234 663 18434 16370 15048 8593 1070 39061 2064 5988 1407 1069 604 25569 4864 20705 4628 3281 2075 1347 968 1733 1067 812 666 1765 1379 18940 1542 502 17398 11901 2197
internal_count=292982 115808 177174 148566 94820 107220 24734 82486 10710 20988 33207 61613 60778 42344 1344 28608 28234 41000 766 6659 43425 36588 6837 20124 422 19702 4654 3878 3215 40234 663 18434 16370 15048 8593 1070 39061 2064 5988 1407 1069 604 25569 4864 20705 4628 3281 2075 1347 968 1733 1067 812 666 1765 1379 18940 1542 502 17398 11901 2197
is_linear=0
shrinkage=0.05


Tree=56
num_leaves=63
num_cat=0
split_feature=0 13 10 12 3 14 14 13 14 31 28 14 6 13 14 14 13 13 14 25 14 29 14 14 13 13 29 29 14 29 29 31 13 14 29 13 11 13 31 29 25 16 19 29 13 14 14 25 13 11 29 29 5 29 29 16 19 19 16 13 13 13
split_gain=72591.7 18441.7 13367.1 10239.2 9685.22 8168.54 8851.2 10225.2 7354.49 13815.1 10267 6205.4 5847.16 5410.23 5276.13 6589.51 7001.44 5622.33 8968.2 5143.71 5128.45 6122.83 5532.66 9995.33 7278.7 9456.13 19868.8 8947.42 7734.2 5852.62 6770.91 10473.7 6322.58 5204.68 7357.05 6080.69 4988.69 4978.61 5257.19 4952.86 4940.42 4678.44 5321.72 4660.62 5513.54 4692.8 4565.06 5767.04 5735.08 4519.85 6547.79 8867.51 5010.82 4474.19 7513.48 4409.85 6756.78 4385.7 5493.42 4382.22 5201.68 4590.02
threshold=1880.5000000000002 -2.7499999999999996 2.5000000000000004 17.074791666666673 1.5000000000000002 64.250000000000014 67.750000000000014 1.2500000000000002 66.250000000000014 0.9432844916704799 0.51736194839643124 51.250000000000007 -16.221984346202532 18.250000000000004 49.750000000000007 50.250000000000007 -5.2499999999999991 -21.249999999999996 43.250000000000007 2.5080669817419765 63.750000000000007 6.8500000000000005 52.750000000000007 54.750000000000007 -1.2499999999999998 4.7500000000000009 7.8500000000000005 10.750000000000002 53.750000000000007 2.6500000000000008 4.9500000000000011 2.4187597930524762 1.7500000000000002 48.750000000000007 1.2500000000000002 11.250000000000002 2.6797222222222232 3.2500000000000004 2.2780240079084879 9.5500000000000025 2.5820264753764151 1.0000000180025095e-35 19.500000000000004 12.65 6.2500000000000009 65.250000000000014 50.750000000000007 2.3301784682492541 13.250000000000002 -0.8930555555555556 5.8500000000000005 5.7500000000000009 -6.4999999999999991 4.6500000000000012 6.7500000000000009 1.0000000180025095e-35 58.500000000000007 17.500000000000004 1.0000000180025095e-35 6.7500000000000009 5.7500000000000009 21.250000000000004
decision_type=2 2 2 2 2 2 2 2 2 2 2 2 2 2 2 2 2 2 2 2 2 2 2 2 2 2 2 2 2 2 2 2 2 2 2 2 2 2 2 2 2 2 2 2 2 2 2 2 2 2 2 2 2 2 2 2 2 2 2 2 2 2
left_child=2 4 -1 57 11 12 7 -7 9 -9 19 14 -3 -8 17 39 -17 18 -2 -11 22 -22 29 24 -24 26 28 -28 -26 33 31 32 -31 34 -14 -35 -23 38 -30 -16 -10 -13 -43 44 -12 -46 48 -48 -34 -32 51 52 -51 -21 -55 -6 -57 58 -4 60 -27 -61
right_child=1 5 3 -5 55 6 13 8 40 10 43 41 20 -15 15 16 -18 -19 -20 53 21 36 23 -25 25 59 27 -29 37 30 49 -33 46 35 -36 -37 -38 -39 -40 -41 -42 42 -44 -45 45 -47 47 -49 -50 50 -52 -53 -54 54 -56 56 -58 -59 -60 61 -62 -63
leaf_value=0.35813638906291478 0.44432103497286635 -0.1095843389655056 -0.039577512849388742 -0.0097553465375877155 0.0064060426838782021 0.27066495862430229 0.018620987272972969 0.30014922137836642 0.28817082699850161 0.012228868197900034 0.20918024111280586 0.050242410385740933 0.077974133420185207 -0.13970858624955521 -0.075684088376891001 -0.029923744487541405 0.25952269790275978 0.025725265264248551 0.084038239961286426 0.017517902691082415 -0.24795612037361192 0.19539447994537507 -0.14456111592407647 0.0014148693722118829 -0.10614027952075247 0.050669547434487983 0.59345919385838974 0.22386721678814894 0.43974825199822798 -0.11827200742876526 0.053421283984867333 0.33133289178547964 0.13929518870124019 -0.24577452071576086 -0.17321476139983194 0.033405765928185303 -0.13195497541794918 -0.024594682892947868 0.093873990241405192 -0.36367576641681709 0.085717009110052617 0.16334303156672567 0.07787150624515575 0.29649762815196595 -0.17112141909409023 0.10396767745136742 0.13913402619045317 -0.19429655095197437 -0.055076210911013938 0.090015744608900855 -0.020665905645579748 -0.43090901873553195 -0.14215640772287713 -0.48622056410378883 -0.13055344291724044 0.065843139345442322 0.0066184988907229793 -0.039902796143483507 0.029207083712154126 0.1018416699035954 -0.2669664192890337 -0.1027429584677509
leaf_weight=228 200 1279 6116 69022 18657 699 4502 382 493 505 316 14874 723 612 442 1418 244 6860 1234 202 456 203 328 18758 430 291 324 334 215 607 1722 309 1619 777 487 260 270 227 225 225 776 2108 13402 216 342 282 208 341 495 314 12098 213 887 224 440 11187 8456 75812 5523 1850 230 321
leaf_count=228 200 1279 6116 69022 18657 699 4502 382 493 505 316 14874 723 612 442 1418 244 6860 1234 202 456 203 328 18758 430 291 324 334 215 607 1722 309 1619 777 487 260 270 227 225 225 776 2108 13402 216 342 282 208 341 495 314 12098 213 887 224 440 11187 8456 75812 5523 1850 230 321
internal_value=-0.000392437 0.0263213 -0.0235941 -0.0241526 0.0418962 0.0045714 0.0456104 0.0937945 0.0641455 0.0203112 -0.0220931 0.0587826 -0.00419032 -0.000350158 0.0258847 -0.0405998 0.0127007 0.0445566 0.134562 -0.114599 -0.00122679 -0.117436 0.00119675 0.0178571 0.0824347 0.0992061 0.189474 0.406479 0.0590593 -0.01742 -0.00830831 0.0535681 0.0272273 -0.0936696 -0.0231838 -0.175813 0.00865121 0.165559 0.263495 -0.173232 0.164534 0.0702833 0.0894979 0.0876217 0.0393606 -0.0468349 0.0604242 -0.0679462 0.093778 -0.0228478 -0.032571 -0.134342 -0.0814309 -0.188486 -0.251088 0.0238153 0.0403495 -0.0355156 -0.00693778 0.0403089 -0.0897964 0.0715588
internal_weight=292800 136099 156701 156473 79307 56792 9991 4877 4178 2909 2527 41007 46801 5114 10623 2329 1662 8294 1434 1371 45522 929 44593 23533 4775 4447 1755 658 1097 21060 18813 3579 3270 2247 1210 1037 473 667 440 667 1269 30384 15510 1156 940 624 2663 549 2114 15234 13512 1414 1201 866 664 38300 19643 87451 11639 2692 521 2171
internal_count=292800 136099 156701 156473 79307 56792 9991 4877 4178 2909 2527 41007 46801 5114 10623 2329 1662 8294 1434 1371 45522 929 44593 23533 4775 4447 1755 658 1097 21060 18813 3579 3270 2247 1210 1037 473 667 440 667 1269 30384 15510 1156 940 624 2663 549 2114 15234 13512 1414 1201 866 664 38300 19643 87451 11639 2692 521 2171
is_linear=0
shrinkage=0.05


Tree=57
num_leaves=63
num_cat=0
split_feature=24 11 11 16 20 31 5 11 27 29 17 6 27 29 29 29 29 13 12 27 24 13 5 13 13 29 28 29 29 29 28 21 29 29 28 6 13 29 28 6 8 11 20 12 20 29 29 28 8 11 6 9 29 29 29 29 29 21 13 29 6 13
split_gain=66991.7 16964.1 12658.7 9633.1 18697.1 7457.73 7536.38 8534.77 7739.08 7539.57 6860.96 6349.62 5582.23 5544.51 6575.79 7728.75 5803.81 5289.33 5035.85 5008.02 4668.63 4603.41 4527.46 4499.42 4490.35 7792.49 5181.82 4367.62 6395.66 8976.35 5130.44 4696.2 4671.84 4648.9 4559.67 4323.25 6183.83 4378.65 7957.48 4303.3 4677.25 4231.41 4128.27 4010.92 3804.5 3780.49 5077.62 4281.9 3962.48 3953.7 3736.16 3716.21 3678.37 5336.31 8259.29 5628.36 5893.95 5119.85 4094.58 3648.06 3614.38 3504.6
threshold=63.500000000000007 -16.572083333333328 -6.5795138888888873 1.0000000180025095e-35 0.56500000000000006 8.093901148942134 12.500000000000002 -1.2709722222222217 0.49675310984608906 9.4500000000000011 2.5000000000000004 -5.4191916984068831 0.42821606254442079 1.9500000000000002 2.3500000000000001 2.6500000000000008 17.850000000000005 -28.249999999999996 56.509027777777781 0.39943820224719107 12.500000000000002 -23.749999999999996 -20.499999999999996 -30.249999999999996 -46.249999999999993 7.7500000000000009 0.48843892007484635 13.550000000000002 7.7500000000000009 7.2500000000000009 0.51928389290267762 1.0000000180025095e-35 7.9500000000000011 7.0500000000000007 0.47301343259427098 2.7715068012086221 -8.2499999999999982 17.250000000000004 0.49456457520973657 6.6758998461881767 5.5000000000000009 -0.60499999999999954 0.31500000000000006 21.138541666666669 0.87500000000000011 18.750000000000004 20.050000000000004 0.52011560693641623 15.500000000000002 1.820000000000001 18.093986834173435 28.500000000000004 6.5500000000000007 5.4500000000000011 5.2500000000000009 4.7500000000000009 4.6500000000000012 -1.0000000180025095e-35 -31.749999999999996 16.550000000000004 12.125478174578005 -22.749999999999996
decision_type=2 2 2 2 2 2 2 2 2 2 2 2 2 2 2 2 2 2 2 2 2 2 2 2 2 2 2 2 2 2 2 10 2 2 2 2 2 2 2 2 2 2 2 2 2 2 2 2 2 2 2 2 2 2 2 2 2 10 2 2 2 2
left_child=1 13 51 20 10 6 7 8 9 -4 42 -10 41 17 23 -16 19 -1 44 -17 -3 -19 -9 -15 25 26 -21 28 29 33 -31 32 -30 34 39 45 -37 -38 -39 40 -26 -7 -5 -24 -6 47 -47 48 49 -14 -8 -2 53 54 55 56 57 -36 -54 -49 -33 -55
right_child=2 3 5 4 18 12 50 22 11 -11 -12 -13 35 14 15 16 -18 21 -20 24 -22 -23 43 -25 27 -27 -28 -29 31 30 -32 60 -34 -35 52 36 37 38 -40 -41 -42 -43 -44 -45 -46 46 -48 59 -50 -51 -52 -53 58 61 -56 -57 -58 -59 -60 -61 -62 -63
leaf_value=0.055072526191326236 0.0096202064020066494 0.035958926572854572 0.0017445946371157806 0.0051938368616659646 0.054853922380618918 -0.2881216715951011 -0.042946253351031236 -0.05734277883295872 0.10763140314755917 -0.073767020389149271 -0.02220033188005657 0.01498937103735664 -0.072420313347552695 0.1218359530672319 -0.16745087369444811 -0.080671392860872451 -0.18086575541871591 -0.33157797077134865 0.15610782574956528 0.23946229869999539 -0.0023838108066821444 -0.017522131489122295 -0.032905622295718084 0.42955594842417666 0.082025506024613171 0.34154700942155797 -0.094803678115292667 0.19170757605607455 -0.15410790848061443 0.41109579929124029 0.11917085184502914 -0.0031896783100485967 0.067671565936452099 -0.11203465383407717 -0.11785362864112747 -0.017368163243244649 0.049226281844536202 0.10692957298949771 0.46328073218587806 0.11577362186587628 -0.13960194242427079 0.0057574608955289087 0.046144365056105641 -0.0060681691718697476 0.11328369526194962 -0.23830264583749222 0.021677211635687855 0.068340078308306726 0.25794862320335382 0.19603571043680273 -0.10181786912581758 0.18777364979992067 0.37260641462152655 -0.017089455533895351 0.32934577628268169 -0.037335096033971171 0.35606170823158378 0.13330920302530155 0.12723976285516919 -0.16492373309649377 -0.19982693350804567 0.16799071478789651
leaf_weight=664 26446 9837 10956 11025 11608 211 32309 12476 2254 4733 9330 10290 306 265 326 464 213 218 1856 204 41127 250 44115 216 410 450 266 820 249 349 266 959 4758 282 223 482 311 326 302 703 565 290 13931 20342 3667 286 543 389 376 247 2940 295 274 1214 466 576 270 2175 450 293 308 323
leaf_count=664 26446 9837 10956 11025 11608 211 32309 12476 2254 4733 9330 10290 306 265 326 464 213 218 1856 204 41127 250 44115 216 410 450 266 820 249 349 266 959 4758 282 223 482 311 326 302 703 565 290 13931 20342 3667 286 543 389 376 247 2940 295 274 1214 466 576 270 2175 450 293 308 323
internal_value=0.00011132 0.0285071 -0.0200132 0.0204229 0.0356921 -0.025851 -0.0278512 -0.0211445 0.00236831 -0.0210387 0.0143786 0.0316432 0.0385282 0.0716656 0.0783996 0.0733944 0.0779589 -0.0356491 0.0783456 0.0812077 0.00501761 -0.164208 -0.0297732 0.260627 0.085748 0.193067 0.0504824 0.0794232 0.0731979 0.10134 0.285231 0.0348547 0.0566138 0.0870462 0.0943995 0.0589086 0.128207 0.202871 0.27876 0.0215619 -0.0464162 -0.118339 0.0280543 -0.0244362 0.0688874 0.018515 -0.0681933 0.0631486 0.132936 0.0476242 -0.0478593 0.0115925 0.114862 0.100248 0.132696 0.104355 0.134947 0.109913 0.220485 -0.0319692 -0.0511109 0.021889
internal_weight=293075 121557 171518 102381 51417 144777 140415 105166 28233 15689 34286 12544 4362 19176 18044 17563 17237 1132 17131 17024 50964 468 76933 481 16560 920 470 15640 14820 8546 615 6274 5007 7931 7649 3861 1421 939 628 1678 975 501 24956 64457 15275 2440 829 1611 929 553 35249 26741 5971 5247 3710 3244 2668 2398 724 682 1267 1537
internal_count=293075 121557 171518 102381 51417 144777 140415 105166 28233 15689 34286 12544 4362 19176 18044 17563 17237 1132 17131 17024 50964 468 76933 481 16560 920 470 15640 14820 8546 615 6274 5007 7931 7649 3861 1421 939 628 1678 975 501 24956 64457 15275 2440 829 1611 929 553 35249 26741 5971 5247 3710 3244 2668 2398 724 682 1267 1537
is_linear=0
shrinkage=0.05


Tree=58
num_leaves=63
num_cat=0
split_feature=24 12 11 16 19 16 19 17 5 19 16 17 24 27 12 29 26 11 11 5 9 29 19 16 19 5 19 29 29 28 12 17 19 7 13 19 8 23 19 13 27 12 31 7 7 8 29 28 13 28 20 29 29 29 29 11 8 28 5 13 8 7
split_gain=59487.4 14638.7 13762.5 8373.17 8848.29 6638.4 9655.5 5379.63 5213.64 4814.36 7091.27 4765.57 4537.84 3936.92 3771.55 3737.32 4633.43 3601.04 3559.55 4866.76 3521.46 3487.59 3381.94 6010.78 3335.95 3279.69 3194.74 3149.56 6840.27 3522.64 3083.97 3009.41 2941.49 2795.55 4668.92 2793.76 2678.61 2643.86 2608.71 2594.5 2721.49 2526.75 2483.44 2428.61 2281.92 2329.44 2208.47 7855.9 3721.01 2234.35 2204.66 2198.92 2669.22 3386.64 2127.39 2084.88 2062.42 2061.8 1936.23 2141.05 1933.05 1915.13
threshold=54.500000000000007 20.212916666666668 -2.3465972222222216 1.0000000180025095e-35 24.500000000000004 1.0000000180025095e-35 37.500000000000007 2.5000000000000004 -16.499999999999996 28.500000000000004 1.0000000180025095e-35 2.5000000000000004 3.5000000000000004 0.38482106129164956 56.000416666666673 13.950000000000001 1.3069061596108862 1.820000000000001 -2.5918055555555553 -4.4999999999999991 8.5000000000000018 11.450000000000001 66.500000000000014 1.0000000180025095e-35 17.500000000000004 -1.4999999999999998 64.500000000000014 7.8500000000000005 6.9500000000000011 0.43215107763130367 67.23819444444446 2.5000000000000004 63.500000000000007 0.46671381423856678 3.2500000000000004 7.5000000000000009 15.500000000000002 2.5000000000000004 5.5000000000000009 -34.749999999999993 0.487244565924769 70.215277777777786 2.214418435013263 -0.070134426975148614 0.47876319838701126 32.500000000000007 2.0500000000000003 0.51140700902151293 -20.749999999999996 0.49003311258278154 0.35500000000000004 2.9500000000000006 8.5500000000000025 9.8500000000000032 2.2500000000000004 11.807152777777778 23.500000000000004 0.57909117054932424 32.500000000000007 -32.749999999999993 22.500000000000004 0.35963103280952569
decision_type=2 2 2 2 2 2 2 2 2 2 2 2 2 2 2 2 2 2 2 2 2 2 2 2 2 2 2 2 2 2 2 2 2 2 2 2 2 10 2 2 2 2 2 2 2 2 2 2 2 2 2 2 2 2 2 2 2 2 2 2 2 2
left_child=2 9 3 12 31 17 35 26 -4 10 -2 30 -1 -14 22 16 41 20 19 -11 -3 51 23 50 -25 27 -8 28 37 -29 32 -5 -6 34 -20 -7 -36 42 -12 40 -27 -16 -15 -31 45 -22 47 49 -49 -41 -10 -18 -53 -54 -48 -24 -19 -52 59 60 -21 -34
right_child=1 5 8 4 11 6 7 -9 14 18 38 -13 13 25 15 -17 21 56 33 58 44 -23 55 24 -26 39 -28 29 -30 43 -32 -33 61 -35 36 -37 -38 -39 -40 46 -42 -43 -44 -45 -46 -47 54 48 -50 -51 57 52 53 -55 -56 -57 -58 -59 -60 -61 -62 -63
leaf_value=0.089724358987115171 -0.037023283015077756 -0.024234588365467685 -0.085411625559927692 0.1462060648270728 0.081700237525064986 0.097830688054272502 0.030854412016469268 -0.037928256169976936 0.044842046543656922 0.080476064035571504 0.072536253009670676 0.013442356899099865 -0.085433743716432503 0.27537899568241619 0.061255166066453232 0.17017223863624323 0.11425845020739232 -0.044916339850381515 -0.014723299578056494 0.18324329973571862 0.014713723294916249 -0.20712973178268279 -0.0064025861835498342 0.10419763733915569 0.031280473502620275 -0.015717426850384131 -0.0067292718171854107 -0.18067439472562269 0.33022659306724866 0.0084994330011500877 0.19873240556919938 0.06460500345013441 0.047816947693277385 -0.054557308568811136 -0.06778465573209641 0.037330108353332211 -0.029762183303380409 0.03369053520713073 0.008279688803056651 -0.10477149230579282 0.11156980351202479 0.23783864097117827 0.041311524627674928 0.17556154745957053 -0.031104976227728377 0.15470468156915895 0.17168366034689561 -0.12171760053135627 0.11717732863021256 -0.29209783045236359 -0.017578511538530166 -0.058926626411558117 0.22699063585310336 -0.051295622444815107 0.01490396468844505 -0.063713007031931279 0.03200020694458635 0.11744445977828884 -0.053433927340913526 -0.020401637868499869 0.020074010575533263 -0.041070541142067513
leaf_weight=2621 11238 15030 1400 3853 9004 2328 9810 8201 1830 1222 1914 6076 844 260 3304 570 354 11110 18352 216 13240 222 10037 1857 10082 609 13345 200 299 1014 417 1602 8628 23943 10045 10578 8600 1255 9019 584 1350 215 201 276 2886 303 218 214 674 219 11295 1277 212 224 18129 1884 945 289 3947 11170 1112 651
leaf_count=2621 11238 15030 1400 3853 9004 2328 9810 8201 1830 1222 1914 6076 844 260 3304 570 354 11110 18352 216 13240 222 10037 1857 10082 609 13345 200 299 1014 417 1602 8628 23943 10045 10578 8600 1255 9019 584 1350 215 201 276 2886 303 218 214 674 219 11295 1277 212 224 18129 1884 945 289 3947 11170 1112 651
internal_value=4.76101e-05 -0.0167101 0.0303566 0.0462048 0.0646118 -0.00178213 0.0118514 -0.00313116 0.00953164 -0.0297119 -0.00913382 0.0519153 0.026993 0.0207491 0.0125785 0.0481049 0.0360979 -0.01565 -0.0355157 -0.0157536 -0.00674557 -0.0192703 0.00649845 0.0168257 0.0426298 0.0242665 0.00919432 0.0691797 0.109922 0.0140456 0.0644145 0.122258 0.0613402 -0.0412446 -0.0326279 0.04825 -0.0502493 0.0713653 0.0195345 0.0171072 0.0720118 0.0721084 0.173634 0.0443513 0.00925469 0.017857 0.0117361 -0.042924 0.0595336 -0.15616 -0.00614254 0.000996621 -0.0224625 0.0842277 0.0167761 -0.0154645 -0.0388846 -0.0142001 -0.0229088 -0.0132651 0.0467315 0.041577
internal_weight=292804 188554 104250 59198 30231 87776 44262 31356 45052 100778 22171 24776 28967 26346 43652 6378 5808 43514 78607 17667 31459 2289 37274 25353 11939 25502 23155 3505 2015 1490 18700 5455 18283 60940 36997 12906 18645 1716 10933 21997 1959 3519 461 1290 16429 13543 20038 1691 888 803 13414 2067 1713 436 18347 11921 12055 11584 16445 12498 1328 9279
internal_count=292804 188554 104250 59198 30231 87776 44262 31356 45052 100778 22171 24776 28967 26346 43652 6378 5808 43514 78607 17667 31459 2289 37274 25353 11939 25502 23155 3505 2015 1490 18700 5455 18283 60940 36997 12906 18645 1716 10933 21997 1959 3519 461 1290 16429 13543 20038 1691 888 803 13414 2067 1713 436 18347 11921 12055 11584 16445 12498 1328 9279
is_linear=0
shrinkage=0.05


Tree=59
num_leaves=63
num_cat=0
split_feature=24 11 11 27 13 7 7 13 11 29 13 29 29 29 29 13 7 29 13 29 29 29 13 13 6 10 31 29 29 13 29 13 29 24 5 9 13 29 27 12 29 13 29 29 13 13 29 29 13 9 27 31 25 7 25 12 13 22 26 26 31 13
split_gain=55164.7 17042.5 8224.62 8073.84 6705.35 6249.32 6196.34 6763.96 5874.64 8180.11 10995.7 10913.8 9663.97 7472.69 11631.1 7275.02 6459.52 7782.28 5963.56 5435.46 10603.8 8387.37 8028.45 5714.87 5302.67 5287.56 4596.34 4450.98 7042.17 4442.82 4354.09 10041.6 5356.44 4918.56 4277.33 6231.45 6086.21 4270.21 4233.64 4146.88 4018.31 4009.13 18097.6 6143.25 13750.3 10610 5329.41 4183.19 3956.16 3954.74 3932.51 3891.18 3815.04 3747.72 3723.46 3715.96 3703.45 3585.05 3503.77 3489.4 4497.27 4032.52
threshold=74.500000000000014 -13.734583333333331 -4.5064583333333328 0.48843892007484635 -54.249999999999993 0.29406617389693018 0.70482941104315988 11.250000000000002 0.87097222222222237 16.150000000000002 -3.2499999999999996 10.950000000000001 11.15 17.150000000000002 18.050000000000004 -3.2499999999999996 0.080442435642905888 9.9500000000000011 -6.7499999999999991 9.0500000000000025 9.2500000000000018 6.7500000000000009 -3.2499999999999996 -1.2499999999999998 -8.4999346400202942 18.500000000000004 4.2434195825504046 18.950000000000003 18.250000000000004 -4.2499999999999991 0.75000000000000011 -7.7499999999999991 2.0500000000000003 25.500000000000004 -20.499999999999996 14.500000000000002 -11.749999999999998 10.15 0.52957074721780617 60.170833333333341 18.550000000000004 -7.2499999999999991 8.2500000000000018 8.1500000000000004 -8.7499999999999982 -13.249999999999998 7.8500000000000005 7.2500000000000009 -7.7499999999999991 6.5000000000000009 0.59331346619482217 9.7533791550170879 2.6221313745606616 -1.7255639707432573 2.4666793554117503 67.23819444444446 -1.7499999999999998 2.5000000000000004 1.0199487942029595 1.0254251437702437 6.4028622631848444 6.7500000000000009
decision_type=2 2 2 2 2 2 2 2 2 2 2 2 2 2 2 2 2 2 2 2 2 2 2 2 2 2 2 2 2 2 2 2 2 2 2 2 2 2 2 2 2 2 2 2 2 2 2 2 2 2 2 2 2 2 2 2 2 10 2 2 2 2
left_child=1 4 -2 27 -1 38 7 34 9 11 13 16 -13 -11 -15 18 17 19 -14 21 -21 24 41 26 -5 -20 -24 28 59 -22 31 -26 57 -34 36 50 -4 -19 55 -10 -8 43 -43 44 46 -45 47 -23 -16 -40 -36 -29 -42 -37 -47 -6 -17 -32 -51 60 -3 -61
right_child=2 3 6 8 5 -7 40 -9 39 10 -12 12 15 14 48 56 -18 37 25 20 29 22 23 -25 30 -27 -28 51 -30 -31 32 -33 33 -35 35 53 -38 -39 49 -41 52 42 -44 45 -46 54 -48 -49 -50 58 -52 -53 -54 -55 -56 -57 -58 -59 -60 61 -62 -63
leaf_value=0.34298677054580812 0.0022676943207239788 0.015409490395348613 0.20698098292507763 0.16039221110283663 0.05494959840368549 0.014102883151245062 -0.046667907826981526 -0.049249852385110447 0.002730809688534043 0.26436619900401043 0.43434572081367878 -0.26805566470879011 -0.013275674136412242 -0.31764089316811939 0.24092563911271203 -0.16455050179297337 0.017052172917148316 0.32050759285368807 0.061952629884798188 -0.27322618990557118 -0.023207635429630363 0.065673843262538653 0.0021505618050660052 0.16402236114686752 0.33597797532980095 0.31957936390531344 -0.27903632917632798 -0.25878601799397788 0.27742241681192847 0.16086312537263359 -0.24456066403357957 0.023613372218626107 0.070273071029340203 -0.0082892118625445318 -0.033530137180564572 -0.032472253403467648 -0.057885907756611815 0.12383489887410636 0.088570561021635671 0.068191214781325088 -0.010192914987456496 0.31903754809492918 -0.061089805379311593 -0.049851258666339243 -0.31091021888076048 0.53874468943375409 -0.048565580366405452 0.28509992424533692 -0.037697214013443586 0.030588681342566544 0.15684380152889274 -0.0030337980472819603 0.26223969831509464 0.0095742098245912653 0.23495592654627911 0.19158122548960571 -0.0042165690756038486 -0.0336033136400554 0.26886212255648384 -0.0064438252624040493 -0.065732570505547899 -0.062518510182526826
leaf_weight=203 29819 23741 223 847 16821 6920 35057 15651 28952 381 282 389 3287 214 292 966 12650 372 913 351 1134 406 432 325 370 254 218 315 225 460 268 840 4139 3840 20121 6284 6863 1072 2523 2639 353 1141 431 208 220 205 345 468 225 202 274 281 201 33803 203 512 574 803 656 14419 1839 4122
leaf_count=203 29819 23741 223 847 16821 6920 35057 15651 28952 381 282 389 3287 214 292 966 12650 372 913 351 1134 406 432 325 370 254 218 315 225 460 268 840 4139 3840 20121 6284 6863 1072 2523 2639 353 1141 431 208 220 205 345 468 225 202 274 281 201 33803 203 512 574 803 656 14419 1839 4122
internal_value=0.00015179 0.0222197 -0.0212104 0.0137922 0.0573541 0.0552435 -0.0271019 -0.0196326 0.0242758 0.0371232 0.156048 0.0327715 -0.0268828 0.0851453 -0.00849884 -0.011189 0.0447656 0.0631204 0.0212047 0.0539854 -0.0248501 0.0637473 0.1205 -0.00687139 0.0402239 0.118251 -0.092439 -0.00279719 -0.000971478 0.0299795 0.0302889 0.119328 0.0183723 0.0324676 -0.0127717 -0.00846524 -0.0495224 0.174688 0.0689861 0.00820112 -0.0445558 0.154733 0.214844 0.108667 0.0520321 0.24067 0.117736 0.183361 0.119829 0.120167 -0.030965 -0.138412 0.0889444 0.0029824 0.388539 0.0589964 -0.104831 -0.0865708 0.212866 -0.00239743 0.00957368 -0.0189129
internal_weight=292544 143895 148649 116058 27837 27634 118830 83219 71116 39525 1394 38131 6383 1112 731 5994 31748 19098 4454 17654 1945 15709 4602 975 11107 1167 650 44942 44346 1594 10260 1210 9050 7979 67568 60482 7086 1444 20714 31591 35611 3627 1572 2055 1439 616 1219 874 517 3381 20395 596 554 40087 408 17333 1540 1071 858 44121 25580 18541
internal_count=292544 143895 148649 116058 27837 27634 118830 83219 71116 39525 1394 38131 6383 1112 731 5994 31748 19098 4454 17654 1945 15709 4602 975 11107 1167 650 44942 44346 1594 10260 1210 9050 7979 67568 60482 7086 1444 20714 31591 35611 3627 1572 2055 1439 616 1219 874 517 3381 20395 596 554 40087 408 17333 1540 1071 858 44121 25580 18541
is_linear=0
shrinkage=0.05


Tree=60
num_leaves=63
num_cat=0
split_feature=12 16 19 17 24 13 7 10 12 19 16 13 21 7 13 29 14 13 29 19 14 14 13 17 12 13 13 29 13 13 7 13 14 14 29 29 29 7 29 28 29 13 9 12 29 29 29 28 29 29 28 29 27 19 29 29 29 29 13 13 0 23
split_gain=48900.9 15690.4 22268.1 9442.01 6520.1 6297.49 5921.01 5853.89 5792.57 5145.22 7569.42 4751.62 4326.28 4269.06 4706.59 4008.99 9347.94 4171.65 4018.2 3949.58 3924.54 3634.74 4496.61 3563.62 3542.47 3423.35 3180.06 5113.31 3126.96 4063.88 3063.29 3006.31 2968.4 2928.97 4641.86 4190.05 3780.26 3593.57 3390.7 3181.72 2918.83 2902.25 3700.7 2854.04 2849.37 2784.9 3670.35 2953.09 5406.16 2700.49 2694.37 3298.24 2676.85 2647.07 2594.69 2577.13 3942.66 2572.07 2551.3 2773.89 2540.21 2487.15
threshold=23.310555555555563 1.0000000180025095e-35 43.500000000000007 3.5000000000000004 28.500000000000004 3.2500000000000004 0.045977038491530363 5.5000000000000009 51.745069444444447 17.500000000000004 1.0000000180025095e-35 -25.749999999999996 -2.4999999999999996 1.9425119647714939 4.7500000000000009 15.750000000000002 63.750000000000007 -9.7499999999999982 17.950000000000003 4.5000000000000009 51.750000000000007 49.750000000000007 -17.249999999999996 2.5000000000000004 62.921666666666674 5.2500000000000009 26.750000000000004 19.650000000000002 28.250000000000004 30.250000000000004 0.20003334444814941 -24.249999999999996 44.250000000000007 58.250000000000007 1.9500000000000002 12.350000000000003 14.65 0.35045266863953778 2.6500000000000008 0.43597197376267149 10.65 -32.749999999999993 15.500000000000002 56.509027777777781 1.6500000000000001 17.150000000000002 16.150000000000002 0.53559907834101395 9.3500000000000032 16.550000000000004 0.5345681119836122 5.7500000000000009 0.54573340769659795 12.500000000000002 12.550000000000002 13.850000000000003 13.15 8.0500000000000025 -21.749999999999996 -9.7499999999999982 212.50000000000003 1.5000000000000002
decision_type=2 2 2 2 2 2 2 2 2 2 2 2 8 2 2 2 2 2 2 2 2 2 2 2 2 2 2 2 2 2 2 2 2 2 2 2 2 2 2 2 2 2 2 2 2 2 2 2 2 2 2 2 2 2 2 2 2 2 2 2 2 10
left_child=7 5 4 8 43 6 11 -1 25 10 -9 24 -13 14 41 20 17 -17 -19 -6 21 22 32 -21 -2 30 27 -7 -28 -30 31 -4 -8 34 58 37 55 61 -36 -40 -23 -11 44 53 -43 46 47 -14 -49 -32 52 -52 -41 -3 -42 56 -37 -39 -22 -60 -44 -35
right_child=1 2 3 -5 19 26 15 9 -10 13 -12 12 45 -15 -16 16 -18 18 -20 23 33 40 -24 -25 -26 -27 28 -29 29 -31 49 -33 -34 35 38 36 -38 57 39 50 54 42 60 -45 -46 -47 -48 48 -50 -51 51 -53 -54 -55 -56 -57 -58 -59 59 -61 -62 -63
leaf_value=0.17329854791095314 0.077795746305527047 0.14457806722372807 0.090498989690085449 -0.049481680924279403 0.11987531463600742 -0.018023360639078136 0.22550207191612573 -0.032168889625959762 0.056579462070647416 0.049318489023691896 0.038634020103944108 -0.17900582870052226 0.018488000713694164 -0.04949647511199947 -0.043376978320928156 -0.091888097741537625 0.37806613058783117 0.22601489343098369 -0.058995055857271252 0.059010654604564589 0.057004895069686229 -0.060193934517881797 -0.040182746868456368 0.012932008586314037 0.27988240328282121 -0.012879228290823524 -0.20471401235767928 0.21635263818217088 0.1480338818863744 -0.12125956269629264 -0.0063217270187401475 0.024958585426028274 0.031268979423556824 0.11178165174779085 0.19036318342179304 -0.21811613039754693 0.040927042304576257 -0.053710767352741606 0.090419304969814998 0.012443637539119883 -0.31226345226284569 -0.097400456056349116 -0.040974141092502567 0.15190503296170343 -0.028869165261629096 -0.081746249598529996 0.2333940050647938 0.11209830381343829 -0.042449531421621202 0.14970815571319115 0.19191413421554671 0.016082890600225826 -0.09676424339556601 0.068429427917438806 -0.079316953471085694 -0.28790030493838142 0.017328136481220179 0.013234162196621421 -0.24117290000164304 -0.039605195945230355 -0.0016929182784059659 0.010872120828913851
leaf_weight=370 1650 1485 1911 5427 1927 23931 239 7916 8886 1614 7214 263 20063 21424 23309 449 223 319 201 13691 242 2182 3879 6051 249 10314 446 234 209 420 10278 20637 1093 662 336 352 366 4213 1695 5489 240 1626 4842 2214 22432 600 213 2184 763 284 441 673 624 4942 239 244 358 2175 313 375 27405 7735
leaf_count=370 1650 1485 1911 5427 1927 23931 239 7916 8886 1614 7214 263 20063 21424 23309 449 223 319 201 13691 242 2182 3879 6051 249 10314 446 234 209 420 10278 20637 1093 662 336 352 366 4213 1695 5489 240 1626 4842 2214 22432 600 213 2184 763 284 441 673 624 4942 239 244 358 2175 313 375 27405 7735
internal_value=-0.000163357 0.0166447 0.0315069 0.0132876 0.0662109 0.00153094 0.0101807 -0.0250057 0.0198006 -0.0256301 0.00159033 0.0283005 0.0222944 -0.0296422 -0.024405 -0.00313654 0.0869614 0.0196475 0.115946 0.0515624 -0.00628247 -0.0372508 -0.0129663 0.0448887 0.104427 0.0122733 -0.0194906 -0.0157449 -0.103597 -0.0316876 0.0201086 0.0305171 0.0662631 0.00299036 0.0239709 -0.0102826 -0.0956015 -0.00265939 0.0346698 0.0287857 -0.084784 -0.0167693 -0.0186646 0.102934 -0.0335048 0.0245242 0.0272732 0.0253551 0.0720839 -0.00211249 0.0143198 0.085799 0.00128196 0.0860438 -0.196441 -0.147968 -0.0995418 -0.0309187 -0.0824572 -0.131524 -0.00759222 0.01884
internal_weight=292781 174629 88047 57737 30310 86582 61342 118152 52310 117782 15130 25985 24086 102652 81228 35357 1192 969 520 21669 34165 7872 5211 19742 1899 43424 25240 24165 1075 629 33110 22548 1332 26293 10188 16105 1320 14785 9258 8922 2661 57919 56305 8641 24058 23823 23223 23010 2947 10562 7227 1114 6113 6427 479 954 710 6388 930 688 32247 8397
internal_count=292781 174629 88047 57737 30310 86582 61342 118152 52310 117782 15130 25985 24086 102652 81228 35357 1192 969 520 21669 34165 7872 5211 19742 1899 43424 25240 24165 1075 629 33110 22548 1332 26293 10188 16105 1320 14785 9258 8922 2661 57919 56305 8641 24058 23823 23223 23010 2947 10562 7227 1114 6113 6427 479 954 710 6388 930 688 32247 8397
is_linear=0
shrinkage=0.05


Tree=61
num_leaves=63
num_cat=0
split_feature=12 24 13 14 29 29 29 13 14 20 28 28 29 14 29 11 27 6 27 29 5 14 10 25 13 28 13 13 12 6 27 13 14 13 13 25 13 9 13 27 14 13 5 29 31 13 24 29 29 6 29 5 14 29 14 29 29 31 10 0 31 27
split_gain=44780.6 12005.6 7868.17 6638.47 6242.33 5982.11 9577.02 7484.62 6592.82 5809.2 5557.6 5121.85 6431.25 8416.09 7878.01 5013.38 5052.73 4973.74 4886.11 5243.9 8533.48 8922.7 11417.3 6824.35 4776.56 8551.99 6035.1 4940.68 4684.17 4446.49 4356.08 4418.35 4284.84 5063.99 5165.19 4263.04 4231.04 4200.41 4674.58 4122.9 4890.24 9403.44 4038.07 4072.03 5723.69 4009.27 3924.74 3891.43 4354.34 4544.55 4511.66 3841.45 3832.67 5540.56 5634.64 3824.12 3766.14 3730.87 5193.38 9329.38 5352.14 5050.37
threshold=37.100833333333348 106.50000000000001 -24.249999999999996 38.750000000000007 11.450000000000001 3.8500000000000001 4.1500000000000012 -30.249999999999996 68.750000000000014 0.67500000000000016 0.40050761421319803 0.46838774150566292 13.15 55.250000000000007 15.050000000000002 -9.8297916666666634 0.38304780326056925 22.912093337224093 0.48157843707581932 16.250000000000004 -3.4999999999999996 46.250000000000007 16.500000000000004 2.7175708106788883 -25.249999999999996 0.51604323953328768 -25.749999999999996 -46.249999999999993 70.215277777777786 -5.9389369495581077 0.489417693169093 -23.749999999999996 50.250000000000007 6.7500000000000009 7.7500000000000009 2.5111210052438908 26.250000000000004 6.5000000000000009 -9.7499999999999982 0.44744111660366392 43.250000000000007 -20.249999999999996 -17.499999999999996 14.850000000000003 5.6382486524661504 -26.749999999999996 17.500000000000004 4.1500000000000012 11.550000000000002 11.093328826092621 11.850000000000003 25.500000000000004 38.250000000000007 9.1500000000000004 36.750000000000007 17.350000000000005 20.750000000000004 5.6740419524001622 6.5000000000000009 1806.5000000000002 3.5700236176715761 0.54698493648769908
decision_type=2 2 2 2 2 2 2 2 2 2 2 2 2 2 2 2 2 2 2 2 2 2 2 2 2 2 2 2 2 2 2 2 2 2 2 2 2 2 2 2 2 2 2 2 2 2 2 2 2 2 2 2 2 2 2 2 2 2 2 2 2 2
left_child=1 3 4 10 5 8 7 -7 45 28 -1 -6 13 -13 -14 16 -5 24 32 51 55 22 -22 -23 26 -26 27 -8 30 -18 36 -32 33 -17 35 -35 47 38 -34 -31 41 -41 43 44 -39 -2 -11 -4 49 -49 -50 57 53 54 -12 -21 -33 58 59 -20 -60 -62
right_child=2 -3 9 15 11 6 17 -9 -10 46 52 12 14 -15 -16 18 29 -19 19 20 21 23 -24 -25 25 -27 -28 -29 -30 39 31 56 37 34 -36 -37 -38 42 -40 40 -42 -43 -44 -45 -46 -47 -48 48 50 -51 -52 -53 -54 -55 -56 -57 -58 -59 60 -61 61 -63
leaf_value=0.10765088337923395 0.013071213424495557 -0.027761238845073789 0.039836366599058697 -0.079942822613013054 -0.21290800047572703 0.13160750071362903 0.21555488575658852 0.54200697041441959 -0.18486728037779149 0.083537689228612919 -0.15988280518282938 0.12296902177875993 0.24960842505518804 -0.23552040837034904 -0.099513803437060011 -0.023191360010137566 0.19383215297532469 -0.1272922331179088 0.40396167691797019 0.085479788903146989 0.099610557284577073 -0.013556070318636466 0.61263705856410922 0.29362125476685969 0.031542911878131359 0.41825396388969838 -0.1765221920838265 0.076059100437719462 0.13642052535501367 0.074229573931835199 -0.13529978460063416 0.022884423881680827 0.0093562218594885668 -0.12880686206729305 -0.058913979053425991 -0.38451889529498906 -0.18949024953669119 -0.055852644398133477 -0.093218066688645074 0.37401604525463766 0.0063341642057773749 -0.032442474556336934 0.010133292485948788 0.11354762381834067 -0.33563372200299613 0.18201312238550238 0.032491545952707007 -0.020352939518657395 0.23387718945172908 -0.13271743413504841 0.017803748489969417 -0.068092246939104928 -0.29279279271906167 -0.20893191335489975 0.10549780302530816 -0.15430047184749035 0.22798573798351573 -0.030617262436237955 -0.0084497937850078701 0.050846950283540152 0.017670091073370444 0.09949791784640076
leaf_weight=293 1937 85779 4095 1123 299 239 705 208 363 5264 350 270 441 413 254 12417 401 264 215 274 230 682 205 245 276 296 218 6330 786 3446 439 43185 1923 572 2960 228 309 1932 2628 264 12621 307 20117 302 201 428 13231 10308 261 985 3104 1905 291 599 464 420 224 6500 22693 1399 11543 2253
leaf_count=293 1937 85779 4095 1123 299 239 705 208 363 5264 350 270 441 413 254 12417 401 264 215 274 230 682 205 245 276 296 218 6330 786 3446 439 43185 1923 572 2960 228 309 1932 2628 264 12621 307 20117 302 201 428 13231 10308 261 985 3104 1905 291 599 464 420 224 6500 22693 1399 11543 2253
internal_value=-0.000126315 -0.0136849 0.0280622 -0.0029042 0.0642997 0.0776981 0.0982951 0.32336 0.0132371 0.0223559 -0.0932271 -0.0256867 0.0150617 -0.0938316 0.122056 -0.00126369 0.0227389 0.0858195 -0.00601035 0.00487674 0.0830004 0.155675 0.342232 0.0678578 0.0930248 0.23204 0.0820311 0.0900671 0.0151926 0.0295107 0.0136758 0.0223506 -0.0182265 -0.0385892 -0.0894192 -0.202074 -0.00627884 -0.00607156 -0.0498833 0.0255389 0.0128153 0.155808 0.00277149 -0.058028 -0.0823623 0.0437091 0.0470239 -0.00325006 -0.015289 -0.0301645 0.0346276 0.00142138 -0.127811 -0.0936503 -0.0086655 -0.0596454 0.023948 0.00439178 0.0103646 0.0981062 0.00648101 0.0310395
internal_weight=292914 197782 95132 112003 12941 11264 8536 447 2728 82191 1997 1677 1378 683 695 110006 18162 8089 91844 48564 2056 1362 435 927 7825 572 7253 7035 63696 17039 62910 43848 43280 16177 3760 800 19062 27103 4551 16638 13192 571 22552 2435 2133 2365 18495 18753 14658 11293 3365 46508 1704 1413 814 694 43409 44603 38103 1614 36489 13796
internal_count=292914 197782 95132 112003 12941 11264 8536 447 2728 82191 1997 1677 1378 683 695 110006 18162 8089 91844 48564 2056 1362 435 927 7825 572 7253 7035 63696 17039 62910 43848 43280 16177 3760 800 19062 27103 4551 16638 13192 571 22552 2435 2133 2365 18495 18753 14658 11293 3365 46508 1704 1413 814 694 43409 44603 38103 1614 36489 13796
is_linear=0
shrinkage=0.05


Tree=62
num_leaves=63
num_cat=0
split_feature=0 16 19 12 17 13 27 14 19 16 19 16 6 6 29 29 13 14 13 14 12 29 27 31 17 19 14 14 31 9 9 8 8 13 29 11 14 25 31 31 29 19 29 6 8 5 31 9 13 14 31 13 29 31 5 2 29 13 29 13 8 14
split_gain=38984.6 11173.4 14346 8900.36 8119.8 5438.75 5324.85 4274.75 4035.44 7051.88 4011.34 4846.6 3956.89 3949.97 4036.86 6389.45 4932.34 4352.49 3879.46 3874.06 3781.5 3720.39 6149.27 4669.81 3719.02 3654.41 3466.46 3434.18 3279.33 3247.32 3303.09 4806.31 4137.43 3602.14 4968.92 3341.68 5558.41 3666.38 3127.96 3925.46 3490.47 3118.58 3063.11 3020.14 2981.59 2871.26 3532.25 2836.2 3108.28 2826.94 2801.05 2704.48 2817.9 2672.82 2610.58 2602.32 2601.87 3660.66 2751.26 2601.41 2600.55 2522.54
threshold=2180.5000000000005 1.0000000180025095e-35 63.500000000000007 19.257777777777779 2.5000000000000004 -2.7499999999999996 0.61991735537190096 78.750000000000014 18.500000000000004 1.0000000180025095e-35 17.500000000000004 1.0000000180025095e-35 -11.264299552370089 0.90246574492300569 7.8500000000000005 6.9500000000000011 -5.7499999999999991 54.750000000000007 -3.2499999999999996 64.750000000000014 56.509027777777781 9.2500000000000018 0.48787834263884816 5.6021743697479005 2.5000000000000004 7.5000000000000009 83.250000000000014 55.250000000000007 4.2014631409403771 42.500000000000007 8.5000000000000018 13.500000000000002 14.500000000000002 -37.749999999999993 4.4500000000000011 2.6797222222222232 72.750000000000014 2.6286725611129191 7.6564615384615395 5.6740419524001622 11.550000000000002 70.500000000000014 13.15 10.744552879921432 5.5000000000000009 -14.499999999999998 6.7620483870967751 5.5000000000000009 -43.249999999999993 44.250000000000007 1.3391565635451508 -11.749999999999998 9.3500000000000032 1.5867877358819389 -1.4999999999999998 221.50000000000003 0.8500000000000002 -6.7499999999999991 1.9500000000000002 -8.7499999999999982 12.500000000000002 58.750000000000007
decision_type=2 2 2 2 2 2 2 2 2 2 2 2 2 2 2 2 2 2 2 2 2 2 2 2 2 2 2 2 2 2 2 2 2 2 2 2 2 2 2 2 2 2 2 2 2 2 2 2 2 2 2 2 2 2 2 2 2 2 2 2 2 2
left_child=3 5 4 10 20 13 7 8 9 -5 11 -1 -7 14 15 18 28 59 56 -8 25 -18 -23 -24 -4 -3 -9 -20 -16 30 33 35 -33 34 61 45 37 60 39 -34 -41 50 -39 -36 -44 46 51 48 -45 -47 -15 -32 -53 -52 -19 -12 57 -2 -58 -17 -37 -10
right_child=1 2 24 6 -6 12 19 26 29 -11 55 -13 -14 41 16 17 21 54 27 -21 -22 22 23 -25 -26 -27 -28 -29 -30 -31 31 32 38 -35 43 36 -38 42 -40 40 -42 -43 44 47 -46 49 -48 -49 -50 -51 53 52 -54 -55 -56 -57 58 -59 -60 -61 -62 -63
leaf_value=-0.028185176742488452 0.22964276321050106 0.13844624078045895 0.020033462818023706 -0.01462308481011192 0.021762622639567641 -0.087596845826273556 0.043805945741605623 -0.20697102490226676 0.025484559717245434 0.068834461565528804 -0.046183771359241677 0.033151324615020392 -0.0056450330501512805 -0.078998361372172074 -0.072072593697636078 0.15076332667024822 -0.2110535802263033 0.40918853995846771 0.031619125834810059 0.32133216173475926 0.12617198695156986 -0.20117575948927724 0.22850477400594033 -0.042809278873328568 -0.025872668056907314 0.061254627551696417 0.024161092787647095 0.28241643932584709 0.048606820452142555 -0.13246488535979892 0.20365106687133241 0.05716460374921789 0.01092264818854374 -0.024900082937079668 0.27468160213039416 -0.02737527722669977 0.21598090317554589 -0.10540351879245176 0.099044951400746165 -0.1851453709893528 -0.028982434123706116 0.034823213418163794 -0.094865134442407711 0.20043631895764538 0.17483783071517078 -0.13027396373733688 0.23760029700049504 -0.064626406339658923 0.002994308215539671 -0.0044996747606630919 0.12288225472018302 0.049242578182981306 -0.09347358978217829 -0.0065649851740332754 0.18933013127483789 -0.024438394728706587 -0.079914613187957284 -0.033042948050066259 0.034992557120270794 -0.068247987184989853 0.14209695326078639 -0.20758838830436144
leaf_weight=6758 367 1673 17872 5075 9923 1575 310 460 230 5048 17291 6151 22521 1309 646 376 364 203 245 211 3211 328 259 406 5857 18346 250 308 4336 509 202 5038 17197 24428 204 4285 204 2928 875 434 2020 5745 203 457 205 473 230 303 353 7775 414 1286 472 10197 411 67368 578 207 5197 211 238 233
leaf_count=6758 367 1673 17872 5075 9923 1575 310 460 230 5048 17291 6151 22521 1309 646 376 364 203 245 211 3211 328 259 406 5857 18346 250 308 4336 509 202 5038 17197 24428 204 4285 204 2928 875 434 2020 5745 203 457 205 473 230 303 353 7775 414 1286 472 10197 411 67368 578 207 5197 211 238 233
internal_value=-0.000238797 0.0227604 0.0383828 -0.0147119 0.0596258 0.00694888 -0.00258405 -0.00360214 -0.00252939 0.0269971 -0.0249214 0.00104131 -0.0110051 0.0204231 0.0398181 0.0631971 0.00992796 0.16959 0.0446619 0.156602 0.0757979 -0.074546 -0.024345 0.0630448 0.0087019 0.0677122 -0.125667 0.171561 0.0329474 -0.00675249 -0.00584006 0.00251998 0.0165676 -0.0198958 0.048756 -0.0168904 -0.041066 -0.0477649 0.00660103 0.00247995 -0.0566647 0.00456542 -0.0875226 0.0982725 0.0407435 0.00178654 0.052665 0.0657212 0.1145 -0.0117274 -0.0100194 0.0308533 0.0108938 -0.00150335 0.262567 -0.0288802 0.0335837 0.135018 0.02348 0.0720565 -0.0184282 -0.0920016
internal_weight=292789 113085 56882 179704 33153 56203 82136 81615 80905 10123 97568 12909 24096 32107 14442 8103 6339 1201 6902 521 23230 1357 993 665 23729 20019 710 553 4982 70782 70273 44065 25564 26208 1780 18501 8063 7859 20526 19651 2454 17665 3336 1317 408 10438 2190 1113 810 8248 11920 1960 1758 10611 614 84659 6349 574 5775 587 4523 463
internal_count=292789 113085 56882 179704 33153 56203 82136 81615 80905 10123 97568 12909 24096 32107 14442 8103 6339 1201 6902 521 23230 1357 993 665 23729 20019 710 553 4982 70782 70273 44065 25564 26208 1780 18501 8063 7859 20526 19651 2454 17665 3336 1317 408 10438 2190 1113 810 8248 11920 1960 1758 10611 614 84659 6349 574 5775 587 4523 463
is_linear=0
shrinkage=0.05


Tree=63
num_leaves=63
num_cat=0
split_feature=24 14 16 20 14 14 13 13 31 31 14 13 31 31 14 13 27 31 31 13 13 27 14 31 14 17 31 13 13 13 0 31 14 19 16 31 27 13 31 13 13 13 13 13 14 31 7 13 14 13 13 13 13 31 13 14 14 7 14 24 0 7
split_gain=36703.4 12398.9 10084.9 11546.4 9290.07 19061 8751.39 10226.3 14311.8 8392.08 7977.5 7850.42 9925.8 17777.2 14082.4 7759.38 7448.59 6878.7 9272.17 10008.3 6942.22 7840.57 7285.35 6642.99 6594.69 6477.76 6109.69 6278.33 5904.64 7369.45 5881.9 5743.06 10540 5624.3 6322.11 5487.65 5385.78 5567.9 5182.86 5803.05 6235.35 4893.47 7311.28 4282.95 4241.21 5340.68 4216.09 6126.73 6213.94 5058.29 4011.8 4842.2 3809.83 3805.15 3758.23 3743.47 3654.88 3575.31 3563.17 3406.93 3402.91 3386.27
threshold=82.500000000000014 51.750000000000007 1.0000000180025095e-35 0.56500000000000006 49.750000000000007 50.250000000000007 3.7500000000000004 10.250000000000002 1.8946830436720143 3.8615964803951841 38.750000000000007 -22.249999999999996 1.4053736001377513 2.8404439293945112 46.750000000000007 -5.2499999999999991 0.51928389290267762 2.7049835230832024 1.874646103071846 -12.749999999999998 4.2500000000000009 0.52010101010101029 46.250000000000007 1.7379946784657241 49.250000000000007 3.5000000000000004 4.3126171593366989 -13.749999999999998 13.250000000000002 -20.249999999999996 3435.5000000000005 3.7560784976641268 49.250000000000007 12.500000000000002 1.0000000180025095e-35 2.7800368551679973 0.52010101010101029 -6.7499999999999991 1.4321728151075979 -7.7499999999999991 -1.7499999999999998 23.750000000000004 17.750000000000004 4.7500000000000009 38.250000000000007 4.7320619803476953 0.74326649429884128 11.250000000000002 53.750000000000007 -23.749999999999996 1.0000000180025095e-35 -7.2499999999999991 4.7500000000000009 1.7379946784657241 -23.249999999999996 45.250000000000007 48.750000000000007 0.20647952461289534 56.250000000000007 25.500000000000004 2110.5000000000005 -0.090418185527412917
decision_type=2 2 2 2 2 2 2 2 2 2 2 2 2 2 2 2 2 2 2 2 2 2 2 2 2 2 2 2 2 2 2 2 2 2 2 2 2 2 2 2 2 2 2 2 2 2 2 2 2 2 2 2 2 2 2 2 2 2 2 2 2 2
left_child=1 4 30 25 10 6 15 8 -8 -10 44 12 -12 14 -14 26 41 18 53 -20 21 22 -21 38 -15 43 27 60 29 35 52 56 36 34 -2 -25 -33 55 39 -7 -41 42 -13 57 45 50 47 48 -35 58 51 -1 -3 -18 -37 -38 -19 -4 -50 -5 -6 -60
right_child=33 2 3 59 5 23 7 -9 9 -11 11 16 13 24 -16 -17 17 31 19 20 -22 -23 -24 28 -26 -27 -28 -29 -30 -31 -32 32 -34 46 -36 54 37 -39 -40 40 -42 -43 -44 -45 -46 -47 -48 -49 49 -51 -52 -53 -54 -55 -56 -57 -58 -59 61 -61 -62 -63
leaf_value=-0.028254572679218888 -0.02144660276030564 0.012599956660635162 0.052451980743286712 0.1058071086412852 -0.015765854999786468 0.11460345419482454 -0.23061874046300851 -0.2485644984364429 0.44041464663346402 0.031467283762169888 -0.16445513609404039 -0.010734733857259652 0.65408298762450956 0.00063528085059784281 0.1860014378888688 -0.34150657266190543 0.043703487447303367 -0.074120867756021308 -0.077083396127782422 0.60135260117114397 0.097309593020497243 0.10509577100247461 0.24790493386921575 -0.31832748688547308 0.26442883954084079 -0.043586018555788995 -0.27356339269964941 0.096032944661895131 -0.10970863234174288 0.041678646281567949 0.058534835255901668 0.084983110820395391 -0.21865875006567592 -0.028601564474532853 0.050419091595122659 0.0073376596853901551 -0.050021781497880037 -0.068266932320497326 -0.27108236626382737 -0.26735691703550868 -0.01373355404462903 0.19881939924772266 -0.22943146858268826 -0.0014543810146736753 -0.28527255160806253 -0.22162114969805466 -0.035389853573236485 -0.047621051625838753 0.21776166647169237 -0.0013728713423692303 -0.15975206851218107 0.25457190239602434 -0.020164828905332943 -0.18320104467364529 -0.18028067230272832 0.19415786452591421 0.11143836766752779 0.0088830741053931798 0.19809436357487886 0.058879102887169632 -0.28089457508364085 0.017932799473124358
leaf_weight=466 6448 36310 17955 5390 204 369 257 368 240 262 331 19029 231 1540 527 698 1872 2192 316 295 568 282 292 204 279 3231 517 380 961 7386 5647 4235 379 25725 5823 1032 246 1440 346 408 595 270 389 7846 257 384 43141 12676 369 36191 283 223 11740 204 359 431 301 6383 312 13715 297 1566
leaf_count=466 6448 36310 17955 5390 204 369 257 368 240 262 331 19029 231 1540 527 698 1872 2192 316 295 568 282 292 204 279 3231 517 380 961 7386 5647 4235 379 25725 5823 1032 246 1440 346 408 595 270 389 7846 257 384 43141 12676 369 36191 283 223 11740 204 359 431 301 6383 312 13715 297 1566
internal_value=-8.39373e-05 0.0159975 0.0256484 0.0407961 -0.00403118 -0.0374232 -0.145029 -0.0326278 0.0722581 0.227467 0.00930675 0.014229 0.0929446 0.126057 0.329323 -0.205422 0.00723493 0.0365226 0.0928493 0.177487 0.233482 0.322274 0.426253 -0.00766953 0.0412193 0.0238947 -0.137281 -0.0570862 0.00802193 0.0206303 0.0102679 0.0131332 0.0371429 -0.0195836 0.0126574 -0.0768035 0.0524377 -0.0126779 -0.0984273 -0.0547202 -0.117066 -0.0121835 -0.0151275 0.0306703 -0.0994206 -0.0640122 -0.0228811 -0.0158577 -0.00958193 0.00314756 -0.00158311 0.0635206 0.00459432 0.021329 -0.0411791 0.105488 -0.0516811 0.0410262 0.0759235 0.0721235 -0.173184 0.0479533
internal_weight=292613 160362 108217 54520 52145 14883 3223 1127 759 502 37262 35649 2908 2577 758 2096 32741 13053 3829 1753 1437 869 587 11660 1819 35415 1398 881 9942 8981 53697 9224 6731 132251 12271 1595 6352 2117 1718 1372 1003 19688 19418 32184 1613 1356 119980 76839 64163 38438 972 689 48050 2076 1391 677 2493 24338 2247 19105 501 1878
internal_count=292613 160362 108217 54520 52145 14883 3223 1127 759 502 37262 35649 2908 2577 758 2096 32741 13053 3829 1753 1437 869 587 11660 1819 35415 1398 881 9942 8981 53697 9224 6731 132251 12271 1595 6352 2117 1718 1372 1003 19688 19418 32184 1613 1356 119980 76839 64163 38438 972 689 48050 2076 1391 677 2493 24338 2247 19105 501 1878
is_linear=0
shrinkage=0.05


Tree=64
num_leaves=63
num_cat=0
split_feature=12 24 13 13 29 8 13 13 29 13 8 27 16 19 26 27 29 13 29 29 13 29 10 26 29 29 27 17 13 31 6 27 5 5 21 27 29 29 13 31 29 29 29 29 24 27 24 24 26 29 29 13 29 11 27 29 31 5 29 25 7 13
split_gain=35409 10072 8224.73 8768.06 7432.69 5004.55 5590.05 9525.28 6238.56 4820.65 5478.2 5103.5 4641.86 7982.49 4413.17 4964.42 8628.9 6917.46 6773.14 7140.27 4556 4331.35 4093 7228.25 4964.62 3911.61 3813.44 3668.78 3654.87 4293.44 3651.08 4366.33 3559.03 3769.64 3524.03 4094.84 3516.43 4383.18 3565.56 6299.86 4523.53 5357.75 9636.38 4838.9 5095.41 4787.31 3576.07 3499.95 3818.55 4815.09 7135.4 3584.61 3481.21 3450.58 3352.49 3264 5113.84 3959.05 3576.42 3433.41 4943.23 3101.91
threshold=37.100833333333348 98.500000000000014 -16.249999999999996 -16.749999999999996 4.6500000000000012 28.500000000000004 -43.249999999999993 -42.249999999999993 4.5500000000000007 -22.749999999999996 1.5000000000000002 0.40633355614973271 1.0000000180025095e-35 55.500000000000007 0.90913956186740974 0.48787834263884816 20.750000000000004 -15.749999999999998 18.750000000000004 17.850000000000005 26.250000000000004 13.250000000000002 25.500000000000004 0.66787069806726118 18.550000000000004 4.0500000000000007 0.58355855855855865 2.5000000000000004 13.750000000000002 5.7900348837209314 -1.9632031534259566 0.5750816993464053 30.500000000000004 -28.499999999999996 -1.0000000180025095e-35 0.44744111660366392 16.450000000000003 14.750000000000002 -2.7499999999999996 6.0045903010033461 9.7500000000000018 7.7500000000000009 6.8500000000000005 5.3500000000000005 37.500000000000007 0.51863425925925932 81.500000000000014 93.500000000000014 1.186625560117607 12.550000000000002 11.050000000000002 -34.249999999999993 1.2500000000000002 -1.425138888888889 0.5967064245052861 16.150000000000002 8.2499910714285729 11.500000000000002 5.2500000000000009 3.1333568572100687 -0.13265252445032447 7.2500000000000009
decision_type=2 2 2 2 2 2 2 2 2 2 2 2 2 2 2 2 2 2 2 2 2 2 2 2 2 2 2 2 2 2 2 2 2 2 10 2 2 2 2 2 2 2 2 2 2 2 2 2 2 2 2 2 2 2 2 2 2 2 2 2 2 2
left_child=1 9 3 5 -5 6 8 -8 -2 10 -1 -12 -3 27 21 17 18 -16 19 30 25 -4 23 -11 32 52 47 -14 54 -30 36 -32 33 -24 -13 -36 37 38 39 40 41 42 43 -17 -45 -43 -40 48 49 50 51 -9 -19 -26 -25 57 -57 59 -59 -27 -61 -62
right_child=2 12 14 4 -6 -7 7 26 -10 22 11 34 13 -15 15 16 -18 20 -20 -21 -22 -23 24 28 53 55 -28 -29 29 -31 31 -33 -34 -35 35 -37 -38 -39 46 -41 -42 45 -44 44 -46 -47 -48 -49 -50 -51 -52 -53 -54 -55 -56 56 -58 58 -60 60 61 -63
leaf_value=0.23497394602355218 -0.044885128032264798 -0.034114468900575415 0.052639590384869761 0.43381478106696164 0.11520156295678115 -0.1019238868428169 -0.28031768721953165 0.092193710723561861 0.19307652983033383 0.17795187471434476 -0.065545622108125812 0.10054472319774409 0.019771520727415007 -0.033011005850102033 -0.30109465656820322 0.11473885948747264 0.32288769208308726 -0.03673262445967173 -0.26552135801415128 0.29887438970046087 -0.20106138421154496 -0.04450937886773558 -0.082016844125431421 -0.01389769610412759 0.32244846347161538 -0.0002352173147459761 0.20783403661731759 -0.020525274562044751 -0.038637562718710446 -0.1749994858158529 0.012539404364086491 -0.080906091255800255 -0.075907108043004726 0.011025896179774199 0.092650221836130475 0.0072959428682686789 -0.16392852769633712 0.22453104495284482 0.014477888894306002 -0.12080605310705289 0.2575134848748471 0.15706427453085781 0.35730778281469888 0.079327950544634082 -0.2505913303864864 -0.13196743065217401 0.1937928376541499 -0.10595362332884138 0.076644090226095682 0.12107901858643469 -0.11449395301958952 0.017560042497412755 0.072453461752227222 0.043097084256231974 0.17468687702630517 0.29361249622098118 -0.0048711747331858686 -0.30443938784854541 -0.070653408814802754 -0.21568310582479897 -0.0021912269523556268 -0.15372042834232835
leaf_weight=309 356 50023 11558 249 688 570 227 1952 1211 479 1466 1673 17518 24594 203 1573 233 1018 208 227 300 1273 1123 41994 206 9215 351 8335 3131 707 26492 1311 1306 34587 1698 8126 206 326 8053 357 400 204 347 262 210 475 287 392 6353 1295 915 9134 2575 238 236 211 444 201 866 452 1645 424
leaf_count=309 356 50023 11558 249 688 570 227 1952 1211 479 1466 1673 17518 24594 203 1573 233 1018 208 227 300 1273 1123 41994 206 9215 351 8335 3131 707 26492 1311 1306 34587 1698 8126 206 326 8053 357 400 204 347 262 210 475 287 392 6353 1295 915 9134 2575 238 236 211 444 201 866 452 1645 424
internal_value=-0.00015503 -0.0122184 0.0248898 0.050423 0.200243 0.0442455 0.0480053 0.0410819 0.139021 -0.000750515 0.0272512 0.022282 -0.0233218 -0.0126195 0.0164349 0.0106303 0.0201228 -0.0116331 0.0183917 0.0198481 -0.00822932 0.0429984 -0.00517469 -0.0150754 0.00712777 -0.00482499 0.0446733 0.00677955 -0.0170862 -0.0637959 0.018277 0.0081304 0.00513186 0.00809769 0.0334857 0.0220567 0.0404875 0.0438708 0.0390126 0.0789571 0.099532 0.0788777 0.114054 0.0726234 -0.0676776 -0.0450269 0.0206711 0.0418054 0.0447585 0.0295185 0.0196291 0.0307085 0.0415163 0.173139 -0.0128397 -0.0171993 0.0915826 -0.0227713 -0.114938 -0.0143827 -0.0660755 -0.0333034
internal_weight=292998 197749 95249 23693 937 22756 22186 20619 1567 97279 13272 12963 100470 50447 71556 58725 41171 17554 40938 40730 17351 12831 84007 46547 37460 17051 20392 25853 46068 3838 40503 27803 37016 35710 11497 9824 12700 12494 12168 3828 3471 3071 2392 2045 472 679 8340 20041 19649 13296 12001 11086 3593 444 42230 13458 655 12803 1067 11736 2521 2069
internal_count=292998 197749 95249 23693 937 22756 22186 20619 1567 97279 13272 12963 100470 50447 71556 58725 41171 17554 40938 40730 17351 12831 84007 46547 37460 17051 20392 25853 46068 3838 40503 27803 37016 35710 11497 9824 12700 12494 12168 3828 3471 3071 2392 2045 472 679 8340 20041 19649 13296 12001 11086 3593 444 42230 13458 655 12803 1067 11736 2521 2069
is_linear=0
shrinkage=0.05


Tree=65
num_leaves=63
num_cat=0
split_feature=24 14 14 14 9 29 11 13 13 29 29 14 13 13 28 14 29 29 29 7 13 13 14 29 27 14 6 14 24 14 10 14 29 13 13 13 13 27 13 29 13 6 14 29 29 28 6 13 28 29 29 29 16 19 29 29 29 13 13 14 29 29
split_gain=33145 10375.7 8512.17 15105.8 8464.8 8466.16 8220.22 7795.26 7003.11 7545.55 17350.4 9141.95 6129.59 6906.89 5637.79 5556.64 9839.83 10426.1 5525.68 5414.05 7024.17 5384.91 11522.6 6403.08 5359.84 5724.48 5032.87 4952.95 4936.38 4879.76 4847.55 4725.13 4677.55 4905.04 5083.28 6037.1 5620.09 5989.41 4663.25 4567.71 4332.07 4216.95 4134.14 11405.9 9443.78 10123.2 8285.72 4113.97 4045.87 4612.37 3935.8 3799.18 3677.78 4194.48 3674.41 7903.06 7128.61 8711.65 8596.95 6877.67 7363.41 4952.71
threshold=63.500000000000007 51.750000000000007 49.750000000000007 50.250000000000007 5.5000000000000009 9.5500000000000025 -5.8745833333333328 4.7500000000000009 -22.249999999999996 3.0500000000000003 5.4500000000000011 47.750000000000007 23.750000000000004 17.750000000000004 0.51736194839643124 66.250000000000014 10.850000000000003 3.7500000000000004 15.350000000000003 0.30894847222637817 9.7500000000000018 -28.749999999999996 46.750000000000007 10.15 0.59011302311373603 44.250000000000007 -6.503973143413968 38.750000000000007 16.500000000000004 76.750000000000014 31.500000000000004 71.250000000000014 3.8500000000000001 16.250000000000004 -8.7499999999999982 -10.749999999999998 -2.7499999999999996 0.5306692509405998 6.7500000000000009 12.65 -24.249999999999996 17.316466142562437 50.750000000000007 9.0500000000000025 6.0500000000000007 0.48363334404800179 -2.370800376032228 -13.249999999999998 0.49184758529020828 16.350000000000005 7.3500000000000005 1.7500000000000002 1.0000000180025095e-35 64.500000000000014 16.350000000000005 10.450000000000001 7.1500000000000012 26.250000000000004 21.750000000000004 61.750000000000007 6.3500000000000005 13.550000000000002
decision_type=2 2 2 2 2 2 2 2 2 2 2 2 2 2 2 2 2 2 2 2 2 2 2 2 2 2 2 2 2 2 2 2 2 2 2 2 2 2 2 2 2 2 2 2 2 2 2 2 2 2 2 2 2 2 2 2 2 2 2 2 2 2
left_child=1 2 8 4 5 -4 29 28 9 -1 11 -11 13 27 15 18 17 -17 -9 20 24 -12 23 -23 25 -8 -6 -10 31 -2 -26 -3 -5 34 35 47 -36 42 -39 41 -24 -21 44 50 -38 -46 -45 -34 -22 51 -44 -50 -30 -54 55 56 57 58 59 60 -16 -57
right_child=6 7 3 32 26 -7 19 14 12 10 21 -13 -14 -15 54 16 -18 -19 -20 39 48 22 40 -25 30 -27 -28 -29 52 -31 -32 -33 33 -35 36 -37 37 38 -40 -41 -42 -43 43 46 45 -47 -48 -49 49 -51 -52 -53 53 -55 -56 61 -58 -59 -60 -61 -62 -63
leaf_value=-0.15477229491519853 0.01221270823268206 0.055596946472373558 -0.14642909293154038 -0.087831989320569029 -0.21569973701315553 -0.41542247196073545 -0.058232394868523323 -0.030548811599279836 -0.091487347202894323 0.56467817295667189 -0.13282953088327898 0.16082664261091273 0.25410536561281449 -0.17968453429266812 0.10074929183022206 0.26158716993387915 0.32642129317415836 -0.073441317247514112 -0.22543546340964232 -0.032748347186393377 -0.056232312002004126 -0.26074945575767949 0.40044693939907605 0.095800208274158652 0.23463804807705052 -0.0006767234748944913 0.029295233333553789 0.01293946220710354 0.016472161082330745 -0.16557474745451795 0.033353488528844857 0.1640230270156767 -0.034425984685512882 -0.15886432014064999 0.14015418293178558 -0.23007904982815189 0.40081909154677042 -0.011228842783327166 -0.33018727400109615 0.0069490671220600944 0.12149501985389424 -0.096273857106541058 -0.031132600644961185 0.40954509428019864 -0.17621024836220087 0.23983294298215899 0.027517599465289949 0.14895782713303651 -0.10792573606421639 0.15134157858226341 -0.23639282523430394 -0.0077514154982044996 0.061185339141998245 0.017108583618862104 0.18814920010934638 -0.13508909940627312 0.11831929553352101 -0.27143549038681625 0.29682397880588141 -0.059029721206585763 -0.13344576073471795 0.040470348089223819
leaf_weight=258 29927 15468 940 1495 292 425 4663 8036 1191 286 345 276 247 499 2204 301 288 1004 380 45746 11367 247 257 255 423 58601 736 23949 22681 390 1017 1074 1970 409 1290 344 240 265 201 6955 305 2770 733 231 296 287 366 361 1071 412 342 8086 14530 8589 355 1109 2374 254 280 1953 395 629
leaf_count=258 29927 15468 940 1495 292 425 4663 8036 1191 286 345 276 247 499 2204 301 288 1004 380 45746 11367 247 257 255 423 58601 736 23949 22681 390 1017 1074 1970 409 1290 344 240 265 201 6955 305 2770 733 231 296 287 366 361 1071 412 342 8086 14530 8589 355 1109 2374 254 280 1953 395 629
internal_value=0.000449574 0.0204575 -0.000648171 -0.037459 -0.148859 -0.230424 -0.013701 0.0305943 0.0140469 0.0990665 0.132355 0.366983 0.00672241 0.00432937 0.00305714 -0.0231654 0.0624382 0.00397458 -0.0393741 -0.018776 -0.0108936 0.0385764 0.094227 -0.0798032 -0.00274805 -0.00491983 -0.0404368 0.00798883 0.0392349 0.00992025 0.0926026 0.0626461 -0.0072552 0.00917748 0.0191223 -0.0348685 0.053097 0.0151349 -0.149218 -0.0309449 0.249543 -0.0363772 0.0458791 0.000704933 0.137542 0.02866 0.175775 -0.00597379 -0.0360666 -0.0121085 -0.096593 -0.0194783 0.0307781 0.0448117 0.0305309 0.0244277 0.0467985 0.0133979 0.0284236 0.0118523 0.0651183 -0.0715656
internal_weight=292670 121242 39338 11223 2393 1365 171428 81904 28115 2229 1971 562 25886 25639 19562 10009 1593 1305 8416 141111 85640 1409 1064 502 64704 63264 1028 25140 62342 30317 1440 16542 8830 7335 6926 2675 4251 2961 466 55471 562 48516 2495 1672 823 583 597 2331 20936 9569 1075 9157 45800 23119 9553 9198 7460 5086 4832 4552 2599 1738
internal_count=292670 121242 39338 11223 2393 1365 171428 81904 28115 2229 1971 562 25886 25639 19562 10009 1593 1305 8416 141111 85640 1409 1064 502 64704 63264 1028 25140 62342 30317 1440 16542 8830 7335 6926 2675 4251 2961 466 55471 562 48516 2495 1672 823 583 597 2331 20936 9569 1075 9157 45800 23119 9553 9198 7460 5086 4832 4552 2599 1738
is_linear=0
shrinkage=0.05


Tree=66
num_leaves=63
num_cat=0
split_feature=24 16 19 17 16 19 17 19 17 19 19 27 7 17 31 7 12 19 7 19 14 14 7 10 24 27 9 29 12 25 14 19 12 6 25 29 31 4 31 14 29 29 14 29 14 14 29 28 14 14 31 31 14 14 31 29 29 8 6 25 28 14
split_gain=27457.9 8086.83 15282 7774.33 7147.64 10714.9 6795.28 5065.94 4493.69 4045.61 3924.78 3912.32 3645.3 3375.21 3311.34 3205.38 3021.53 2983.57 2537.75 2491.73 2411.17 2370.05 2307.7 2340.81 2205.78 2195.69 2158.19 2105.42 2100.15 2068.88 1942.44 1915.68 1902.08 1792.1 1775.78 1742.89 2108.62 1774.07 1907.48 2083.35 1653.64 2361.77 1704.24 1643.74 3412.73 3784.26 2299.34 1630.13 2283 4811.69 1857.75 2792.86 1801.51 1794.22 1767.88 3001.59 1730.14 1593.01 1732.33 1628.64 1585.04 1514.02
threshold=49.500000000000007 1.0000000180025095e-35 53.500000000000007 2.5000000000000004 1.0000000180025095e-35 59.500000000000007 2.5000000000000004 64.500000000000014 2.5000000000000004 24.500000000000004 7.5000000000000009 0.47176454956152009 -1.2241330098472953 3.5000000000000004 8.7030259740259748 0.76574523475161593 58.139444444444457 64.500000000000014 0.37648401060367109 6.5000000000000009 51.750000000000007 63.750000000000007 -0.9904687135034127 30.500000000000004 101.50000000000001 0.50129533678756488 8.5000000000000018 17.550000000000004 2.9279166666666652 6.5362096919473975 51.750000000000007 68.500000000000014 70.215277777777786 -11.562967693884149 3.0333393091908691 7.3500000000000005 4.1330735294117655 799.50000000000011 0.60883721624850673 49.250000000000007 5.7500000000000009 1.8500000000000003 46.750000000000007 8.2500000000000018 58.750000000000007 50.250000000000007 8.6500000000000004 0.52011560693641623 59.750000000000007 61.250000000000007 2.6190238095238101 3.5700236176715761 45.250000000000007 47.750000000000007 5.0396226853501744 12.550000000000002 6.8500000000000005 38.500000000000007 -14.141639649497217 2.6384982226222928 0.51358735784965304 68.250000000000014
decision_type=2 2 2 2 2 2 2 2 2 2 2 2 2 2 2 2 2 2 2 2 2 2 2 2 2 2 2 2 2 2 2 2 2 2 2 2 2 2 2 2 2 2 2 2 2 2 2 2 2 2 2 2 2 2 2 2 2 2 2 2 2 2
left_child=4 7 3 10 11 6 9 12 15 29 -3 33 -2 31 20 22 -11 47 30 -5 25 27 -4 -24 26 -14 -9 -16 -20 -6 -12 -7 -19 -1 40 37 43 38 -35 60 41 -27 -43 44 45 -37 -45 52 53 -50 -51 -52 -13 -49 56 -56 -55 58 59 -22 -40 -38
right_child=1 2 8 19 5 13 -8 24 -10 16 18 17 14 -15 21 -17 -18 32 28 -21 57 -23 23 -25 -26 34 -28 -29 -30 -31 -32 -33 -34 35 -36 36 61 -39 39 -41 -42 42 -44 46 -46 -47 -48 48 49 50 51 -53 -54 54 55 -57 -58 -59 -60 -61 -62 -63
leaf_value=-0.12634430033754404 -0.065263365954341859 0.083909284800925493 -0.033155779915210119 0.052638740411246381 0.1184390140566785 0.03547836266993426 0.018683414638365089 -0.013939007848819327 -0.043411846502434008 0.049924870590105475 0.014930625192429551 -0.05835299834232012 -0.057094054784639407 -0.049870211175131823 0.15153712494826141 -0.036097087176186197 0.12561040763332726 0.030538581869171962 -0.050000580065574202 -0.01664453506389052 -0.00016388930050672683 0.19940576756834924 -0.010089950938385049 0.020876088935105942 -0.019557609024817044 -0.10090298235580726 0.018329916343669071 -0.032219642724380479 0.017217996263906906 -0.025736803543320252 0.050798686037221354 0.0047201340332174383 0.16795972826075742 -0.074094120961748111 0.087284232114738819 0.068016488451565452 -0.0070312920210781997 -0.054382773971157476 0.050498554085558603 0.052898512859009317 -0.046492121504948122 0.12053044976428184 0.0044340647873121882 -0.26739258327795756 0.11613820903003216 -0.19998249817220121 -0.070678633411922265 0.079066986815727464 0.29224662545497887 0.12602399866633371 -0.12917351158716348 0.054518316564302477 0.0014806562960410379 -0.023700327344700459 -0.20883139497229899 0.024301213978807319 0.10229049141348973 -0.046440728007861205 -0.013936491885916885 -0.14088232668347303 -0.079958459836648663 -0.13788465003066874
leaf_weight=364 6425 3517 4993 1438 5194 8592 7411 9105 13779 10398 5460 1378 10284 2049 218 9105 1510 15576 1317 13220 338 245 13292 11282 17557 366 12022 540 9819 261 12235 12321 255 478 372 203 3728 977 372 2917 3361 460 1006 240 248 372 390 570 221 471 278 800 14338 1101 288 264 361 4940 30650 524 619 234
leaf_count=364 6425 3517 4993 1438 5194 8592 7411 9105 13779 10398 5460 1378 10284 2049 218 9105 1510 15576 1317 13220 338 245 13292 11282 17557 366 12022 540 9819 261 12235 12321 255 478 372 203 3728 977 372 2917 3361 460 1006 240 248 372 390 570 221 471 278 800 14338 1101 288 264 361 4940 30650 524 619 234
internal_value=0.000203935 -0.0103958 -0.000340894 0.0203623 0.0223329 0.0359635 0.0587687 -0.0205573 -0.0188949 0.0758762 0.0340499 0.00850108 -0.0296867 0.0113571 -0.0253973 -0.0101585 0.059532 0.0165338 0.0279651 -0.00984448 -0.0271235 0.0645514 -0.00216994 0.00412693 -0.00646092 -0.0434046 0.00442313 0.0207586 0.00926461 0.111537 0.0397326 0.0173581 0.0327626 -0.0173807 -0.0181012 -0.0136893 -0.0336963 0.00651419 0.0200886 0.0316243 -0.0256658 0.0125468 0.04092 -0.0851971 -0.0385919 -0.105413 -0.145922 0.00373177 0.0308009 0.0745296 0.0432988 0.00707114 -0.00376902 0.00083025 -0.0213405 -0.0974909 0.00745823 -0.0200436 -0.0159041 -0.0857692 -0.0309862 -0.0147925
internal_weight=292649 197870 99457 47006 94779 47736 24774 98413 52451 17363 32348 47043 59729 22962 53304 38672 11908 35901 28831 14658 52301 1003 29567 24574 38684 15849 21127 758 11136 5455 17695 20913 15831 11142 5565 10778 5415 5363 4386 3908 5193 1832 1466 1453 823 575 630 20070 4354 1770 1549 1078 15716 2584 2014 552 1462 36452 31512 862 991 3962
internal_count=292649 197870 99457 47006 94779 47736 24774 98413 52451 17363 32348 47043 59729 22962 53304 38672 11908 35901 28831 14658 52301 1003 29567 24574 38684 15849 21127 758 11136 5455 17695 20913 15831 11142 5565 10778 5415 5363 4386 3908 5193 1832 1466 1453 823 575 630 20070 4354 1770 1549 1078 15716 2584 2014 552 1462 36452 31512 862 991 3962
is_linear=0
shrinkage=0.05


Tree=67
num_leaves=63
num_cat=0
split_feature=12 13 24 14 14 29 29 29 29 14 29 13 13 14 28 13 13 28 14 29 29 12 14 14 29 14 13 10 25 29 16 19 26 9 24 29 13 19 16 22 22 29 27 14 13 27 19 27 28 23 29 27 13 14 22 13 25 13 14 14 29 13
split_gain=27491.1 7308.37 7158.08 6105.72 5960.75 11902.1 4715.39 14323.8 9728.28 13387.8 11693.5 8807.91 8748.88 7641.67 7225.44 5117.34 8048.16 7686.83 6934.83 6267.43 4848.58 4076.74 3978.86 4089.97 5821.17 5381.53 4180.16 4066.76 10870.3 3958.03 3827.66 4517.04 3726.85 4950.04 6831.51 7879.04 5920.22 3662.92 5274.96 3641.8 3514.57 3467.27 5365.63 3356.9 3476.76 3345.19 3300.09 3273.89 4118.93 4039.58 3861.51 3269.38 3248.82 3149.96 3072.85 4161.02 5981.74 4523.34 4204.8 5318.71 3724.96 3660.07
threshold=34.670902777777791 -10.249999999999998 109.50000000000001 83.250000000000014 79.250000000000014 8.4500000000000011 10.850000000000003 10.750000000000002 11.65 64.250000000000014 11.850000000000003 -21.249999999999996 -28.749999999999996 69.250000000000014 0.51928389290267762 -16.249999999999996 -24.249999999999996 0.47383632491633715 60.250000000000007 12.550000000000002 15.050000000000002 58.776736111111113 38.750000000000007 38.250000000000007 9.1500000000000004 37.250000000000007 -4.2499999999999991 2.5000000000000004 2.0003031221582304 5.8500000000000005 1.0000000180025095e-35 30.500000000000004 0.94764439022130664 2.5000000000000004 16.500000000000004 16.850000000000005 17.250000000000004 16.500000000000004 1.0000000180025095e-35 1.5000000000000002 2.5000000000000004 13.850000000000003 0.51117353308364555 57.250000000000007 -14.249999999999998 0.51712409101571677 51.500000000000007 0.47566895571868345 0.58578643578643586 1.5000000000000002 5.7500000000000009 0.5718253968253969 -3.7499999999999996 51.250000000000007 2.5000000000000004 6.2500000000000009 2.7593104986165375 10.750000000000002 66.750000000000014 64.250000000000014 2.7500000000000004 16.750000000000004
decision_type=2 2 2 2 2 2 2 2 2 2 2 2 2 2 2 2 2 2 2 2 2 2 2 2 2 2 2 2 2 2 2 2 2 2 2 2 2 2 2 10 10 2 2 2 2 2 2 2 2 10 2 2 2 2 10 2 2 2 2 2 2 2
left_child=2 6 22 4 32 -6 7 21 9 12 -10 -11 -8 15 -14 16 17 -12 41 -19 -21 30 23 24 25 29 -26 28 -24 -1 -2 -32 46 34 -34 51 47 38 -29 -38 -17 -18 -43 44 -42 -45 -3 49 54 -35 -51 -36 -30 -46 55 58 -57 -58 59 60 -49 -56
right_child=1 3 -4 -5 5 -7 8 -9 10 11 13 -13 14 -15 -16 40 18 19 -20 20 -22 -23 27 -25 26 -27 -28 37 52 -31 31 -33 33 36 35 -37 39 -39 -40 -41 43 42 -44 45 53 -47 -48 48 -50 50 -52 -53 -54 -55 61 56 57 -59 -60 -61 -62 -63
leaf_value=-0.21267908311179587 0.017611865105666421 0.06208689472956376 -0.022064864647444157 0.23046610268456214 0.088102910967374395 -0.43108382027025699 0.18034640634662391 0.36157673986352123 0.34503027819561094 -0.11970070632937216 -0.23409103575409282 -0.53432453302241467 -0.24883620952053184 0.23700564724519044 0.033556309826363567 0.078685403266057427 0.27961429257290388 -0.18843146308504333 -0.080142783318508173 0.17119375959380534 -0.085420442218386516 0.095069305581602565 0.42839306308262382 -0.25160111347213387 -0.33495371675918528 0.1536138139933205 -0.063844744148477919 -0.0087297084834683826 0.12347235512090185 0.049075254021251902 0.10261742973178617 0.038312960972112592 0.014590159707811443 0.13909125645501302 -0.045105843476561644 0.1868814890710277 0.12362592534917705 -0.0052253212450942476 0.059166534665666771 -0.071418316396388515 0.126316607620339 -0.059712344460675248 0.23956827877100739 -0.31826472997458444 -0.22945750494186809 -0.086592821644929555 0.015229285555781125 -0.12783324614545974 -0.081203047348358481 0.038572970677504009 -0.037848517722833028 -0.19937729158679421 -0.081948427032573809 0.0026371303485596882 0.048590294559211357 0.029215462163539721 -0.28279361764484406 -0.047953348289383885 -0.042873702015047255 0.23390697554824441 0.06635373138002551 0.26247364452679062
leaf_weight=272 13468 5905 80156 315 219 221 404 356 288 275 377 240 426 369 482 346 518 259 316 593 266 3360 200 275 229 468 374 5793 365 306 3665 10717 10540 469 9810 361 264 90558 5650 2477 244 275 327 269 256 371 10332 283 735 2493 4901 355 405 339 13905 978 371 458 1125 427 1895 202
leaf_count=272 13468 5905 80156 315 219 221 404 356 288 275 377 240 426 369 482 346 518 259 316 593 266 3360 200 275 229 468 374 5793 365 306 3665 10717 10540 469 9810 361 264 90558 5650 2477 244 275 327 269 256 371 10332 283 735 2493 4901 355 405 339 13905 978 371 458 1125 427 1895 202
internal_value=0.000878572 0.0209439 -0.0108155 0.0111854 0.010177 -0.173057 0.0383049 0.0466518 0.00191136 -0.0978198 0.0355846 -0.313585 -0.0129513 0.0181313 -0.0990598 0.00110343 0.0420244 -0.039169 0.126522 0.026711 0.0917231 0.0430482 -0.00221912 -0.0734408 -0.0435949 0.0277456 -0.167187 -0.000887648 0.100955 -0.0742578 0.0367688 0.0547058 0.0113602 0.00483583 -0.0138637 -0.042354 0.01755 -0.00185712 0.0247964 -0.0525944 -0.0646038 0.184851 0.102981 -0.0981557 -0.0322933 -0.184312 0.032273 0.0243595 0.0349335 -0.00304674 -0.0120801 -0.0505127 0.0154602 -0.0974395 0.0392827 0.00771588 -0.0545398 -0.153265 0.0378822 0.0727606 0.0410748 0.0516713
internal_weight=292898 107847 185051 69041 68726 440 38806 31566 7240 1827 5413 515 1312 5125 908 4756 2931 1495 1436 1118 859 31210 104895 1924 1649 1046 603 102971 970 578 27850 14382 68286 52049 21066 10526 30983 102001 11443 2741 1825 1120 602 1479 839 640 16237 28242 20379 7863 7394 10165 770 595 19644 5537 1807 829 3730 2605 2178 14107
internal_count=292898 107847 185051 69041 68726 440 38806 31566 7240 1827 5413 515 1312 5125 908 4756 2931 1495 1436 1118 859 31210 104895 1924 1649 1046 603 102971 970 578 27850 14382 68286 52049 21066 10526 30983 102001 11443 2741 1825 1120 602 1479 839 640 16237 28242 20379 7863 7394 10165 770 595 19644 5537 1807 829 3730 2605 2178 14107
is_linear=0
shrinkage=0.05


Tree=68
num_leaves=63
num_cat=0
split_feature=24 14 14 14 9 29 11 31 29 13 29 29 14 14 13 29 13 31 29 13 13 13 13 29 11 8 31 13 13 25 27 9 31 14 11 29 27 27 29 29 13 11 11 13 29 29 14 13 28 25 26 31 29 31 8 13 13 5 14 14 14 13
split_gain=23403.6 10564 8342.4 13962.6 7710.45 8943.62 7198.34 6603.16 8530.68 6340.73 10391 14095.1 8100.1 6493.02 9499.89 8153.27 7710.58 8499.62 7094.39 6085.5 8298.83 5384.6 5826.58 9111.34 5282.35 5278.13 6117.17 5190.17 5093.03 5280.79 5079.22 5007.44 7322.88 10927.1 5706.78 4664.5 4394.21 6219.69 5740.72 6991.51 5738.87 5474.85 5255.7 5009.29 5471.96 4320.49 12629.5 9523.67 6047.97 5356.68 4633.91 4663.82 4490.62 7674.65 4276.84 4182.53 4989.96 3934.37 3897.27 4000.98 4819.88 3846.11
threshold=74.500000000000014 51.750000000000007 49.750000000000007 50.250000000000007 5.5000000000000009 9.5500000000000025 -8.5554166666666642 1.7379946784657241 2.9500000000000006 -17.249999999999996 2.1500000000000008 5.3500000000000005 43.750000000000007 46.250000000000007 -28.749999999999996 10.450000000000001 -23.749999999999996 5.7900348837209314 13.850000000000003 23.750000000000004 17.750000000000004 16.250000000000004 -20.249999999999996 6.1500000000000012 -4.5064583333333328 4.5000000000000009 5.5323589030206692 -54.249999999999993 -16.749999999999996 2.4046022150642021 0.37905861269238883 14.500000000000002 8.7030259740259748 59.750000000000007 -0.76618055555555542 11.450000000000001 0.47176454956152009 0.54007299270073006 17.350000000000005 13.65 5.2500000000000009 -1.425138888888889 -5.9963888888888883 3.2500000000000004 1.9500000000000002 7.3500000000000005 50.750000000000007 5.7500000000000009 0.50552503052503062 2.600036724201249 1.0615210693061197 4.0724395666876152 4.6500000000000012 3.0765221127754789 23.500000000000004 -7.7499999999999991 3.2500000000000004 1.5000000000000002 47.250000000000007 44.750000000000007 42.250000000000007 4.7500000000000009
decision_type=2 2 2 2 2 2 2 2 2 2 2 2 2 2 2 2 2 2 2 2 2 2 2 2 2 2 2 2 2 2 2 2 2 2 2 2 2 2 2 2 2 2 2 2 2 2 2 2 2 2 2 2 2 2 2 2 2 2 2 2 2 2
left_child=1 2 9 4 5 -4 27 8 55 10 -1 12 -12 15 -15 -13 -16 -18 35 20 28 22 23 -9 -2 -6 -27 -3 29 -11 -24 32 -26 -34 -33 -17 43 38 39 -38 -39 42 -40 -30 -45 46 49 48 -48 -32 -47 -52 -50 -54 -29 -5 -57 -25 59 60 -41 -53
right_child=24 6 3 7 25 -7 -8 21 -10 19 11 13 -14 14 16 18 17 -19 -20 -21 -22 -23 30 57 31 26 -28 54 36 -31 45 34 33 -35 -36 -37 37 40 41 58 -42 -43 -44 44 -46 50 47 -49 52 -51 51 61 53 -55 -56 56 -58 -59 -60 -61 -62 -63
leaf_value=-0.21869580838648442 0.0046237161706623705 0.29194315477546556 -0.1312632769546053 0.10627789902401732 -0.18126038102843853 -0.39415410954653596 0.013691918075162408 -0.34754528752997405 -0.3327271136700769 -0.31534431308131045 0.50374489878636919 -0.17860160231590272 0.16709066482050106 -0.18404363904991292 0.29786448217742145 -0.022054123534419861 -0.0052990119253768066 0.3344878041983137 -0.18244189011508932 0.21954304813858003 -0.18941009309830792 -0.15545557275504235 0.21657677512773327 0.10631988581054884 -0.035499934295747326 0.10208637458185239 -0.20291038969767647 0.046939343737698647 0.0020844114895106915 0.014022785171481042 0.29560852044203428 0.011127916869987804 0.011298147172449678 0.43571466423654509 -0.019585861502960791 0.28788267049049726 0.032569363783264589 -0.10915798051389931 0.096021947036906918 0.051892625691719575 0.087099778213111767 -0.030367838482682902 0.44081280343722568 0.14639319077975907 -0.092704084792489733 -0.060877586094873974 0.15276455207857406 -0.18332629421972646 0.13410623465444296 0.058050094877524931 -0.14892251688407529 0.036617054497087666 -0.26720805607071657 0.10176291448272726 -0.011422427759873214 -0.20795324073880914 0.026685418398217694 -0.086542594730483979 -0.23497481975480272 0.092489885105618411 -0.2739130854319396 0.23880480444132798
leaf_weight=308 29974 206 1011 328 491 476 63645 257 329 256 223 669 894 273 499 201 921 229 206 309 585 497 354 406 41765 641 220 29750 6471 231 651 20817 618 200 55295 305 13883 1585 215 201 486 221 228 259 3019 2174 823 550 261 374 224 736 341 239 3509 499 414 754 348 349 259 345
leaf_count=308 29974 206 1011 328 491 476 63645 257 329 256 223 669 894 273 499 201 921 229 206 309 585 497 354 406 41765 641 220 29750 6471 231 651 20817 618 200 55295 305 13883 1585 215 201 486 221 228 259 3019 2174 823 550 261 374 224 736 341 239 3509 499 414 754 348 349 259 345
internal_value=-0.000212493 0.0141437 -0.0053075 -0.0386754 -0.137089 -0.215625 0.0235634 -0.0121968 -0.106771 0.00798266 0.0616552 0.081236 0.234691 0.0292855 0.08869 -0.0533946 0.133927 0.0625947 0.0643362 -0.000798399 -0.00318694 0.00433684 0.0137093 -0.078797 -0.0141312 -0.0506163 0.0240096 0.0423365 0.000708891 -0.159406 0.0322531 -0.0188673 -0.0325972 0.115473 -0.0111855 0.164965 0.0035476 0.0183428 0.0290843 0.0227261 -0.0630825 0.17285 0.27407 -0.0234271 -0.0737737 0.0225095 0.064057 -0.00314267 0.0564875 0.20907 -0.016179 0.0582739 -0.0377984 -0.115253 0.0407817 -0.0466479 -0.101644 -0.0190073 -0.0953107 -0.0350168 -0.131746 0.101306
internal_weight=292807 144138 47028 13395 2839 1487 97110 10556 1570 33633 4728 4420 1117 3303 1922 1381 1649 1150 712 28905 28596 8986 8489 1417 148669 1352 861 33465 28011 487 7072 118695 42583 818 76112 506 27524 17775 15704 15040 2071 664 443 9749 3278 6718 3239 2214 1664 1025 3479 1305 841 580 33259 1241 913 1160 1157 809 460 1081
internal_count=292807 144138 47028 13395 2839 1487 97110 10556 1570 33633 4728 4420 1117 3303 1922 1381 1649 1150 712 28905 28596 8986 8489 1417 148669 1352 861 33465 28011 487 7072 118695 42583 818 76112 506 27524 17775 15704 15040 2071 664 443 9749 3278 6718 3239 2214 1664 1025 3479 1305 841 580 33259 1241 913 1160 1157 809 460 1081
is_linear=0
shrinkage=0.05


Tree=69
num_leaves=63
num_cat=0
split_feature=24 11 14 14 14 9 29 14 31 14 14 29 11 14 14 29 6 14 6 14 19 16 29 9 31 16 19 29 31 11 14 11 29 29 14 28 29 6 11 14 14 14 29 29 0 9 29 14 29 11 14 25 29 31 6 14 29 6 31 14 7 14
split_gain=20386.7 7857.65 7301.54 5645.43 12259.2 5082.57 5574.02 5078.82 5031 7021.93 13442.8 17879.2 7025.5 6314.6 9104.43 6184.35 5425.38 5121.32 5208.41 4988.3 4580.39 4952.54 4519.43 4405.11 4391.43 4282.33 6823.98 3907.12 10036.8 5470.83 4506.88 4925.94 3955.36 11953.5 9794.01 4597.21 3882.16 3508.34 3498.21 4330.49 3840.43 3956.02 5224.55 6468.1 3362.66 4015.08 3359.02 9527.07 4835.63 3355.3 3329.11 4822.73 3609.61 6974.04 5493.04 4416.06 7090.21 6015.12 4390.74 4176.31 5808.62 4734.22
threshold=51.500000000000007 -6.5795138888888873 51.750000000000007 49.750000000000007 50.250000000000007 5.5000000000000009 9.5500000000000025 39.250000000000007 7.6564615384615395 63.250000000000007 67.250000000000014 17.850000000000005 0.75000000000000033 45.750000000000007 44.750000000000007 17.350000000000005 17.316466142562437 61.250000000000007 -8.9172351825692378 76.750000000000014 11.500000000000002 1.0000000180025095e-35 10.550000000000002 28.500000000000004 1.7379946784657241 1.0000000180025095e-35 60.500000000000007 4.9500000000000011 1.9161508221583656 -14.675416666666665 42.750000000000007 -2.4737499999999994 7.3500000000000005 7.7500000000000009 49.250000000000007 0.51714341692789978 2.4500000000000006 0.80786068198644867 3.5940972222222225 45.250000000000007 42.750000000000007 43.750000000000007 5.6500000000000012 5.4500000000000011 212.50000000000003 8.5000000000000018 1.1500000000000001 46.750000000000007 1.8500000000000003 12.398888888888891 64.250000000000014 2.6870897654596209 4.0500000000000007 3.3481638244338838 7.8656867313192045 65.250000000000014 8.7500000000000018 -5.1727652145322347 1.9383918128654971 73.250000000000014 -0.18032522995104031 67.250000000000014
decision_type=2 2 2 2 2 2 2 2 2 2 2 2 2 2 2 2 2 2 2 2 2 2 2 2 2 2 2 2 2 2 2 2 2 2 2 2 2 2 2 2 2 2 2 2 2 2 2 2 2 2 2 2 2 2 2 2 2 2 2 2 2 2
left_child=2 19 3 7 5 6 -5 22 16 13 11 12 -11 14 -10 17 20 18 -15 23 21 -3 -1 -2 36 -4 -27 28 30 -30 31 -9 34 35 38 -34 -6 46 40 -40 -29 -42 43 -43 -22 -46 47 -32 -48 -26 51 -47 54 -54 58 56 -55 -58 59 61 -61 -52
right_child=1 8 25 4 24 -7 -8 27 9 10 -12 -13 -14 15 -16 -17 -18 -19 -20 -21 44 -23 -24 -25 49 26 -28 32 29 -31 37 -33 33 -35 -36 -37 -38 -39 39 -41 41 42 -44 -45 45 50 48 -49 -50 -51 52 -53 53 55 -56 -57 57 -59 -60 60 -62 -63
leaf_value=-0.03128142507824843 0.012033085173092487 -0.014817316284318746 0.014438614820904081 -0.13716723242015749 -0.032262963490607081 -0.04425384770877458 -0.37027721661877933 0.34031765763330757 0.019088451076322455 -0.069527018495071466 -0.034153925430419001 0.64881545938551433 0.28490083637254532 0.29878466560004918 0.37199814335990278 -0.088938120644691726 -0.076400148201918983 -0.20329420885805471 0.030181369986532272 -0.15459232335375631 -0.038890960912666257 0.047999364262333803 -0.2501943574705503 0.20609313440248689 0.020665933557205821 0.060534275703864042 0.015284581779139687 -0.18632641622726542 0.34767573049266631 0.11165388788130975 -0.0600509357887965 -0.0092554845776078587 0.082656533690023015 0.0076474177875304949 0.2239366145344262 0.34228990540671544 -0.24146658850298405 -0.076020333018545161 0.020875316610755892 -0.20653609531055364 0.16686919742011966 -0.053905569434531557 0.010985790386959056 -0.37771858271728292 -0.032462335747808796 -0.0063165945215678618 -0.23054649177166175 0.33359388507031901 0.024884260393372867 -0.12623416230582793 0.087886910721896985 -0.033524727244753173 -0.050318909193000506 -0.066291667114604602 -0.086298453701231945 0.0093451359791837576 0.40038184048645054 0.1047814200334487 0.24655412592066975 0.33743795464901327 -0.0054970690813338895 -0.036567726037158195
leaf_weight=930 33653 6935 33109 809 661 739 376 200 633 266 707 219 293 200 256 2007 3706 207 1771 445 16644 5729 315 294 5730 18169 15390 351 293 1503 324 202 317 10497 344 370 333 1307 303 675 280 590 2158 208 25626 52595 216 291 1267 416 1710 23592 5073 373 656 7440 250 551 322 282 219 1380
leaf_count=930 33653 6935 33109 809 661 739 376 200 633 266 707 219 293 200 256 2007 3706 207 1771 445 16644 5729 315 294 5730 18169 15390 351 293 1503 324 202 317 10497 344 370 333 1307 303 675 280 590 2158 208 25626 52595 216 291 1267 416 1710 23592 5073 373 656 7440 250 551 322 282 219 1380
internal_value=-0.000730412 -0.0101404 0.0177735 -0.00185679 -0.035263 -0.147246 -0.211383 0.011343 -0.0148105 0.0280679 0.123658 0.266928 0.116423 7.286e-05 0.121018 -0.0256416 -0.0166479 0.0326994 0.0575746 0.0115375 -0.0151649 0.0136015 -0.0868254 0.0137198 -0.00507087 0.0271973 0.0397841 0.01698 0.0529358 0.150331 0.00696111 0.165074 0.00445899 0.0208813 -0.0329519 0.222782 -0.102521 -0.011749 -0.0523548 -0.136131 -0.0294815 -0.0124167 -0.0294498 -0.138675 -0.0178297 -0.0149099 0.0283075 0.126449 -0.0124497 0.0107039 -0.0101469 -0.0147422 0.00902997 -0.0038164 0.0475052 0.0235728 0.113653 0.197425 0.0699533 0.0540535 0.18782 0.0323114
internal_weight=292707 194034 98673 32005 9064 1924 1185 22941 159642 6559 1485 778 559 5074 889 4185 153083 2178 1971 34392 149377 12664 1245 33947 7140 66668 33559 21696 5603 1796 3807 402 16093 11184 4909 687 994 3405 4565 978 3587 3236 2956 798 136713 120069 2098 615 1483 6146 94443 76187 18256 13687 4569 8614 1174 801 3913 3591 501 3090
internal_count=292707 194034 98673 32005 9064 1924 1185 22941 159642 6559 1485 778 559 5074 889 4185 153083 2178 1971 34392 149377 12664 1245 33947 7140 66668 33559 21696 5603 1796 3807 402 16093 11184 4909 687 994 3405 4565 978 3587 3236 2956 798 136713 120069 2098 615 1483 6146 94443 76187 18256 13687 4569 8614 1174 801 3913 3591 501 3090
is_linear=0
shrinkage=0.05


Tree=70
num_leaves=63
num_cat=0
split_feature=24 14 14 14 11 11 29 11 29 11 7 27 11 14 29 31 27 27 14 11 27 11 29 29 31 11 28 29 29 11 29 29 31 29 6 29 29 14 0 28 29 11 29 29 31 11 14 14 9 14 14 14 21 27 14 29 29 14 11 29 23 31
split_gain=20150.9 7009.58 7127.77 9917.04 5749.63 6019.53 6493.28 6185.7 5901.88 5719.8 6878.3 6298.28 5413.14 5400.19 5156.34 5055.13 4979.04 4953.54 4851.15 8605.75 4754.57 7983.43 6407.76 7867.56 7669.29 7794.2 6371.13 6029.6 5178.33 5038.61 5849.78 5013.9 4657.2 5998.49 4552.1 4488.34 4431.3 5331.38 6278.67 4426.11 4317.22 4237.06 4157.69 8374.72 11664.6 4843.52 11789 9011.65 7178.02 5102.48 8152.63 6447.85 4897.26 4142.14 7083.09 4083.07 4948.47 4079.71 4034.23 5663.97 4822.28 4227.37
threshold=60.500000000000007 51.750000000000007 49.750000000000007 50.250000000000007 2.2500694444444451 -3.7088194444444436 9.5500000000000025 -9.0638194444444427 3.9500000000000006 -1.4809027777777775 -0.40189464710915684 0.49675310984608906 0.98729166666666635 39.250000000000007 10.550000000000002 5.7120449438202252 0.54355121097169545 0.56677282377919325 52.250000000000007 -16.169444444444441 0.51712409101571677 -1.0231249999999998 1.3500000000000003 10.850000000000003 6.9084536532170118 -3.6165972222222211 0.51358735784965304 9.8500000000000032 6.4500000000000011 -14.337291666666665 10.050000000000002 17.250000000000004 1.7379946784657241 2.9500000000000006 5.568487723347574 6.0500000000000007 6.4500000000000011 62.750000000000007 691.50000000000011 0.48843892007484635 4.2500000000000009 -14.000277777777773 7.6500000000000012 6.8500000000000005 3.5700236176715761 -4.928055555555555 66.250000000000014 65.250000000000014 5.5000000000000009 65.750000000000014 54.750000000000007 60.750000000000007 1.0000000180025095e-35 0.5208957085828344 69.250000000000014 12.850000000000003 12.250000000000002 57.750000000000007 -15.422569444444441 2.5500000000000003 2.5000000000000004 2.1092317653276962
decision_type=2 2 2 2 2 2 2 2 2 2 2 2 2 2 2 2 2 2 2 2 2 2 2 2 2 2 2 2 2 2 2 2 2 2 2 2 2 2 2 2 2 2 2 2 2 2 2 2 2 2 2 2 10 2 2 2 2 2 2 2 10 2
left_child=1 2 13 4 5 6 7 -4 -6 10 11 39 18 14 -1 -10 -13 -11 19 35 58 22 26 27 53 31 34 42 -23 -29 -31 -26 33 -5 -22 -3 -19 -38 -39 40 -2 -15 43 -24 -45 46 47 52 -48 50 -47 -52 -44 54 55 56 -25 -30 59 60 -20 -60
right_child=9 12 3 32 8 -7 -8 -9 15 17 -12 16 -14 41 -16 -17 -18 36 20 -21 21 28 23 24 25 -27 -28 29 57 30 -32 -33 -34 -35 -36 -37 37 38 -40 -41 -42 -43 45 44 -46 49 48 -49 -50 -51 51 -53 -54 -55 -56 -57 -58 -59 61 -61 -62 -63
leaf_value=-0.025529639103879231 0.19729023268011128 -0.23434719790655056 -0.16754385903167229 -0.046941321554787571 -0.21534223251626 -0.35195664085828887 -0.29746325997970041 0.14456753584910448 0.17147840818701715 -0.021178506186666196 -0.0045185888804920296 0.15552535630896408 0.0060906118333235179 0.067987874502211179 -0.24100080276765523 -0.13629366979002952 -0.020826898964881463 -0.02246336116295751 0.10091433271281119 0.19036503224277082 -0.072027354034393518 0.059540032076953811 0.050811976093384684 -0.069668464883482079 0.16188499232443604 -0.17949229163792113 0.036394150462063159 0.039223298222452629 0.094088861579075464 0.41880167282415909 0.14669486541979301 -0.09236847784620926 0.004122538853447052 -0.32674067796671674 -0.34066295560289916 0.066754421286962254 0.027147345115248619 0.01174999098083726 0.29388025780047922 -0.063507815988779165 0.0098304011055103304 0.0090917268233702692 0.044209959346715538 0.41708686271393525 0.098996684168679086 -0.28030520913042978 0.28782627713504189 -0.31233452459498917 -0.0379066909329622 -0.29768627882003784 0.2368707824701152 -0.11973598784529041 -0.14780250357612873 -0.14950013857087016 0.24500129401006482 -0.19877743336927983 0.17355711880018532 0.36787155774695363 0.045956211705381077 0.061916553275614142 -0.16759629064314352 -0.012507554794970691
leaf_weight=1047 427 206 359 984 281 412 350 283 378 95639 71351 1804 26276 3549 377 205 514 2229 245 1194 410 516 11413 862 1138 260 755 597 207 275 702 233 7174 237 256 307 1938 332 485 1279 1088 21848 2112 373 1261 219 621 230 232 224 293 222 393 961 219 386 275 401 4082 6389 522 12738
leaf_count=1047 427 206 359 984 281 412 350 283 378 95639 71351 1804 26276 3549 377 205 514 2229 245 1194 410 516 11413 862 1138 260 755 597 207 275 702 233 7174 237 256 307 1938 332 485 1279 1088 21848 2112 373 1261 219 621 230 232 224 293 222 393 961 219 386 275 401 4082 6389 522 12738
internal_value=-0.000215861 0.0160328 -0.00173703 -0.0363148 -0.129061 -0.191478 -0.12454 -0.0299512 -0.0275291 -0.0108127 -0.000504256 0.0555159 0.0245717 0.0120106 -0.0827041 0.0632086 0.116428 -0.0186459 0.033959 0.116825 0.0311289 0.0459185 0.0400354 0.0462702 -0.0145658 0.0710327 -0.0630377 0.0600263 0.176211 0.15376 0.223636 0.118639 -0.0112461 -0.101474 -0.175643 -0.0543765 0.0299466 0.072343 0.179387 0.00495725 0.0627609 0.0173243 0.0516319 0.0659789 0.171819 0.0104509 0.0371212 -0.0135116 0.199292 -0.0893719 -0.0254806 0.0832149 0.0140389 -0.0662233 -0.020223 -0.0584967 -0.01074 0.274967 0.0150613 0.0465026 -0.0818072 0.00168275
internal_weight=292575 115489 37484 10663 2268 1404 992 642 864 177086 76463 5112 78005 26821 1424 583 2318 100623 51729 1707 50022 26046 24922 23501 4334 1631 1421 19167 1124 1574 977 1371 8395 1221 666 513 4984 2755 817 2794 1515 25397 17593 13047 1634 4546 3588 2735 853 958 734 515 2505 2703 1742 1523 1137 608 23976 7156 767 16820
internal_count=292575 115489 37484 10663 2268 1404 992 642 864 177086 76463 5112 78005 26821 1424 583 2318 100623 51729 1707 50022 26046 24922 23501 4334 1631 1421 19167 1124 1574 977 1371 8395 1221 666 513 4984 2755 817 2794 1515 25397 17593 13047 1634 4546 3588 2735 853 958 734 515 2505 2703 1742 1523 1137 608 23976 7156 767 16820
is_linear=0
shrinkage=0.05


Tree=71
num_leaves=63
num_cat=0
split_feature=15 11 16 19 9 31 14 14 29 14 13 13 5 13 14 29 29 14 6 28 6 14 14 31 25 14 27 13 13 6 5 5 13 13 14 28 13 13 14 14 13 25 21 14 25 14 13 6 27 13 14 5 6 13 29 28 28 25 24 28 29 31
split_gain=18767 6782.62 5705.81 10558.2 5390.61 5173.48 4694.81 14906 6679.56 5123.78 8879.37 4319.02 4372.53 4028.58 5894.31 6977.39 5302.36 6897.69 4760.51 4860.66 4475.01 4414.03 8778.68 5117.68 4583.29 3940.94 7749.06 3876.79 3760.41 3694.32 3674.48 4661.13 4338.83 4700 3848.66 3673.95 3616.87 6201.21 5964.77 15242.2 8030.4 7804.83 5035.17 4688.51 4180.46 3621.67 3537.21 3417.13 3414.29 3397.6 3389.95 4257.5 3805.16 5042.52 3337.43 3194.23 3146.52 3048.48 3360.28 3040.23 11684.2 3038.22
threshold=37.100833333333341 -1.7738194444444442 1.0000000180025095e-35 37.500000000000007 18.500000000000004 8.093901148942134 63.250000000000007 68.250000000000014 17.150000000000002 45.750000000000007 1.2500000000000002 -54.249999999999993 39.500000000000007 -35.249999999999993 61.250000000000007 7.9500000000000011 9.8500000000000032 39.250000000000007 -5.4191916984068831 0.44214106695309707 -0.49735409077959319 41.250000000000007 38.750000000000007 3.1529554367201427 2.4367225750891679 43.750000000000007 0.56012048192771091 18.250000000000004 -33.249999999999993 10.744552879921432 9.5000000000000018 -14.499999999999998 28.250000000000004 16.250000000000004 46.250000000000007 0.46579596698715225 -23.249999999999996 -26.749999999999996 57.250000000000007 52.750000000000007 -24.749999999999996 2.3942907991551361 -1.0000000180025095e-35 59.750000000000007 2.2716135146377132 48.250000000000007 -24.249999999999996 10.428699709873781 0.5967064245052861 -25.249999999999996 55.250000000000007 13.500000000000002 10.744552879921432 -29.249999999999996 4.1500000000000012 0.51358735784965304 0.45478595478595479 8.0178571428571441 25.500000000000004 0.41056117113977003 4.3500000000000005 4.3361666666666681
decision_type=2 2 2 2 2 2 2 2 2 2 2 2 2 2 2 2 2 2 2 2 2 2 2 2 2 2 2 2 2 2 2 2 2 2 2 2 2 2 2 2 2 2 10 2 2 2 2 2 2 2 2 2 2 2 2 2 2 2 2 2 2 2
left_child=1 4 -2 57 11 25 9 8 -8 10 -7 -1 13 14 15 -13 20 -18 19 -19 59 22 23 54 -24 26 27 -3 -20 -17 31 -27 33 48 47 -34 37 45 39 42 43 -41 -39 -40 -38 -23 -5 -32 -33 -44 52 -52 -47 -54 -22 -42 -51 58 -4 60 -15 -30
right_child=2 5 3 46 -6 6 7 -9 -10 -11 -12 12 -14 16 -16 29 17 18 28 -21 21 36 24 -25 -26 30 -28 -29 61 -31 34 32 35 -35 -36 -37 44 38 40 41 55 -43 49 -45 -46 50 -48 -49 -50 56 51 -53 53 -55 -56 -57 -58 -59 -60 -61 -62 -63
leaf_value=0.22451405532729743 0.006215356056167601 -0.055857948870968968 0.10045641569273228 0.057480045618229836 0.032033393249838053 0.39305567680192843 0.14534060437858939 -0.10865214655037075 0.54042059436680812 -0.020191035021600742 0.0045021499409438016 0.033134534796243634 -0.053206576340688316 0.24973845946897044 -0.037941444438532063 0.33429913413062506 -0.23878011597843543 -0.35086613628599378 -0.15225820509942756 -0.056216434410423982 -0.08944914647481754 -0.13591448014615001 0.11644129742217797 -0.23789562639491313 0.41003916652166644 -0.032099361521846378 0.22280224097839857 -0.2785269787655541 0.096493502238626822 0.12643723312044247 -0.0045458801716682417 -0.0028256581476705967 0.0076466748769062134 -0.055331419763874637 -0.039145357973011767 0.29631700783386422 0.0294403751339543 0.24455554073717858 -0.041754822986658224 0.093184145036539281 -0.22178539576850423 0.44866029594927126 -0.18638687090354455 0.24584342596353964 -0.022440781237297817 0.10827338790621391 0.0097439037453711796 0.15148283801770235 0.095011637755875247 -0.11025634848163018 -0.1408411853662099 0.0013751374909499175 -0.087316156089920244 0.14582990735477705 0.17413959006334934 -0.0086465319321757696 0.10145298631952158 -0.057826703461834356 0.049781834724938384 0.059005680676656527 -0.17176649825037821 -0.017968825874009869
leaf_weight=207 46927 7215 5866 4457 13085 223 213 312 216 2381 428 2201 4182 233 1486 315 380 215 502 399 210 503 314 202 231 19252 246 200 604 668 1312 56605 220 4324 21246 220 4685 224 235 238 362 442 228 355 22654 1261 29971 478 905 260 682 2293 785 328 278 341 535 466 7404 5211 552 13892
leaf_count=207 46927 7215 5866 4457 13085 223 213 312 216 2381 428 2201 4182 233 1486 315 380 215 502 399 210 503 314 202 231 19252 246 200 604 668 1312 56605 220 4324 21246 220 4685 224 235 238 362 442 228 355 22654 1261 29971 478 905 260 682 2293 785 328 278 341 535 466 7404 5211 552 13892
internal_value=0.000370306 -0.00840613 0.0186238 0.0307131 0.00262163 -0.0161807 0.0414009 0.154132 0.345056 0.0138084 0.138 -0.00298126 -0.00367214 -0.000449897 0.0442664 0.0826334 -0.00395236 -0.0285811 -0.0234498 -0.159795 0.00507294 -0.00131727 0.0916072 -0.0268909 0.241407 -0.018117 -0.0527307 -0.0619006 -0.0178577 0.193318 -0.0155805 -0.0105978 -0.00395024 -0.00506472 -0.0332131 0.152326 -0.00447154 0.0228833 0.0786007 0.134321 -0.00448152 0.324563 0.0304041 0.131415 -0.0135493 -0.00778273 0.0159252 0.0371812 -0.00128443 -0.0166804 0.00428946 -0.0312634 0.0488373 -0.018539 0.0607591 -0.118559 0.0321632 0.0677737 0.0721884 0.0451875 -0.0464988 -0.0131932
internal_weight=292865 197774 95091 48164 81778 115996 3773 741 429 3032 651 68693 68486 64304 4670 3184 59634 15992 15612 614 43642 37646 1235 690 545 112223 7661 7415 14998 983 104562 81526 62274 61834 23036 440 36411 9072 3220 1927 1293 680 1247 590 27339 5852 34428 1790 57510 1023 5349 2975 2374 1113 488 703 795 13736 13270 5996 785 14496
internal_count=292865 197774 95091 48164 81778 115996 3773 741 429 3032 651 68693 68486 64304 4670 3184 59634 15992 15612 614 43642 37646 1235 690 545 112223 7661 7415 14998 983 104562 81526 62274 61834 23036 440 36411 9072 3220 1927 1293 680 1247 590 27339 5852 34428 1790 57510 1023 5349 2975 2374 1113 488 703 795 13736 13270 5996 785 14496
is_linear=0
shrinkage=0.05


Tree=72
num_leaves=63
num_cat=0
split_feature=12 16 19 17 16 19 19 17 17 19 17 19 7 19 7 7 13 13 27 19 12 26 19 17 31 14 14 14 27 10 13 28 13 26 27 17 13 12 13 13 14 26 4 5 4 26 14 14 31 29 14 13 29 28 14 29 7 6 8 23 29 19
split_gain=17208.9 7593.52 12980.7 6985.24 5663.78 7328.39 4133.18 4018.61 3980.64 3871.05 3478.95 3201.54 2980.48 2922.08 2676.95 2659.87 2829.15 2482.74 2231.86 2154.46 2105.15 2010.38 1942.62 2347.2 1871.48 3268.66 2907.2 2146.41 2433.93 2150.67 1846.58 1839.05 1734.59 1708.12 1685.39 1952.24 1750.03 1612.08 1603.55 1595.47 1723.28 1584.9 1454.83 1407.74 1335.89 1333.89 1339.16 1846.54 1332.62 1332.32 1534.36 1294.77 1259.62 1438.45 1263.51 1298.91 1253.73 1253.52 1357.01 1252.66 3675.3 1192.46
threshold=39.775277777777788 1.0000000180025095e-35 55.500000000000007 2.5000000000000004 1.0000000180025095e-35 60.500000000000007 64.500000000000014 2.5000000000000004 2.5000000000000004 14.500000000000002 2.5000000000000004 19.500000000000004 -0.74272477586260954 64.500000000000014 0.76574523475161593 0.37648401060367109 -32.749999999999993 9.7500000000000018 0.47949210926860536 5.5000000000000009 58.139444444444457 6.003765783061362 65.500000000000014 3.5000000000000004 8.460242778960172 45.750000000000007 62.250000000000007 51.750000000000007 0.48157843707581932 12.500000000000002 -13.749999999999998 0.49401176133103847 26.750000000000004 1.0222644210299563 0.487244565924769 2.5000000000000004 -34.749999999999993 61.958819444444451 -22.749999999999996 -12.749999999999998 52.250000000000007 0.85125267675387972 805.50000000000011 9.5000000000000018 841.50000000000011 1.0790922872983384 46.750000000000007 47.250000000000007 5.7900348837209314 3.9500000000000006 49.250000000000007 -17.249999999999996 9.4500000000000011 0.51140700902151293 72.250000000000014 5.5500000000000007 0.18454643400246193 -11.562967693884149 38.500000000000007 1.5000000000000002 8.6500000000000004 2.5000000000000004
decision_type=2 2 2 2 2 2 2 2 2 2 2 2 2 2 2 2 2 2 2 2 2 2 2 2 2 2 2 2 2 2 2 2 2 2 2 2 2 2 2 2 2 2 2 2 2 2 2 2 2 2 2 2 2 2 2 2 2 2 2 10 2 2
left_child=1 6 3 9 13 7 12 11 14 44 39 33 -1 37 17 16 -11 18 -4 -5 -13 -9 41 -24 27 -26 -27 28 45 -29 -17 -31 34 -6 -15 36 43 59 -39 40 -7 -8 56 -36 61 46 -14 -48 -42 50 -49 -20 53 -40 55 -55 -21 -33 -59 60 -2 -3
right_child=4 2 8 19 5 10 22 21 -10 15 -12 20 24 32 -16 30 -18 -19 51 42 -22 -23 23 -25 25 26 -28 29 -30 31 -32 57 -34 -35 35 -37 -38 38 52 -41 48 -43 -44 -45 -46 -47 47 49 -50 -51 -52 -53 -54 54 -56 -57 -58 58 -60 -61 -62 -63
leaf_value=-0.051160487869277738 0.14793347554985914 0.11837453666532881 -0.010266862946216693 0.055097918184198104 0.15463608800862716 -0.021786956870683324 0.12628677169417554 0.023922171180690434 -0.038380366930923941 0.19568976354415829 -0.028162417307421639 0.044456969906979726 -0.066387274182308262 -0.0031087916086469302 -0.031703351777505891 0.023505878552808081 0.03291516557190393 -0.030907118692204666 0.053311004954360947 0.0066164179143704278 0.10355962137063508 -0.131979122292468 -0.014378319195457137 0.026855282587116731 0.19366413389686565 -0.051160747851874383 0.15169185776472222 0.039603754559656514 -0.017214243487155754 -0.029105127246429122 -0.018610309679504933 -0.097706134356636817 -0.12281266374558937 0.082568991741174741 0.16597679983824493 0.065591044719166311 0.015577379413108453 0.15607165866837081 -0.038996890457199208 0.010674206392692566 0.073292304940713413 0.013768139046209058 -0.055325497109511984 0.0028220692893401499 -0.0037595656110401853 -0.086234913493053234 0.076548424312840355 0.0067510256767891255 -0.012100555921826408 -0.020868559600558261 -0.14822068854637319 0.012642988432865189 -0.054242416752956407 0.11974584383276543 0.18253590816658966 -0.045581479780375959 -0.02408284642030601 0.0037941239395918643 -0.036852262633543804 -0.011357217502302666 -0.094337484508333916 0.061911858663438492
leaf_weight=9326 421 1134 11508 1277 1223 759 327 6145 13874 270 4574 10228 3322 4416 8768 5536 18055 5504 2344 7543 1767 213 30425 3892 270 739 231 1754 9594 16086 4910 355 204 2524 359 3336 8820 258 314 9786 3152 6839 1753 209 643 2267 411 240 534 3177 476 11841 401 251 240 224 5947 12685 2449 20559 248 5361
leaf_count=9326 421 1134 11508 1277 1223 759 327 6145 13874 270 4574 10228 3322 4416 8768 5536 18055 5504 2344 7543 1767 213 30425 3892 270 739 231 1754 9594 16086 4910 355 204 2524 359 3336 8820 258 314 9786 3152 6839 1753 209 643 2267 411 240 534 3177 476 11841 401 251 240 224 5947 12685 2449 20559 248 5361
internal_value=4.06021e-05 -0.00748152 0.00193798 0.0196463 0.0196076 0.0327109 -0.017027 0.0522323 -0.0153066 0.0320248 0.00976732 0.0657819 -0.0250575 0.00629392 -0.00729568 0.0238463 0.035324 -0.000435042 0.00609369 -0.00726084 0.0531714 0.0186794 -0.0047568 -0.00970124 -0.0205532 0.0401423 -0.00274608 -0.0219789 -0.0351608 -0.0142709 0.00370985 -0.0172648 0.021777 0.106126 0.0235049 0.032741 0.0210621 -0.00542489 0.0415893 0.0219595 0.0467968 0.0189195 -0.0124883 0.106053 0.0649818 -0.0525614 -0.0425412 -0.0241246 0.0609213 -0.03477 -0.0963379 0.0193665 0.0208398 0.0501235 0.0892616 0.041849 -0.00691798 -0.00496702 -0.00278532 -0.00916513 0.0581163 0.0717867
internal_weight=292298 211133 106268 52429 81165 40905 104865 22100 53839 35909 18805 15742 63382 40260 39965 28771 18325 31197 25693 16520 11995 6358 41483 34317 54056 1240 970 52816 19487 33329 10446 31575 17344 3747 17140 12724 9388 22916 1688 14231 4445 7166 15243 568 7138 9893 7626 4304 3686 3893 716 14185 1430 1029 715 475 13490 15489 15134 21228 669 6495
internal_count=292298 211133 106268 52429 81165 40905 104865 22100 53839 35909 18805 15742 63382 40260 39965 28771 18325 31197 25693 16520 11995 6358 41483 34317 54056 1240 970 52816 19487 33329 10446 31575 17344 3747 17140 12724 9388 22916 1688 14231 4445 7166 15243 568 7138 9893 7626 4304 3686 3893 716 14185 1430 1029 715 475 13490 15489 15134 21228 669 6495
is_linear=0
shrinkage=0.05


Tree=73
num_leaves=63
num_cat=0
split_feature=24 16 19 20 16 19 18 18 7 13 7 19 13 19 9 31 13 29 24 0 7 12 11 18 7 7 10 13 26 13 31 12 6 27 19 27 13 27 13 9 6 12 13 28 11 13 13 9 9 11 19 25 28 10 28 6 2 26 26 29 29 25
split_gain=15177.9 6465.65 11008.6 4621.55 4275.5 8845.76 3799.43 3517.74 3370.96 3149.35 3509.57 2968.17 2808.86 2616.5 2386.12 2345.27 2188.61 2110.86 1877.53 3771.05 1867.89 1856.72 1844.67 1800.74 1818.18 1706.92 1914.94 1703.52 1810.98 1646.06 1625.19 1556.16 1546.16 1537.43 1526.27 1506.25 1402.18 1389.43 1335.43 1939.5 1672.44 1309.18 1823.42 1386.48 1300.77 2312.37 2144.67 1289.1 1287.92 1849.37 1286.57 1314.73 1261.56 1356.51 1356.39 1260.07 1361.62 1259.75 1251.47 1250.22 1247.09 1231.74
threshold=69.500000000000014 1.0000000180025095e-35 33.500000000000007 0.35500000000000004 1.0000000180025095e-35 55.500000000000007 10.500000000000002 10.500000000000002 -0.9904687135034127 -36.249999999999993 0.25644940301428859 4.5000000000000009 26.750000000000004 64.500000000000014 22.500000000000004 8.7030259740259748 -35.249999999999993 10.65 19.500000000000004 3034.5000000000005 0.22144307821815765 65.450694444444466 -2.0456249999999994 10.500000000000002 0.55858492808748383 -2.1947698302777057 26.500000000000004 -25.749999999999996 1.910669209159624 9.7500000000000018 7.2429095928226372 15.472083333333336 3.2584079264197019 0.51227040048178274 2.5000000000000004 0.48493921248412269 11.750000000000002 0.48157843707581932 -43.749999999999993 2.5000000000000004 22.912093337224093 58.776736111111113 -34.749999999999993 0.51863425925925932 -17.999444444444439 -7.2499999999999991 -13.249999999999998 25.500000000000004 2.5000000000000004 -8.5554166666666642 64.500000000000014 2.5249313567933358 0.56012048192771091 15.500000000000002 0.38483642793987627 -14.141639649497217 1723.5000000000002 1.1011620369669701 1.0084407629227208 5.9500000000000011 13.550000000000002 2.0667025475421608
decision_type=2 2 2 2 2 2 2 2 2 2 2 2 2 2 2 2 2 2 2 2 2 2 2 2 2 2 2 2 2 2 2 2 2 2 2 2 2 2 2 2 2 2 2 2 2 2 2 2 2 2 2 2 2 2 2 2 2 2 2 2 2 2
left_child=1 3 11 12 8 7 13 9 22 -6 27 -3 16 37 15 38 20 -13 19 -15 59 47 -2 24 25 -7 -27 -11 34 31 44 -16 33 -32 -29 52 55 -4 39 -10 50 42 43 -39 -19 46 -46 -5 49 -20 51 -40 53 -18 -55 -28 -57 -17 -43 -1 -31 -50
right_child=4 2 6 21 5 23 -8 -9 14 10 -12 17 -14 18 29 57 35 30 48 -21 -22 -23 -24 -25 -26 26 36 28 -30 60 32 -33 -34 -35 -36 -37 -38 41 40 -41 -42 58 -44 -45 45 -47 -48 -49 61 -51 -52 -53 -54 54 -56 56 -58 -59 -60 -61 -62 -63
leaf_value=0.057395536529778635 0.080634061826419065 0.1156739253509189 0.010698296747635373 -0.011294201398276306 0.089863106700014406 -0.042499154738106726 -0.026204380148471474 -0.029799722503346379 0.13065705437633865 0.13240049569215626 -0.0018309892787533085 0.060200059284538338 -0.13904618674882763 0.23727551385215145 -0.0043561722939350405 0.0098884988112273031 -0.02286834274644638 0.078670229253704468 0.0067008237826923266 0.019762694943481492 0.023376269117520401 0.061605555808945417 -0.048039710306560339 -0.045905819290555649 -0.031230035749298907 -0.025491600310352081 -0.056815597148552881 0.10349136888601376 -0.09720575388547191 -0.044053851893368398 -0.06289567717223192 0.032180236874467812 0.18566187476395288 0.095417232098323965 0.027179197899680554 0.022885091067424982 -0.029113272677172744 0.057925139111226681 -0.014690533531935297 -0.023419332852084154 -0.072315714898297148 0.16751893886760949 0.028446848539222705 0.21211847969900852 -0.028180671827338927 0.019042604078655767 -0.20457509063278403 -0.096070239546868774 -0.049219034480195406 -0.058503703577008098 -0.010827583057028517 -0.035891954975741588 0.10363802990951616 0.13784736726398861 0.0094463956482763664 0.013275106862465261 0.075152199222913343 0.12947657922056144 0.057812501326348076 0.19230819749611733 0.074644063742922956 0.0087195638267567634
leaf_weight=298 285 1975 6879 36597 1496 2956 5984 4141 351 399 15506 11519 288 204 7113 528 4934 355 2052 7141 783 868 10849 5523 11696 5993 582 680 283 2385 254 4936 221 384 17412 17538 2132 387 12372 486 1622 333 11900 234 457 1137 276 453 1000 2312 19792 17886 272 217 3643 10432 971 377 1183 408 243 10973
leaf_count=298 285 1975 6879 36597 1496 2956 5984 4141 351 399 15506 11519 288 204 7113 528 4934 355 2052 7141 783 868 10849 5523 11696 5993 582 680 283 2385 254 4936 221 384 17412 17538 2132 387 12372 486 1622 333 11900 234 457 1137 276 453 1000 2312 19792 17886 272 217 3643 10432 971 377 1183 408 243 10973
internal_value=-0.000582082 0.0118583 0.0227927 0.000781675 -0.0109961 -0.00285798 0.0112031 0.0138234 -0.0192345 0.0188734 0.0157729 0.0581515 0.0160401 0.0162228 -0.0150634 -0.0199698 0.0176349 0.0503644 0.0048408 0.0258354 0.0766056 -0.0106391 -0.0447391 -0.019387 -0.0151724 -0.00702916 -0.00181352 0.0303117 0.0280879 0.00279225 0.0136198 0.0106128 0.0719932 0.03239 0.030053 0.0143316 0.00823948 0.0291091 -0.0213456 0.0412722 -0.0223607 0.0381301 0.0328118 0.116275 -0.00893844 -0.0256032 -0.0947875 -0.0123333 -0.00459922 -0.0278493 -0.0207404 -0.0272238 -0.00221558 -0.00550107 0.0166986 0.014886 0.0185503 0.0597938 0.0820048 0.135524 -0.0330541 0.00387675
internal_weight=292886 133459 67160 66299 159427 80202 50582 39917 79225 35776 34280 16578 28381 44598 68091 53414 28093 14603 23682 7345 1489 37918 11134 40285 34762 23066 20110 18774 18375 14677 3084 12049 859 638 18092 26604 14117 20916 52509 837 51672 14037 12521 621 2225 1870 733 37050 16337 4364 50050 30258 9066 8794 3860 11985 11403 905 1516 706 2628 11973
internal_count=292886 133459 67160 66299 159427 80202 50582 39917 79225 35776 34280 16578 28381 44598 68091 53414 28093 14603 23682 7345 1489 37918 11134 40285 34762 23066 20110 18774 18375 14677 3084 12049 859 638 18092 26604 14117 20916 52509 837 51672 14037 12521 621 2225 1870 733 37050 16337 4364 50050 30258 9066 8794 3860 11985 11403 905 1516 706 2628 11973
is_linear=0
shrinkage=0.05


Tree=74
num_leaves=63
num_cat=0
split_feature=24 14 13 13 14 13 14 13 13 13 31 31 9 13 31 13 13 7 5 13 27 14 14 26 14 31 13 13 31 31 31 14 14 31 13 25 26 14 12 13 31 27 13 31 31 31 11 13 13 9 9 7 14 31 27 31 14 31 13 8 13 14
split_gain=14230.6 7374.31 6787.72 6625.96 5909.6 16562 12298.2 8668.46 8479.04 6480.35 11855.5 6890.32 6048.12 5947.72 5849.18 5790.08 5235.08 6747.47 5961.27 5063.66 5006.86 7464.33 6703.31 6011.05 6651.97 5481.52 5024.61 18658.3 5538.08 13423.2 5594.55 5453.93 5167.21 6260.15 4893.5 4724.71 4711.44 4984.9 4604.38 4566.07 4917.43 4779.33 4286.79 4517.88 4281.25 5027.36 4638.47 5651.83 8507.23 4239.87 5357.43 4684.84 4154.4 4876.7 4148.09 3971.29 3921.89 4092.65 4569.2 3886.22 3876.48 6728.53
threshold=90.500000000000014 51.750000000000007 -54.249999999999993 26.750000000000004 49.750000000000007 23.750000000000004 50.250000000000007 3.7500000000000004 18.250000000000004 10.250000000000002 1.874646103071846 3.8615964803951841 5.5000000000000009 -5.2499999999999991 1.7379946784657241 -36.249999999999993 4.7500000000000009 0.30894847222637817 -24.499999999999996 -30.749999999999996 0.51069549302219175 39.250000000000007 40.750000000000007 1.0625499150027105 46.750000000000007 8.460242778960172 -24.249999999999996 -25.249999999999996 2.6870607182524995 1.9161508221583656 3.7560784976641268 43.250000000000007 49.250000000000007 4.0530225741745118 6.7500000000000009 2.5111210052438908 0.94419501943706619 47.250000000000007 30.402708333333337 -20.249999999999996 2.7428419237012993 0.58074174232180809 -6.2499999999999991 4.7050050281182365 4.6535586485732887 1.2663196681192372 1.1000000000000005 -4.2499999999999991 -13.749999999999998 13.500000000000002 10.500000000000002 0.20003334444814941 59.250000000000007 7.9312803268384675 0.51928389290267762 1.2040172341606199 42.750000000000007 6.6966284643343945 -5.2499999999999991 7.5000000000000009 6.7500000000000009 56.250000000000007
decision_type=2 2 2 2 2 2 2 2 2 2 2 2 2 2 2 2 2 2 2 2 2 2 2 2 2 2 2 2 2 2 2 2 2 2 2 2 2 2 2 2 2 2 2 2 2 2 2 2 2 2 2 2 2 2 2 2 2 2 2 2 2 2
left_child=1 3 -3 4 5 8 7 12 15 10 -9 -12 -6 -14 35 -1 17 18 -4 38 23 -22 -23 24 25 44 27 -24 29 -28 -30 -31 33 -32 56 54 37 -26 -20 40 -16 -41 -39 59 45 -17 47 48 -46 50 60 55 -19 -54 -8 -51 -25 -58 -59 -44 61 -18
right_child=-2 2 16 -5 6 -7 14 9 -10 -11 11 -13 13 -15 39 20 49 52 19 -21 21 22 26 34 36 -27 28 -29 30 31 32 -33 -34 -35 -36 -37 -38 42 -40 41 -42 -43 43 -45 46 -47 -48 -49 -50 51 -52 -53 53 -55 -56 -57 57 58 -60 -61 -62 -63
leaf_value=0.24972276461179838 -0.013689437995502492 0.27883303605324156 -0.18069430859483912 -0.23913872092962266 -0.25411229531678181 0.4361526757629739 -0.21578292896619666 -0.20002416937112699 -0.1845738713748904 -0.17864712595257684 0.39608267307635253 0.038065690936269707 -0.006250669074495784 -0.25168373281031292 -0.29536023941965633 -0.10382073542910086 -0.13609394984102602 0.018800388039725714 0.30033187346498924 0.025798710988993084 -0.12296261578861145 0.2517776587013813 -0.013317765047676348 0.06565709561471221 0.203187364823181 0.22909158680111311 -0.0072613717713862951 0.48569298469653543 -0.057332695880839724 -0.039380402422451666 0.17130946863538551 0.2031922491989572 -0.13937859838286021 0.018171643279514153 -0.1570938351861669 -0.0030598240396897268 0.0041481100351969278 0.12611585460057495 0.066352794991868122 0.027016808275209844 -0.03647056912002019 -0.19599551470360776 -0.12751361021847393 0.14056604222605626 0.026310075014795722 0.014786528121114591 -0.16289052485940714 0.088907645379513275 -0.24022873427921598 0.043144149121373751 0.16304021546854264 0.13779881443512682 -0.031285749796516611 0.18758915389648914 0.01801108909547329 -0.044981166866644336 -0.036241088365448003 -0.32860824116174314 -0.013369361450666278 0.09218975886256553 0.019517099582547943 0.011861593246246183
leaf_weight=241 116638 244 337 302 1126 221 794 262 592 365 257 281 730 372 207 1077 1191 10356 218 63439 814 339 592 823 711 210 2547 273 2951 270 742 1621 457 6559 963 887 3810 1098 5334 8792 1556 246 691 374 658 5217 1049 639 548 1476 570 415 10228 260 249 9515 3778 266 202 283 13117 2162
leaf_count=241 116638 244 337 302 1126 221 794 262 592 365 257 281 730 372 207 1077 1191 10356 218 63439 814 339 592 823 711 210 2547 273 2951 270 742 1621 457 6559 963 887 3810 1098 5334 8792 1556 246 691 374 658 5217 1049 639 548 1476 570 415 10228 260 249 9515 3778 266 202 283 13117 2162
internal_value=-0.000146816 0.00883302 0.015925 -0.00594495 -0.00469958 0.00546751 -0.030309 -0.114879 0.0031005 -0.00434593 0.0753027 0.209506 -0.172648 -0.0892541 -0.0077626 0.0058964 0.0153818 0.0212815 0.028781 0.0298069 0.0044048 0.0247223 0.0320816 -0.0111669 0.00455995 -0.022886 0.0274148 0.144552 0.0207163 0.0676737 0.00125186 0.168555 0.0235409 0.0337564 -0.053828 -0.0879139 0.0415806 0.0867402 0.0755924 0.00656622 -0.0670179 0.0209258 0.0528223 -0.00692755 -0.0286695 -0.00552226 -0.0789918 -0.0312277 -0.0949024 -0.00331981 0.0124731 -0.0269126 -0.00366254 -0.0258424 -0.160004 -0.0331438 -0.0341826 -0.0535454 -0.192862 -0.0636487 0.00725262 -0.0407178
internal_weight=292542 175904 118862 57042 56740 40616 16124 3393 40395 1165 800 538 2228 1102 12731 39803 118618 90172 69328 68991 39562 17165 16351 22397 16365 9398 16012 865 15147 4438 10709 1891 7758 7301 6032 1930 6967 3157 5552 10801 1763 9038 2446 1348 9188 6294 2894 1845 1206 28446 17040 11406 20844 10488 1043 10991 5069 4246 468 974 16470 3353
internal_count=292542 175904 118862 57042 56740 40616 16124 3393 40395 1165 800 538 2228 1102 12731 39803 118618 90172 69328 68991 39562 17165 16351 22397 16365 9398 16012 865 15147 4438 10709 1891 7758 7301 6032 1930 6967 3157 5552 10801 1763 9038 2446 1348 9188 6294 2894 1845 1206 28446 17040 11406 20844 10488 1043 10991 5069 4246 468 974 16470 3353
is_linear=0
shrinkage=0.05


Tree=75
num_leaves=63
num_cat=0
split_feature=24 11 14 27 31 9 14 14 26 14 14 9 12 14 13 14 14 28 28 14 12 31 26 13 5 27 13 28 13 13 13 14 19 16 5 14 14 14 14 13 14 14 27 31 31 31 31 28 27 28 31 13 28 14 9 28 14 27 14 11 13 27
split_gain=13987.3 5736.94 6351.53 5199.66 4939.74 5083.36 5036.4 10111.1 12629.5 7142.71 12395.2 5375.18 4691.15 4663.6 4478.61 4394.22 6378.5 6484.36 6358.94 5423.46 4245.47 4158.7 5995.28 5298.97 4433.87 4780.98 5747.29 4638.63 5076.78 8843.83 5706.13 4277.19 4137.03 4583.38 3838.17 3812.51 3787.3 5428.82 5404.81 7535.45 8584.58 7383.84 5797.93 6771.12 5427.86 5160.13 5014.42 5799.26 4065.29 6774.08 5384.6 4501.66 4592.36 3666.39 10289.9 7235.74 3723.31 5907.24 5059.92 8246.83 3653.74 3649.43
threshold=43.500000000000007 -4.3309027777777773 76.750000000000014 0.5182149966821501 8.2499910714285729 8.5000000000000018 71.250000000000014 63.250000000000007 1.1196866578486293 45.750000000000007 44.750000000000007 13.500000000000002 23.310555555555563 67.250000000000014 -54.249999999999993 71.250000000000014 69.750000000000014 0.52011560693641623 0.46006134969325158 72.750000000000014 67.23819444444446 5.7521263057929728 1.2827662020949953 -49.749999999999993 -1.0000000180025095e-35 0.44413233458177281 -34.249999999999993 0.36177211646136626 -24.749999999999996 -20.249999999999996 -18.249999999999996 58.250000000000007 18.500000000000004 1.0000000180025095e-35 -28.499999999999996 73.750000000000014 64.750000000000014 61.250000000000007 67.250000000000014 5.7500000000000009 66.250000000000014 65.250000000000014 0.5641941391941393 3.9688494564838881 2.1307581916728267 2.8008939974457223 1.6411306818181821 0.47230743012951609 0.46579596698715225 0.52185857620640241 0.66942403885674873 3.2500000000000004 0.51810350209126665 60.750000000000007 13.500000000000002 0.46349539654336946 60.250000000000007 0.51928389290267762 59.750000000000007 1.9608333333333339 13.250000000000002 0.51227040048178274
decision_type=2 2 2 2 2 2 2 2 2 2 2 2 2 2 2 2 2 2 2 2 2 2 2 2 2 2 2 2 2 2 2 2 2 2 2 2 2 2 2 2 2 2 2 2 2 2 2 2 2 2 2 2 2 2 2 2 2 2 2 2 2 2
left_child=20 2 14 -4 5 13 7 9 -9 10 -6 -10 -7 -3 -2 16 21 18 -18 -17 32 23 -23 -16 27 -26 -27 -25 -29 -30 -31 -24 33 -1 -14 -21 37 53 39 41 46 -38 61 -44 -43 -46 -41 -48 51 50 -50 52 -39 56 -55 -56 58 -58 -36 -60 -52 -40
right_child=1 4 3 -5 6 12 -8 8 11 -11 -12 -13 34 -15 15 19 17 -19 -20 35 -22 22 31 24 25 26 -28 28 29 30 -32 -33 -34 -35 36 -37 38 48 42 40 -42 44 43 -45 45 -47 47 -49 49 -51 60 -53 -54 54 55 -57 57 -59 59 -61 -62 -63
leaf_value=0.011230904359892685 0.21941947891036909 -0.026046551118874536 -0.27823629722212045 -0.012897305650284933 0.011871378581845678 -0.014693289039686756 -0.19930582444478828 -0.038904862135648727 0.56342240752968586 -0.023967752052068539 0.46962376045353643 0.22528469053166056 -0.08988462320707663 -0.1080726268648167 -0.18523142667897324 0.18192239664847321 -0.0014892918523401024 0.082388597950483158 -0.33471063534983841 -0.075163665766509749 0.085976218708921762 -0.015020914271247963 -0.041485770493187711 -0.17072195803136836 0.038537118830227833 0.04709840233825021 -0.011781819994391879 0.19672532141130916 -0.092974171649327947 0.27536287530494685 0.059366190863554748 -0.31928161423267992 0.011854408024072161 0.080761304861232758 0.0064744848761039385 0.0897419586283172 0.37475018186723358 0.042185354617994809 0.03629610854781929 0.11758469850873131 0.19962286036129825 0.25412326445908878 0.0054560046862153454 0.37655437091144428 -0.18159273645073615 0.1059390591980654 -0.29437370522390188 -0.0025474622392278614 -0.33956172384768729 0.04094548804610635 -0.1244913538762005 0.13329877998155282 -0.24301124040658972 -0.14855321726451318 0.47176382501100378 0.10008453387486678 -0.19429979890203386 0.11098681943130061 0.4153515296763467 0.018920622626442396 0.042300230133347216 -0.046591464733839537
leaf_weight=4610 251 29279 349 391 460 82261 204 299 211 2491 217 269 989 1841 334 792 223 258 399 614 2223 6166 266 222 9722 4982 24626 622 945 329 4185 289 71811 4878 18544 814 333 381 2668 238 392 439 271 224 203 663 340 340 249 895 1842 560 223 257 202 371 525 226 200 378 399 2642
leaf_count=4610 251 29279 349 391 460 82261 204 299 211 2491 217 269 989 1841 334 792 223 258 399 614 2223 6166 266 222 9722 4982 24626 622 945 329 4185 289 71811 4878 18544 814 333 381 2668 238 392 439 271 224 203 663 340 340 249 895 1842 560 223 257 202 371 525 226 200 378 399 2642
internal_value=0.00052042 -0.00638265 0.00718472 -0.138244 -0.0114332 -0.0129384 0.042357 0.0548946 0.216155 0.0151856 0.159072 0.374787 -0.0081704 -0.0309024 0.00910755 0.0081574 0.00529998 -0.128126 -0.215438 0.0770727 0.0178193 0.00753087 -0.029203 0.0129024 0.0143566 0.00811667 -0.00187306 0.0532855 0.0614901 0.0460482 0.0751665 -0.186454 0.0159546 0.0469828 0.00716305 0.0188342 0.00998814 0.00016359 0.0383283 0.0934499 0.00404608 0.164905 0.0103241 0.173808 0.111112 0.0384067 -0.0795945 -0.148679 -0.0492879 -0.0769996 -0.119393 0.0312969 -0.0633384 0.0110312 0.113926 0.231706 0.0067283 -0.102404 0.0110195 0.156574 -0.0947892 -0.00494576
internal_weight=292827 209305 56779 740 152526 148375 4151 3947 779 3168 677 480 117255 31120 56039 55788 53568 880 622 2220 83522 52688 6721 45967 45633 39330 29608 6303 6081 5459 4514 555 81299 9488 34994 1428 34005 25252 8753 2948 1310 1638 5805 495 1305 866 918 680 4549 3385 2490 1164 604 20703 830 573 19873 751 19122 578 2241 5310
internal_count=292827 209305 56779 740 152526 148375 4151 3947 779 3168 677 480 117255 31120 56039 55788 53568 880 622 2220 83522 52688 6721 45967 45633 39330 29608 6303 6081 5459 4514 555 81299 9488 34994 1428 34005 25252 8753 2948 1310 1638 5805 495 1305 866 918 680 4549 3385 2490 1164 604 20703 830 573 19873 751 19122 578 2241 5310
is_linear=0
shrinkage=0.05


Tree=76
num_leaves=63
num_cat=0
split_feature=24 14 14 14 9 29 8 13 29 29 27 13 29 25 29 27 31 14 13 24 5 13 22 29 29 29 14 13 14 28 31 29 13 27 14 14 11 27 13 29 14 14 13 14 13 14 14 29 29 31 29 29 31 29 29 9 31 31 29 28 29 14
split_gain=11946.4 6409.61 5900.29 11511.7 8231.86 8056.04 6181.58 6154.53 5752.35 14828.8 17255.4 7677.36 5472.4 6813.77 7598.52 5883.64 5454.68 5405.9 5205.53 4993.54 4792 5216.68 4706.27 4372.92 8372.43 7825.22 8409.85 4955.15 7024.05 4232.93 4179.3 4145.94 5810.23 5205.77 5246.8 4121 6413.86 4109.9 9867.23 6908.95 6232.3 5966.72 4344.77 6131.41 5412.38 3983.41 3911.99 6953.31 11998.3 7894.45 10209.6 11753.7 8211.66 7584.99 6977.37 6517.39 8926.75 7459.84 6458.19 6234.96 11074.8 7502.34
threshold=92.500000000000014 51.750000000000007 49.750000000000007 50.250000000000007 5.5000000000000009 9.5500000000000025 4.5000000000000009 -37.249999999999993 4.9500000000000011 4.6500000000000012 0.47837774661056576 6.7500000000000009 1.8500000000000003 2.1006783442766852 0.45000000000000007 0.45658456898718275 5.5675570507429226 49.250000000000007 23.750000000000004 17.500000000000004 26.500000000000004 -24.249999999999996 2.5000000000000004 7.3500000000000005 7.7500000000000009 7.5500000000000007 46.750000000000007 4.2500000000000009 44.250000000000007 0.487260629665693 5.4600408163265319 6.7500000000000009 -4.2499999999999991 0.5286169244767972 49.250000000000007 38.750000000000007 -2.5918055555555553 0.51863425925925932 -13.749999999999998 5.2500000000000009 46.250000000000007 40.750000000000007 -12.249999999999998 46.250000000000007 -14.749999999999998 77.750000000000014 58.250000000000007 18.050000000000004 19.050000000000004 5.5323589030206692 14.65 15.050000000000002 5.1614166666666677 10.850000000000003 14.450000000000001 6.5000000000000009 3.9897395197395205 4.4321386554621851 7.6500000000000012 0.46686626746506993 10.850000000000003 60.250000000000007
decision_type=2 2 2 2 2 2 2 2 2 2 2 2 2 2 2 2 2 2 2 2 2 2 10 2 2 2 2 2 2 2 2 2 2 2 2 2 2 2 2 2 2 2 2 2 2 2 2 2 2 2 2 2 2 2 2 2 2 2 2 2 2 2
left_child=1 2 8 4 5 -4 -6 -5 9 12 -11 23 13 15 22 -1 -8 -13 -9 45 21 -14 -15 31 25 -25 -27 35 -29 -30 -7 33 -33 34 37 36 -26 41 40 -40 -39 -10 43 44 -43 -3 -21 49 -49 52 54 -52 55 -54 -51 56 58 -58 -48 60 -57 -61
right_child=-2 19 3 7 6 30 16 18 11 10 -12 17 20 14 -16 -17 -18 -19 -20 46 -22 -23 -24 24 27 26 -28 28 29 -31 -32 32 -34 -35 -36 -37 -38 38 39 -41 -42 42 -44 -45 -46 -47 47 48 -50 50 51 -53 53 -55 -56 59 57 -59 -60 61 -62 -63
leaf_value=0.31968904858188973 -0.012985114708658733 0.033090190945894653 -0.11612885820984131 -0.25154877299015277 -0.17272036967001891 -0.52638415245782766 0.075585033805418797 0.00033325676551611988 0.22222201093599692 -0.05201457193532192 0.39922010780424411 -0.073188838459716202 0.226749801851618 -0.18284217881610487 -0.20063420006608276 -0.002454138209737488 -0.16470231344492603 0.11453071481599991 -0.21538290582252084 0.020511123585770914 -0.1950041162578956 0.038307778976264167 0.040774560869996 0.047239645412037207 -0.27422167572846162 0.53900102605974232 0.09568702525559325 -0.13285642955227789 0.26617414716022586 0.061598806338538453 -0.23815695964082526 -0.16356037687665714 0.021007779774075148 -0.12073649618179216 0.19412678660557361 0.0077784038607055413 0.031131206547425756 0.085527238917445222 0.42257491131120012 0.095540229365399465 -0.23610620489271469 -0.20969672550647728 -0.094902021618130522 0.12577613967143314 0.081142468706610196 0.23299224055593923 -0.036949018352060034 0.45237049527498557 -0.0027704280879675318 -0.067722594038033698 0.23871704973185071 -0.020158395674050256 0.18735991467523994 0.00056506989841916357 -0.36491161510028752 -0.02960483779305308 0.13097440526995224 -0.014860002670144977 -0.19391607649182005 0.094480840081672304 0.30692450936462379 0.016554899543459102
leaf_weight=209 113121 22742 1127 256 603 209 1023 12628 218 339 563 5227 389 302 839 436 306 413 285 43881 206 6319 1052 692 334 215 213 248 504 508 322 1104 694 853 368 14278 353 283 216 635 320 380 1953 690 275 251 10501 230 388 6264 585 1741 1181 1006 203 8188 1456 2202 698 3842 251 15739
leaf_count=209 113121 22742 1127 256 603 209 1023 12628 218 339 563 5227 389 302 839 436 306 413 285 43881 206 6319 1052 692 334 215 213 248 504 508 322 1104 694 853 368 14278 353 283 216 635 320 380 1953 690 275 251 10501 230 388 6264 585 1741 1181 1006 203 8188 1456 2202 698 3842 251 15739
internal_value=-0.000255806 0.00775571 -0.00585642 -0.030906 -0.110261 -0.191958 -0.0400867 -0.00926643 0.00422879 0.0359184 0.229762 -0.00667217 0.0179674 -0.0404847 -0.0824969 0.102264 0.020177 -0.0594248 -0.00444408 0.0143052 0.0419627 0.0492678 -0.00919968 0.00507381 0.0191717 0.151328 0.319117 0.0100403 0.105226 0.163644 -0.352379 -0.0255329 -0.0923479 -0.00611659 0.0122186 0.00201951 -0.117506 -0.00128702 0.0693897 0.178946 -0.0852655 -0.0305259 -0.047295 0.0218515 -0.0876511 0.0352824 0.00940094 0.000451184 0.167076 -0.00146387 -0.0447978 0.0450246 0.00699236 0.101476 -0.0771064 0.00217086 -0.0245991 0.0432066 -0.0467487 0.0163654 -0.0195603 0.0318488
internal_weight=292857 179736 58387 16759 3590 1658 1932 13169 41628 10654 902 30974 9752 2838 2193 645 1329 5640 12913 121349 6914 6708 1354 25334 17345 1120 428 16225 1260 1012 531 7989 1798 6191 5338 14965 687 4970 1454 851 603 3516 3298 1345 655 22993 98356 54475 618 53857 8793 2326 45064 2187 6467 42877 14857 3658 11199 28020 8439 19581
internal_count=292857 179736 58387 16759 3590 1658 1932 13169 41628 10654 902 30974 9752 2838 2193 645 1329 5640 12913 121349 6914 6708 1354 25334 17345 1120 428 16225 1260 1012 531 7989 1798 6191 5338 14965 687 4970 1454 851 603 3516 3298 1345 655 22993 98356 54475 618 53857 8793 2326 45064 2187 6467 42877 14857 3658 11199 28020 8439 19581
is_linear=0
shrinkage=0.05


Tree=77
num_leaves=63
num_cat=0
split_feature=11 27 14 31 14 14 29 29 14 14 14 14 0 26 29 6 28 5 14 6 29 29 14 28 29 28 29 27 5 11 14 29 29 14 27 29 14 14 14 28 14 14 31 6 29 14 14 14 14 14 14 29 29 29 26 27 8 14 11 8 12 14
split_gain=10837.2 7199.75 6387.86 6020.08 8104.36 11338.1 21095.6 8502.1 11284 6690.22 5916.4 6098.13 7348.76 7123.64 5878.71 5799.58 6570.46 5549.47 6917.21 9390.52 5258.21 8116.42 7190.48 6769.13 5448.03 6475.62 6264.14 5204.86 9634.8 4932.77 7552.4 5538.31 8475.67 16222.9 7954.6 6467.96 6628.58 10360 6778.52 6500.7 6216.24 9911.48 6485.18 6917.55 6233.12 6459.46 5717.62 6550 5392.91 12730.4 11531.6 7480.43 14623.1 10138.6 5753.07 5665.1 5663.92 5341.16 5317.09 7280.76 5145.64 4962.17
threshold=-6.5795138888888873 0.48157843707581932 50.250000000000007 8.2499910714285729 71.750000000000014 63.250000000000007 17.850000000000005 18.450000000000003 46.250000000000007 65.250000000000014 68.250000000000014 66.250000000000014 2673.5000000000005 1.12980121840467 19.150000000000002 -14.141639649497217 0.58578643578643586 17.500000000000004 82.250000000000014 -1.3494854358721546 10.850000000000003 10.750000000000002 74.250000000000014 0.50824200706457756 10.65 0.49319696408737507 10.550000000000002 0.44744111660366392 1.0000000180025095e-35 -0.64569444444444424 79.750000000000014 3.8500000000000001 10.850000000000003 68.250000000000014 0.51712409101571677 3.5500000000000003 67.250000000000014 71.250000000000014 65.750000000000014 0.50882383473476611 63.750000000000007 64.250000000000014 0.40692330287911199 -2.0604745770957447 1.3500000000000003 54.250000000000007 57.750000000000007 53.250000000000007 47.750000000000007 44.250000000000007 50.250000000000007 9.8500000000000032 8.6500000000000004 10.050000000000002 1.1035263795056041 0.5286169244767972 5.5000000000000009 70.250000000000014 -4.3309027777777773 13.500000000000002 34.670902777777791 62.750000000000007
decision_type=2 2 2 2 2 2 2 2 2 2 2 2 2 2 2 2 2 2 2 2 2 2 2 2 2 2 2 2 2 2 2 2 2 2 2 2 2 2 2 2 2 2 2 2 2 2 2 2 2 2 2 2 2 2 2 2 2 2 2 2 2 2
left_child=20 2 -2 17 5 7 9 8 -5 -7 11 13 27 -4 -9 -15 -17 18 29 -20 21 24 -22 -23 26 -26 -1 28 -13 31 -31 35 34 46 -33 36 38 39 40 -38 42 -42 43 -3 45 -44 47 -34 49 -36 56 52 60 -53 -55 -54 -50 -35 -51 -60 -52 -48
right_child=1 3 10 4 -6 6 -8 14 -10 -11 -12 12 -14 15 -16 16 -18 -19 19 -21 22 23 -24 -25 25 -27 -28 -29 -30 30 -32 32 33 57 48 -37 37 -39 -40 -41 41 -43 44 -45 -46 -47 61 -49 50 58 51 53 55 54 -56 -57 -58 -59 59 -61 -62 -63
leaf_value=0.021314637871193295 -0.035455809283274506 0.24799714351990065 0.0040394353908438565 0.36191882240099471 -0.21638982113245434 0.18396244789968708 0.47910080539665983 -0.24671847673983233 0.045660758174990226 -0.18263817807243465 -0.055628276933868161 0.25661776265011288 0.29772322980184407 -0.16059563602628857 -0.0057183990819971147 -0.033794301494748165 0.22458059876801006 -0.03114961598344447 0.45198290098155741 0.00042455218006832323 -0.0058243363185229904 0.32554925013952901 -0.27804436057934212 -0.0072642468451428023 -0.32723051926787994 0.046144007173922301 0.18589009174212737 -0.035948927791230705 -0.01884951589907349 -0.004052881836011395 -0.30226197260051546 -2.7748740256336039e-05 -0.054202355657178028 0.42593032684033877 -0.0058956221762775226 -0.14631994535895373 -0.4088474301505598 0.049666846756539922 0.20238925632889307 -0.049455904609436552 -0.42724146121509482 -0.00035327379431190166 0.026705869492222995 0.032337378068754287 0.0051306685738465837 -0.31881504122931398 -0.18771362928951116 0.077601430130048998 -0.22489580450151117 0.064877242712398364 0.042287605231485267 0.40928478823407838 -0.13697278605466318 0.21558411937359795 -0.038174330323446956 0.031937876502080347 -0.012982809308518748 0.11824482203404468 0.37350616692409028 0.12648008239728617 0.11658867464286449 -0.036479675758058348
leaf_weight=58322 28094 525 43611 334 253 253 442 332 1787 243 5704 598 314 891 1054 12525 250 12315 202 266 13565 402 246 246 242 222 583 1153 675 66171 212 8162 2932 207 1133 876 334 459 442 202 212 376 233 1270 3988 321 1073 1388 499 453 5109 344 1258 450 442 819 854 442 684 531 4286 1097
leaf_count=58322 28094 525 43611 334 253 253 442 332 1787 243 5704 598 314 891 1054 12525 250 12315 202 266 13565 402 246 246 242 222 583 1153 675 66171 212 8162 2932 207 1133 876 334 459 442 202 212 376 233 1270 3988 321 1073 1388 499 453 5109 344 1258 450 442 819 854 442 684 531 4286 1097
internal_value=0.000555828 -0.00502723 -0.015501 0.00281697 0.0583391 0.0740213 0.228333 0.032695 0.0956099 0.0043516 -0.00697044 -0.00234516 0.0705106 -0.00583158 -0.0635834 -0.03733 -0.0287209 0.000653032 0.00427123 0.195876 0.0171231 0.0235241 -0.0106929 0.199387 0.0216013 -0.148875 0.0229466 0.0409916 0.110653 0.00343747 -0.00500978 0.0169817 0.0267824 -0.0212703 0.0404915 -0.0171395 -0.00359077 -0.124655 0.0127751 -0.273749 0.0006452 -0.154729 0.0150843 0.0955163 -0.0167165 -0.17371 -0.0451157 -0.0118461 0.0601035 0.12345 0.0474767 0.0622524 0.049651 0.179079 0.0899409 -0.0703848 -0.0912468 0.216886 0.21126 0.265739 0.0761926 -0.111312
internal_weight=292908 219080 93815 125265 4698 4445 938 3507 2121 496 65721 60017 2740 57277 1386 13666 12775 120567 108252 468 73828 60017 13811 648 59369 464 58905 2426 1273 107784 66383 41401 32163 7139 25024 9238 8362 995 7367 536 6925 588 6337 1795 4542 554 6490 4320 16862 2801 14061 12708 11472 1236 892 2077 1353 649 1668 1215 9395 2170
internal_count=292908 219080 93815 125265 4698 4445 938 3507 2121 496 65721 60017 2740 57277 1386 13666 12775 120567 108252 468 73828 60017 13811 648 59369 464 58905 2426 1273 107784 66383 41401 32163 7139 25024 9238 8362 995 7367 536 6925 588 6337 1795 4542 554 6490 4320 16862 2801 14061 12708 11472 1236 892 2077 1353 649 1668 1215 9395 2170
is_linear=0
shrinkage=0.05


Tree=78
num_leaves=63
num_cat=0
split_feature=11 13 13 16 19 17 16 19 5 19 28 18 5 17 19 18 19 24 28 0 14 14 8 31 13 18 25 12 5 5 13 14 6 13 14 28 28 13 13 14 13 6 25 26 19 31 31 13 31 13 5 13 5 13 31 14 25 13 14 13 28 13
split_gain=9860.86 7480.8 5557.96 5504.07 12096.4 9056 4649.73 3970.13 3922.23 3388.12 2801.69 2630.23 2609.21 2599.51 2583.92 2582.27 2228.81 2189.98 2168.42 2055.53 2051.54 2308.55 3195.3 2391.45 3059.6 1939.89 1830.04 1960.66 1818.57 1738.96 3334.24 1719.45 2152.21 1726.47 5065.36 2759.82 2230.73 2852.56 3699.29 1943.76 1852.56 1758.95 1760.55 1691.97 1983.22 1669.92 1854.99 1654.72 2389.72 1801.67 1633.6 1795.96 2874.48 1620.42 1598.99 1587.75 2985.99 1939.7 2760.2 2753.16 2605.52 1702.6
threshold=-8.5554166666666642 -54.749999999999993 -52.249999999999993 1.0000000180025095e-35 64.500000000000014 2.5000000000000004 1.0000000180025095e-35 24.500000000000004 1.5000000000000002 64.500000000000014 0.35097051138484514 10.500000000000002 -15.499999999999998 2.5000000000000004 19.500000000000004 3.5000000000000004 55.500000000000007 11.500000000000002 0.47075923392612867 171.50000000000003 50.250000000000007 49.750000000000007 6.5000000000000009 8.460242778960172 -2.7499999999999996 16.500000000000004 2.528485606713327 38.235555555555557 -28.499999999999996 2.5000000000000004 -25.749999999999996 52.250000000000007 22.088238395230157 -38.249999999999993 57.250000000000007 0.48492424242424248 0.51013559786330653 -18.249999999999996 -19.249999999999996 67.250000000000014 -19.749999999999996 -1.4717714073487909 2.800058702670972 1.2999961405906844 14.500000000000002 5.9147068525579458 6.5116517246433467 -24.749999999999996 5.4600408163265319 -26.749999999999996 26.500000000000004 4.7500000000000009 1.5000000000000002 -46.249999999999993 7.9312803268384675 49.750000000000007 3.1503822496458862 -21.749999999999996 44.250000000000007 -28.249999999999996 0.48136574074074079 -20.249999999999996
decision_type=2 2 2 2 2 2 2 2 2 2 2 2 2 2 2 2 2 2 2 2 2 2 2 2 2 2 2 2 2 2 2 2 2 2 2 2 2 2 2 2 2 2 2 2 2 2 2 2 2 2 2 2 2 2 2 2 2 2 2 2 2 2
left_child=1 -1 -3 9 5 8 16 -8 14 12 -9 17 -2 31 26 -7 29 -6 -18 -10 21 23 -23 -14 -25 53 27 -5 -16 30 -4 55 33 34 -33 -36 40 38 41 -39 47 -38 -43 44 -21 -31 -47 48 49 -35 51 52 -11 -20 -19 57 61 58 -12 -60 -61 -57
right_child=3 2 6 4 11 15 7 10 19 50 13 -13 20 -15 28 -17 18 54 25 43 -22 22 -24 24 -26 -27 -28 -29 -30 45 -32 32 -34 36 35 -37 37 39 -40 -41 -42 42 -44 -45 -46 46 -48 -49 -50 -51 -52 -53 -54 -55 -56 56 -58 -59 59 60 -62 -63
leaf_value=0.28326968718320134 -0.04868391976852892 -0.20354029670581486 0.11536011619051603 0.077422970354572754 0.028725833181279348 0.015768440680688247 0.069219645226035506 -0.12827038255681059 -0.040887411443173816 0.024685295294854196 0.23984979684610808 -0.045429535105735108 -0.029002250237749463 -0.0046660321147279559 -0.036032439403469514 -0.021288765495331194 -0.01336302239988249 -0.01672999648335376 0.12711645064546781 0.059174188199416181 -0.010420977731805444 -0.21273844022509741 -0.042849448904560536 0.22005744141426287 -0.027503986558286661 0.1188073469021594 0.045744036545357483 0.17958861604807513 0.036204717697619515 -0.018061577757485407 -0.0082454725936440283 0.24141050379000117 -0.030992813197425553 0.019852877990283596 0.15117763055772601 -0.02193060957138428 0.18200980523772392 -0.0058469589491155285 0.29334101852689065 0.11826059713754078 0.05930707623602266 0.039244316319339445 0.11706119117648826 -0.046623073998928614 0.013207904727326227 -0.18700258825953495 -0.036207119237343217 -0.056560371951994676 -0.10669266347882077 0.15316847295953748 -0.035864409521955437 -0.014244039422333247 -0.0065382814932620536 0.018928166271551472 0.039777369156308223 -0.091780004610413524 0.15239626691475805 -0.00018581574423466335 -0.075299865952692932 -0.014385691290172234 0.19062185347645588 0.01326999657125557
leaf_weight=265 6589 282 681 1895 3136 6781 5863 300 1678 13879 222 6604 14803 5558 908 15321 4723 36074 356 2782 48061 397 911 222 283 543 3177 625 21109 6903 2727 442 896 1526 353 658 358 1747 208 384 1716 2171 1093 993 14970 320 561 1048 316 303 3174 12911 15718 11385 1296 983 203 1905 319 267 368 634
leaf_count=265 6589 282 681 1895 3136 6781 5863 300 1678 13879 222 6604 14803 5558 908 15321 4723 36074 356 2782 48061 397 911 222 283 543 3177 625 21109 6903 2727 442 896 1526 353 658 358 1747 208 384 1716 2171 1093 993 14970 320 561 1048 316 303 3174 12911 15718 11385 1296 983 203 1905 319 267 368 634
internal_value=0.000366433 0.0187131 0.0175062 -0.0042213 0.00342911 0.016576 0.0185837 0.0323406 0.0287412 -0.0118979 0.0233206 -0.0161723 -0.0187116 0.0252466 0.0409929 -0.00991924 0.00402516 -0.0114013 0.0154281 0.0121144 -0.0156574 -0.030802 -0.0945367 -0.0253503 0.0815448 0.026498 0.0710058 0.102823 0.0332241 -0.0133022 0.0164805 0.0344215 0.0437994 0.0492395 0.100419 0.0386014 0.0423897 0.0629425 0.0887375 0.0165618 0.0174247 0.0769101 0.0653304 0.0168609 0.0204144 -0.0263421 -0.0911295 -0.00509544 0.0200638 0.0420101 -0.00126813 0.0013159 0.00810381 0.0222191 -0.0147693 0.00912367 -0.0278947 0.030993 0.0814568 0.0443855 0.104535 -0.0506088
internal_weight=292884 58587 58322 234297 117349 70239 58040 29841 48137 116948 23978 47110 71266 23678 27714 22102 28199 40506 17007 20423 64677 16616 1308 15308 505 12284 5697 2520 22017 11192 3408 18120 13219 12323 1453 1011 10870 5961 3830 2131 4909 3622 3264 18745 17752 7784 881 3193 2145 1829 45682 42508 29597 11741 37370 4901 1820 3081 1176 954 635 1617
internal_count=292884 58587 58322 234297 117349 70239 58040 29841 48137 116948 23978 47110 71266 23678 27714 22102 28199 40506 17007 20423 64677 16616 1308 15308 505 12284 5697 2520 22017 11192 3408 18120 13219 12323 1453 1011 10870 5961 3830 2131 4909 3622 3264 18745 17752 7784 881 3193 2145 1829 45682 42508 29597 11741 37370 4901 1820 3081 1176 954 635 1617
is_linear=0
shrinkage=0.05


Tree=79
num_leaves=63
num_cat=0
split_feature=11 13 7 14 14 31 13 6 14 14 13 14 13 29 13 29 28 29 29 29 13 13 13 28 31 29 31 29 14 29 29 26 13 13 29 13 23 29 29 21 14 29 14 29 6 14 14 13 13 14 29 13 14 27 14 14 13 13 29 27 7 13
split_gain=10046.3 7716.92 6632.64 8882.96 12890.5 6587.72 6278.22 6109.48 6202.46 8520.55 9320.17 5945.51 6760.37 5876.68 4865.82 7332.58 5549.34 6859.4 6718.95 5407.7 5148.61 5004.41 12510.3 9487.48 8472.2 9822.35 6583.5 6211.87 5344.26 5907.36 23722 5952.39 5613.19 9513.28 5018.14 10269.5 7828.23 7338.83 5384.03 17134.1 10124.6 9250.76 5448.2 4965.09 6766.98 4942.17 10925.5 9588.02 5717.12 10000.2 5136.06 4878.56 4736 4688.51 4682.43 6859.33 10914.1 7809.23 7242.15 6547.01 6405.74 5809.59
threshold=-4.5064583333333328 -54.749999999999993 0.24227274968254817 82.750000000000014 80.250000000000014 5.2315778438267886 9.7500000000000018 10.589256846537841 46.250000000000007 46.750000000000007 -15.749999999999998 45.750000000000007 -14.249999999999998 12.65 -24.249999999999996 17.850000000000005 0.40603782182729559 5.0500000000000007 13.15 11.550000000000002 -27.749999999999996 -19.749999999999996 -18.249999999999996 0.51928389290267762 2.1519397958613653 6.0500000000000007 1.2663196681192372 12.950000000000001 69.250000000000014 11.250000000000002 10.15 1.1735405024130443 -11.249999999999998 -9.7499999999999982 10.850000000000003 -9.2499999999999982 2.5000000000000004 11.550000000000002 9.9500000000000011 -1.0000000180025095e-35 53.250000000000007 10.65 49.750000000000007 9.4500000000000011 2.824323908556051 63.250000000000007 57.250000000000007 -13.249999999999998 -14.249999999999998 55.250000000000007 14.950000000000001 -14.749999999999998 43.250000000000007 0.45105410585286748 50.250000000000007 49.750000000000007 3.7500000000000004 -5.2499999999999991 3.9500000000000006 0.4813824519706873 -0.2409198839152229 3.2500000000000004
decision_type=2 2 2 2 2 2 2 2 2 2 2 2 2 2 2 2 2 2 2 2 2 2 2 2 2 2 2 2 2 2 2 2 2 2 2 2 10 2 2 10 2 2 2 2 2 2 2 2 2 2 2 2 2 2 2 2 2 2 2 2 2 2
left_child=1 -1 3 4 6 -5 54 8 11 10 -10 -3 -13 -4 15 16 17 -11 19 20 -18 23 24 27 26 -26 -23 -16 34 30 32 -31 -30 -34 38 37 -37 51 43 -40 42 -42 -41 -24 -45 46 48 -47 -39 -50 -48 -36 -9 -38 55 59 57 -57 -58 61 -60 -2
right_child=2 7 13 5 -6 -7 -8 52 9 14 -12 12 -14 -15 21 -17 18 -19 -20 -21 -22 22 28 -25 25 -27 -28 -29 29 31 -32 -33 33 -35 35 36 53 45 39 40 41 -43 -44 44 -46 47 50 -49 49 -51 -52 -53 -54 -55 -56 56 58 -59 60 -61 -62 -63
leaf_value=0.26645727868688607 -0.0043524362692429269 -0.0079038088255180723 -0.026741458891812127 0.43537568014742123 -0.39172069510506796 0.03287215661268808 -0.018360791489923433 0.1330976025876984 0.49115428002458988 0.12564615211610139 0.06803484963273386 -0.27634231385059244 0.028219626750180266 0.02036069433036659 -0.082307200677935122 -0.2416293893614784 0.042699490842707792 -0.14425512776623103 0.21699118420242117 -0.060828931259251942 0.11587200905641958 0.13315697084967063 0.020648304906462776 0.039775193884077249 0.45192390917143865 0.13687632328097094 -0.25106947665308282 0.12841660628585438 0.18763071830984385 0.092697147549653691 -0.46615422576427312 0.44019427597874183 -0.20024125382882063 0.12781097045993933 -0.42502218780539391 -0.10926927143360297 0.31576357806234945 0.084271189664211391 -0.25584982409660889 0.19195516985642389 0.1893598306089429 0.56809946680183987 -0.12887497732548842 -0.14565990112434646 0.096893863206632236 0.29004771593447315 -0.13398844970382809 -0.12434698464988753 -0.14809933867338357 0.16640281205985785 -0.39123550486731895 -0.12777898028997756 -0.010070059490467145 0.087178313566364074 0.012613819076713391 -0.0030486968774048073 -0.19991807760369706 -0.24922277587784039 -0.085503880084986439 0.018376998618163082 0.23032665928138712 -0.076704012319794138
leaf_weight=299 7397 6128 50838 201 210 205 36613 589 201 347 367 460 301 7613 4405 214 9079 727 656 964 3270 233 21596 3859 304 1320 212 379 963 296 202 211 331 660 204 417 292 1070 270 231 635 216 307 1004 402 298 944 261 1020 335 244 427 27593 963 72280 464 231 1053 244 14823 466 4439
leaf_count=299 7397 6128 50838 201 210 205 36613 589 201 347 367 460 301 7613 4405 214 9079 727 656 964 3270 233 21596 3859 304 1320 212 379 963 296 202 211 331 660 204 417 292 1070 270 231 635 216 307 1004 402 298 944 261 1020 335 244 427 27593 963 72280 464 231 1053 244 14823 466 4439
internal_value=-2.61085e-05 0.0132645 -0.00648043 -0.000524198 -0.001211 0.232721 -0.000613954 0.0124682 0.0206604 0.0257923 0.218366 -0.0242836 -0.155999 -0.0206064 0.0239586 0.0483254 0.052466 -0.0570166 0.060887 0.0531793 0.0620833 0.0156055 0.0238352 -0.0185464 0.143155 0.196093 -0.0500428 -0.0655898 0.016527 0.0844977 0.0483309 0.237898 0.101728 0.0181481 0.0107111 -0.0284597 0.0782332 -0.0656097 0.0209965 0.107961 0.178813 0.286045 0.00897979 0.0147199 -0.07629 -0.0415457 -0.0629539 0.0966881 -0.00207899 -0.0702788 -0.187108 -0.224397 -0.00707326 0.140572 0.00579429 -0.0111343 -0.0910392 -0.173978 0.0427103 -0.00376386 0.12182 -0.0314915
internal_weight=292783 95706 197077 138626 138220 406 138010 95407 67225 60336 568 6889 761 58451 59768 15257 15043 1074 13969 13313 12349 44511 35868 8643 2069 1624 445 4784 33799 2663 2156 507 1954 991 31136 6475 1672 4803 24661 1659 1389 851 538 23002 1406 4172 3613 559 2425 1355 1188 631 28182 1255 101397 29117 2458 1517 941 26659 710 11836
internal_count=292783 95706 197077 138626 138220 406 138010 95407 67225 60336 568 6889 761 58451 59768 15257 15043 1074 13969 13313 12349 44511 35868 8643 2069 1624 445 4784 33799 2663 2156 507 1954 991 31136 6475 1672 4803 24661 1659 1389 851 538 23002 1406 4172 3613 559 2425 1355 1188 631 28182 1255 101397 29117 2458 1517 941 26659 710 11836
is_linear=0
shrinkage=0.05


Tree=80
num_leaves=63
num_cat=0
split_feature=7 13 29 28 29 5 13 9 13 26 31 13 26 16 20 17 29 29 29 13 29 26 29 31 17 13 13 18 20 28 29 20 28 26 13 27 28 28 23 13 8 12 6 13 29 7 13 9 27 29 13 13 29 31 29 26 31 31 28 13 29 13
split_gain=8559.28 10190.2 6912.84 7116.63 6380.97 6105.67 5902.6 6195.04 5907.13 7018.25 5848.6 5808.1 5542.42 5499.25 10314.8 6409.35 4006.81 8322.04 9946.43 5302.28 4191.58 6977.65 6436.46 5580.38 3945.77 3867.07 3880.63 3609 3596.71 3548.29 3951.88 3484.56 3408.57 3394.56 3466.11 3123.6 2877.31 3778.16 2838.54 4004.98 2766.47 4789.56 2718.07 2806.34 2698.73 2657.65 2563.03 2531.66 2502.92 2546.45 3944.17 2403.75 8674.97 3235.07 7743.5 6645.87 5315.41 6398.54 2677.21 2455.43 2931.1 4720.09
threshold=0.50440857099298619 -24.249999999999996 17.850000000000005 0.40603782182729559 5.0500000000000007 -20.499999999999996 -27.749999999999996 20.500000000000004 -29.749999999999996 1.0254251437702437 2.1307581916728267 -11.749999999999998 1.1855434885801357 1.0000000180025095e-35 0.66500000000000015 3.5000000000000004 2.0500000000000003 3.1500000000000008 3.6500000000000008 -27.249999999999996 6.9500000000000011 0.98149381295344662 8.4500000000000011 4.3852310927991462 2.5000000000000004 -8.2499999999999982 -6.2499999999999991 4.5000000000000009 0.35500000000000004 0.48894993894993899 5.9500000000000011 0.35500000000000004 0.51810350209126665 1.3237664844981318 -54.249999999999993 0.51227040048178274 0.51928389290267762 0.5208957085828344 2.5000000000000004 -4.7499999999999991 22.500000000000004 29.250138888888895 29.202135499007699 -36.249999999999993 10.250000000000002 0.11372611245670081 -28.249999999999996 2.5000000000000004 0.38719000559388406 9.6500000000000004 -49.749999999999993 -46.249999999999993 5.1500000000000012 3.9266754385964919 6.5500000000000007 1.0140027782881642 4.6280355029585811 5.9588650345260525 0.51714341692789978 -30.749999999999996 3.9500000000000006 -41.249999999999993
decision_type=2 2 2 2 2 2 2 2 2 2 2 2 2 2 2 2 2 2 2 2 2 2 2 2 2 2 2 2 2 2 2 2 2 2 2 2 2 2 10 2 2 2 2 2 2 2 2 2 2 2 2 2 2 2 2 2 2 2 2 2 2 2
left_child=1 2 3 4 -1 11 7 8 40 46 35 -3 16 28 15 31 -8 -18 -19 -20 21 -21 -22 -24 27 -13 -27 -16 -7 -12 -31 -15 -25 34 -2 -11 -14 -38 -28 -40 41 -5 43 48 -32 -23 -10 -6 -36 50 -50 52 -43 54 59 -55 -57 -58 -56 60 61 -53
right_child=33 5 -4 6 47 13 12 -9 9 10 29 25 36 14 24 -17 17 18 19 20 22 45 23 32 -26 26 38 -29 -30 30 44 -33 -34 -35 42 -37 37 -39 39 -41 -42 51 -44 -45 -46 -47 -48 -49 49 -51 -52 53 -54 55 58 56 57 -59 -60 -61 -62 -63
leaf_value=0.096131391578004377 0.17416472572269831 0.15903507067248263 -0.24941138593055823 0.17382077540422847 -0.038898873677129277 0.0073218199713625219 -0.14425533049027711 0.23956783996164688 -0.22062313576789638 -0.26732449483552684 0.26870638249824064 -0.22879922608566705 0.11367640939200346 -0.0026776203145696393 0.10107889409332371 -0.040840574463417101 0.37864793200012414 -0.25379439499715101 0.26026561763451234 -0.026705640872245775 -0.16580545019237447 0.1569682832843825 0.30660663521758202 -0.10094554431506256 0.011232909425332402 0.13524978421493503 -0.0031937179215337421 0.042764267136198401 -0.012546602308275112 0.20720266318780944 -0.17673618663904486 0.020316135595572674 0.10492444400992083 -0.08706980378906555 -0.093544260111156866 0.0080657999171822713 0.38215360202465876 0.12261633929956284 -0.25681247844820332 -0.045141076036668754 -0.085493707283965617 -0.091930214588637246 -0.10821159786837374 -0.016661463775540591 0.073107907297630198 0.40962000570234358 -0.050501941243019058 -0.23021275516935238 -0.19089223152259366 0.10142451127720198 0.025167791282491588 0.1798184486069227 0.24242707870914582 0.077821923979640328 0.26304065609635424 -0.21779023678430046 0.078785000562825655 -0.17264480950787847 0.088291860984463719 -0.095881055920219324 0.080097685966498536 -0.058744742597831828
leaf_weight=356 243 400 201 738 272 37905 203 358 538 200 233 249 510 35559 3339 7482 222 229 385 302 384 203 205 355 7668 344 4830 12923 57075 234 208 30702 461 1625 437 211 345 238 228 9348 381 304 766 59452 223 217 377 476 223 1022 3704 252 533 1182 516 479 660 409 383 376 1856 1148
leaf_count=356 243 400 201 738 272 37905 203 358 538 200 233 249 510 35559 3339 7482 222 229 385 302 384 203 205 355 7668 344 4830 12923 57075 234 208 30702 461 1625 437 211 345 238 228 9348 381 304 766 59452 223 217 377 476 223 1022 3704 252 533 1182 516 479 660 409 383 376 1856 1148
internal_value=-7.77938e-05 0.00459859 0.041397 0.0448173 -0.0779294 0.00152738 0.0532606 0.0350424 0.0286223 -0.0445032 0.0297603 -0.0287681 0.103711 0.00394908 0.0122794 0.00302316 0.0701583 0.0848919 0.0609705 0.0897548 0.0587835 0.156607 0.00843837 0.0740699 0.0408021 -0.0337868 -0.0304794 0.0547432 -0.00461744 0.101233 0.0422386 0.00797667 0.015347 -0.0157008 -0.0139382 -0.126268 0.200749 0.276593 -0.034446 -0.0502072 0.0462699 0.0519604 -0.0146376 -0.0135305 -0.0475965 0.288168 -0.150661 -0.160789 0.0210269 0.0311604 0.0128531 0.0408347 0.121023 0.0315758 0.0574772 -0.0114183 -0.0795654 -0.0174836 0.188773 0.0249355 0.0389124 -0.0157057
internal_weight=292887 225415 17363 17162 1104 208052 16058 11799 11441 2224 1309 15399 4259 192653 97673 73743 3166 2963 2741 2512 2127 722 1405 1021 23930 14999 14750 16262 94980 898 665 66261 816 67472 65847 411 1093 583 14406 9576 9217 8836 65604 64838 431 420 915 748 5386 4949 3927 8098 837 7261 4531 2730 1548 1069 899 3632 3256 1400
internal_count=292887 225415 17363 17162 1104 208052 16058 11799 11441 2224 1309 15399 4259 192653 97673 73743 3166 2963 2741 2512 2127 722 1405 1021 23930 14999 14750 16262 94980 898 665 66261 816 67472 65847 411 1093 583 14406 9576 9217 8836 65604 64838 431 420 915 748 5386 4949 3927 8098 837 7261 4531 2730 1548 1069 899 3632 3256 1400
is_linear=0
shrinkage=0.05


Tree=81
num_leaves=63
num_cat=0
split_feature=24 19 9 14 14 5 13 9 29 29 28 13 13 10 28 14 29 13 14 14 31 6 13 8 29 27 29 29 13 29 31 29 5 13 28 25 13 29 31 28 13 22 29 25 12 13 27 6 9 24 28 29 31 8 28 29 8 14 14 13 13 14
split_gain=8597.03 4539.32 4344.92 4269.03 3853.57 3568.7 3893.12 3658.36 4123.22 5713.76 5233.18 5267.59 4166.13 3861.24 4122.01 3980.81 4924.25 3838.17 3738.56 4703.93 5487.15 3688.87 3663.01 3582.1 5213.15 4913.12 6151.93 4180.43 4521.08 3766.36 3725.57 3902.03 3556.03 4888.09 4622.9 5043.16 7710.47 3771.71 3404.91 3498.66 3297.28 3288.24 3238.2 4759.63 3217.57 3206.64 3184.31 3085.58 3164.78 3891.46 3530.77 3547.76 12484.5 3326.53 4578.92 3350.5 3254.2 3059.66 2907.31 4523.28 7183.7 3597.38
threshold=46.500000000000007 11.500000000000002 21.500000000000004 82.250000000000014 39.250000000000007 26.500000000000004 -31.249999999999996 2.5000000000000004 2.0500000000000003 2.1500000000000008 0.51140700902151293 -20.749999999999996 -1.7499999999999998 5.5000000000000009 0.52011560693641623 51.250000000000007 4.8500000000000005 -7.2499999999999991 47.250000000000007 57.750000000000007 0.81869123988779491 5.9401879677537694 -30.249999999999996 2.5000000000000004 10.450000000000001 0.43765547263681598 7.1500000000000012 16.850000000000005 13.250000000000002 12.050000000000002 5.3299148846629327 11.250000000000002 35.500000000000007 -16.249999999999996 0.51863425925925932 3.0928756619932916 -28.249999999999996 5.7500000000000009 3.9266754385964919 0.47508865248226956 -28.749999999999996 2.5000000000000004 21.550000000000004 2.6832911487268345 29.639513888888892 7.7500000000000009 0.6254032258064518 -23.243764960716955 8.5000000000000018 101.50000000000001 0.60570151679306616 18.950000000000003 8.7030259740259748 13.500000000000002 0.42121813968884481 2.2500000000000004 14.500000000000002 69.750000000000014 51.750000000000007 -20.749999999999996 -17.249999999999996 66.250000000000014
decision_type=2 2 2 2 2 2 2 2 2 2 2 2 2 2 2 2 2 2 2 2 2 2 2 2 2 2 2 2 2 2 2 2 2 2 2 2 2 2 2 2 2 10 2 2 2 2 2 2 2 2 2 2 2 2 2 2 2 2 2 2 2 2
left_child=2 -2 3 4 -1 6 -6 8 10 -10 12 -12 17 15 23 16 -9 21 -16 20 -20 -8 -11 24 25 26 -15 28 45 -30 40 -32 33 34 -3 58 -37 -38 57 -40 -25 -22 46 -44 -24 -26 47 -35 50 53 51 52 -49 -50 55 -55 -56 -27 59 -36 -61 -60
right_child=1 32 -4 -5 5 -7 7 13 9 22 11 -13 -14 14 18 -17 -18 -19 19 -21 41 -23 44 30 27 38 -28 -29 29 -31 31 -33 -34 42 35 36 37 -39 39 -41 -42 -43 43 -45 -46 -47 -48 48 49 -51 -52 -53 -54 54 56 -57 -58 -59 61 60 -62 -63
leaf_value=-0.07935718140099618 0.018948657114371784 -0.0036960722467582713 -0.116349919321954 0.24004842481707991 0.055022828042693588 -0.10982530087821563 0.0399351093317672 0.18127825809675352 0.2500755431623129 -0.13910414102992094 -0.20237989384832977 0.024593127850563331 -0.0075729411129061694 -0.036042511721284649 0.17234029936890219 0.12426919927524785 -0.061164012104066537 -0.28954779679491505 0.23672966452088301 0.083272220636022076 0.09497812480254661 -0.21893526771836147 0.20504088086139377 -0.15388735743363699 0.079585213699069526 -0.0059287229029429218 -0.30191878363358504 -0.15820117332411182 0.075273023011840981 -0.22220030832126667 -0.17712999351622916 -0.0039966855275807966 -0.041693227176367288 -0.104760487482168 -0.084980290786636728 -0.038513643158938821 0.36424482679170817 0.12954792837051562 -0.17881594134353457 -0.026079544000072369 0.039121193527721171 -0.063898869745422596 0.013158954678084514 0.30127368294680035 0.0069364180972618095 0.2644518409517001 0.10580201841982254 -0.024633325132255253 -0.0091543530855070759 -0.015590955288287531 -0.18216375401718465 -0.20605283847380562 0.30663688873437334 -0.073336604687778709 0.042058470369235067 0.0846490589267508 -0.0046192388300599621 0.1887941354683618 0.049667274534620789 0.13976845278902209 -0.14345506537005007 -0.032739274457057904
leaf_weight=1108 17031 23262 645 207 5747 573 272 284 241 427 287 2273 552 533 625 1841 789 437 204 3144 400 277 205 224 1315 4165 367 213 216 208 365 2937 7522 886 1366 400 316 376 586 1039 13511 1734 494 201 40847 285 577 31574 24834 59753 352 262 286 373 5048 3285 14335 211 8138 729 322 1581
leaf_count=1108 17031 23262 645 207 5747 573 272 284 241 427 287 2273 552 533 625 1841 789 437 204 3144 400 277 205 224 1315 4165 367 213 216 208 365 2937 7522 886 1366 400 316 376 586 1039 13511 1734 494 201 40847 285 577 31574 24834 59753 352 262 286 373 5048 3285 14335 211 8138 729 322 1581
internal_value=-7.91862e-05 -0.00575919 0.0128529 0.0137942 0.013262 0.0144379 0.0152598 0.0124385 0.00312593 0.00782721 -0.0447261 -0.000921764 -0.11759 0.0245611 0.0195839 0.0796736 0.00311428 -0.179112 0.0565697 0.0433417 -0.0103671 -0.0908395 0.00641371 0.0109528 -0.0143023 -0.0358034 -0.144676 0.0520137 0.0742033 -0.0708367 0.0244987 -0.0231825 -0.00801833 -0.00660103 0.00972445 0.0333235 0.136195 0.237093 -0.0194539 -0.0812347 0.0359625 -0.0340882 -0.0107886 0.0967974 0.00793066 0.112659 -0.0113175 -0.0117975 -0.0112089 -0.00708089 -0.0248896 -0.0231605 -0.0216501 0.00354065 0.0172234 0.0685239 0.00753879 0.00350132 0.0240566 -0.0250095 0.052942 0.0362601
internal_weight=292597 203303 89294 88649 88442 87334 86761 81014 45818 41720 4098 2560 1538 35196 32282 2914 1073 986 6107 5482 2338 549 41479 26175 9138 6901 900 2237 2024 424 17037 3302 186272 178750 36490 13228 1092 692 6001 1625 13735 2134 142260 695 41052 1600 141565 140988 140102 107628 32474 32122 31860 47875 23041 3658 19383 4376 12136 2417 1051 9719
internal_count=292597 203303 89294 88649 88442 87334 86761 81014 45818 41720 4098 2560 1538 35196 32282 2914 1073 986 6107 5482 2338 549 41479 26175 9138 6901 900 2237 2024 424 17037 3302 186272 178750 36490 13228 1092 692 6001 1625 13735 2134 142260 695 41052 1600 141565 140988 140102 107628 32474 32122 31860 47875 23041 3658 19383 4376 12136 2417 1051 9719
is_linear=0
shrinkage=0.05


Tree=82
num_leaves=63
num_cat=0
split_feature=16 19 17 17 19 19 18 7 13 7 7 24 14 13 17 17 13 18 29 29 14 5 27 18 12 29 14 12 7 17 13 29 13 29 14 13 31 7 28 29 13 12 29 29 31 29 13 14 13 14 31 31 29 29 8 14 27 27 29 29 14 11
split_gain=7204.06 13118.8 7232.06 6526.73 4760.63 4064.17 3697.69 3414.65 3303.3 2631.3 2607.76 2542.78 2368.17 2002.24 1990.88 1956.94 1949.13 1902.99 1741.38 4018.39 3434.85 1813.92 1595.79 1573.17 1539.56 1494.64 2964.2 1487.31 1462.52 1453.02 1420.04 1944.66 1321.19 1725.09 1301.26 1287.98 1496.65 1269.81 1268.6 1498.06 1267.02 1352.25 1264.14 1257.98 1522.93 1512.18 1498.84 1864.74 2858.37 1611.27 1455.36 2106.07 1242.92 1435.81 1838.74 1220.47 1203.14 2352.89 1953.8 2989.86 3768.77 2104.37
threshold=1.0000000180025095e-35 49.500000000000007 2.5000000000000004 2.5000000000000004 64.500000000000014 7.5000000000000009 3.5000000000000004 0.3333994971549557 13.750000000000002 -0.74272477586260954 0.37648401060367109 21.500000000000004 51.750000000000007 -36.249999999999993 3.5000000000000004 2.5000000000000004 -23.249999999999996 9.5000000000000018 15.65 15.050000000000002 63.250000000000007 -20.499999999999996 0.59498901558740458 1.0000000180025095e-35 56.509027777777781 17.650000000000002 57.250000000000007 55.051388888888901 0.38604419649897498 3.5000000000000004 -20.249999999999996 8.9500000000000011 -16.249999999999996 12.550000000000002 51.750000000000007 11.750000000000002 3.5910197704081637 0.51912171279215713 0.51928389290267762 1.0500000000000003 -6.7499999999999991 17.324166666666667 4.4500000000000011 11.450000000000001 6.5116517246433467 15.450000000000001 28.250000000000004 60.250000000000007 15.750000000000002 62.250000000000007 3.5513247863247863 1.9161508221583656 15.550000000000002 8.9500000000000011 2.5000000000000004 57.250000000000007 0.48157843707581932 0.52010101010101029 2.6500000000000008 5.3500000000000005 46.750000000000007 -4.04548611111111
decision_type=2 2 2 2 2 2 2 2 2 2 2 2 2 2 2 2 2 2 2 2 2 2 2 2 2 2 2 2 2 2 2 2 2 2 2 2 2 2 2 2 2 2 2 2 2 2 2 2 2 2 2 2 2 2 2 2 2 2 2 2 2 2
left_child=4 2 5 7 9 28 37 8 12 -1 16 -6 56 42 23 -11 -7 29 19 21 25 -14 35 -13 27 26 -20 30 -2 -5 31 -18 -9 -34 -17 -23 -37 -4 -36 -40 -35 -42 -12 46 -45 -46 47 55 -49 -50 51 -51 53 -41 -55 -10 -3 58 -58 60 -60 -61
right_child=1 3 6 17 11 10 -8 32 43 15 13 14 18 -15 -16 34 24 -19 20 -21 -22 22 -24 -25 -26 -27 -28 -29 -30 -31 -32 -33 33 40 38 36 -38 -39 39 52 41 -43 -44 44 45 -47 -48 48 49 50 -52 -53 -54 54 -56 -57 57 -59 59 61 -62 -63
leaf_value=-0.040505410192113081 0.095155265131095651 -0.019332167424051177 0.043999842034719169 -0.0066044856955490786 0.026358982278438726 0.078353224980478531 -0.015785600848504857 -0.00023289533582704618 -0.030823761885216263 -0.01781757877577593 -0.02179012909679023 0.027755750977112276 -0.029448553156498983 0.0019928025367680576 0.026650056038052001 -0.017530171740269634 -0.082491978292725573 -0.049257268073491213 0.20709067693495864 -0.14719861250900082 0.21794827516143728 0.02668857643431052 0.12906828427252837 -0.0079096132609843793 0.081681150896395716 -0.056426388955356482 -0.038995974874424355 -0.071651319039156502 0.035652417111117135 -0.038798594551040025 0.035201339384558709 0.096567744195747832 -0.03685350645673565 -0.036572543984125364 -0.0044292468794764304 -0.12466904986596664 0.033084321528420613 -0.0089838391700972336 0.11329889135686702 0.028490111712322564 0.011118826980385535 0.1448331949415643 0.1052982795093232 -0.14346805046272879 0.061210367611411035 -0.10702652248748862 0.084685673627937247 0.15340563208395264 0.096937782168813449 0.023404709817570393 0.032195665238252257 -0.1820180181728723 0.11580045054323898 -0.11841137344270576 0.0023279425208048341 -0.11382935266952782 -0.051750294527238963 -0.03664345576673772 0.22162970279234503 -0.030126197756639168 0.037678972110238934 0.043053786032198171
leaf_weight=9346 3698 5759 4716 9847 9706 2843 12716 7485 1754 52702 258 3346 1543 9149 5526 7759 559 7189 241 350 336 23526 372 40564 1620 318 247 345 1435 5441 21583 207 8152 502 9604 306 294 1487 436 4296 469 316 805 469 276 257 342 315 240 205 333 317 306 404 1424 592 716 1995 442 1545 751 2694
leaf_count=9346 3698 5759 4716 9847 9706 2843 12716 7485 1754 52702 258 3346 1543 9149 5526 7759 559 7189 241 350 336 23526 372 40564 1620 318 247 345 1435 5441 21583 207 8152 502 9604 306 294 1487 436 4296 469 316 805 469 276 257 342 315 240 205 333 317 306 404 1424 592 716 1995 442 1545 751 2694
internal_value=-6.90838e-05 0.0077223 0.0253687 -0.00489026 -0.00796431 0.0368154 -0.00034705 0.00331056 0.0103051 -0.0154544 0.0310834 0.00296242 0.0149788 0.00954283 -0.00163157 -0.0124106 0.0391828 -0.0280426 0.0234724 0.0208546 0.0838963 0.0231189 0.0264309 -0.0051913 0.0345996 0.0278128 0.0827095 0.0312353 0.0785306 -0.0180642 0.0328267 -0.034041 -0.0159213 -0.0283607 -0.000649277 0.0248431 -0.0474435 0.031299 0.00730388 0.0237142 0.0254208 0.065061 0.0744612 -0.0276624 -0.077854 -0.019958 -0.015374 -0.024505 0.0209293 -0.0172856 -0.0494241 -0.101454 0.017623 0.0126992 -0.0244064 -0.0518093 -0.00184328 0.0105263 0.0258361 0.0360706 0.10596 0.0163809
internal_weight=292776 147357 61421 85936 145419 42502 18919 63459 46535 86277 37369 59142 41435 10212 49436 76931 27157 22477 27533 26391 1142 26041 24498 43910 24314 806 488 22694 5133 15288 22349 766 16924 9439 24229 24126 600 6203 16470 6866 1287 785 1063 5100 1002 533 4098 3756 1410 1095 855 522 6430 6124 1828 2346 13902 8143 6148 5432 1193 4239
internal_count=292776 147357 61421 85936 145419 42502 18919 63459 46535 86277 37369 59142 41435 10212 49436 76931 27157 22477 27533 26391 1142 26041 24498 43910 24314 806 488 22694 5133 15288 22349 766 16924 9439 24229 24126 600 6203 16470 6866 1287 785 1063 5100 1002 533 4098 3756 1410 1095 855 522 6430 6124 1828 2346 13902 8143 6148 5432 1193 4239
is_linear=0
shrinkage=0.05


Tree=83
num_leaves=63
num_cat=0
split_feature=16 19 17 17 19 19 17 18 7 17 17 0 7 13 18 29 29 17 19 17 6 7 27 6 4 25 27 24 31 29 11 27 18 25 20 5 27 11 18 19 25 10 12 13 6 11 23 27 13 19 26 0 17 31 25 19 24 5 13 27 29 13
split_gain=7685.24 13390.5 7492.28 4480.77 4362 3497.39 3126.22 3827.41 2532.71 2400.55 2193.81 2090.44 2028.2 2093.35 2003.14 1685.89 1794.92 1682.74 1695.8 1679.37 1641.3 1589.86 1433.11 1963.94 1415.51 1363.51 1334.64 1334.35 1331.5 2155.87 1321.46 1315.39 1301.8 1271.3 1181.18 1149.54 1145.24 1137.9 1130.65 1073.28 1058.12 1034.19 1014.4 1066.78 1139.57 2988.45 1515.42 998.262 1422.78 993.522 967.912 1325.81 966.065 1073.91 958.898 957.499 1121.16 956.892 1507.97 1426.48 1985.38 1385.29
threshold=1.0000000180025095e-35 40.500000000000007 2.5000000000000004 2.5000000000000004 64.500000000000014 64.500000000000014 1.0000000180025095e-35 4.5000000000000009 -1.7255639707432573 1.5000000000000002 2.5000000000000004 1636.5000000000002 0.76574523475161593 -16.249999999999996 3.5000000000000004 7.6500000000000012 7.1500000000000012 3.5000000000000004 65.500000000000014 3.5000000000000004 -11.89511454047341 1.7111018466627483 0.52957074721780617 5.0139112032253896 802.50000000000011 1.9357651912978249 0.47566895571868345 33.500000000000007 8.7030259740259748 18.950000000000003 5.3409722222222236 0.48011299435028254 3.5000000000000004 2.7259402466749014 0.93500000000000016 -20.499999999999996 0.45105410585286748 -31.498888888888885 1.0000000180025095e-35 77.500000000000014 2.1006783442766852 37.500000000000007 58.776736111111113 -34.749999999999993 -8.4999346400202942 -2.8597222222222221 2.5000000000000004 0.48894993894993899 9.7500000000000018 76.500000000000014 1.4202984138115584 3251.5000000000005 3.5000000000000004 2.0296501068376074 3.4004347045252561 2.5000000000000004 96.500000000000014 5.5000000000000009 9.7500000000000018 0.47017396461401612 10.850000000000003 10.750000000000002
decision_type=2 2 2 2 2 2 2 2 2 2 2 2 2 2 2 2 2 2 2 2 2 2 2 2 2 2 2 2 2 2 2 2 2 2 2 2 2 2 2 2 2 2 2 2 2 2 10 2 2 2 2 2 2 2 2 2 2 2 2 2 2 2
left_child=4 3 5 6 8 21 38 55 -1 11 20 -9 13 15 -5 16 22 18 -6 32 33 31 -7 -24 52 -13 -15 -20 57 -30 -11 36 40 -10 37 -28 -3 -22 -2 -37 -4 -38 43 -33 45 -45 -47 -35 -49 -19 51 -27 -16 -54 -29 -8 -57 58 59 -12 -61 -60
right_child=1 2 19 14 17 12 7 9 10 30 28 25 -14 26 24 -17 -18 49 27 -21 34 -23 23 -25 -26 50 35 54 29 -31 -32 42 -34 47 -36 39 41 -39 -40 -41 -42 -43 -44 44 -46 46 -48 48 -50 -51 -52 -53 53 -55 -56 56 -58 -59 61 60 -62 -63
leaf_value=-0.049827583190471404 -0.16451299410456649 0.021771273070978616 0.089431994545203772 0.032578729519051199 0.018412477600909555 0.025030546135443539 0.11253827594186805 0.025571494248658969 -0.030202798588640417 0.0093687831961391209 -0.011216690650054607 0.15197922786734908 -0.027953103352609018 -0.017899742919429952 0.013865877740703685 -0.0019016971682450879 0.17463543171251425 0.011875581599830199 0.010864454765577755 -0.041481844285224632 0.063070037607757548 -0.017916204958211876 0.21679727932386311 0.031585693528750611 -0.056309796190665423 0.057982487340664718 -0.039215610797510618 -0.0087683185479082611 0.18135209588365342 -0.022978471799029246 0.073265657941322546 0.09219412706358629 -0.023298812439989533 -0.173302150333944 0.0054182338698536966 0.015764727051799328 -0.028148732873339723 -0.020286106858535789 -0.012545168005623098 -0.010444665783929974 0.0011156352836369089 0.02928665562164284 0.079547446281332701 0.2156495241859161 0.020488749062461075 0.12187559998786829 0.006812318992367155 0.02522859875423213 -0.14174912042724783 0.05303411225596432 0.015439621447137848 0.13478549214021388 0.03327699095083933 -0.037113953576072771 -0.077275222065447624 0.086266946822151747 0.032183555328166448 -0.013527326313661825 -0.12094187189459289 0.039314822519119497 -0.027014084667597207 -0.01380867395822483
leaf_weight=5038 233 6445 373 5023 9471 2795 1568 7064 1292 9227 3696 400 6936 10970 5341 2776 266 4170 10180 9875 412 2640 250 334 1235 6970 1429 32379 255 260 886 626 12775 352 5239 12189 2864 47958 257 5747 3640 1078 1029 271 13105 381 1141 239 272 2261 1177 611 699 2399 518 2639 1507 11341 348 5993 1389 2231
leaf_count=5038 233 6445 373 5023 9471 2795 1568 7064 1292 9227 3696 400 6936 10970 5341 2776 266 4170 10180 9875 412 2640 250 334 1235 6970 1429 32379 255 260 886 626 12775 352 5239 12189 2864 47958 257 5747 3640 1078 1029 271 13105 381 1141 239 272 2261 1177 611 699 2399 518 2639 1507 11341 348 5993 1389 2231
internal_value=-0.000110825 0.00794246 -0.00242655 0.0298793 -0.00826814 0.00583205 0.0402286 0.0421457 -0.0154294 0.0340948 -0.0132966 0.0460136 -0.00315615 0.00152377 0.00696479 0.0274571 0.0498109 0.00221238 -0.000742355 -0.0251212 -0.0188529 0.019108 0.0399357 0.111107 -0.00633664 0.0617771 -0.00396626 -0.00495411 -0.00115201 0.0783503 0.0149735 0.0227367 -0.0154956 -0.0616283 -0.0171323 0.00392739 0.0087882 -0.0195748 -0.0849953 0.00736668 0.00934469 -0.0124387 0.0314883 0.0282978 0.025607 0.0629837 0.0356771 -0.108586 -0.0637552 0.026352 0.0576404 0.0641895 0.000982455 -0.0212261 -0.00984935 0.0792389 0.0666211 -0.00279296 0.00612137 0.014138 0.0268324 -0.0283061
internal_weight=292465 147171 99935 47236 145294 73272 32539 32049 86315 26335 81277 16222 43692 36756 14697 6421 3645 58979 52548 26663 55764 29580 3379 584 9674 9158 30335 43077 25513 515 10113 26940 16788 2155 53609 19365 10387 48370 490 17936 4013 3942 16553 15524 14898 1793 1522 863 511 6431 8758 7581 8439 3098 32897 5714 4146 24998 13657 11078 7382 2579
internal_count=292465 147171 99935 47236 145294 73272 32539 32049 86315 26335 81277 16222 43692 36756 14697 6421 3645 58979 52548 26663 55764 29580 3379 584 9674 9158 30335 43077 25513 515 10113 26940 16788 2155 53609 19365 10387 48370 490 17936 4013 3942 16553 15524 14898 1793 1522 863 511 6431 8758 7581 8439 3098 32897 5714 4146 24998 13657 11078 7382 2579
is_linear=0
shrinkage=0.05


Tree=84
num_leaves=63
num_cat=0
split_feature=13 24 19 9 14 19 2 12 7 8 29 8 27 14 13 13 25 29 14 7 31 13 14 13 28 29 13 27 13 14 29 6 14 14 14 28 29 28 31 28 6 14 8 13 29 29 25 13 14 14 14 14 11 31 31 14 29 27 14 29 13 13
split_gain=6944.31 6857.56 3647.91 3275.36 3233.14 3116.8 4346.91 3081.51 3175.41 4711.5 5468.89 8437.77 4211.56 5917.26 6139.52 6453.86 6641.61 5719.35 9412.95 6430.1 6386.26 5974.03 8200.13 7370.59 6952.12 5272.68 7697.03 7602.39 7418.65 6804.99 10127.6 5936.09 4893.9 4485.59 10182.2 6964.82 4039.26 14574.3 4843.54 4582.76 3955.05 3924.51 3838.22 3722.36 4673.67 5030.69 4741.24 3663.69 3804.75 6544.87 5131.06 5808.87 6289.39 5035.61 8082.91 8018.95 10470.2 6899.36 6601.39 4909.99 4246.61 6557.3
threshold=-54.749999999999993 43.500000000000007 8.5000000000000018 21.500000000000004 39.250000000000007 24.500000000000004 243.50000000000003 56.000416666666673 0.74326649429884128 23.500000000000004 16.950000000000003 26.500000000000004 0.48579499596448755 46.750000000000007 -23.249999999999996 -21.249999999999996 2.6870897654596209 6.5500000000000007 73.250000000000014 -0.26211799291497023 2.7241647754203036 1.7500000000000002 67.750000000000014 -5.2499999999999991 0.56868872549019611 7.7500000000000009 -3.2499999999999996 0.5273179556761648 -4.2499999999999991 55.750000000000007 7.4500000000000011 -3.9103495140433924 58.750000000000007 72.250000000000014 68.750000000000014 0.51928389290267762 5.6500000000000012 0.52011560693641623 3.0765221127754789 0.5313392857142859 -2.4533423808368027 65.750000000000014 5.5000000000000009 5.2500000000000009 1.7500000000000002 2.5500000000000003 2.6791448993120319 21.250000000000004 53.250000000000007 58.250000000000007 56.750000000000007 55.750000000000007 4.8393055555555557 5.6382486524661504 5.098587828301425 63.250000000000007 13.15 0.52478758514149304 63.750000000000007 8.1500000000000004 -12.749999999999998 -5.7499999999999991
decision_type=2 2 2 2 2 2 2 2 2 2 2 2 2 2 2 2 2 2 2 2 2 2 2 2 2 2 2 2 2 2 2 2 2 2 2 2 2 2 2 2 2 2 2 2 2 2 2 2 2 2 2 2 2 2 2 2 2 2 2 2 2 2
left_child=-1 3 -3 4 -2 -6 -7 8 9 12 -11 -12 13 43 41 -16 -17 18 20 -20 -14 23 24 32 -23 26 28 -28 29 30 -19 -31 -22 34 47 -36 37 -18 42 -40 -34 -15 -38 44 -4 -46 -47 48 -27 50 51 52 59 54 -51 -55 -57 -58 -56 -50 -52 -62
right_child=1 2 7 -5 5 6 -8 -9 -10 10 11 -13 17 14 15 16 36 25 19 -21 21 22 -24 -25 -26 33 27 -29 -30 31 -32 -33 40 -35 35 -37 38 -39 39 -41 -42 -43 -44 -45 45 46 -48 -49 49 53 60 -53 -54 55 58 56 57 -59 -60 -61 61 -63
leaf_value=0.23824561063322378 -0.074656834102193204 0.02006925060363909 -0.18999102299477136 -0.10778670803790813 0.036209156923591661 0.23491651974530986 0.0086896736359011496 -0.14869947347597903 -0.01783541266231798 0.012678156606378993 0.42977206210805036 0.029656100684587728 -0.0055146988179874809 0.073036479721361569 -0.14933463455521076 0.0010622458767272881 -0.038819460160970522 -0.05440166176170104 0.39845772043788608 0.066350550602980049 -0.012722614954709605 -0.10768615993227425 -0.34969356403278828 0.084198884941979218 0.19184549364128284 -0.014355714105191906 -0.044430049750114525 0.1235781276917209 0.35764077638945824 0.41039311346251339 0.24958226058942576 0.12488401173575228 -0.32613768543142724 -0.09363763781762513 0.29140321359290444 0.0095781393878175622 -0.31409590662872822 0.21292665646522679 -0.030633500622726045 -0.14430651567569935 -0.095242224072302317 -0.12114078446879591 -0.10431636877119051 -0.10277583085302228 0.21160350182342316 -0.013975932726499236 -0.13913365183818074 -0.096269843449879502 -0.14556896522512724 -0.0046365159543877068 -0.060076404295876906 -0.059405283404149772 0.27846126279660632 -0.11129171675313337 0.064504573220201866 -0.09924829197924194 0.070481920479745594 0.40355785671117267 0.3281538882644684 0.075021346589218829 0.32069902304388886 0.096860531078994921
leaf_weight=304 1050 13276 446 569 12850 212 68747 382 48458 25669 200 383 21612 3002 870 30695 4050 1146 210 473 1596 2511 326 1186 209 10541 2329 946 284 222 359 1002 250 1076 531 373 279 669 6835 1018 716 284 995 2666 220 5558 875 869 289 3654 229 1126 335 2052 723 656 486 228 353 1940 489 989
leaf_count=304 1050 13276 446 569 12850 212 68747 382 48458 25669 200 383 21612 3002 870 30695 4050 1146 210 473 1596 2511 326 1186 209 10541 2329 946 284 222 359 1002 250 1076 531 373 279 669 6835 1018 716 284 995 2666 220 5558 875 869 289 3654 229 1126 335 2052 723 656 486 228 353 1940 489 989
internal_value=-0.000210534 -0.000459116 -0.0052938 0.0116609 0.0124824 0.0136017 0.00938856 -0.00701299 -0.00673536 -0.00307692 0.0161208 0.167418 -0.0072498 -0.0168893 -0.00976553 -0.0145417 -0.0119055 0.00179367 -0.0143952 0.168896 -0.0188081 -0.061088 -0.113085 -0.0188112 -0.0846086 0.0159665 0.057189 0.00412285 0.114849 0.0894605 0.0182277 0.17696 -0.0665108 0.00634271 0.0105057 0.175258 -0.0406515 -0.00309254 -0.0600685 -0.0453857 -0.155273 0.0562225 -0.150467 -0.0524102 -0.0334838 -0.022965 -0.0310185 0.00453171 0.00817178 0.0256977 0.0684015 0.0352248 0.0767892 -0.00257908 0.0308437 -0.0487726 0.0448821 0.177258 0.151224 0.0463684 0.140057 0.171085
internal_weight=292878 292574 209146 83428 82859 81809 68959 195870 195488 147030 26252 583 120778 58462 48697 45411 44541 62316 29089 683 28406 6794 3046 3748 2720 33227 6288 3275 3013 2729 1505 1224 2562 26939 25863 904 13846 4719 9127 7853 966 3286 1274 9765 7099 6653 6433 24959 24090 13549 5397 3690 2564 8152 4730 3422 1370 714 1076 2229 1707 1478
internal_count=292878 292574 209146 83428 82859 81809 68959 195870 195488 147030 26252 583 120778 58462 48697 45411 44541 62316 29089 683 28406 6794 3046 3748 2720 33227 6288 3275 3013 2729 1505 1224 2562 26939 25863 904 13846 4719 9127 7853 966 3286 1274 9765 7099 6653 6433 24959 24090 13549 5397 3690 2564 8152 4730 3422 1370 714 1076 2229 1707 1478
is_linear=0
shrinkage=0.05


Tree=85
num_leaves=63
num_cat=0
split_feature=16 19 17 19 7 19 18 17 13 7 13 24 12 7 13 2 7 14 28 29 29 29 31 11 13 13 7 7 13 28 29 29 29 14 29 29 14 31 29 8 11 9 14 29 10 7 31 29 12 13 29 31 14 29 10 28 14 14 14 29 29 24
split_gain=6368.69 12079.5 8167.26 4001.86 3777.82 3397.8 3074.64 2767.8 2179.13 2147.41 2138.84 2041.51 2032.44 1853.92 1856.72 1762.82 1627.08 1590.6 1835.49 3959.52 2870.28 4066.21 2253.84 2446.62 2224.37 4698.72 3857.02 2927.79 2858.73 2588.56 2296.84 6042.99 3003.61 4932.92 2538.32 2395.15 2104.39 2880.74 2691.76 2718 2170.72 2287.55 2016.51 1877.9 1845.61 1793.59 2008.13 2220.19 2794.15 2312.69 2167.64 1930.12 1825.18 2303.14 1816.09 1938.36 1740.85 1714.93 1768.82 1678.76 2639.08 2175.67
threshold=1.0000000180025095e-35 64.500000000000014 2.5000000000000004 64.500000000000014 0.37648401060367109 7.5000000000000009 4.5000000000000009 2.5000000000000004 -36.249999999999993 -0.74272477586260954 -23.249999999999996 34.500000000000007 58.139444444444457 0.51912171279215713 13.750000000000002 1799.5000000000002 0.51912171279215713 51.750000000000007 0.51928389290267762 6.5500000000000007 1.0500000000000003 1.0000000180025095e-35 2.7241647754203036 1.4911805555555555 -16.249999999999996 -7.2499999999999991 -0.16663361100092552 0.1220664105841148 -27.249999999999996 0.5286169244767972 10.15 11.550000000000002 8.1500000000000004 60.250000000000007 13.350000000000003 7.7500000000000009 73.250000000000014 0.66942403885674873 0.75000000000000011 18.500000000000004 -0.60499999999999954 4.5000000000000009 61.250000000000007 6.2500000000000009 23.500000000000004 -0.075741640213663766 2.494743421052632 4.5500000000000007 26.79055555555556 -19.249999999999996 4.9500000000000011 1.1440066225165566 55.250000000000007 4.3500000000000005 26.500000000000004 0.45478595478595479 65.750000000000014 57.750000000000007 60.250000000000007 3.9500000000000006 4.9500000000000011 89.500000000000014
decision_type=2 2 2 2 2 2 2 2 2 2 2 2 2 2 2 2 2 2 2 2 2 2 2 2 2 2 2 2 2 2 2 2 2 2 2 2 2 2 2 2 2 2 2 2 2 2 2 2 2 2 2 2 2 2 2 2 2 2 2 2 2 2
left_child=3 2 4 9 5 -2 16 13 -6 -1 -7 -5 15 14 -3 -12 -4 -11 19 22 21 42 36 -24 27 26 -26 -22 56 -30 32 -32 35 -34 -33 44 37 38 40 -40 41 -19 -20 -25 -28 51 47 52 -49 -50 -51 -39 54 57 55 -47 -29 -54 -59 -53 61 -61
right_child=1 7 6 11 8 10 -8 -9 -10 17 12 -13 -14 -15 -16 -17 -18 18 20 -21 24 -23 23 43 25 -27 30 28 29 -31 31 34 33 -35 -36 -37 -38 45 39 -41 -42 -43 -44 -45 -46 46 -48 48 49 50 -52 59 53 -55 -56 -57 -58 58 -60 60 -62 -63
leaf_value=-0.036893765496788987 0.082318145627926331 0.0051397406936027207 0.027655019531377664 0.018885153737774038 0.061411408969494402 0.066384869716776082 -0.017615807703961855 -0.029554843344196904 0.0021565485747878179 -0.022257367659459692 0.02780763847955018 -0.0026718580910090129 0.078065893032266576 -0.024232995971052353 -0.032007039948244817 -0.036094106574412407 -0.017945462890687058 -0.24699561426129479 0.089770105526679092 0.0018838171318981065 0.090220420919406186 0.21600260952623881 -0.047724938459980951 -0.23374928780756693 -0.23893285716390789 0.0062175027200735405 -0.085160372401770684 -0.014508602972802527 0.090585550585067592 -0.018411845336249903 -0.30100994551233179 0.086194901538233393 0.19157997561382753 -0.073103584810889452 -0.12539831756761199 -0.21377511379146244 0.087914443801390019 0.14823433528705077 -0.25666657348220528 -0.038355139205152662 0.017488687919709516 -0.044879476099411189 -0.049514297298931829 -0.060424011636429166 0.013668328803354689 0.19690515907859663 0.036409635488004861 -0.027797590493757948 -0.30013929702268516 -0.18943093962011637 -0.00099959087666070113 -0.063211986687853675 -0.11636118193694411 0.10596351839154119 -0.027953089996550291 0.017593539121725885 -0.13193727513456019 0.040199013536104305 -0.055925702131922633 0.20144725398740071 -0.040736414474584752 0.0038451395141399975
leaf_weight=9331 3689 30957 8202 14581 1733 4141 16370 14211 14750 23736 34768 44496 1963 9114 3773 1113 2568 207 539 16876 1373 368 1819 373 271 11308 915 1407 1266 955 289 281 374 331 284 205 399 274 368 233 681 430 500 270 975 255 1030 941 203 342 275 581 765 251 654 367 406 648 1823 322 506 245
leaf_count=9331 3689 30957 8202 14581 1733 4141 16370 14211 14750 23736 34768 44496 1963 9114 3773 1113 2568 207 539 16876 1373 368 1819 373 271 11308 915 1407 1266 955 289 281 374 331 284 205 399 274 368 233 681 430 500 270 975 255 1030 941 203 342 275 581 765 251 654 367 406 648 1823 322 506 245
internal_value=5.03217e-05 0.0073751 0.018918 -0.00737642 0.0289098 0.0363148 -0.00396581 -0.0103796 0.00838987 -0.0142431 0.0322708 0.00264893 0.0285363 -0.00416381 0.00110338 0.0258245 0.0167814 -0.011495 -0.00669148 -0.0145072 0.00434724 0.0734191 -0.0339013 -0.0774083 -0.000364623 -0.0101439 -0.0572711 0.0271831 0.00571093 0.0437309 -0.0437364 -0.115467 -0.0218251 0.0673826 -0.0201971 -0.0518627 -0.024818 -0.0287707 -0.0846229 -0.172234 -0.0445723 -0.110843 0.0227588 -0.161176 -0.034197 -0.0174594 -0.0284451 -0.0386882 -0.0866427 -0.154055 -0.105584 0.0255755 -0.0209438 -0.0396643 0.0302058 0.0913036 -0.0408636 -0.0509892 -0.0307117 0.00517863 0.0422346 0.116221
internal_weight=292681 147352 89297 145329 62157 45674 27140 58055 16483 86252 41985 59077 37844 43844 34730 35881 10770 76921 53185 31138 22047 1407 14262 2462 20640 15233 3925 5407 4034 2221 3654 854 2800 705 565 2095 11800 11401 1919 601 1318 637 1039 643 1890 9482 7554 6524 1761 820 617 1928 4763 3487 1276 622 1813 3236 2471 1654 1073 567
internal_count=292681 147352 89297 145329 62157 45674 27140 58055 16483 86252 41985 59077 37844 43844 34730 35881 10770 76921 53185 31138 22047 1407 14262 2462 20640 15233 3925 5407 4034 2221 3654 854 2800 705 565 2095 11800 11401 1919 601 1318 637 1039 643 1890 9482 7554 6524 1761 820 617 1928 4763 3487 1276 622 1813 3236 2471 1654 1073 567
is_linear=0
shrinkage=0.05


Tree=86
num_leaves=63
num_cat=0
split_feature=13 7 13 14 14 14 13 13 31 29 29 14 14 14 14 29 29 29 14 13 29 14 14 13 14 14 14 29 13 29 6 14 14 14 14 13 14 9 14 14 14 13 13 29 29 10 25 29 13 6 6 13 29 14 14 31 13 29 13 13 29 31
split_gain=6514.23 6375.21 6768.94 5814.56 9795.73 8471.76 9107.37 6458.76 15603.9 6864.61 9747.48 8770.25 6667.82 19516.5 17493.9 6523.05 8273.33 6313.34 9251.15 6950.8 10327.8 8919.61 15293.9 13232.9 12026.5 17309 6670.97 5860.52 12197.2 5637.9 5631.69 5380.74 5331.82 15475.2 6523.22 5116.99 5432.14 5838.66 5732.75 4941.4 5970.14 11017.7 8832.14 7295.57 17698.2 7110.42 6696.37 4782.35 4774.61 4757.73 4713.89 4428.94 5856.6 9021.47 9616.14 4407.18 7494.32 5138.31 4399.95 5052.77 5616.04 9498.49
threshold=-54.749999999999993 0.74326649429884128 -6.2499999999999991 46.250000000000007 45.250000000000007 46.750000000000007 -15.749999999999998 -6.7499999999999991 3.2657579087579092 10.850000000000003 11.65 73.750000000000014 61.750000000000007 56.750000000000007 65.250000000000014 3.6500000000000008 0.8500000000000002 11.850000000000003 59.250000000000007 -16.749999999999996 12.550000000000002 69.250000000000014 57.250000000000007 -9.2499999999999982 51.750000000000007 48.750000000000007 49.750000000000007 10.750000000000002 -11.749999999999998 10.750000000000002 2.51534178493681 72.250000000000014 82.750000000000014 80.250000000000014 77.250000000000014 -28.249999999999996 53.750000000000007 2.5000000000000004 58.750000000000007 37.250000000000007 43.250000000000007 -9.2499999999999982 -21.749999999999996 11.950000000000001 10.550000000000002 13.500000000000002 3.1333568572100687 4.7500000000000009 6.2500000000000009 -5.5178120639644161 2.0460327237579956 -14.749999999999998 15.350000000000003 66.750000000000014 61.250000000000007 2.1519397958613653 -8.7499999999999982 13.450000000000001 -23.749999999999996 -9.7499999999999982 5.2500000000000009 0.72333333333333338
decision_type=2 2 2 2 2 2 2 2 2 2 2 2 2 2 2 2 2 2 2 2 2 2 2 2 2 2 2 2 2 2 2 2 2 2 2 2 2 2 2 2 2 2 2 2 2 2 2 2 2 2 2 2 2 2 2 2 2 2 2 2 2 2
left_child=-1 2 3 4 39 6 -5 9 15 27 11 35 13 29 -14 16 -9 18 -12 20 -19 22 24 -23 25 -21 -27 -7 -29 -10 -22 -16 33 34 -4 -11 37 -37 -38 -2 41 42 50 44 46 -44 58 -17 -36 -6 -41 -24 53 54 -53 -51 57 -57 -42 60 61 -60
right_child=1 -3 32 5 49 7 -8 8 12 10 17 -13 14 -15 31 47 -18 19 -20 21 30 23 51 -25 -26 26 -28 28 -30 -31 -32 -33 -34 -35 48 36 38 -39 -40 40 43 -43 45 -45 -46 -47 -48 -49 -50 55 -52 52 -54 -55 -56 56 -58 -59 59 -61 -62 -63
leaf_value=0.23167836768337505 -0.18537938210869298 -0.016106641022891756 -0.0043141660039198544 0.440070652583606 0.10574792088142465 0.018238688225637994 0.075041298831014763 -0.1548520362082248 -0.011424691297734779 0.05568376590636203 -0.057885281538505008 -0.37246522136527127 -0.26481827005387887 0.47320628216586552 0.38120767445475595 -0.31485947838643707 0.1583433696472436 -0.11148748235457395 0.37386615626279851 0.06460932324082605 0.15599968702717265 0.31859845767426248 -0.31876738881662348 -0.15113274611018318 0.085831385463716131 -0.48277526326802755 -0.16136574108030771 0.33923611324825664 -0.084223307116129964 0.28117480454500765 0.028866300904379433 0.049465821897484601 0.18087063241081361 -0.40375149219242995 0.25248421867373705 -0.40857157699522467 0.092869263945775715 -0.12056409870997722 -0.1108782491720056 0.050427444808911995 -0.24298561031507604 0.21914010605526163 -0.10874977451641799 -0.21458532204078626 0.32494817269293386 0.059129824975851501 -0.32078817495985806 -0.049683792512728038 -0.024208165596171127 0.0069341501992620236 0.3858633577207069 -0.15874392167852208 -0.24396447829139678 -0.29510140494864912 0.1025004051902289 -0.17834953113774654 -0.41250411432364892 0.089671562887643552 -0.11779025618328041 -0.12348982945673492 -0.025505953226666489 0.28959772365687669
leaf_weight=302 335 52248 141830 232 209 65718 643 287 524 650 227 257 271 540 275 204 787 844 272 787 1515 402 310 238 2289 251 454 409 290 239 2049 220 389 241 427 246 500 617 1110 204 215 808 1257 481 359 1264 205 1000 245 377 215 636 672 357 787 961 289 219 214 705 1359 428
leaf_count=302 335 52248 141830 232 209 65718 643 287 524 650 227 257 271 540 275 204 787 844 272 787 1515 402 310 238 2289 251 454 409 290 239 2049 220 389 241 427 246 500 617 1110 204 215 808 1257 481 359 1264 205 1000 245 377 215 636 672 357 787 961 289 219 214 705 1359 428
internal_value=-3.73297e-05 -0.000277286 0.00316387 0.0133455 -0.0225576 0.0175102 0.172218 0.0159384 0.0753222 0.0127851 -0.0172102 -0.0922597 0.174688 0.243473 0.0575159 -0.0149638 0.0745834 0.00377729 0.177735 -0.0037264 0.0456939 -0.0340564 -0.0514877 0.143954 0.0138512 -0.096563 -0.276318 0.0197718 0.163683 0.0804764 0.0829373 0.234164 -0.00375136 -0.00425575 -0.00357729 -0.069089 -0.101893 -0.203039 -0.0475843 0.00232268 0.0104971 0.0557377 0.0107705 -0.03226 -0.00704111 -0.0245868 -0.0452596 -0.0948379 0.151721 -0.119962 0.223057 -0.140905 -0.118298 -0.0707444 -0.0142904 -0.14556 -0.184674 -0.128573 -0.0258194 -0.00848149 0.0320801 0.15383
internal_weight=292895 292593 240345 97213 10104 87109 875 86234 4347 81887 15470 3380 2069 1303 766 2278 1074 12090 499 11591 4408 7183 6543 640 3781 1492 705 66417 699 763 3564 495 143132 142743 142502 3123 2473 863 1610 8049 7714 3748 2940 3966 3485 2521 3126 1204 672 2055 419 2762 2452 1780 1423 1846 1469 1180 2921 2706 2001 642
internal_count=292895 292593 240345 97213 10104 87109 875 86234 4347 81887 15470 3380 2069 1303 766 2278 1074 12090 499 11591 4408 7183 6543 640 3781 1492 705 66417 699 763 3564 495 143132 142743 142502 3123 2473 863 1610 8049 7714 3748 2940 3966 3485 2521 3126 1204 672 2055 419 2762 2452 1780 1423 1846 1469 1180 2921 2706 2001 642
is_linear=0
shrinkage=0.05


Tree=87
num_leaves=63
num_cat=0
split_feature=27 14 14 29 14 14 5 29 29 14 14 28 5 13 13 14 14 13 29 29 13 13 29 28 14 31 14 14 13 13 31 13 7 13 28 14 13 8 25 13 13 13 14 29 13 13 13 14 14 29 14 29 14 29 29 28 29 29 13 26 13 13
split_gain=5464.73 7802.92 5927.5 5555.37 10574 8305.85 7170.73 6922.73 12762.2 10682.8 10529.9 17485.6 9422.48 13509 24689 10197.1 13190.2 12231.5 11049.5 9377.85 8997.13 8987.93 8167.05 10611.1 7965.9 12204.9 7681.48 7491.46 7476.04 7119.93 7101.54 6882.29 7113.57 6822.44 6741.97 7297.76 6730.44 6473.07 6366.19 6353.32 15444.9 11196.1 8810.69 8379.76 16121.9 7386.52 9993.9 9690.17 7223.97 6318.06 13341.1 13496.5 12914 8048.13 10090.1 7275.33 6816.62 10048.6 6554.42 6160.83 6042.31 5848.39
threshold=0.47949210926860536 76.750000000000014 51.750000000000007 6.5500000000000007 73.250000000000014 72.750000000000014 -3.4999999999999996 10.850000000000003 13.15 82.250000000000014 66.250000000000014 0.51863425925925932 14.500000000000002 7.2500000000000009 6.7500000000000009 56.750000000000007 74.250000000000014 -7.2499999999999991 7.6500000000000012 7.2500000000000009 -28.749999999999996 -32.749999999999993 10.450000000000001 0.46174749163879608 58.250000000000007 5.1614166666666677 52.250000000000007 58.750000000000007 7.7500000000000009 -31.249999999999996 4.1126901669758817 1.7500000000000002 -0.11838906442841259 -37.749999999999993 0.42598071444225299 73.750000000000014 1.2500000000000002 8.5000000000000018 2.2816473776381354 -5.7499999999999991 -6.7499999999999991 -4.2499999999999991 68.750000000000014 9.3500000000000032 -1.2499999999999998 -1.2499999999999998 3.2500000000000004 64.750000000000014 61.750000000000007 5.4500000000000011 46.750000000000007 5.0500000000000007 46.250000000000007 4.9500000000000011 4.6500000000000012 0.51227040048178274 2.0500000000000003 2.1500000000000008 -45.749999999999993 1.1781213150827117 -13.749999999999998 -30.249999999999996
decision_type=2 2 2 2 2 2 2 2 2 2 2 2 2 2 2 2 2 2 2 2 2 2 2 2 2 2 2 2 2 2 2 2 2 2 2 2 2 2 2 2 2 2 2 2 2 2 2 2 2 2 2 2 2 2 2 2 2 2 2 2 2 2
left_child=1 2 -1 4 5 49 -6 9 34 12 33 -12 13 14 15 22 18 -18 19 -17 21 38 29 -24 -22 39 -16 -27 -15 -5 31 32 -21 -10 59 -36 60 -19 -20 40 42 -41 -26 45 -45 -43 -47 -48 -42 50 51 52 53 54 -2 56 -52 -58 -51 -9 -25 -35
right_child=3 -3 -4 7 6 -7 -8 8 10 -11 11 -13 -14 28 26 16 17 37 20 30 24 -23 23 36 25 27 -28 -29 -30 -31 -32 -33 -34 61 35 -37 -38 -39 -40 41 48 43 -44 44 -46 46 47 -49 -50 58 55 -53 -54 -55 -56 -57 57 -59 -60 -61 -62 -63
leaf_value=-0.022804231868224653 0.019573910510224508 -0.18710637945034847 0.00080095958052849546 0.17792460667568474 0.24108561071790105 -0.26004105862107901 0.048126144946711996 0.010830677935201274 0.28226384852010306 0.3633056645579959 0.27019717711340691 -0.014527261799119324 -0.022241096533109572 -0.17315719854700351 0.46652783941644888 0.080803896036245534 0.079178186510709903 -0.47785170228952278 0.24285981876499343 0.57354866446531061 0.15916948145609422 -0.30511477309417856 0.34593966377974311 0.13447010492982872 -0.0049879138701189952 -0.09316862695700219 0.18015854984346957 0.2027426049802577 -0.0077384608808701962 -0.001627838019093457 0.0047280233591414115 0.053881779233512429 0.26265313974319315 -0.18508246234872128 -0.038640533499734224 -0.20295653398117849 0.29423875894332147 -0.12637743313204161 -0.082993380124768562 -0.37182304330555532 0.50597194945251178 -0.19885608336394431 0.21048484797836009 0.32340415940662615 -0.088238558071752196 0.16471604185841482 -0.27504459623098748 0.14838692591817795 0.13734813030053866 0.2530091917392478 -0.064023891350127357 0.31499986990648154 0.33499299473124156 -0.25440455573723031 0.31017523570301442 0.014010926366260352 0.22877249518618226 -0.013334494977845052 -0.033995528392280046 0.23976710966076512 -0.11161291476316737 0.012351124616329291
leaf_weight=41851 3694 609 72952 569 630 323 2035 1780 228 230 1090 1066 9769 735 383 2730 457 223 208 220 1846 328 395 435 3709 247 606 1570 9493 17600 312 315 1135 384 14433 708 227 318 529 231 246 710 543 458 493 531 400 203 290 200 7368 539 367 240 324 25645 436 22247 19410 351 582 14572
leaf_count=41851 3694 609 72952 569 630 323 2035 1780 228 230 1090 1066 9769 735 383 2730 457 223 208 220 1846 328 395 435 3709 247 606 1570 9493 17600 312 315 1135 384 14433 708 227 318 529 231 246 710 543 458 493 531 400 203 290 200 7368 539 367 240 324 25645 436 22247 19410 351 582 14572
internal_value=-0.000284052 -0.00875209 -0.00780435 0.00522674 -0.00415938 -0.00739222 0.0938146 0.0135701 -0.00419747 0.0239447 0.0261034 0.129478 0.0226167 0.0315099 0.044908 0.0384949 0.065455 -0.111201 0.0756789 0.140953 0.0511464 -0.0878157 0.0136505 0.12051 0.0640478 0.045801 0.291417 0.162488 -0.0196415 0.0040047 0.223719 0.264605 0.313516 0.0114175 -0.0346174 -0.0463369 0.0487109 -0.271869 0.00917508 0.0186503 0.0544878 -0.0380542 0.022572 -0.0103459 0.110139 -0.0725093 0.00670219 -0.132487 0.307157 -0.00637489 0.00157799 0.0784508 0.0508211 0.0262552 0.0430785 -0.00555075 -0.0222443 -0.00867097 -0.0310557 0.0486339 -0.00632747 0.00726992
internal_weight=292758 115412 114803 177346 83458 80793 2665 93888 34612 59276 17340 2156 59046 49277 39049 38060 18252 998 17254 4712 12542 1065 19808 1639 11477 9631 989 1817 10228 18169 1982 1670 1355 15184 17272 15141 1244 541 737 7814 4788 3026 4252 2795 951 1844 1134 603 536 80470 60860 5164 4625 4258 4018 55696 30051 22683 19610 2131 1017 14956
internal_count=292758 115412 114803 177346 83458 80793 2665 93888 34612 59276 17340 2156 59046 49277 39049 38060 18252 998 17254 4712 12542 1065 19808 1639 11477 9631 989 1817 10228 18169 1982 1670 1355 15184 17272 15141 1244 541 737 7814 4788 3026 4252 2795 951 1844 1134 603 536 80470 60860 5164 4625 4258 4018 55696 30051 22683 19610 2131 1017 14956
is_linear=0
shrinkage=0.05


Tree=88
num_leaves=63
num_cat=0
split_feature=11 5 29 29 7 13 13 13 29 31 29 29 29 29 13 13 29 5 31 29 28 27 29 28 13 29 13 29 13 13 13 29 29 13 13 29 13 13 31 31 26 29 29 13 13 13 29 31 27 31 13 6 29 11 13 6 29 29 28 29 29 26
split_gain=5791.52 6025.16 8041.36 12284.8 8721.96 6190.31 7914.72 6055.11 12352.5 7470.8 9838.7 9687.03 7630.69 7290.22 10599.1 7139.81 6375.78 5437.82 5042.04 5008.56 4967.28 4827.19 4670.23 4541.69 9165.61 7889.72 6088.43 23695.2 6634.56 6009.13 19062.4 9788.99 9527.42 7710.41 9810.24 11845.3 4586.6 8579.07 8328.2 6125.57 6046.1 4477.24 6959.06 5939.78 6702.27 4430.9 4391.62 4911.57 10846.4 12454.2 4508.66 4412.02 4313.83 4276.29 4819.53 4147.18 4132.78 4009.7 3974.3 3866.52 7175.7 4236.72
threshold=-1.9364583333333327 1.5000000000000002 7.8500000000000005 6.9500000000000011 -0.090418185527412917 -5.7499999999999991 -5.2499999999999991 -7.2499999999999991 8.5500000000000025 4.7050050281182365 17.350000000000005 13.65 12.850000000000003 8.1500000000000004 -10.249999999999998 -14.249999999999998 9.4500000000000011 -8.4999999999999982 3.3675404244171112 7.0500000000000007 0.39425824175824181 0.51734161988773064 11.15 0.48159439927732611 35.500000000000007 16.250000000000004 28.250000000000004 9.5500000000000025 27.750000000000004 12.250000000000002 13.750000000000002 18.950000000000003 20.350000000000005 1.7500000000000002 -3.7499999999999996 17.350000000000005 9.2500000000000018 8.7500000000000018 2.3614495470165582 7.438539403515704 1.1011620369669701 6.1500000000000012 6.2500000000000009 -15.749999999999998 -8.7499999999999982 -15.749999999999998 4.0500000000000007 1.8079626404592715 0.5182149966821501 1.984108946608947 5.7500000000000009 -16.221984346202532 10.950000000000001 0.09666666666666697 5.2500000000000009 0.50263194267799494 18.750000000000004 3.3500000000000001 0.50636968516715364 20.550000000000004 18.550000000000004 1.087955181924211
decision_type=2 2 2 2 2 2 2 2 2 2 2 2 2 2 2 2 2 2 2 2 2 2 2 2 2 2 2 2 2 2 2 2 2 2 2 2 2 2 2 2 2 2 2 2 2 2 2 2 2 2 2 2 2 2 2 2 2 2 2 2 2 2
left_child=1 2 3 41 18 7 -7 13 21 16 11 12 17 14 15 45 -10 -11 -5 -6 22 -9 -15 36 25 26 28 -28 46 31 -31 33 -33 34 -27 -36 37 -2 -39 40 -38 -1 -43 -44 -45 -4 47 57 49 53 -50 -48 -42 -49 -55 56 -22 -25 -46 60 -3 -62
right_child=23 59 5 4 19 6 -8 8 9 10 -12 -13 -14 20 -16 -17 -18 -19 -20 -21 55 -23 -24 24 -26 29 27 -29 -30 30 -32 32 -34 -35 35 -37 39 38 -40 -41 52 42 43 44 58 -47 51 48 50 -51 -52 -53 -54 54 -56 -57 -58 -59 -60 -61 61 -63
leaf_value=0.035548633679135411 -0.01075336820092708 -0.000463515149242938 -0.027497825265416633 0.032478880249155205 0.25122520509878843 -0.26742839127061357 -0.033406720905978869 0.13038984889772462 0.021195286265454999 0.3564007617064105 -0.23074247393826092 0.38635423205088121 -0.20239380137872676 -0.24741097266584366 -0.3847040541154183 0.16724359005987391 -0.2872853907913312 0.064888698546331239 0.26545345257479491 0.039347196996121166 0.0069587394667710569 0.42714416916238385 0.008142957828628521 0.015387946677946161 -0.32924665701731542 -0.006540528866899438 -0.043235926424224663 0.56389760051767912 -0.23687493807977689 0.51353293207539907 0.013301247710478492 -0.34831959839262394 0.019898762545463716 0.017598967407862032 0.10932146414351746 0.59416680377981967 -0.011663277669097657 0.42567127850091108 0.063945158551525022 -0.20014302069504872 -0.092890883784368675 -0.19332133483589412 0.10778767617788212 -0.13594054618512599 0.12843894225083391 -0.30134098432418122 -0.082301680624887893 -0.05694230169531226 0.052242033018013702 0.41729511373953243 -0.10871909376291636 -0.0054703680608421774 0.021622010129927236 0.31081387772572167 0.075131244084817209 0.17197096237827292 0.20152246895509918 -0.069834591778556096 -0.042019656868293315 -0.15916229947568164 0.073337724429862 0.36293843571530204
leaf_weight=19955 50206 85680 390 291 317 400 3654 256 389 202 215 295 215 355 285 293 293 758 1155 2275 12561 297 359 14910 208 308 533 229 299 296 531 275 483 1237 253 251 12059 201 752 557 4872 519 967 1022 608 237 1927 361 1037 369 748 60590 989 302 767 413 278 1520 779 379 336 202
leaf_count=19955 50206 85680 390 291 317 400 3654 256 389 202 215 295 215 355 285 293 293 758 1155 2275 12561 297 359 14910 208 308 533 229 299 296 531 275 483 1237 253 251 12059 201 752 557 4872 519 967 1022 608 237 1927 361 1037 369 748 60590 989 302 767 413 278 1520 779 379 336 202
internal_value=0.000432111 0.00796022 0.0217736 0.0396353 0.120275 -0.000721151 -0.0565574 0.0117936 0.0777154 0.0279593 0.0844622 0.130689 0.0662269 -0.000898824 -0.118845 -0.0361576 -0.11156 0.126535 0.218623 0.0653466 0.00928543 0.290251 -0.119086 -0.00611635 0.00147134 0.00226374 -0.000872027 0.139723 -0.00216711 0.0743754 0.192748 0.0394441 -0.113973 0.0962264 0.215838 0.351481 -0.0156432 -0.00793116 0.140604 -0.0369948 -0.0319129 0.0259778 -0.0230523 0.00317302 -0.0388478 -0.131323 -0.00131393 0.0190703 0.0720949 0.158702 -0.0152315 -0.00783987 -0.0735673 0.0917291 0.141941 0.0162104 0.011187 0.00749992 0.0327406 -2.08411e-05 0.000680556 0.182544
internal_weight=293700 136630 50033 27888 4038 22145 4054 18091 2920 2367 1685 1470 1175 15171 1205 920 682 960 1446 2592 13966 553 714 157070 87434 87226 83592 762 82830 3634 827 2807 758 2049 812 504 69636 51159 953 18477 17920 23850 3895 3376 2409 627 82531 20014 3584 1799 1785 62517 5861 1430 1069 13252 12839 16430 1387 86597 86218 538
internal_count=293700 136630 50033 27888 4038 22145 4054 18091 2920 2367 1685 1470 1175 15171 1205 920 682 960 1446 2592 13966 553 714 157070 87434 87226 83592 762 82830 3634 827 2807 758 2049 812 504 69636 51159 953 18477 17920 23850 3895 3376 2409 627 82531 20014 3584 1799 1785 62517 5861 1430 1069 13252 12839 16430 1387 86597 86218 538
is_linear=0
shrinkage=0.05


Tree=89
num_leaves=63
num_cat=0
split_feature=24 13 19 13 12 27 14 14 5 27 13 13 13 14 29 14 29 14 13 29 29 29 13 13 29 27 29 7 14 13 13 13 13 29 29 14 29 14 27 29 13 13 11 13 25 5 29 29 14 13 13 29 13 29 13 14 14 14 13 13 29 13
split_gain=5562.51 5270.2 4478.35 3138.09 3197.87 2778.58 8284.59 3302.41 2868.54 3126.08 3107.23 4248.35 3723 2731.66 4839.57 4218.46 4166.6 6901.7 5225.97 6803.61 5834.93 5324.52 5195.96 8268.5 5479.92 4951.38 4268.83 4463.39 4241.87 6214.31 5825.71 5713.86 5516.22 4988.25 4200.26 9816.93 4646.09 5694.57 4301.5 4095.82 5053.36 4217.59 4344.7 3984.61 4232.04 3728.66 3555.37 4180.85 3966.74 4614.47 3911.39 8220.53 3848.46 4242.18 3572.31 5243.98 3543.96 3397.15 3447.34 4296.9 3201.97 6684.72
threshold=106.50000000000001 -54.749999999999993 24.500000000000004 35.500000000000007 70.215277777777786 0.48157843707581932 76.750000000000014 38.750000000000007 22.500000000000004 0.6254032258064518 -34.749999999999993 -35.749999999999993 -33.749999999999993 51.750000000000007 14.65 52.250000000000007 6.8500000000000005 71.750000000000014 -17.749999999999996 7.3500000000000005 15.550000000000002 15.050000000000002 -14.249999999999998 -13.749999999999998 14.65 0.45014619883040941 11.550000000000002 0.15461071755157488 57.250000000000007 -31.749999999999996 -29.749999999999996 -25.749999999999996 -24.249999999999996 8.8500000000000032 7.5500000000000007 63.250000000000007 13.950000000000001 58.750000000000007 0.45396754924120125 7.4500000000000011 -2.7499999999999996 -10.749999999999998 -0.55916666666666626 -7.2499999999999991 2.7719129392296917 14.500000000000002 2.4500000000000006 4.2500000000000009 55.250000000000007 -20.249999999999996 -2.7499999999999996 3.6500000000000008 3.7500000000000004 2.1500000000000008 13.750000000000002 58.750000000000007 58.250000000000007 54.750000000000007 2.2500000000000004 -12.749999999999998 12.750000000000002 -7.2499999999999991
decision_type=2 2 2 2 2 2 2 2 2 2 2 2 2 2 2 2 2 2 2 2 2 2 2 2 2 2 2 2 2 2 2 2 2 2 2 2 2 2 2 2 2 2 2 2 2 2 2 2 2 2 2 2 2 2 2 2 2 2 2 2 2 2
left_child=1 -1 -3 4 5 6 13 -7 9 10 11 -9 -12 14 60 39 17 25 19 -18 21 22 26 -24 34 46 27 -20 30 -30 45 -31 -32 -33 35 -25 -36 -38 -37 40 -15 -41 -43 -22 -45 -21 52 48 49 -48 -50 -52 53 -17 -49 -56 57 58 59 -27 -4 -62
right_child=-2 2 3 -5 -6 7 -8 8 -10 -11 12 -13 -14 15 -16 16 18 -19 20 28 43 -23 23 24 -26 56 -28 -29 29 31 32 33 -34 -35 36 38 37 -39 -40 41 -42 42 -44 44 -46 -47 47 54 50 -51 51 -53 -54 -55 55 -57 -58 -59 -60 -61 61 -63
leaf_value=0.24740271081108048 -0.010644313393038023 0.020776937504743784 -0.019847808811901971 -0.1447310180521916 0.09345290773160965 -0.096885016866577564 -0.2914463545064791 0.031598066497816969 -0.027925459310693485 0.14041300856408084 -0.12357346890874515 0.18872283126191972 0.006767538546022224 0.10807329423963047 -0.10974929184845868 -0.0087125720493377162 0.26708645356741151 -0.18922794124763459 -0.3302601453459717 0.21925986920483412 -0.11793679345337821 -0.21440829849895746 0.21029196482953721 -0.18752314038146212 0.20021634799718618 0.020860876616510288 -0.0023797465590834222 -0.081888913568478647 -0.046506770802977243 0.2535129146848667 -0.34193275897781933 -0.1219383541606852 -0.050947784724343109 0.11500607564694519 -0.017048134272933717 -0.054393822241515399 -0.028518452548119938 -0.33195029276826271 0.25291244412294245 0.0027708722754044737 -0.17937429636164107 0.43664181119771589 0.12299409881535812 0.054405801441406082 0.28565229926950381 -0.036157889973929186 0.0085584282567391975 0.018120853690688162 0.12068999853573883 0.27596540210201653 -0.15958614204122232 0.20006806790798218 0.10273973093608349 -0.20379121104196274 -0.012568578191408011 0.31371602852439862 -0.044472103873352972 0.063867229081393001 0.087246659864478451 -0.18461709059453732 -0.1058730641608807 0.10201739458474911
leaf_weight=222 86453 34020 20807 368 934 779 255 3206 5766 445 550 496 96263 403 1402 1416 286 399 373 219 242 426 359 1189 246 496 376 352 988 497 254 306 452 803 9545 251 366 267 207 234 245 201 246 911 252 407 223 4485 1327 583 429 251 565 346 233 260 3743 2198 409 521 526 1452
leaf_count=222 86453 34020 20807 368 934 779 255 3206 5766 445 550 496 96263 403 1402 1416 286 399 373 219 242 426 359 1189 246 496 376 352 988 497 254 306 452 803 9545 251 366 267 207 234 245 201 246 911 252 407 223 4485 1327 583 429 251 565 346 233 260 3743 2198 409 521 526 1452
internal_value=2.12902e-06 0.00446418 0.00420124 0.000923311 0.00123639 0.000731373 -0.00758577 0.00562312 0.00637224 0.00833129 0.00774515 0.0526952 0.0060258 -0.00643173 -0.0196186 0.00179172 -0.00131532 0.0161302 -0.0172546 0.0320794 -0.0307824 -0.0405602 -0.0350715 -0.0258439 -0.0328836 0.020827 -0.13913 -0.209951 0.014896 0.0521326 -0.057605 0.112806 -0.155972 0.0495764 -0.0377494 -0.111805 -0.025756 -0.156828 0.0847463 0.0892992 -0.000715664 0.174827 0.26469 0.0663083 0.104715 0.0534047 0.0435291 0.0597255 0.108441 0.202083 0.0707527 -0.0267326 -0.0107004 -0.0471136 0.032181 0.159795 -0.0103543 0.0248863 -0.0352005 -0.0844816 -0.0140682 0.0467085
internal_weight=292731 206278 206056 172036 171668 170734 63229 107505 106726 100960 100515 3702 96813 62974 24187 38787 37458 17884 19574 4212 15362 13957 13531 12430 12071 17485 1101 725 3926 2594 1332 1606 706 1109 11825 1647 10178 633 458 1329 648 681 447 1405 1163 626 10118 7791 2813 806 2007 680 2327 1762 4978 493 7367 3624 1426 1017 22785 1978
internal_count=292731 206278 206056 172036 171668 170734 63229 107505 106726 100960 100515 3702 96813 62974 24187 38787 37458 17884 19574 4212 15362 13957 13531 12430 12071 17485 1101 725 3926 2594 1332 1606 706 1109 11825 1647 10178 633 458 1329 648 681 447 1405 1163 626 10118 7791 2813 806 2007 680 2327 1762 4978 493 7367 3624 1426 1017 22785 1978
is_linear=0
shrinkage=0.05


Tree=90
num_leaves=63
num_cat=0
split_feature=13 7 13 14 14 13 6 29 29 14 13 25 27 14 13 14 29 29 14 29 29 13 27 14 27 29 31 14 13 28 28 29 14 14 14 31 27 14 13 31 29 13 27 14 29 14 28 29 14 27 29 13 13 9 31 13 14 29 29 13 13 31
split_gain=5151.3 4921.79 6041.94 7557.57 6921.45 6209.19 6854.37 6030.2 8558.61 12265.8 12483.8 8397.55 5998.56 5371.79 4935.33 13440.2 5514.2 10715.3 8437.84 15441.5 13870.7 13523.5 7227.67 6407.62 6202.94 6151.32 9875.67 18238.3 6649.4 6110.2 5680.6 8587.21 9071.15 5688.85 6878.65 6889.89 7753.35 9074.17 10198.2 6161.59 7557.22 10971.4 8847.97 19322.7 8389.6 7874.88 15088.8 12977.7 10487.9 7166.08 6856.24 6775.35 9051.3 6850.46 6778.57 6766.28 6765.21 9554.95 6532.14 10656.5 6600.06 5894.31
threshold=-54.749999999999993 0.50440857099298619 3.2500000000000004 48.250000000000007 49.750000000000007 23.750000000000004 3.2584079264197019 4.9500000000000011 2.6500000000000008 42.750000000000007 14.750000000000002 2.130227141517222 0.48655875126463372 53.750000000000007 -24.749999999999996 54.250000000000007 15.65 15.050000000000002 65.750000000000014 17.550000000000004 17.350000000000005 -9.2499999999999982 0.49096352749047362 58.250000000000007 0.48787834263884816 14.65 6.0504658119658119 57.750000000000007 -4.7499999999999991 0.49626844890002791 0.53315018315018325 9.0500000000000025 58.750000000000007 82.250000000000014 79.250000000000014 3.3481638244338838 0.48011299435028254 54.250000000000007 -9.7499999999999982 2.7428419237012993 4.9500000000000011 -20.249999999999996 0.41687604690117258 54.750000000000007 2.8500000000000001 64.750000000000014 0.51863425925925932 4.1500000000000012 65.250000000000014 0.53453697679462164 4.5500000000000007 -10.249999999999998 1.7500000000000002 5.5000000000000009 1.4053736001377513 -16.749999999999996 57.750000000000007 6.5500000000000007 6.1500000000000012 -2.7499999999999996 -11.249999999999998 2.1744206011151266
decision_type=2 2 2 2 2 2 2 2 2 2 2 2 2 2 2 2 2 2 2 2 2 2 2 2 2 2 2 2 2 2 2 2 2 2 2 2 2 2 2 2 2 2 2 2 2 2 2 2 2 2 2 2 2 2 2 2 2 2 2 2 2 2
left_child=-1 2 13 7 5 6 -5 8 11 -10 12 -4 -11 -2 15 -15 17 25 20 -20 21 24 -22 -23 -18 26 30 28 -28 -27 33 -32 -33 34 35 39 -37 38 -38 40 42 -42 43 -16 -45 49 48 -48 -47 50 -44 54 53 -53 -50 -52 -41 58 -58 60 -60 -51
right_child=1 -3 3 4 -6 -7 -8 -9 9 10 -12 -13 -14 14 16 -17 18 -19 19 -21 22 23 -24 -25 -26 29 27 -29 -30 -31 31 32 -34 -35 -36 36 37 -39 -40 56 41 -43 45 44 -46 46 47 -49 51 61 55 52 -54 -55 -56 -57 57 -59 59 -61 -62 -63
leaf_value=0.20427988719641199 -0.0019255409681155919 -0.011844859096795512 0.11442503323259884 0.068884319752766696 -0.0048223873537051286 0.26645540397974754 -0.13549768489498934 -0.061925369054039482 -0.14925816667869099 0.072802389545822979 -0.12604038760810993 -0.14614525142693588 0.2878899556594916 0.33468459591170219 0.50690139053729799 0.037629637219942697 -0.25969717518369906 -0.1888287505691513 0.0086023720234100313 0.55381953357364366 0.038908106125721875 0.4191994909491194 -0.21713265410639601 0.13690023974152307 0.10541880578487456 0.33784838561682545 0.14872111558809184 -0.11970046562331933 -0.032972507365659307 0.021871206010366285 0.071121037127506045 -0.21095383827670072 0.029093935792253091 0.25360079967111598 -0.22325323402014732 -0.0071177982931898559 0.15819593636969631 0.060123024233589541 -0.26520974661785829 0.015793864812694371 -0.20557953963323894 0.093586636660264289 -0.0052250224985574941 -0.079832211543057419 0.14568138264220007 0.28764404086067397 0.26030988743816846 -0.12435902411165221 0.29061952595007629 -0.18581767576157351 -0.3506249097824754 -0.30347054537700174 0.11773765860211856 -0.080456180482916265 -0.034527494295425447 -0.072244026346622331 -0.062190468151520031 0.022092500988907471 -0.031654267601459944 0.022352296121992347 -0.34049365197501469 0.012914725956302242
leaf_weight=308 60584 67286 421 3325 59953 340 467 9911 474 525 356 1157 850 393 248 11370 213 670 279 242 549 398 552 408 254 286 1121 3641 913 328 8492 584 1202 237 317 8832 208 14430 445 2828 333 3724 9230 814 834 254 1056 276 262 1306 257 461 430 1357 410 1424 1639 1490 213 382 925 522
leaf_count=308 60584 67286 421 3325 59953 340 467 9911 474 525 356 1157 850 393 248 11370 213 670 279 242 549 398 552 408 254 286 1121 3641 913 328 8492 584 1202 237 317 8832 208 14430 445 2828 333 3724 9230 814 834 254 1056 276 262 1306 257 461 430 1357 410 1424 1639 1490 213 382 925 522
internal_value=0.000237574 2.21603e-05 0.00356469 -0.00771307 -0.000508126 0.0620754 0.0436848 -0.0414282 0.0122742 0.0758814 0.137582 -0.0765984 0.205878 0.00950668 0.0174641 0.0475818 0.0127572 0.0100501 0.0804114 0.262427 0.0403724 0.152715 -0.0895417 0.276645 -0.0613107 0.0119109 0.0105487 -0.0527169 0.0671883 0.169363 0.0160374 0.0501628 -0.0494729 0.00967618 0.0086187 0.00996923 0.0300863 0.0518705 -0.130307 -0.00571499 0.00700758 0.0689864 -0.00613195 0.0963622 0.0343121 -0.0174056 0.0393995 0.18057 -0.0198824 -0.0375 -0.0221445 -0.0467223 -0.0883584 -0.137143 0.0924846 -0.114987 -0.0451834 -0.0822715 -0.131488 -0.206121 -0.282767 -0.129092
internal_weight=292996 292688 225402 77779 64085 4132 3792 13694 3783 2205 1731 1578 1375 147623 87039 11763 75276 72381 2895 521 2374 1273 1101 806 467 71711 71097 5675 2034 614 65422 10278 1786 55144 54907 54590 23915 15083 653 30675 23198 4057 19141 1896 1648 17245 4506 1332 3174 12739 10911 2920 2248 1818 672 1681 7477 4649 3159 1520 1138 1828
internal_count=292996 292688 225402 77779 64085 4132 3792 13694 3783 2205 1731 1578 1375 147623 87039 11763 75276 72381 2895 521 2374 1273 1101 806 467 71711 71097 5675 2034 614 65422 10278 1786 55144 54907 54590 23915 15083 653 30675 23198 4057 19141 1896 1648 17245 4506 1332 3174 12739 10911 2920 2248 1818 672 1681 7477 4649 3159 1520 1138 1828
is_linear=0
shrinkage=0.05


Tree=91
num_leaves=63
num_cat=0
split_feature=16 20 17 20 20 18 18 11 17 17 4 7 11 10 0 6 7 13 28 8 7 10 24 7 20 26 6 26 0 14 14 9 31 31 31 27 14 14 14 31 31 8 13 11 14 26 24 7 14 27 11 26 28 13 31 14 27 17 31 2 31 28
split_gain=5255.58 9752.88 7104 3590.67 3446.48 3021.45 2801.93 1975.76 1862.95 1747.18 1720.11 1692.5 1617.24 1608.48 2428.86 1841.99 1518.85 2088.23 1717.55 1585.88 1477.55 1468.24 1453.54 1376.39 1565.64 1359.18 1347.1 1329.9 1620.39 1318.31 1254.84 1991.47 2045.94 2611.18 2381.28 1828.48 1609.26 1558.54 1525.75 1432.74 1418.38 1318.45 1998.65 1366.63 1251.69 1230.47 1262.63 1215.51 1184.97 2391.66 1248.16 1187.84 1863.45 1306.89 1180.65 1179.17 1178.78 1432.61 1170.88 1144.34 1142.35 1109.5
threshold=1.0000000180025095e-35 0.35500000000000004 2.5000000000000004 0.87500000000000011 0.35500000000000004 4.5000000000000009 10.500000000000002 -13.734583333333331 2.5000000000000004 3.5000000000000004 841.50000000000011 0.17825406622337864 -0.76618055555555542 6.5000000000000009 2037.5000000000002 -2.7138021703143655 0.47876319838701126 -24.249999999999996 0.5456864564007422 23.500000000000004 -1.2241330098472953 5.5000000000000009 20.500000000000004 0.51912171279215713 0.54500000000000015 1.4683899120679713 23.934340134619433 2.00011456065987 3238.5000000000005 52.250000000000007 58.250000000000007 6.5000000000000009 2.0483156625553449 3.4279507862550971 5.6021743697479005 0.53581294396211532 64.750000000000014 60.750000000000007 67.250000000000014 5.197175151975685 0.86700805668802194 9.5000000000000018 -21.749999999999996 -12.883541666666664 44.250000000000007 0.92983930866398101 131.50000000000003 0.25644940301428859 56.750000000000007 0.48787834263884816 -6.4741666666666653 0.99324141763516705 0.48011299435028254 -14.749999999999998 2.7241647754203036 38.750000000000007 0.47949210926860536 3.5000000000000004 5.39135399083675 1295.5000000000002 3.4485767209285352 0.5143682906688688
decision_type=2 2 2 2 2 2 2 2 2 2 2 2 2 2 2 2 2 2 2 2 2 2 2 2 2 2 2 2 2 2 2 2 2 2 2 2 2 2 2 2 2 2 2 2 2 2 2 2 2 2 2 2 2 2 2 2 2 2 2 2 2 2
left_child=4 6 3 7 16 23 9 44 20 13 21 27 -13 14 -2 29 17 18 -1 22 -6 -5 59 24 -4 -23 45 28 -9 -16 41 37 36 54 35 39 -33 -32 -38 -35 -40 42 -24 -43 -3 -15 55 60 50 -50 51 53 -53 -44 -34 -47 -7 -58 -17 -19 -39 -36
right_child=1 2 5 10 8 56 -8 11 -10 -11 -12 12 -14 26 15 58 -18 19 -20 -21 -22 25 30 -25 -26 -27 -28 -29 -30 -31 31 32 33 34 61 -37 38 47 40 -41 -42 43 48 -45 -46 46 -48 -49 49 -51 -52 52 -54 -55 -56 -57 57 -59 -60 -61 -62 -63
leaf_value=0.050972309618544202 0.19145177027572002 0.1657377731072511 -0.0049562825706376224 0.12230260404352802 -0.046627420029141164 -0.034748420364912588 -0.037531471489346886 0.022615137552093302 -0.0026928159126987945 -0.037737314687288609 -0.01078219050303275 0.014747597312910249 -0.019676717721228282 -0.026224370228133023 0.007210598361412972 0.019255138227048132 -0.011619142750244839 0.1007980084530644 -0.077801989211857756 0.035335306136226451 -0.016264561464461796 0.05994392671252681 -0.16106733929747846 -0.015990509241896645 0.041464909099789893 -0.06106084964211056 -0.081608365807806033 -0.028099627336697006 0.061173080645880021 0.17033026792300668 -0.13074665389818904 -0.001153864273463145 -0.029870960288274413 -0.0033031367907989211 -0.0083876241268820758 0.12737613165136011 0.1714161505524322 -0.055913298875663653 -0.063733905834971738 0.12757346311703008 0.11178292228640724 0.11272345602281542 -0.10081509998124233 0.011707793186272363 0.04254243852537154 -0.11390688110922659 -0.02357218391866733 -0.098463278256341782 -0.048538353474227247 0.13033055998471993 -0.02140339280951602 0.17689017960334391 0.0078966661037281529 0.052525944098241351 -0.10691250895025556 0.0036422146478657571 0.0068174435905373476 -0.032910770656579789 -0.033710965814332854 0.01483488897318486 0.052843577638972829 -0.10195741383792356
leaf_weight=3620 200 212 2726 941 4323 6491 7807 26173 27298 3842 859 11613 4830 5960 206 4460 14920 407 278 3555 54687 6416 216 2568 5441 240 586 1153 3041 310 601 1169 978 1898 645 401 338 489 211 234 251 346 265 9558 6581 214 5450 498 331 427 6847 278 393 290 1013 27698 6372 3523 1361 7591 475 622
leaf_count=3620 200 212 2726 941 4323 6491 7807 26173 27298 3842 859 11613 4830 5960 206 4460 14920 407 278 3555 54687 6416 216 2568 5441 240 586 1153 3041 310 601 1169 978 1898 645 401 338 489 211 234 251 346 265 9558 6581 214 5450 498 331 427 6847 278 393 290 1013 27698 6372 3523 1361 7591 475 622
internal_value=-0.000380772 0.00627726 0.0166622 0.0259911 -0.00712216 -0.00468476 -0.00966459 0.0212135 -0.0134934 -0.00533762 0.0562706 0.0175559 0.00463515 -0.00265672 0.0203319 0.0149019 0.00217526 0.00682918 0.0417707 0.00345079 -0.0184897 0.0638528 0.000367419 0.015933 0.0259716 0.0555723 -0.00642271 0.0245518 0.0266307 0.105349 -0.00487371 -0.0193758 -0.00776456 -0.0227346 0.00157181 0.0295629 0.0362527 -0.0630265 0.0908462 0.0111144 0.0316581 0.00264386 -0.0111542 0.0152478 0.046411 -0.0053002 -0.0015615 -0.0351177 -0.00746963 0.0522619 -0.0130838 0.0333593 0.0780709 -0.0207406 -0.0691029 0.00273692 -0.0181923 -0.00732922 0.00686754 0.0192214 -0.00232536 -0.0543674
internal_weight=292727 147274 89180 62059 145453 27121 58094 53603 86308 50287 8456 46810 16443 46445 6537 6337 59145 44225 3898 40327 59010 7597 36772 10735 8167 6656 39908 30367 29214 516 28774 9823 7760 5791 3800 2533 1969 2063 800 2132 462 18951 9047 9904 6793 39322 33362 1462 8831 758 8073 1226 671 555 1991 27912 16386 9895 5821 7998 964 1267
internal_count=292727 147274 89180 62059 145453 27121 58094 53603 86308 50287 8456 46810 16443 46445 6537 6337 59145 44225 3898 40327 59010 7597 36772 10735 8167 6656 39908 30367 29214 516 28774 9823 7760 5791 3800 2533 1969 2063 800 2132 462 18951 9047 9904 6793 39322 33362 1462 8831 758 8073 1226 671 555 1991 27912 16386 9895 5821 7998 964 1267
is_linear=0
shrinkage=0.05


Tree=92
num_leaves=63
num_cat=0
split_feature=7 13 14 14 14 29 13 29 14 13 14 14 29 29 29 29 29 13 26 31 29 29 29 28 28 13 14 13 29 29 29 13 14 6 25 31 14 13 29 29 14 31 26 14 13 14 13 13 13 14 14 29 29 28 29 29 29 29 25 14 26 29
split_gain=4234.39 6458.12 6033.25 5760.68 8742.8 5640.57 6039.1 7199.03 7985.8 5259.5 5064.91 13318.6 11955.3 6572.43 21022.5 6149.26 5812.43 5451.92 5383.84 7039.9 10606.1 7292.25 5311.01 5162.69 4833.92 4567.52 11356.3 7794.72 4481.59 9397.5 9421.78 6249.69 7714.68 4636.15 4589.63 4462.48 4445.07 7484.99 4348.36 8619.46 14206.3 5834.4 8252.25 6423.15 5701.35 5587.77 6630.19 5451.75 5378.95 8910.6 11991.7 11339.7 12732.2 11292.7 8321.41 7422.35 6937.14 7430.5 6804.55 6772.88 7465.1 5700.14
threshold=0.24227274968254817 3.2500000000000004 53.750000000000007 48.250000000000007 49.750000000000007 4.9500000000000011 10.750000000000002 2.6500000000000008 43.250000000000007 23.750000000000004 47.250000000000007 46.250000000000007 19.050000000000004 17.350000000000005 20.150000000000002 5.3500000000000005 6.9500000000000011 -3.7499999999999996 1.0254251437702437 4.6535586485732887 14.450000000000001 8.2500000000000018 1.0000000180025095e-35 0.31674917491749183 0.47734604105571854 -29.749999999999996 54.250000000000007 -29.249999999999996 7.6500000000000012 5.3500000000000005 4.9500000000000011 -43.249999999999993 59.750000000000007 2.853725626621062 2.2948104445133093 2.1307581916728267 46.750000000000007 -6.7499999999999991 2.1500000000000008 1.7500000000000002 66.750000000000014 3.0398281710914459 1.0600282157419036 71.750000000000014 6.7500000000000009 61.750000000000007 4.2500000000000009 7.2500000000000009 13.750000000000002 58.750000000000007 62.250000000000007 16.450000000000003 10.850000000000003 0.45171006607073461 11.950000000000001 7.1500000000000012 15.450000000000001 14.350000000000003 2.7014933254980069 75.250000000000014 1.0715107238337305 19.550000000000004
decision_type=2 2 2 2 2 2 2 2 2 2 2 2 2 2 2 2 2 2 2 2 2 2 2 2 2 2 2 2 2 2 2 2 2 2 2 2 2 2 2 2 2 2 2 2 2 2 2 2 2 2 2 2 2 2 2 2 2 2 2 2 2 2
left_child=1 2 10 5 9 6 7 -3 -9 -5 11 13 17 23 -15 24 -17 -12 19 21 -21 22 -19 -1 -13 26 -4 -27 29 30 -28 -30 -33 -31 -34 -8 37 -18 39 44 -41 42 -40 -44 45 46 -6 -46 49 -43 55 52 53 -52 -54 -51 57 -50 -57 60 -55 -58
right_child=-2 3 25 4 38 -7 35 8 -10 -11 12 15 -14 14 -16 16 36 18 -20 20 -22 -23 -24 -25 -26 27 28 -29 31 33 -32 32 34 -35 -36 -37 -38 -39 41 40 -42 48 43 -45 47 -47 -48 -49 56 50 51 -53 54 59 -56 58 61 -59 -60 -61 -62 -63
leaf_value=0.2389448072345367 -0.009049337641603138 -0.044647129799354118 0.39875817346982045 0.053471922254106866 -0.096648533213073803 -0.058789735317789374 -0.11575580634116166 -0.077252573171957731 0.22152941442141361 0.26310687377900799 0.003487904830809001 0.10945399002475519 -0.31575516320399344 0.53071029374257017 -0.084612039830320326 -0.047413934649187778 0.18689435432782076 0.22968559893006835 -0.072210725746093982 0.186775397507075 -0.17504248823256899 -0.2033602217932905 -0.023781463406500641 -0.013216425741190316 0.37448466844812395 -0.25762302392981801 0.061937188514303333 0.01774745302407741 0.19082757034247705 0.29260498449000732 -0.2621505932956143 0.082627688596884796 0.03100336372276874 0.089300541350128979 -0.22426458717120862 0.074127478911424183 0.169991609112144 -0.11269883136254835 0.001504703621668233 0.046298927862244585 0.46102758347732975 0.045223333167413615 -0.056893279385556932 -0.24824912589196915 -0.22790892879877772 0.26336704855351006 0.16830420433861121 -0.0062357668897375911 -0.024758224966621924 -0.28946879831024352 -0.099510922365239687 0.32461212348180474 -0.31923863923693196 0.20587158997327479 -0.047757120681161253 -0.012131310091063883 -0.25109414497159549 0.17410911680435343 -0.16405474471200976 0.31414528715461287 0.020923592985302681 0.027971985571658455
leaf_weight=205 98083 795 243 3534 482 9317 1060 295 918 326 20838 355 325 231 345 750 381 222 5931 905 260 547 2821 13865 335 257 1671 65491 305 615 258 584 245 517 623 436 1349 458 8556 706 291 11755 9049 460 300 364 461 3533 9945 416 842 298 350 800 1444 2106 584 492 1133 351 1712 266
leaf_count=205 98083 795 243 3534 482 9317 1060 295 918 326 20838 355 325 231 345 750 381 222 5931 905 260 547 2821 13865 335 257 1671 65491 305 615 258 584 245 517 623 436 1349 458 8556 706 291 11755 9049 460 300 364 461 3533 9945 416 842 298 350 800 1444 2106 584 492 1133 351 1712 266
internal_value=-0.000580387 0.00369458 0.010795 -0.00800754 -0.00156103 -0.0384532 0.0156224 0.0722646 0.148862 0.0712404 -0.00247896 0.0185035 -0.0145182 -0.00274372 0.16265 0.104254 0.0726593 -0.0114027 -0.0404374 -0.000799071 0.105945 -0.0354589 -0.00522057 -0.00952571 0.238484 0.020191 0.0659576 0.0166672 0.0490933 0.0856187 0.0184777 -0.0145528 -0.0577956 0.199914 -0.15226 -0.0604029 0.113821 0.0234106 -0.00651869 0.0332225 0.167689 -0.0113432 -0.0341222 -0.0661753 0.00711272 0.097251 0.0329188 -0.0236405 0.00132147 0.0161624 -0.0199803 0.0247385 0.0084318 0.0613699 -0.10087 -0.0908937 -0.0265619 -0.0153678 -0.0653083 0.108703 0.0798827 -0.163833
internal_weight=292392 194309 120932 73377 60556 12821 3504 2008 1213 3860 50123 18274 31849 14646 576 3628 2938 31524 10686 4755 1165 3590 3043 14070 690 70809 5061 65748 4818 3061 1929 1757 1452 1132 868 1496 2188 839 56696 6137 997 50559 18065 9509 5140 1307 943 3833 32494 21207 9452 5797 5499 3705 1794 3655 11287 10437 3239 2863 2512 850
internal_count=292392 194309 120932 73377 60556 12821 3504 2008 1213 3860 50123 18274 31849 14646 576 3628 2938 31524 10686 4755 1165 3590 3043 14070 690 70809 5061 65748 4818 3061 1929 1757 1452 1132 868 1496 2188 839 56696 6137 997 50559 18065 9509 5140 1307 943 3833 32494 21207 9452 5797 5499 3705 1794 3655 11287 10437 3239 2863 2512 850
is_linear=0
shrinkage=0.05


Tree=93
num_leaves=63
num_cat=0
split_feature=27 29 6 29 13 7 13 29 6 27 13 29 26 12 13 13 27 13 29 29 27 29 29 26 29 29 29 29 29 13 29 13 28 13 29 29 29 29 13 13 6 13 28 26 28 29 13 13 13 27 29 11 28 31 29 13 29 28 13 13 13 31
split_gain=4483.34 4989.69 5274.56 8210.33 6195.44 5042.94 6334.55 6975.63 5567.22 5504.26 5145.16 4441.02 4403.11 4383.04 4238.88 14707.9 16146.8 4401.58 5831.18 5216.94 4385.25 4789.69 8732.2 4889.41 4218.33 4179.14 7822.44 13817.6 7378.1 9798.41 6370.17 8348.61 6431.04 7516.91 14322.9 6536.85 6776.81 10487.6 9363.25 6382.16 6174.78 8013.76 5140.23 6035.27 5012.21 4999.79 6119.69 5021.68 5767.05 6951.69 5484.2 6448.53 4846.5 8427.9 8154.28 7576.03 5939.09 5567.37 5541.06 6638.93 7447.05 7453.66
threshold=0.47949210926860536 16.250000000000004 -4.5746280865273663 16.750000000000004 -20.249999999999996 0.38604419649897498 -2.7499999999999996 15.950000000000001 -6.779226830157036 0.48894993894993899 -34.749999999999993 20.050000000000004 1.3150993323507032 32.236319444444447 2.2500000000000004 -3.2499999999999996 0.52393684746625935 7.2500000000000009 18.550000000000004 17.350000000000005 0.53453697679462164 18.050000000000004 20.150000000000002 1.0950293466823289 17.150000000000002 10.850000000000003 6.5500000000000007 6.0500000000000007 11.550000000000002 -24.249999999999996 7.7500000000000009 -28.749999999999996 0.37537878787878792 -6.2499999999999991 9.3500000000000032 10.750000000000002 8.6500000000000004 8.4500000000000011 -7.2499999999999991 -32.749999999999993 2.7200643277694598 -4.2499999999999991 0.48285658307210039 1.0419297422737646 0.47734604105571854 7.5500000000000007 -17.249999999999996 -6.7499999999999991 -9.2499999999999982 0.56012048192771091 7.2500000000000009 -1.7379861111111115 0.51863425925925932 0.55053539253539274 5.8500000000000005 -6.2499999999999991 1.3500000000000003 0.48657657657657666 -3.2499999999999996 -13.249999999999998 -12.249999999999998 2.6691261312217196
decision_type=2 2 2 2 2 2 2 2 2 2 2 2 2 2 2 2 2 2 2 2 2 2 2 2 2 2 2 2 2 2 2 2 2 2 2 2 2 2 2 2 2 2 2 2 2 2 2 2 2 2 2 2 2 2 2 2 2 2 2 2 2 2
left_child=-1 5 3 -3 -4 6 8 -8 9 -2 -10 13 -7 -5 15 20 -17 19 -19 -16 21 24 23 -23 -6 26 27 52 29 -27 45 39 -33 35 -35 36 37 38 44 -32 41 -36 -39 -44 -34 47 -47 48 49 -28 51 -49 54 55 -12 -54 -55 -56 59 -58 -61 -62
right_child=1 2 4 11 14 12 7 -9 10 -11 25 -13 -14 -15 17 16 -18 18 -20 -21 -22 22 -24 -25 -26 28 30 -29 -30 -31 31 32 33 34 40 -37 -38 42 -40 -41 -42 -43 43 -45 -46 46 -48 50 -50 -51 -52 -53 53 56 57 -57 58 -59 -60 60 61 -63
leaf_value=-0.0080140838530097288 -0.084790585543942143 0.15979685007343786 -0.11521802661949632 -0.076237681125228232 0.098872675252824477 -0.0089255179681817839 -0.0021674243328992197 -0.23160697490580984 0.074055986177742464 0.088595799864794253 -0.01604848400589317 0.07265658866721246 -0.091346883384146274 -0.32959603622657108 0.10166848030760023 0.58350433241177224 0.051306681467337523 -0.0091596800785289333 0.25098623502380996 -0.13927574969200254 -0.098237438740242017 0.1739780442718788 -0.040194870514940598 0.48403772261323141 -0.11449343724047459 0.13029763321742613 0.084376109554903475 -0.096984404614375103 0.0070947948230209827 -0.13643465257835174 0.068165439915300344 -0.21364302226822032 0.1138295807640019 -0.14854456389019929 -0.043986995279511366 0.24717299160416997 0.015247216951280847 0.068604233966709227 0.22149430738538589 -0.2341033542262162 -0.095064621441938349 0.24060922560418471 0.54059889171319675 0.19959177461337962 -0.046344939376824434 0.40244729900221787 0.11638255022128006 0.26566512499321687 -0.10533107156036481 -0.13416887212561029 -0.045140842982857934 -0.01192555079196996 0.25227488144567634 -0.21408249197449264 0.27092494271327422 0.0082791300779772991 0.062755247659978058 -0.016134102638780831 0.2240826259157217 -0.2378146960888802 -0.043578349576203428 0.1160700943725449
leaf_weight=115465 511 363 405 409 696 38818 63901 332 3435 4332 13029 225 1690 293 367 326 253 468 398 576 335 290 268 228 346 411 3063 3261 7045 2099 258 263 736 1421 389 427 6076 228 668 537 392 677 236 291 1447 236 893 817 635 412 304 281 802 260 429 527 4464 278 345 372 2949 971
leaf_count=115465 511 363 405 409 696 38818 63901 332 3435 4332 13029 225 1690 293 367 326 253 468 398 576 335 290 268 228 346 411 3063 3261 7045 2099 258 263 736 1421 389 427 6076 228 668 537 392 677 236 291 1447 236 893 817 635 412 304 281 802 260 429 527 4464 278 345 372 2949 971
internal_value=-0.000347761 0.00464787 0.0485391 -0.0414967 0.0719782 0.00304392 0.00782961 -0.00335691 0.0186825 0.0702875 0.0146086 -0.120408 -0.0123663 -0.182303 0.0886587 0.127844 0.351445 0.0292262 0.110551 -0.0454959 0.0678545 0.0983296 0.191436 0.311122 0.0279818 0.0110824 0.017051 -0.000329099 -0.0191336 -0.0927241 0.040311 0.02123 0.0306754 0.0356388 -0.0356294 0.0559372 0.0474786 0.101768 0.0578417 -0.136046 0.0744467 0.136812 0.267345 0.353035 0.00768541 0.0806587 0.176483 0.0610029 0.0331126 0.058434 0.142682 0.194678 0.0125783 0.0378231 -0.00706962 0.1556 0.0210872 0.158187 0.0278284 0.0200709 -0.0243282 -0.00401326
internal_weight=292659 177194 6246 1290 4956 170948 130440 64233 66207 4843 61364 927 40508 702 4551 2742 579 1809 866 943 2163 1828 786 518 1042 57929 48374 27687 9555 2510 20687 14046 13251 12988 2879 10109 9682 3606 2851 795 1458 1066 755 527 2183 6641 1129 5512 4110 3475 1402 1098 24426 10690 13736 1329 9361 707 9101 8756 4292 3920
internal_count=292659 177194 6246 1290 4956 170948 130440 64233 66207 4843 61364 927 40508 702 4551 2742 579 1809 866 943 2163 1828 786 518 1042 57929 48374 27687 9555 2510 20687 14046 13251 12988 2879 10109 9682 3606 2851 795 1458 1066 755 527 2183 6641 1129 5512 4110 3475 1402 1098 24426 10690 13736 1329 9361 707 9101 8756 4292 3920
is_linear=0
shrinkage=0.05


Tree=94
num_leaves=63
num_cat=0
split_feature=19 11 14 14 14 14 31 29 29 6 13 14 31 29 28 26 13 13 13 7 29 29 29 29 29 12 14 29 13 13 13 27 24 14 14 7 10 28 13 13 29 31 13 31 14 29 29 31 14 29 28 14 29 27 14 14 6 29 31 13 14 29
split_gain=4676 3324.96 3379.37 4664.63 3485.82 6533.33 16055.8 4955.82 9936.64 4357.71 6667.15 6968.54 5826.93 7892.37 4316.77 4249.72 4197.13 3800.52 7269.94 6643.6 7154.5 11835.1 5416.45 3557.08 4301.41 4369.35 3464.47 6251.18 4256.24 4690.31 9199.71 3963.36 3454.36 3359.8 3624.19 3333.14 6386.38 5381.16 5706.22 4916.09 3958.74 5700.27 3605.4 4555.86 4388.49 3907 4773.19 7965.5 3961.07 3723.41 4342.07 4744.42 5881.06 4230.81 4160.95 12461.8 3621.71 3566.38 5084.21 4664.73 7648.23 7088.29
threshold=24.500000000000004 -2.5918055555555553 84.750000000000014 80.250000000000014 64.250000000000014 67.750000000000014 8.7030259740259748 4.6500000000000012 4.8500000000000005 -1.8496621004453464 5.7500000000000009 65.750000000000014 5.6382486524661504 8.6500000000000004 0.51863425925925932 1.145400794535907 -1.7499999999999998 21.750000000000004 8.7500000000000018 0.55858492808748383 3.7500000000000004 2.9500000000000006 2.2500000000000004 16.350000000000005 14.050000000000002 23.50180555555556 63.750000000000007 2.1500000000000008 11.250000000000002 -1.2499999999999998 2.7500000000000004 0.54180107526881727 112.50000000000001 66.750000000000014 65.250000000000014 -0.028456262919584231 6.5000000000000009 0.38032489415017717 -24.749999999999996 -28.249999999999996 17.350000000000005 7.438539403515704 -20.249999999999996 5.9147068525579458 61.250000000000007 11.350000000000003 9.4500000000000011 4.7320619803476953 56.750000000000007 6.9500000000000011 0.5582108717363391 61.250000000000007 7.7500000000000009 0.51863425925925932 54.750000000000007 51.250000000000007 -6.0729363034975314 3.4500000000000006 1.6675345496813834 -46.249999999999993 67.750000000000014 5.1500000000000012
decision_type=2 2 2 2 2 2 2 2 2 2 2 2 2 2 2 2 2 2 2 2 2 2 2 2 2 2 2 2 2 2 2 2 2 2 2 2 2 2 2 2 2 2 2 2 2 2 2 2 2 2 2 2 2 2 2 2 2 2 2 2 2 2
left_child=-1 35 3 4 26 6 7 17 -9 10 12 -12 13 16 15 -13 -10 18 19 20 21 33 -20 24 -7 -26 -3 -28 29 32 -31 -32 -29 34 -6 36 -2 -38 39 -39 41 42 -40 45 -45 46 49 -48 -49 -44 51 54 -53 -54 55 -51 -47 58 -37 60 61 -59
right_child=1 2 -4 -5 5 23 -8 8 9 -11 11 14 -14 -15 -16 -17 -18 -19 22 -21 -22 -23 -24 -25 25 -27 27 28 -30 30 31 -33 -34 -35 -36 57 37 38 40 -41 -42 -43 43 44 -46 56 47 48 -50 50 -52 52 53 -55 -56 -57 -58 59 -60 -61 -62 -63
leaf_value=0.013772716495729382 0.11444909632456442 -0.01016533434219407 0.1775762792722303 -0.18981157830961198 0.15736016809879411 -0.017106464669887782 0.43385324865938674 -0.22557397154855177 0.22353932312111555 -0.014848818414862526 -0.078948237867062704 0.30007341775780838 -0.069872918561274242 0.40783348250428197 -0.041240831422452648 0.012286583123968381 -0.060211154054208051 0.26206660509190483 0.059706012733439187 -0.01951937071531766 0.33214581233025953 -0.19514988368130565 -0.18274876664576031 -0.15332426268795277 -0.026274646531517915 0.29019301695844685 -0.32583847120067116 -0.22220478681655145 -0.19995022082608963 0.33949906003739067 -0.10943938680792571 0.15008603054596936 4.8815866530929489e-05 0.037890146664389772 0.39257422488558447 -0.014920333019914684 -0.13361588309167982 0.042908974907084091 -0.073184868975572206 0.27473184047744442 -0.18447692074919703 0.23400527673078977 0.014705435530748812 -0.014797290439507008 -0.22750440480131096 0.33068948251979768 -0.21924283707262893 -0.074012963842191512 0.14470349570139407 0.17431201344503078 0.31085424122941541 0.18694688393956138 -0.0020173535311600837 -0.28817769932609644 0.22446559524536133 -0.19485320994991864 0.045928410389646894 -0.17808451481367127 -0.13362001415889366 0.0025779094793742462 0.37014124494631362 0.10529814322703301
leaf_weight=50734 1767 113355 244 352 534 10771 248 441 297 4055 1036 354 214 342 292 201 231 252 469 759 439 271 451 455 204 233 220 338 362 227 465 214 361 323 237 12898 593 554 1174 389 252 290 5486 915 329 202 510 427 400 719 200 209 298 227 574 334 249 278 969 71415 210 1055
leaf_count=50734 1767 113355 244 352 534 10771 248 441 297 4055 1036 354 214 342 292 201 231 252 469 759 439 271 451 455 204 233 220 338 362 227 465 214 361 323 237 12898 593 554 1174 389 252 290 5486 915 329 202 510 427 400 719 200 209 298 227 574 334 249 278 969 71415 210 1055
internal_value=-2.95488e-05 -0.00292113 -0.00795804 -0.008285 -0.00782278 0.0099041 0.036739 0.0279063 0.00437225 0.0188435 0.0648804 0.00799101 0.163604 0.221048 0.114298 0.196057 0.0995193 0.0749164 0.0613045 0.104573 0.156765 0.100158 -0.0592189 -0.0164324 -0.010862 0.142737 -0.0113683 -0.0736867 -0.0453334 -0.0103575 0.0646919 -0.0275445 -0.107585 0.173422 0.230078 0.00389343 0.0247893 0.0137272 0.0200965 0.138729 0.011343 0.0152916 0.0100965 0.0189273 -0.0711894 0.030332 0.0234133 -0.0640393 0.0318219 0.0379496 0.0877164 0.0686908 -0.0368012 -0.12606 0.116276 0.0571431 0.173921 1.89374e-05 -0.0232239 0.00443692 0.0904204 0.0461089
internal_weight=292904 242170 139247 139003 138651 23109 11446 11198 7463 7022 2967 1883 1084 870 847 555 528 3735 3483 2563 1804 1365 920 11663 11208 437 115542 2187 1967 1605 906 679 699 1094 771 102923 16098 14331 13738 943 12795 12543 12253 11079 1244 9835 9384 1337 827 8047 2561 2361 734 525 1627 1053 451 86825 13867 72958 1543 1333
internal_count=292904 242170 139247 139003 138651 23109 11446 11198 7463 7022 2967 1883 1084 870 847 555 528 3735 3483 2563 1804 1365 920 11663 11208 437 115542 2187 1967 1605 906 679 699 1094 771 102923 16098 14331 13738 943 12795 12543 12253 11079 1244 9835 9384 1337 827 8047 2561 2361 734 525 1627 1053 451 86825 13867 72958 1543 1333
is_linear=0
shrinkage=0.05


Tree=95
num_leaves=63
num_cat=0
split_feature=13 13 3 5 13 29 5 16 19 17 19 19 19 25 13 29 22 29 29 29 29 25 13 29 25 16 24 25 18 29 12 13 29 13 5 10 27 12 7 25 13 10 27 25 25 17 19 29 17 10 29 28 23 27 25 29 25 12 11 19 25 13
split_gain=4356.47 4423.12 4226.88 3060.95 3715.06 3965.68 3004.39 2685.23 5995.65 4751.77 3180.63 2647.41 2473.15 2365.56 2310.96 3189.35 3455.62 2502.97 7349.81 3436.85 2599.45 2306.08 2611.5 2279.33 2270.94 3492.74 2312.61 2261.16 1980.13 1917.87 1850.27 1846.03 1820.45 2439.89 1739.34 1797.55 2146.7 3360.56 2896.27 2026.12 1884.65 1738.71 1730.04 2086.49 2076.87 1721.01 1716.93 1702.92 1683.05 1588.37 1660.79 1581.16 1554.14 1543.4 1534.01 1526.63 1520.67 1505.54 1491.92 1461.49 1450.37 1447.89
threshold=-54.749999999999993 -52.249999999999993 1.5000000000000002 35.500000000000007 -46.249999999999993 7.7500000000000009 -36.499999999999993 1.0000000180025095e-35 64.500000000000014 3.5000000000000004 64.500000000000014 5.5000000000000009 31.500000000000004 1.0013192612137207 13.750000000000002 11.450000000000001 2.5000000000000004 18.950000000000003 16.250000000000004 15.350000000000003 20.250000000000004 2.7098046480536384 -3.2499999999999996 8.1500000000000004 3.4004347045252561 1.0000000180025095e-35 21.500000000000004 2.4296440523417426 11.500000000000002 2.8500000000000001 70.215277777777786 -24.249999999999996 3.1500000000000008 19.250000000000004 19.500000000000004 13.500000000000002 0.54007299270073006 43.25298611111112 -0.12512102549479506 2.8318884565109612 -13.249999999999998 5.5000000000000009 0.49257407543562975 2.1006783442766852 2.130227141517222 2.5000000000000004 65.500000000000014 4.1500000000000012 2.5000000000000004 6.5000000000000009 6.7500000000000009 0.5208957085828344 1.0000000180025095e-35 0.43490542864161147 3.5066634441452709 4.3500000000000005 2.8575527772084448 59.488611111111119 -2.9289583333333336 12.500000000000002 2.5782750112570754 16.750000000000004
decision_type=2 2 2 2 2 2 2 2 2 2 2 2 2 2 2 2 10 2 2 2 2 2 2 2 2 2 2 2 2 2 2 2 2 2 2 2 2 2 2 2 2 2 2 2 2 2 2 2 2 2 2 2 8 2 2 2 2 2 2 2 2 2
left_child=-1 -2 12 4 5 -4 29 10 9 11 45 56 24 -10 17 16 27 18 19 30 -19 22 -20 32 25 -3 -26 -16 52 -6 34 53 33 -18 35 36 -14 39 -39 -38 -40 -21 43 -37 -44 -8 -12 58 -48 50 -34 -25 -13 -5 -32 -28 -9 -49 -42 -27 -31 -17
right_child=1 2 3 31 6 -7 7 8 13 -11 46 28 14 -15 15 61 23 20 21 41 -22 -23 -24 51 26 59 55 -29 -30 60 54 -33 49 -35 -36 42 37 38 40 -41 47 -43 44 -45 -46 -47 48 57 -50 -51 -52 -53 -54 -55 -56 -57 -58 -59 -60 -61 -62 -63
leaf_value=0.18679783990065132 -0.18306721657702818 0.011521330126731961 0.0079807022149756632 -0.063766686660504959 0.082465404719813895 0.25025965950801426 -0.019935011035077787 0.074681840394344903 0.15837198048483625 -0.024708306482999848 0.02566790498723236 -0.032527191379678091 0.0081849043899043759 -0.011905197647047713 0.22312006127413875 -0.18754879322305726 0.11774240690180651 -0.23166505677479618 -0.012751263893133621 -0.18718914129341879 -0.0067468823358133624 0.21525078708154133 0.1868427908539565 0.070469574727976964 0.024294617406619146 0.10240226363408687 0.03777286464851054 0.02066950835460038 -0.016859286763964216 -0.03059672329486593 0.1271277214030205 -0.062109993145444631 0.020957788486132584 -0.084245892698373057 -0.078475020787125038 0.13202070961497056 -0.073160789547004168 0.12591233383129602 0.028764557186063789 -0.25586733032395625 -0.22653639447830975 -0.016842280406225135 -0.067985478128805232 -0.014305626619844894 0.052754559515523991 -0.0022986317702972923 -0.0085556613234541706 -0.0020321053335959432 0.015738914471935084 -0.1241178220402967 -0.12462023262927931 -0.086686655535998913 0.019744209653485154 0.0021364068763761834 -0.032867650341774739 -0.08878440198018131 -0.010780966067627733 -0.14791299803625971 -0.057821753739190657 0.049203095867686814 -0.11594722357137331 -0.058685733469368485
leaf_weight=312 328 5181 385 1166 212 300 43383 2965 204 7281 7224 1464 34449 40680 240 369 316 216 380 333 315 502 287 771 2484 2027 314 323 4375 949 575 3275 564 282 576 266 509 354 1033 216 230 272 380 2781 5495 20308 23510 1121 10230 916 299 201 48594 3721 202 981 631 209 305 3564 1048 534
leaf_count=312 328 5181 385 1166 212 300 43383 2965 204 7281 7224 1464 34449 40680 240 369 316 216 380 333 315 502 287 771 2484 2027 314 323 4375 949 575 3275 564 282 576 266 509 354 1033 216 230 272 380 2781 5495 20308 23510 1121 10230 916 299 201 48594 3721 202 981 631 209 305 3564 1048 534
internal_value=0.000360354 0.000160921 0.000367169 -0.00301893 -0.00187132 0.114298 -0.00224535 -0.00163747 0.00396402 0.0133639 -0.00732132 0.0181412 0.0110445 -0.0110517 0.00625857 -0.0268496 -0.0072879 0.00938447 0.0105214 0.00758215 -0.0985025 0.134379 0.0732822 -0.0265631 0.0294027 0.0411013 -0.00394595 0.107214 0.0153955 -0.06024 0.0090545 -0.0330683 -0.0529345 0.0225088 0.0078126 0.00886394 0.00416923 -0.0306081 -0.00889139 -0.127872 -0.0253958 -0.110758 0.0290808 -0.00149236 0.0449348 -0.0143117 0.0035475 -0.055394 -0.00118927 -0.0782927 -0.0295659 0.0379155 0.0182149 -0.0135974 0.0855443 -0.0580925 0.0596866 -0.0250502 -0.130641 0.0685052 -0.0754232 -0.111493
internal_weight=292917 292605 292277 221905 213743 685 213058 210849 106194 65310 104655 58029 70372 40884 55821 4815 3912 51006 50475 49306 531 1169 667 3349 14551 10772 3779 563 54433 2209 48701 8162 2377 598 47924 47348 38426 3977 3252 725 2898 605 8922 3047 5875 63691 40964 1865 33740 1779 863 972 50058 4887 777 1295 3596 1330 535 5591 1997 903
internal_count=292917 292605 292277 221905 213743 685 213058 210849 106194 65310 104655 58029 70372 40884 55821 4815 3912 51006 50475 49306 531 1169 667 3349 14551 10772 3779 563 54433 2209 48701 8162 2377 598 47924 47348 38426 3977 3252 725 2898 605 8922 3047 5875 63691 40964 1865 33740 1779 863 972 50058 4887 777 1295 3596 1330 535 5591 1997 903
is_linear=0
shrinkage=0.05


Tree=96
num_leaves=63
num_cat=0
split_feature=13 8 13 29 29 29 26 29 28 27 9 29 24 27 13 29 29 31 13 13 13 27 27 31 13 29 25 24 29 13 28 29 29 13 29 29 6 13 13 29 31 29 29 29 13 13 13 13 31 13 13 25 6 13 28 13 13 29 13 29 29 28
split_gain=4270.45 3914.25 3596.95 6841.01 4216.8 21325.4 14965.7 10820.8 7385.92 6263.51 4658.6 5549.58 4898.31 4403.71 3664.68 4173.06 10458.6 3820.64 3784.82 5368.28 8273.33 4688.56 3593.21 5009.81 6387.6 6428.06 4353.61 4137.62 3964.99 12201.3 10450.8 7645.85 6204.98 9513.94 7037.76 9007.01 6512.38 7395.92 27216.1 8626.86 23058.2 8123.02 9313.57 11550.8 11157.4 7553.42 7421.63 6863.97 6136.18 6708.54 11436.2 7539.58 6097.92 6827.09 5932.96 7564.58 7294.45 25027.1 10464.9 8076.16 5871.84 5867.76
threshold=-54.749999999999993 38.500000000000007 17.250000000000004 25.950000000000006 18.950000000000003 18.550000000000004 1.1179484817880005 19.800000000000001 0.487260629665693 0.52647150420429789 9.5000000000000018 22.400000000000002 76.500000000000014 0.51928389290267762 -35.249999999999993 2.0500000000000003 2.8500000000000001 0.55053539253539274 -49.749999999999993 -46.249999999999993 -45.249999999999993 0.52280154486036856 0.47949210926860536 2.8008939974457223 15.250000000000002 3.9500000000000006 2.5782750112570754 95.500000000000014 14.750000000000002 4.7500000000000009 0.47922830374753461 15.350000000000003 10.850000000000003 16.750000000000004 6.5500000000000007 6.0500000000000007 12.964792052341862 7.2500000000000009 6.7500000000000009 8.5500000000000025 4.6805513068013074 10.550000000000002 7.7500000000000009 7.4500000000000011 -17.249999999999996 7.7500000000000009 -29.249999999999996 -14.249999999999998 3.5111678004535154 -5.2499999999999991 2.2500000000000004 3.1333568572100687 -10.630772922984765 -12.249999999999998 0.52011560693641623 -15.749999999999998 -3.2499999999999996 17.350000000000005 1.0000000180025095e-35 17.150000000000002 16.250000000000004 0.41946762914504859
decision_type=2 2 2 2 2 2 2 2 2 2 2 2 2 2 2 2 2 2 2 2 2 2 2 2 2 2 2 2 2 2 2 2 2 2 2 2 2 2 2 2 2 2 2 2 2 2 2 2 2 2 2 2 2 2 2 2 2 2 2 2 2 2
left_child=-1 2 3 4 5 14 -7 8 -6 10 11 13 -12 -9 15 17 -17 -2 -18 21 -21 -20 23 24 -16 -26 -25 -27 32 54 -31 -32 34 -34 35 -24 37 38 41 -40 -41 42 43 46 -45 -39 -36 -48 49 51 -51 -37 -49 -54 56 -56 59 58 -58 -30 -33 -43
right_child=1 -3 -4 -5 7 6 -8 9 -10 -11 12 -13 -14 -15 22 16 18 -19 19 20 -22 -23 28 26 25 27 -28 -29 29 30 31 60 33 -35 36 48 -38 45 39 40 -42 61 -44 44 -46 -47 47 52 -50 50 -52 -53 53 -55 55 -57 57 -59 -60 -61 -62 -63
leaf_value=0.18811390898484379 -0.0093759732832219087 -0.0219595615588704 -0.023939278847187717 0.28848247710597574 -0.060635343405670505 0.090579764946350755 0.64433757926467372 -0.058814470777789986 -0.3882564755312724 -0.26562568789848418 0.32379457697791691 -0.26261439965427835 0.045188763119825504 0.21724783992165417 0.0043674398588439481 -0.242255136010672 -0.12250010183603739 0.26038975501094125 0.25269843467607883 -0.20552741157875531 0.044551658911102965 -0.022673608520871972 0.0051313232829985934 -0.0042635779465590752 0.013809783927854001 0.42268019841088877 -0.032136162615417511 0.11129292992513572 0.10987203640682322 -0.23981608783737096 0.2909495201203614 -0.26374265114088419 -0.024217487839770253 0.28666812561274257 0.30918323777616047 -0.078824875669809891 -0.043649069165310549 -0.17147208561809071 0.16631936706776915 0.81940173133867522 0.091692112644262816 -0.12367192159776819 0.0062875559991152144 0.36337142327532229 0.10185010991896636 -0.0016062927289806029 -0.048017677417569599 0.28894721740032087 0.11580054098120802 0.078390880142515273 -0.083575316293945046 -0.27477102916146445 0.20952721625774506 0.027491227578624423 0.26119677696232368 -0.070369822192581755 -0.11001500114887244 0.59624414933682646 0.19245723168960843 -0.091917129770410944 0.025893730619083202 0.14906043004217773
leaf_weight=300 203 19495 13493 208 332 283 214 500 357 200 207 228 655 202 38714 348 350 370 529 349 6009 218 62311 34469 491 230 23603 200 1831 605 207 229 21110 248 239 3064 3431 725 616 218 217 218 24748 513 1982 6640 2263 261 529 1807 2743 584 562 6056 205 1042 419 308 896 679 731 2002
leaf_count=300 203 19495 13493 208 332 283 214 500 357 200 207 228 655 202 38714 348 350 370 529 349 6009 218 62311 34469 491 230 23603 200 1831 605 207 229 21110 248 239 3064 3431 725 616 218 217 218 24748 513 1982 6640 2263 261 529 1807 2743 584 562 6056 205 1042 419 308 896 679 731 2002
internal_value=-0.000121192 -0.000314767 0.00122983 0.00253757 0.00230726 0.00295859 0.329834 -0.0600628 -0.230706 -0.000953888 0.028717 -0.0488759 0.112391 0.0208183 0.0023235 0.0348493 0.0252743 0.164968 0.0377935 0.0457058 0.0307943 0.172413 0.00122459 -0.00623919 0.00746515 0.137531 -0.0155926 0.278443 0.00607863 0.0424077 -0.071358 0.0161052 0.00426249 -0.0205944 0.00862389 -0.00153186 0.0228558 0.0276848 0.0361833 0.287126 0.457426 0.0293863 0.023755 0.0601512 0.155746 -0.0183486 0.0347127 0.0275041 -0.0491023 -0.059756 -0.0192485 -0.11026 0.0523521 0.042979 0.0798848 -0.0156965 0.10872 0.191298 0.0960698 0.0552696 -0.0433992 0.122235
internal_weight=292996 292696 273201 259708 259500 256819 497 2681 689 1992 1792 930 862 702 256322 8376 7803 573 7455 7105 6358 747 247946 97707 39635 921 58072 430 150239 7152 1772 1167 143087 21358 121729 71038 50691 47260 39895 1051 435 38844 36624 11876 2495 7365 9381 9142 8727 8198 4550 3648 6879 6618 5380 1247 4133 1623 1315 2510 960 2220
internal_count=292996 292696 273201 259708 259500 256819 497 2681 689 1992 1792 930 862 702 256322 8376 7803 573 7455 7105 6358 747 247946 97707 39635 921 58072 430 150239 7152 1772 1167 143087 21358 121729 71038 50691 47260 39895 1051 435 38844 36624 11876 2495 7365 9381 9142 8727 8198 4550 3648 6879 6618 5380 1247 4133 1623 1315 2510 960 2220
is_linear=0
shrinkage=0.05


Tree=97
num_leaves=63
num_cat=0
split_feature=14 14 13 14 31 13 19 6 11 14 31 8 14 14 31 31 14 13 13 28 25 7 2 13 14 31 28 13 13 13 31 25 13 7 7 14 21 31 27 27 14 9 13 13 14 14 13 13 31 26 31 14 7 14 27 31 13 13 31 14 13 27
split_gain=3904.16 4558.66 4716.58 4124.43 5103.67 3991.79 3895.1 3352.24 3338.82 4609.92 6183.99 5601.85 4832.84 4646.38 7587.28 6888.27 5877.4 5564.99 7668.02 5536.71 6912.09 4846.53 4659.09 4548.49 4330.18 5590.92 5964.88 5600.76 9699.19 11966.1 6449.51 5498.48 5335.87 4322.84 4183.71 4117 4077.96 3924.55 3884.37 3622.51 3581.71 4166.78 3954.87 4633.88 3572.69 12979.3 10271.9 9957.29 7658.75 5877.99 5364.03 5052.88 5084.64 4959.93 4936.41 5896.31 4057.92 4273.61 12067.1 9148.54 8155.89 7168.81
threshold=38.750000000000007 38.250000000000007 7.7500000000000009 37.250000000000007 2.3614495470165582 -8.2499999999999982 18.500000000000004 23.934340134619433 -1.9364583333333327 42.750000000000007 1.3754335839598999 6.5000000000000009 51.250000000000007 58.250000000000007 6.0045903010033461 6.8340967741935499 60.250000000000007 -9.2499999999999982 -6.7499999999999991 0.41310856547774022 2.1898460005631488 -0.2097568780123594 938.50000000000011 -10.749999999999998 49.750000000000007 3.5513247863247863 0.40273117076808357 -22.249999999999996 -29.249999999999996 -32.749999999999993 1.9628851284584981 5.0018953752843069 -7.7499999999999991 -0.075741640213663766 -0.080631616587384991 66.750000000000014 1.5000000000000002 3.7342927018633545 0.53871128871128882 0.51928389290267762 50.250000000000007 6.5000000000000009 -8.7499999999999982 -23.249999999999996 46.250000000000007 47.250000000000007 -6.2499999999999991 -4.2499999999999991 3.0590067656045403 0.98916083578111691 1.5577779452651328 49.250000000000007 -0.075741640213663766 44.750000000000007 0.5366750358680058 2.6190238095238101 -9.2499999999999982 -14.249999999999998 3.0765221127754789 45.750000000000007 -13.749999999999998 0.49300665101721447
decision_type=2 2 2 2 2 2 2 2 2 2 2 2 2 2 2 2 2 2 2 2 2 2 2 2 2 2 2 2 2 2 2 2 2 2 2 2 8 2 2 2 2 2 2 2 2 2 2 2 2 2 2 2 2 2 2 2 2 2 2 2 2 2
left_child=1 2 3 -1 -5 -6 -2 8 9 10 -8 34 24 38 19 33 -17 23 -19 21 22 -15 -21 39 31 27 -27 28 29 -26 -29 44 -32 -16 -12 -23 -22 -36 -14 -18 41 -28 43 -42 47 54 49 56 -49 -47 -48 -51 -53 -50 55 -46 57 59 61 -11 -60 -59
right_child=6 -3 -4 4 5 -7 7 -9 -10 12 11 -13 13 14 15 16 17 18 -20 20 36 35 -24 -25 25 26 40 30 -30 -31 32 -33 -34 -35 37 -37 -38 -39 -40 -41 42 -43 -44 -45 45 46 50 48 53 51 -52 52 -54 -55 -56 -57 -58 58 60 -61 -62 -63
leaf_value=-0.065897515519512478 0.016049450433481747 -0.20482739997742244 -0.24108968009260409 0.26598379336711436 -0.099507682028784405 0.15912666605546888 0.30070227729517629 -0.051167320596027313 -0.0059886595427984515 -0.01560836288921217 -0.22753139942069539 0.095250726128828955 0.028231060164127682 0.17779460509877598 -0.26705248313100666 -0.14324260598603003 0.1420692572743234 -0.26566208847678235 0.06290217564338281 0.16535388857072542 0.0012130655531850908 -0.10843161577873153 0.040936196818162768 0.30027905336774152 -0.24470901107325138 -0.31860701249966372 -0.27230436713931316 -0.066635704323927944 -0.29601960578013592 0.26635327456056956 0.040067405110345733 -0.20669146840009267 0.24883205074526482 -0.087197916834447192 -0.16312871151646091 0.039954158464906075 0.08972831692634653 0.094367702804202938 -0.021861892134862441 -0.027594434113624885 0.040119390866065002 -0.065641819676159924 0.10097639640820265 -0.13756786429334364 0.22887204032570049 0.063870127321458414 0.10898414396342651 -0.0922374605564526 0.082648233155271533 -0.053000071475692426 -0.16887124250624921 -0.16346395498845931 0.11245944802281692 0.40525465932151922 0.3256284030237977 0.049271327495385736 -0.1130216662587958 0.065442922877407342 0.1641677658795917 -0.24205765162408352 -0.13176819389578601 0.37568761891876629
leaf_weight=1228 37088 446 238 251 388 241 257 3325 134432 1989 255 1835 34323 200 391 576 610 309 415 1057 33375 2172 2609 221 205 275 421 1069 402 257 1265 324 403 2279 219 595 1353 451 4361 648 577 580 412 1005 593 3202 200 222 215 3612 1290 200 987 268 244 1985 1717 487 302 574 1005 301
leaf_count=1228 37088 446 238 251 388 241 257 3325 134432 1989 255 1835 34323 200 391 576 610 309 415 1057 33375 2172 2609 221 205 275 421 1069 402 257 1265 324 403 2279 219 595 1353 451 4361 648 577 580 412 1005 593 3202 200 222 215 3612 1290 200 987 268 244 1985 1717 487 302 574 1005 301
internal_value=0.000351106 -0.0584813 -0.0305839 -0.00671407 0.0758548 -0.000317199 0.000917829 -0.00130168 -0.000637015 0.00561353 0.0665936 0.0446933 0.00397151 0.00976149 -0.000834899 -0.0562894 -0.00118038 0.0360116 -0.0775006 0.006472 0.0115579 -0.0593236 0.0768443 0.0915929 -0.0146459 -0.0488243 -0.096144 -0.0058394 -0.116748 0.0395445 0.0292013 -0.00273355 0.0906252 -0.113626 -0.0555963 -0.0765207 0.0046641 0.0100833 0.0225835 0.0547224 -0.0756179 -0.152745 -0.0368426 -0.0727759 0.000684473 0.0169576 -0.0110373 -0.0276148 0.150562 0.0114147 -0.131527 -0.0235907 0.0658701 0.262119 0.111081 0.0906564 -0.0473396 -0.0231092 0.0298558 -0.0663977 -0.063315 0.184276
internal_weight=292736 2792 2346 2108 880 629 289944 252856 249531 115099 3017 2760 112082 85494 46810 5449 2779 2203 724 41361 38394 2967 3666 1479 26588 6871 3270 3601 864 462 2737 19717 1668 2670 925 2767 34728 670 38684 1258 2995 1001 1994 1582 19393 12313 9491 7080 705 8001 1490 4799 1187 483 2822 2578 6375 4658 2095 2563 1307 788
internal_count=292736 2792 2346 2108 880 629 289944 252856 249531 115099 3017 2760 112082 85494 46810 5449 2779 2203 724 41361 38394 2967 3666 1479 26588 6871 3270 3601 864 462 2737 19717 1668 2670 925 2767 34728 670 38684 1258 2995 1001 1994 1582 19393 12313 9491 7080 705 8001 1490 4799 1187 483 2822 2578 6375 4658 2095 2563 1307 788
is_linear=0
shrinkage=0.05


Tree=98
num_leaves=63
num_cat=0
split_feature=16 17 19 19 19 17 18 10 6 7 15 19 14 17 17 4 25 18 25 13 12 31 29 13 2 7 13 25 14 29 14 13 25 2 7 25 6 5 7 13 13 14 25 14 25 13 12 9 7 12 12 7 0 24 14 19 14 14 13 25 31 13
split_gain=4053.09 7814.06 7856.33 3433.17 2863.53 2698.03 2429.58 1616.15 1790.53 1528.14 1464.07 1376.64 1361.22 1292.52 1265.1 1255.06 1194.27 1180.72 1163.87 1234.96 1099.77 1318.94 1489.89 1732.05 1315.51 1080.39 1155.81 1368.05 1489.99 1259.06 1118.21 1048.38 1040.03 1190.49 1030.63 1188.37 1023.95 1017.79 1017.35 1007.37 1005.16 1119.58 996.817 993.203 990.639 1056.45 1415.06 990.351 1872.93 1123.18 1030.23 987.391 973.686 1886.79 1279.04 953.93 948.392 1823.53 1134.59 912.559 1771.96 2118.75
threshold=1.0000000180025095e-35 3.5000000000000004 62.500000000000007 7.5000000000000009 64.500000000000014 1.5000000000000002 5.5000000000000009 6.5000000000000009 -2.7705795604997667 -1.599438990182328 1.7247222222222225 68.500000000000014 52.250000000000007 3.5000000000000004 2.5000000000000004 156.50000000000003 4.2346387022775689 1.0000000180025095e-35 2.022567399815387 25.250000000000004 47.53819444444445 4.8427937433722175 10.65 -6.7499999999999991 1794.5000000000002 0.78965926805730835 -16.249999999999996 2.3718272132903189 47.250000000000007 2.9500000000000006 51.250000000000007 28.250000000000004 2.130227141517222 1792.5000000000002 0.38604419649897498 2.8415086672441268 3.6743858110234733 29.500000000000004 0.24227274968254817 -11.249999999999998 -24.749999999999996 59.250000000000007 3.3299975682272382 66.750000000000014 6.5362096919473975 -32.749999999999993 48.046805555555558 7.5000000000000009 -0.33053712800605867 42.545902777777791 21.838472222222226 0.78965926805730835 3265.5000000000005 19.500000000000004 65.250000000000014 74.500000000000014 60.250000000000007 57.250000000000007 -20.749999999999996 2.6601407942645223 3.5513247863247863 -11.749999999999998
decision_type=2 2 2 2 2 2 2 2 2 2 2 2 2 2 2 2 2 2 2 2 2 2 2 2 2 2 2 2 2 2 2 2 2 2 2 2 2 2 2 2 2 2 2 2 2 2 2 2 2 2 2 2 2 2 2 2 2 2 2 2 2 2
left_child=4 2 3 16 9 10 32 8 12 -1 -5 52 -4 17 59 -13 34 -6 -9 25 24 39 -23 -24 -8 26 27 -20 -29 -30 -31 -21 -7 51 -2 -36 56 -19 44 43 -40 -42 -41 -22 45 46 -12 -28 49 -49 -50 -34 53 -10 -54 -15 57 -32 -58 -11 61 -61
right_child=1 -3 7 5 13 6 20 18 11 14 38 15 -14 55 -16 -17 -18 37 19 31 21 22 23 -25 -26 -27 47 28 29 30 36 -33 33 -35 35 -37 -38 -39 40 42 41 -43 -44 -45 -46 -47 -48 48 50 -51 -52 -53 54 -55 -56 -57 58 -59 -60 60 -62 -63
leaf_value=-0.0369925813066493 0.072139207487152232 -0.027672371743210716 0.007818011898805011 -0.026486554222292142 0.02747829500719989 0.070659238441404953 -0.0028829354049544845 -0.048717821781370678 0.21600396194612764 -0.0082582561337083606 0.18051147074839535 0.080179222656179286 0.16353909116970677 0.0070828405242587397 -0.00025081738899223309 -0.013597341890955923 -0.04752519874429495 0.00028795632275686596 -0.020332817322494059 -0.12332829116491556 0.02046238038184069 0.17828010478970102 -0.043431917500281497 0.11184757377833446 -0.08454744505391705 -0.021150410703315772 -0.018422681518306266 0.15282349820233515 0.1047811127704593 -0.057426686492436742 0.045085085759281503 -0.0052207016000716854 0.031860616676885285 -0.052215369569049 0.046991299020588934 -0.056951948186069468 0.0068282829548513297 -0.029426346793392205 0.043702431185120356 0.010749198836924913 0.022493454836093826 -0.01938528233449666 -0.06994218533397864 0.14243607977795048 -0.049936126065193868 0.036497498819196693 0.031672815809195697 -0.012857006484541146 -0.0058416000326694667 -0.12637415774534103 0.024785920086196515 -0.0043049407725837749 0.0036444984961626035 0.039670851277846954 0.12972686836415012 0.045754481914759663 0.080537541319453537 0.22935425864487158 -0.062935384227573513 -0.0021989911604721689 -0.0071993947106954691 -0.048470924251570062
leaf_weight=5381 4564 15122 234 1160 3764 1176 20995 1638 205 32224 301 388 350 3607 25466 4309 271 45872 1665 409 748 255 343 375 504 8292 9678 243 451 450 391 347 9563 524 1457 338 2269 3074 2619 1148 4406 2501 573 214 320 18886 340 9571 4237 222 7798 2351 1604 578 229 2858 314 204 244 3514 11437 8358
leaf_count=5381 4564 15122 234 1160 3764 1176 20995 1638 205 32224 301 388 350 3607 25466 4309 271 45872 1665 409 748 255 343 375 504 8292 9678 243 451 450 391 347 9563 524 1457 338 2269 3074 2619 1148 4406 2501 573 214 320 18886 340 9571 4237 222 7798 2351 1604 578 229 2858 314 204 244 3514 11437 8358
internal_value=0.000529713 0.0063747 0.0102679 0.0207632 -0.00538832 0.0174742 0.0087187 -0.00388218 0.0170901 -0.0111928 0.0285907 0.0103552 0.101264 0.0030848 -0.00947845 -0.00583542 0.0551343 0.000496655 -0.0073027 -0.0058517 -0.000489691 0.0248586 0.0746959 0.0377109 -0.00480124 -0.00480982 -0.00121882 0.0184559 0.0326017 0.0258101 0.0165871 -0.069196 0.0257321 0.0214789 0.0595161 0.0273979 0.026334 -0.00157878 0.0307667 0.00676382 0.0173325 0.0073287 -0.0161417 0.0477156 0.0372135 0.0386442 0.101737 -0.00511039 0.000792523 -0.015443 0.0140037 0.0247243 0.0394164 0.0860539 0.0194583 0.0241829 0.0646804 0.108542 0.0177999 -0.0137099 -0.021246 -0.0347762
internal_weight=292929 147374 132252 75932 145555 69302 38769 56320 7897 86380 30533 7313 584 59175 80999 4697 6630 52710 48423 46785 25155 3656 973 718 21499 46029 37737 6231 4566 4323 3872 756 13614 12438 6359 1795 3422 48946 29373 2683 9526 6907 1721 962 19847 19527 641 31506 21828 9793 12035 11914 2616 783 1833 6465 1153 595 558 55533 23309 11872
internal_count=292929 147374 132252 75932 145555 69302 38769 56320 7897 86380 30533 7313 584 59175 80999 4697 6630 52710 48423 46785 25155 3656 973 718 21499 46029 37737 6231 4566 4323 3872 756 13614 12438 6359 1795 3422 48946 29373 2683 9526 6907 1721 962 19847 19527 641 31506 21828 9793 12035 11914 2616 783 1833 6465 1153 595 558 55533 23309 11872
is_linear=0
shrinkage=0.05


Tree=99
num_leaves=63
num_cat=0
split_feature=14 13 13 29 29 27 27 29 29 31 29 13 25 13 14 31 29 14 14 14 29 14 14 29 13 14 29 13 29 29 31 29 29 14 14 31 28 25 29 13 13 13 13 13 29 29 13 11 28 13 13 13 14 31 29 7 29 29 7 13 14 13
split_gain=3444.47 4935.48 11232.3 4864.3 24892.2 5215.5 7696.05 7498.2 6780.78 14818.6 7790.59 8444.08 6295.67 6068.79 5488.85 5028.56 4954.49 8012.35 10297.6 6794.31 5803.57 4836.07 4780.8 7584.67 6273.86 8997.41 5396.64 5521.61 5240.76 11023.8 5564.43 9563.97 12524.7 7659.71 7641.06 7211.08 7759.76 7182.38 6402.01 5591.03 5594.39 5465.17 8560.22 7490.89 5162.23 10109.7 9677.89 5809.7 5550.46 4984.19 9636.34 9720.76 16938.9 5969.65 6293.42 6396.36 5468.52 13801.5 8786.85 7428.69 7674.73 6470.19
threshold=51.750000000000007 -37.749999999999993 -36.249999999999993 1.8500000000000003 1.9500000000000002 0.50129533678756488 0.52010101010101029 17.150000000000002 5.3500000000000005 2.6190238095238101 15.250000000000002 -2.7499999999999996 2.6712625788592006 -7.2499999999999991 46.250000000000007 0.81869123988779491 3.9500000000000006 51.250000000000007 42.750000000000007 46.750000000000007 4.9500000000000011 50.750000000000007 58.250000000000007 17.650000000000002 -38.249999999999993 57.250000000000007 20.050000000000004 -4.2499999999999991 18.050000000000004 18.850000000000005 5.6740419524001622 14.65 15.050000000000002 62.250000000000007 59.250000000000007 5.0396226853501744 0.428932178932179 2.1601552415969287 14.450000000000001 -39.249999999999993 -31.249999999999996 -29.749999999999996 -35.249999999999993 -25.749999999999996 15.550000000000002 15.350000000000003 -9.2499999999999982 -3.529027777777777 0.38257951561132192 -13.749999999999998 -20.249999999999996 -22.249999999999996 57.750000000000007 0.81869123988779491 8.1500000000000004 0.10023667185781827 3.5500000000000003 4.7500000000000009 0.22583275918491866 -18.249999999999996 56.250000000000007 -15.749999999999998
decision_type=2 2 2 2 2 2 2 2 2 2 2 2 2 2 2 2 2 2 2 2 2 2 2 2 2 2 2 2 2 2 2 2 2 2 2 2 2 2 2 2 2 2 2 2 2 2 2 2 2 2 2 2 2 2 2 2 2 2 2 2 2 2
left_child=1 -1 -3 15 -5 12 8 -8 9 16 13 -12 -6 14 -10 -4 -7 18 -18 -20 -21 -13 23 24 25 -2 27 -25 30 -30 35 38 34 -34 -33 36 -24 -38 41 -37 -41 42 -32 -43 45 48 -46 -48 -26 50 51 -50 53 -53 -55 -56 -52 58 -58 60 -59 -61
right_child=22 2 3 4 5 6 7 -9 10 -11 11 21 -14 -15 -16 -17 17 -19 19 20 -22 -23 28 26 44 -27 -28 -29 29 -31 31 32 33 -35 -36 39 37 -39 -40 40 -42 43 -44 -45 46 -47 47 -49 49 -51 56 52 -54 54 55 -57 57 59 -60 61 -62 -63
leaf_value=-0.14682137048410943 0.13555909959860662 0.2851282059880848 -0.03615483592252644 0.50587653598548588 -0.0076405407694345451 0.0036430861681642371 -0.015674547944596495 -0.21862674847496716 -0.11410729432544348 0.40343437841511331 0.22445056769277227 -0.094793679245680315 -0.052124120350784536 0.021906906458220556 -0.0068746907160855105 -0.19454962951028823 -0.12991171888207401 -0.12488000221151328 0.30115615106768989 0.15972536452962752 -0.088075591277172238 0.19525932985367161 -0.039852562931872643 -0.045225067090023142 0.062786652943142243 -0.11935915730069752 0.01181212319805028 -0.30052338314531779 0.35175363423622913 0.012915495078789996 -0.024254193418288467 0.43102342073043642 -0.13202585038230863 0.027024184802869913 0.10620685658755485 0.22124478244951315 0.056463554148485008 -0.0020481036318256759 -0.24992690299444154 -0.11398236338191213 0.047928048582071198 0.15982672245192686 -0.31625744680013324 -0.047760462906924143 -0.10479083907181271 -0.2577362425720845 0.36928715391956435 0.10363327488620303 0.019961971346729127 -0.00019616014431806368 -0.015082588493476816 -0.40394515512920015 0.31785001445750488 -0.040267716963645873 -0.41226510949172213 -0.084268437045638606 0.42079746025182047 0.075734464878016231 0.1365067010133891 -0.028624685085225032 0.32824126213778637 0.095310670846287748
leaf_weight=634 2065 327 6103 237 39604 2612 11423 473 1839 319 835 497 9952 9980 3396 545 328 349 680 1175 295 201 12724 397 4894 415 625 454 319 961 539 219 1074 2558 1030 428 5672 69473 413 576 7086 455 469 9267 531 350 234 1673 10974 54284 1528 204 216 998 292 303 447 911 695 2425 449 1860
leaf_count=634 2065 327 6103 237 39604 2612 11423 473 1839 319 835 497 9952 9980 3396 545 328 349 680 1175 295 201 12724 397 4894 415 625 454 319 961 539 219 1074 2558 1030 428 5672 69473 413 576 7086 455 469 9267 531 350 234 1673 10974 54284 1528 204 216 998 292 303 447 911 695 2425 449 1860
internal_value=0.000112223 -0.00790886 -0.00694126 -0.00799572 -0.00474429 -0.0061917 0.00876511 -0.0237619 0.0259582 0.0727598 0.00986434 0.117259 -0.0165748 -0.000963322 -0.044559 -0.0491673 0.0532949 0.0991531 0.130743 0.17055 0.109971 -0.0111085 0.00378514 0.0125835 0.0145184 0.0928705 -0.0997585 -0.181617 -0.00299051 0.097569 -0.0041408 -0.0314146 0.0269462 -0.0200311 0.16346 0.000413883 -0.00374526 0.00236909 -0.0569787 0.045583 0.035743 -0.0495295 -0.160296 -0.0380297 0.0121837 0.010021 0.0838523 0.136407 0.0111886 0.00784702 0.0283425 0.00143275 -0.0995402 -0.14986 -0.117088 -0.245657 0.0703671 0.0896043 0.248054 0.0575112 0.159279 0.0251819
internal_weight=292291 91804 91170 90843 84195 83958 34402 11896 22506 5758 16748 1533 49556 15215 5235 6648 5439 2827 2478 2150 1470 698 200487 87224 85748 2480 1476 851 113263 1280 111983 16024 4881 3632 1249 95959 87869 75145 11143 8090 7662 10730 1008 9722 83268 80830 2438 1907 80480 75586 21302 12987 2013 1797 1593 595 8315 6787 1142 5645 1360 4285
internal_count=292291 91804 91170 90843 84195 83958 34402 11896 22506 5758 16748 1533 49556 15215 5235 6648 5439 2827 2478 2150 1470 698 200487 87224 85748 2480 1476 851 113263 1280 111983 16024 4881 3632 1249 95959 87869 75145 11143 8090 7662 10730 1008 9722 83268 80830 2438 1907 80480 75586 21302 12987 2013 1797 1593 595 8315 6787 1142 5645 1360 4285
is_linear=0
shrinkage=0.05


Tree=100
num_leaves=63
num_cat=0
split_feature=16 19 17 19 25 19 17 18 17 17 19 19 19 12 11 0 17 12 29 7 13 14 12 29 13 13 0 13 24 24 4 26 12 4 7 12 13 7 28 5 26 31 29 14 28 14 29 14 31 29 10 6 28 29 28 13 25 28 29 29 31 7
split_gain=3555.29 7345.8 5296.39 3875.73 3443.1 3601.67 2127.52 2232.19 1698.08 1683.01 2353.93 1737.07 1412.82 1357.05 1339.24 1323.9 1276.04 1247.97 1253.37 1216.46 1779.74 1173.33 1329.6 1087.13 2127.97 1060.4 1048.94 1029.76 1021.46 980.944 972.116 1402.96 1528.36 961.589 942.305 1255.34 1054.8 942.03 919.892 894.502 888.631 883.746 888.322 879.986 948.583 1118.09 1087.61 1017.48 1600.17 1379.72 1111.67 1079.73 894.649 1454.08 861.097 925.492 1095.66 852.353 1767.1 1643.54 1548.06 1785.94
threshold=1.0000000180025095e-35 64.500000000000014 3.5000000000000004 64.500000000000014 5.8362166212841649 12.500000000000002 1.5000000000000002 5.5000000000000009 2.5000000000000004 2.5000000000000004 65.500000000000014 81.500000000000014 2.5000000000000004 1.9038888888888885 3.9715972222222224 3172.5000000000005 2.5000000000000004 44.756458333333342 7.5500000000000007 0.20003334444814941 9.7500000000000018 49.750000000000007 50.757291666666674 13.450000000000001 13.750000000000002 -24.249999999999996 3530.5000000000005 -34.749999999999993 68.500000000000014 28.500000000000004 894.50000000000011 0.66787069806726118 48.937638888888898 853.50000000000011 0.37648401060367109 37.999930555555565 -32.749999999999993 -0.68667189016617736 0.44686794246998696 36.500000000000007 1.0199487942029595 8.460242778960172 18.950000000000003 51.750000000000007 0.51928389290267762 58.250000000000007 1.0500000000000003 71.250000000000014 5.6740419524001622 9.7500000000000018 40.500000000000007 -1.0305742537379985 0.44686794246998696 10.550000000000002 0.43508971944086455 -24.749999999999996 2.4465297822994199 0.52011560693641623 8.2500000000000018 6.5500000000000007 2.7241647754203036 0.10693598928893049
decision_type=2 2 2 2 2 2 2 2 2 2 2 2 2 2 2 2 2 2 2 2 2 2 2 2 2 2 2 2 2 2 2 2 2 2 2 2 2 2 2 2 2 2 2 2 2 2 2 2 2 2 2 2 2 2 2 2 2 2 2 2 2 2
left_child=3 2 4 16 5 12 13 15 19 10 27 26 -2 -7 29 -8 37 -17 -19 20 25 -6 -23 -22 -25 -3 -11 -5 -13 -14 31 32 -27 -31 36 -36 -15 -1 -38 57 -16 43 -43 -18 45 52 -46 48 49 54 -50 -51 -45 -54 -47 -56 -57 59 -59 60 -39 -62
right_child=1 8 -4 9 21 6 7 -9 -10 11 -12 28 14 34 40 17 41 18 -20 -21 23 22 -24 24 -26 30 -28 -29 -30 33 -32 -33 -34 -35 35 -37 38 39 -40 -41 -42 42 -44 44 46 47 -48 -49 50 51 -52 -53 53 -55 55 56 -58 58 -60 -61 61 -63
leaf_value=-0.034472310100894993 0.083433946688494645 0.047375662932401932 -0.020893308905220145 0.12128021159989709 -0.15238777133380321 -0.025879460558150814 0.018410838580333384 -0.0014203985468337064 -0.023736032065552689 0.0064053789989540035 -0.007250144705421015 0.078460437172940101 0.075359497897269617 0.08861574739964069 0.15518257442318736 0.17644051280265688 -0.018354539400892073 0.09430194430834174 -0.0038919901155602581 -0.015571089082159449 -0.029943280888444192 0.063204488291582706 -0.066227484898590441 0.152600813891273 -0.037863999575796267 0.18140579494245224 0.079419057187282871 0.018900744823630845 0.023297414437871394 0.030045901850814558 -0.026672000130956771 0.0067201583874485857 0.0035023623188625234 -0.033915458621096704 0.017077308103668917 -0.074874476963007947 0.010776975616513331 -0.020661770014193954 0.036339872208332381 -0.05133493544714101 0.054406799001864396 0.10698566980992652 -0.010312359156464605 0.034921534625448954 0.088981877925681852 -0.070193238498065122 0.0100169060870721 0.033071793726528666 -0.14622103891639165 0.14120424771591877 -0.0070314326729072913 0.0026956664727265955 -0.02694169434885604 0.054997713831524936 0.05422834546735264 0.033994499371888552 -0.047779163695597482 0.01642643854236615 -0.02801946704131085 -0.0075705828597963255 -0.092708130973238642 -0.020840649160748501
leaf_weight=6697 2095 1612 9638 252 272 1237 11384 24386 14264 12542 33988 1601 1071 817 366 225 8558 705 602 14741 5233 256 871 249 354 242 511 8464 1765 6049 2135 18985 240 650 6993 391 4516 14921 15962 1602 546 355 295 1995 465 1049 6794 701 462 207 208 435 2355 702 391 532 1771 6057 3544 22858 1778 1683
leaf_count=6697 2095 1612 9638 252 272 1237 11384 24386 14264 12542 33988 1601 1071 817 366 225 8558 705 602 14741 5233 256 871 249 354 242 511 8464 1765 6049 2135 18985 240 650 6993 391 4516 14921 15962 1602 546 355 295 1995 465 1049 6794 701 462 207 208 435 2355 702 391 532 1771 6057 3544 22858 1778 1683
internal_value=-0.00039839 0.00508376 0.0141067 -0.00593889 0.0183557 0.0197505 0.0154478 0.00748127 -0.00875358 0.00392557 -0.00130539 0.01753 0.0465832 0.0253805 0.0376824 0.0242869 -0.0126879 0.0679099 0.0491057 -0.00387293 0.00206346 -0.0593633 -0.0367968 -0.0226169 0.0409081 0.0082688 0.00926959 0.0218743 0.0495506 0.0309464 0.00534848 0.00886144 0.0930138 0.0238356 0.0275923 0.0121988 0.0329292 -0.016814 0.0307033 -0.0145584 0.0949754 -0.00374095 0.0538163 -0.00514807 0.00110825 -0.00828074 0.0150868 -0.0233453 -0.0311739 -0.0201653 -0.103085 0.0475051 0.00888426 -0.00811355 -0.0317818 -0.0168045 -0.0288826 -0.0133986 1.89913e-05 -0.0165223 -0.0276526 -0.0577768
internal_weight=292625 147087 89032 145538 79394 77995 67218 37302 58055 59123 42704 16419 10777 29916 8682 12916 86415 1532 1307 43791 29050 1399 1127 5836 603 23214 13053 8716 3366 7770 21602 19467 482 6699 28679 7384 21295 59140 20478 52443 912 27275 650 26625 18067 10808 7259 5756 5055 4385 670 642 5052 3057 3743 2694 2303 50841 9601 41240 18382 3461
internal_count=292625 147087 89032 145538 79394 77995 67218 37302 58055 59123 42704 16419 10777 29916 8682 12916 86415 1532 1307 43791 29050 1399 1127 5836 603 23214 13053 8716 3366 7770 21602 19467 482 6699 28679 7384 21295 59140 20478 52443 912 27275 650 26625 18067 10808 7259 5756 5055 4385 670 642 5052 3057 3743 2694 2303 50841 9601 41240 18382 3461
is_linear=0
shrinkage=0.05


Tree=101
num_leaves=63
num_cat=0
split_feature=8 14 29 29 29 31 27 29 29 27 14 29 29 27 8 28 31 29 22 29 31 6 29 14 29 14 29 27 29 23 28 29 29 14 14 29 27 14 29 29 14 29 29 14 29 14 29 29 31 14 29 12 9 29 31 5 27 14 6 14 14 14
split_gain=3362.02 3627.83 4452.4 24519.6 5587.76 4801.07 4601.76 6030.43 9907.79 8630.62 7171.5 7899.21 6546.66 10450.4 10405.5 9228.03 6830.53 4568.87 4103.67 4094.88 4079.1 3925.62 6980.01 4311.3 3921.99 6712.04 5060.57 3872.8 3797.61 3775.86 3615.47 8925.72 11165.3 10303.5 7368.39 10402.3 6626.23 6318.06 6255.03 13678.9 6490.13 6383.4 5953.51 5906.07 7013.17 12245 8055.99 10783.2 10334.7 11365.9 8469.33 5990.44 5980 5903.79 5890.72 5601.13 5498.89 5416.36 7639.1 5884 5652.25 5339.41
threshold=42.500000000000007 51.750000000000007 1.8500000000000003 1.9500000000000002 2.0500000000000003 0.81869123988779491 0.48157843707581932 4.9500000000000011 4.7500000000000009 0.51928389290267762 49.750000000000007 4.6500000000000012 16.250000000000004 0.52567765567765579 16.500000000000004 0.44599455570678598 7.9312803268384675 14.65 2.5000000000000004 20.150000000000002 2.4547852175147264 -14.808738598653287 3.1500000000000008 63.750000000000007 4.3500000000000005 51.250000000000007 3.9500000000000006 0.53528240147958461 17.550000000000004 1.5000000000000002 0.51928389290267762 6.7500000000000009 7.0500000000000007 59.250000000000007 66.250000000000014 13.850000000000003 0.47765947333396713 78.250000000000014 1.0500000000000003 1.0000000180025095e-35 53.250000000000007 1.1500000000000001 12.750000000000002 58.750000000000007 7.5500000000000007 62.750000000000007 8.6500000000000004 8.2500000000000018 5.6740419524001622 59.250000000000007 18.050000000000004 39.775277777777788 21.500000000000004 17.850000000000005 3.9688494564838881 3.5000000000000004 0.48011299435028254 73.250000000000014 -2.5977554215952012 67.250000000000014 66.750000000000014 73.250000000000014
decision_type=2 2 2 2 2 2 2 2 2 2 2 2 2 2 2 2 2 2 10 2 2 2 2 2 2 2 2 2 2 10 2 2 2 2 2 2 2 2 2 2 2 2 2 2 2 2 2 2 2 2 2 2 2 2 2 2 2 2 2 2 2 2
left_child=1 2 5 -4 -5 18 17 8 10 -10 11 -8 16 14 19 -16 -9 -6 -1 -14 -11 22 23 -3 26 -26 -12 -28 -15 -24 31 57 33 -33 43 37 -37 42 39 40 -32 -40 -36 53 45 -45 47 54 49 51 -50 -48 -49 56 -46 -47 -34 59 -59 60 -23 -35
right_child=-2 21 3 4 6 -7 7 12 9 20 24 -13 13 28 15 -17 -18 -19 -20 -21 -22 30 29 -25 25 -27 27 -29 -30 -31 38 32 34 61 35 36 -38 -39 41 -41 -42 -43 -44 44 46 55 48 52 50 -51 -52 -53 -54 -55 -56 -57 -58 58 -60 -61 -62 -63
leaf_value=-0.098785901801502304 -0.024838425567187343 0.013890958117991098 0.49873668376879748 -0.20786625193377029 -0.012400901354348466 -0.18830321508170733 0.044452057944037913 -0.0065684826489994692 -0.0026176762773172449 0.49627599747485268 -0.058689704092226042 0.30321565597255229 0.11741313297995414 0.023096127034439338 0.1002836219608035 0.5615691046803617 -0.24276772642019884 -0.080442096945434735 -0.0077113761302776921 -0.082585003606584093 0.19109446242704844 -0.013904769672061237 0.08073762971948259 0.25424569061598618 -0.01916941731351423 -0.35950233436146367 0.19080450431023824 -0.069575109045420372 -0.25040682660325753 -0.069208394834074746 0.28109840901551753 0.22140464239969646 -0.0054969741699578871 0.067057632225091368 0.059719085445397418 0.0086698588519629454 0.27221603473508849 -0.13622266510642614 -0.19356518998584837 0.20858379280502215 0.0019891371654098765 0.012180873697214559 -0.088697333733894324 -0.069748099483454368 -0.081181581148266069 0.4260038937442005 -0.069491478620140754 -0.27961059012900297 -0.083084185555666795 0.044497591149560027 0.19014297537012212 -0.37864205446179328 -0.053475593440312635 -0.10686703412991944 0.084796509713402607 0.11316985104605173 0.041041759001470363 0.25312849659684367 0.0095655217499908008 -0.06878121001051217 0.12960774951069609 -0.19270366867259631
leaf_weight=1728 12875 505 241 338 36148 546 5725 32424 269 239 1490 310 1009 240 203 233 308 2647 4346 342 205 43863 460 295 373 236 447 209 268 4719 221 1220 11247 1125 6097 341 793 527 378 1298 3370 71169 759 543 1785 271 553 907 4676 7272 301 218 432 938 762 304 14568 439 1200 5015 696 239
leaf_count=1728 12875 505 241 338 36148 546 5725 32424 269 239 1490 310 1009 240 203 233 308 2647 4346 342 205 43863 460 295 373 236 447 209 268 4719 221 1220 11247 1125 6097 341 793 527 378 1298 3370 71169 759 543 1785 271 553 907 4676 7272 301 218 432 938 762 304 14568 439 1200 5015 696 239
internal_value=0.000143041 0.0012917 -0.00694243 -0.00382742 -0.00528105 -0.0464166 -0.0044568 0.0065106 0.0418339 0.220959 0.0272807 0.057792 -0.00307371 0.078542 0.135417 0.347517 -0.00879841 -0.0170453 -0.0336333 0.0667608 0.356116 0.00522504 -0.0346418 0.102729 -0.039553 -0.151429 -0.00774881 0.107869 -0.121401 -0.0558771 0.00652401 0.000595076 0.0144142 0.115897 0.00949168 0.0521174 0.193044 0.0304485 0.0148307 0.0695418 0.0192398 0.0110912 0.043278 0.00138288 -0.0207399 0.100489 -0.0287623 -0.09193 -0.00990335 0.025138 -0.066525 -0.157281 -0.206747 0.0162876 -0.0315112 0.261094 0.0207665 -0.0144828 0.0749175 -0.01744 -0.0116603 0.0214344
internal_weight=292905 280030 90524 83904 83663 6620 83325 44530 9503 713 8790 6035 35027 2295 1787 436 32732 38795 6074 1351 444 189506 5979 800 2755 609 2146 656 508 5179 183527 107091 55878 2584 53294 8517 1134 7383 76436 4889 3591 71547 6856 44777 18024 1118 16906 3886 13020 8043 4977 771 1339 26753 2547 575 25815 51213 1639 49574 44559 1364
internal_count=292905 280030 90524 83904 83663 6620 83325 44530 9503 713 8790 6035 35027 2295 1787 436 32732 38795 6074 1351 444 189506 5979 800 2755 609 2146 656 508 5179 183527 107091 55878 2584 53294 8517 1134 7383 76436 4889 3591 71547 6856 44777 18024 1118 16906 3886 13020 8043 4977 771 1339 26753 2547 575 25815 51213 1639 49574 44559 1364
is_linear=0
shrinkage=0.05


Tree=102
num_leaves=63
num_cat=0
split_feature=13 13 13 31 14 14 13 27 5 13 13 14 13 29 29 13 13 29 31 27 27 13 29 14 25 14 14 13 29 14 13 29 13 5 13 21 13 28 13 29 13 14 25 10 14 21 13 14 13 29 28 14 14 14 0 28 14 14 9 14 14 25
split_gain=3300.09 3507.28 3183.42 7058.4 4572.08 4745.38 4127.45 3986.23 3603.08 3237.95 8607.2 10032.9 6181.73 8875.12 7095.14 7038.87 6354.94 5971.53 3555.82 3172.08 2896.92 2850.6 6011.92 4411.48 3788.4 2950.14 4220.97 4649.74 3268.52 6268.45 5056.09 3406.4 3047.37 2845.86 3970.86 4946.53 3522.24 9053 5356.83 7287.8 6705.31 4876.53 3491.63 5354.17 3460.67 3393.99 3290.06 3594.24 3115.31 7727.69 7355.9 6152.72 6125.66 6534.51 7441.42 5808.38 6289.32 5096.99 4901.93 4899.2 12013.9 4707.25
threshold=-54.749999999999993 -52.249999999999993 -46.249999999999993 4.1547643097643103 66.750000000000014 59.250000000000007 -45.249999999999993 0.46838774150566292 30.500000000000004 -43.249999999999993 -42.249999999999993 62.750000000000007 -39.249999999999993 5.3500000000000005 2.3500000000000001 -38.749999999999993 -38.249999999999993 8.7500000000000018 5.1614166666666677 0.6254032258064518 0.49675310984608906 17.250000000000004 25.950000000000006 44.750000000000007 2.558172151733586 38.750000000000007 38.250000000000007 7.7500000000000009 9.1500000000000004 37.250000000000007 -4.2499999999999991 5.8500000000000005 -2.7499999999999996 1.5000000000000002 3.2500000000000004 -2.4999999999999996 8.2500000000000018 0.5048081368469719 10.250000000000002 3.7500000000000004 12.750000000000002 61.250000000000007 5.0018953752843069 9.5000000000000018 80.250000000000014 -1.0000000180025095e-35 15.250000000000002 60.750000000000007 -11.249999999999998 15.450000000000001 0.46440092165898622 40.750000000000007 58.750000000000007 44.750000000000007 1652.5000000000002 0.51928389290267762 42.750000000000007 66.250000000000014 7.5000000000000009 46.250000000000007 44.750000000000007 2.6752128203021468
decision_type=2 2 2 2 2 2 2 2 2 2 2 2 2 2 2 2 2 2 2 2 2 2 2 2 2 2 2 2 2 2 2 2 2 2 2 8 2 2 2 2 2 2 2 2 2 10 2 2 2 2 2 2 2 2 2 2 2 2 2 2 2 2
left_child=-1 -2 3 4 5 -3 7 -4 9 -8 11 -11 13 14 -12 -14 -17 -15 -19 21 -5 22 25 -23 -25 26 27 28 29 31 -30 -18 -28 34 35 -27 44 -38 39 -39 -40 -41 -37 -44 48 -42 47 -47 55 50 52 -52 53 -50 -55 -35 -57 59 -54 60 -51 -58
right_child=1 2 6 20 -6 -7 8 -9 -10 10 12 -13 15 17 -16 16 19 18 -20 -21 -22 23 -24 24 -26 33 32 -29 30 -31 -32 -33 -34 36 -36 42 37 38 40 41 45 -43 43 -45 -46 46 -48 -49 49 57 51 -53 58 54 -56 56 61 -59 -60 -61 -62 -63
leaf_value=0.16377170497986984 -0.16490562466365108 0.04254497881892938 0.029293421680566423 0.057963179789590369 0.16065484781455711 -0.21268553708938676 0.11082389078996967 -0.25855892629525956 -0.025060689908513262 0.029120516435706557 0.14557780704185444 -0.45931290023743299 -0.18991736860186109 0.30310914653823429 -0.20940434167139077 0.23036141484568751 -0.15675320608447718 -0.095944741209789824 0.17387490798341665 0.092174499810040625 0.26299660915280121 -0.21821848107235772 0.2704269490128634 0.0076142138490131565 -0.045929250102086143 -0.082083258327254854 -0.33124935428783736 -0.2324231179431081 -0.22659254996973024 0.17577532061065237 0.036185859875291292 0.056092966566887698 -0.071850086274803396 -0.0093967553509301718 -0.0039170285294373068 0.017053203308610917 -0.020941313511173877 -0.074979413635062303 -0.059279969446986908 0.17958065546548166 0.28861087566901306 0.45581858171912082 -0.021180615066599042 -0.28588919794275647 -0.1407779763330374 0.057115596694233467 -0.057479755219913303 0.2772331956760925 -0.06134238664839553 -0.045833667524958155 0.2184554827516435 -0.030888600656661738 -0.092089100901523543 0.0061536898193136728 0.08631921977492453 0.29741530771056812 0.00052439904316045529 0.25412013404920303 0.0029871235937790207 0.011596440473578931 0.4223854273229381 0.049903571583113517
leaf_weight=307 321 368 200 278 259 359 672 300 13616 202 244 218 482 532 330 301 357 207 295 947 455 279 207 6997 6257 1324 205 235 332 560 406 395 253 31187 51212 80077 3902 211 877 594 239 219 2117 209 471 533 309 284 1836 288 248 38971 2279 6857 5009 209 10936 310 3344 2479 260 8638
leaf_count=307 321 368 200 278 259 359 672 300 13616 202 244 218 482 532 330 301 357 207 295 947 455 279 207 6997 6257 1324 205 235 332 560 406 395 253 31187 51212 80077 3902 211 877 594 239 219 2117 209 471 533 309 284 1836 288 248 38971 2279 6857 5009 209 10936 310 3344 2479 260 8638
internal_value=0.000192199 1.99504e-05 0.00020171 0.0680237 -0.019349 -0.0836095 -0.00019991 -0.143589 4.78433e-05 0.00128508 0.00101766 -0.224889 0.00136318 0.099081 -0.0585153 0.000788605 0.00112581 0.186539 0.0626451 0.000872085 0.18542 0.000553764 0.00172544 -0.0218148 -0.0176644 0.00150895 -0.0500589 -0.0222548 0.00193927 0.0492804 -0.0821755 -0.0450263 -0.188425 0.00206292 0.00704999 0.013758 -0.00352222 0.0304662 0.0918721 0.186571 0.0485561 0.25446 0.0152989 -0.0450783 -0.00567235 0.117832 0.0813598 0.133877 -0.00510722 -0.0126467 -0.0168655 -0.0293064 0.0083827 0.0264158 0.0399984 0.00404629 0.025238 0.0613503 -0.0355568 0.041531 0.176679 0.0223168
internal_weight=292805 292498 292177 1719 986 727 290458 500 289958 276342 275670 420 275250 1608 574 273642 273160 1034 502 272859 733 271912 258379 13533 13254 258172 2743 2285 2050 1312 738 752 458 255429 134939 83727 120490 7168 3266 1024 2242 813 82403 2326 113322 1365 1126 817 112851 61881 58544 39219 19325 13702 11866 50970 19783 3337 5623 3027 548 19574
internal_count=292805 292498 292177 1719 986 727 290458 500 289958 276342 275670 420 275250 1608 574 273642 273160 1034 502 272859 733 271912 258379 13533 13254 258172 2743 2285 2050 1312 738 752 458 255429 134939 83727 120490 7168 3266 1024 2242 813 82403 2326 113322 1365 1126 817 112851 61881 58544 39219 19325 13702 11866 50970 19783 3337 5623 3027 548 19574
is_linear=0
shrinkage=0.05


Tree=103
num_leaves=63
num_cat=0
split_feature=16 17 20 17 20 20 20 4 7 20 20 17 20 12 13 7 26 13 26 14 29 29 29 29 29 14 6 13 13 13 8 13 28 6 8 14 26 27 14 10 14 14 29 29 29 13 14 14 29 26 29 29 29 13 14 28 7 13 13 13 29 13
split_gain=3281.21 6227.98 5199.69 2318.4 2519.86 2301.75 2255.85 1710.55 1517.85 1584.34 1408.63 1402.41 1468.75 1385.04 1457.1 1590.21 1677.5 1443.5 1347.01 2351.22 5445.96 2523.88 3334.26 3199.7 4519.64 3595.03 4872.47 3094.75 3925.39 2989.43 2608.97 2247.15 2028.87 2576.89 1882.05 1866.81 1965.91 1803.22 3298.62 3353.12 1792.05 1641.23 2025.25 1628.63 2433.43 2368.65 1993.13 2818.47 2072.69 1870.48 1584.14 2249.65 1576.69 1568.36 1535.35 1454.12 1930.78 1528.98 1449.51 3047.91 1392.87 1370.37
threshold=1.0000000180025095e-35 2.5000000000000004 0.43500000000000005 1.0000000180025095e-35 0.92500000000000016 0.56500000000000006 0.35500000000000004 3.5000000000000004 0.17825406622337864 0.24500000000000002 0.9850000000000001 3.5000000000000004 0.34500000000000003 56.509027777777781 -24.249999999999996 0.36669017395392572 2.00011456065987 -30.249999999999996 1.0600282157419036 63.250000000000007 17.850000000000005 8.5500000000000025 4.1500000000000012 12.750000000000002 13.15 72.750000000000014 -6.779226830157036 -27.749999999999996 -10.749999999999998 -14.749999999999998 2.5000000000000004 17.750000000000004 0.54259442520204526 6.2179064653324874 20.500000000000004 65.250000000000014 1.2056228341883239 0.51928389290267762 46.750000000000007 11.500000000000002 50.250000000000007 62.750000000000007 6.2500000000000009 7.2500000000000009 6.9500000000000011 4.2500000000000009 58.250000000000007 52.750000000000007 10.65 1.2592766085527165 9.8500000000000032 11.250000000000002 2.1500000000000008 -8.7499999999999982 43.750000000000007 0.50689687975646891 0.11913767126181056 -1.2499999999999998 -2.7499999999999996 -9.2499999999999982 8.1500000000000004 -6.2499999999999991
decision_type=2 2 2 2 2 2 2 2 2 2 2 2 2 2 2 2 2 2 2 2 2 2 2 2 2 2 2 2 2 2 2 2 2 2 2 2 2 2 2 2 2 2 2 2 2 2 2 2 2 2 2 2 2 2 2 2 2 2 2 2 2 2
left_child=6 2 8 7 13 -3 11 -4 9 -2 -7 12 -1 14 -5 16 -16 -15 -8 37 21 22 30 25 -25 26 -23 -28 29 -29 -21 -24 33 61 -34 -30 -37 40 39 54 -20 42 -40 44 45 53 47 49 -48 -45 -27 -52 55 -44 -39 56 -42 -57 59 -26 -43 -32
right_child=1 5 3 4 -6 10 18 -9 -10 -11 -12 -13 -14 17 15 -17 -18 -19 19 20 -22 23 31 24 58 50 27 28 35 -31 32 -33 34 -35 -36 36 -38 38 41 -41 52 60 43 46 -46 -47 48 -49 -50 -51 51 -53 -54 -55 -56 57 -58 -59 -60 -61 -62 -63
leaf_value=-0.0043338467625452636 -0.0089287170414404059 -0.020556214476362029 -0.016679678590782381 0.041400101432964194 0.05826400402648009 0.0011052908627707057 -0.0038734390081431383 -0.19070015451179284 -0.010373106642565825 0.01399898662533648 0.089510522255320746 0.024350604613709189 0.017418318685068802 -0.053401285882697991 0.022895333797702283 -0.0035044238577805892 -0.050612901392803993 0.070913273068550164 -0.06086028356495498 0.14043634084901258 0.24824210969392549 0.28656449874098872 -0.035660221018179214 -0.2377356408018764 0.03970287491877874 0.046997736730951478 -0.11480705691962965 0.08617762308800013 0.12438382501659362 0.29589532104192257 0.13964873537903325 -0.17805173021874257 -0.20242499664990823 -0.042826555797553761 0.0089687063177756234 -0.095742134844651453 0.065916399537572556 -0.12112932491333789 -0.038604192652017845 0.13361694749681521 -0.096293604386960094 -0.023334654780816946 -0.0083218318640802449 -0.072591254692366255 0.18899287630355469 -0.10833220996047609 -0.0074012811867847908 0.05149277102257746 -0.11731795293090636 0.041777099086571054 -0.18862026923183184 0.030692758493555281 -0.029853163722389959 0.15121941757723203 0.04208785707431327 0.16180835793288753 0.092438712959877364 5.8666525916619739e-05 0.062118751560379416 -0.19905463454003136 -0.20801013060913254 0.032390668726240933
leaf_weight=43152 10766 25233 470 6067 4973 15593 41118 201 18964 25099 463 6408 9461 261 27205 8860 798 2165 4575 401 219 272 4842 230 350 351 221 400 319 296 424 293 210 922 210 399 354 243 4986 762 360 203 310 1116 269 262 1079 2094 711 525 267 207 12988 305 351 312 216 274 559 215 205 998
leaf_count=43152 10766 25233 470 6067 4973 15593 41118 201 18964 25099 463 6408 9461 261 27205 8860 798 2165 4575 401 219 272 4842 230 350 351 221 400 319 296 424 293 210 922 210 399 354 243 4986 762 360 203 310 1116 269 262 1079 2094 711 525 267 207 12988 305 351 312 216 274 559 215 205 998
internal_value=6.73839e-05 0.00533048 0.0117562 0.0232476 0.024479 -0.0111394 -0.00526362 -0.0690142 0.00106717 0.00711646 0.00366001 0.00226791 -0.000422062 0.0207734 0.0186954 0.0149576 0.0207988 0.0575225 -0.010419 -0.0163858 0.00159381 -0.00266522 -0.0189415 0.0277586 -0.036303 0.0558686 0.0884568 0.0612348 0.0832925 0.175664 0.0214202 -0.0438181 0.00410879 0.0222516 -0.0969579 0.0232118 -0.0197567 -0.0236338 -0.00964496 0.0642661 -0.0336591 -0.0179566 -0.0145011 0.00351704 0.0577347 0.0173049 -0.00773726 0.0130534 -0.051102 -0.0359986 -0.0334418 -0.0929813 -0.0248607 0.0709173 -0.0247742 0.0309195 -0.0254814 0.0863069 0.00509014 -0.0513429 -0.116407 0.0644476
internal_weight=292362 147118 105829 51000 50329 41289 145244 671 54829 35865 16056 59021 52613 45356 42930 36863 28003 2426 86223 45105 12959 12740 8300 4440 1354 3086 2261 1989 1768 696 3165 5135 2764 2344 420 1072 753 32146 13421 1356 18725 12065 11657 6671 1146 877 5525 3735 1790 1641 825 474 14150 615 594 1162 576 586 1124 565 408 1422
internal_count=292362 147118 105829 51000 50329 41289 145244 671 54829 35865 16056 59021 52613 45356 42930 36863 28003 2426 86223 45105 12959 12740 8300 4440 1354 3086 2261 1989 1768 696 3165 5135 2764 2344 420 1072 753 32146 13421 1356 18725 12065 11657 6671 1146 877 5525 3735 1790 1641 825 474 14150 615 594 1162 576 586 1124 565 408 1422
is_linear=0
shrinkage=0.05


Tree=104
num_leaves=63
num_cat=0
split_feature=8 13 27 14 13 13 31 25 14 14 31 31 14 14 13 27 28 31 28 8 13 6 28 14 14 11 31 14 6 14 13 28 14 13 27 14 27 13 13 13 31 13 31 13 31 14 28 31 13 14 31 7 31 21 13 31 6 14 13 14 13 14
split_gain=2930.81 3498.96 3246.41 5488.19 4054.93 11849.9 4203.98 4871.34 11289.4 7533.27 5785.13 5770.59 4070.4 4501.13 6036.37 5747.53 4407.45 4047.31 5163.28 3989.45 4395.13 4851.96 3976.47 3933.4 3536.14 3519.24 3493.12 9044.44 11027.9 7836.46 7465.81 4900.68 5505.98 12712.6 6944.08 7299.62 5089.41 4463.31 4701.82 4579.34 4443.73 9886.01 6550.29 9572.07 6381.67 6007.56 11617.4 7917.5 6632.9 5963.17 6447.25 5394.04 4438.47 5752.93 4559.53 4172.87 5583.81 5075.47 7435.83 7258.02 5153.29 6173.67
threshold=38.500000000000007 -54.249999999999993 0.48157843707581932 76.750000000000014 -16.249999999999996 -15.749999999999998 2.7241647754203036 2.5651501566665558 67.750000000000014 63.250000000000007 7.6564615384615395 5.9147068525579458 71.750000000000014 50.250000000000007 26.250000000000004 0.40407499654075002 0.58578643578643586 3.1343646267923879 0.5313392857142859 18.500000000000004 -3.2499999999999996 -6.779226830157036 0.51863425925925932 66.750000000000014 53.750000000000007 -3.964166666666666 3.5111678004535154 73.250000000000014 -8.091799688126331 72.750000000000014 -16.749999999999996 0.51863425925925932 67.250000000000014 -26.249999999999996 0.50949405119576985 71.250000000000014 0.53198308783415171 -12.249999999999998 -7.7499999999999991 6.2500000000000009 0.55053539253539274 -6.2499999999999991 1.0000000180025095e-35 6.2500000000000009 0.66942403885674873 65.250000000000014 0.58578643578643586 3.2279596026537507 -28.249999999999996 64.250000000000014 3.1529554367201427 0.37648401060367109 1.4962926310773914 1.0000000180025095e-35 -11.249999999999998 5.5323589030206692 12.486031083514062 54.250000000000007 -27.249999999999996 51.250000000000007 -19.749999999999996 53.750000000000007
decision_type=2 2 2 2 2 2 2 2 2 2 2 2 2 2 2 2 2 2 2 2 2 2 2 2 2 2 2 2 2 2 2 2 2 2 2 2 2 2 2 2 2 2 2 2 2 2 2 2 2 2 2 2 2 10 2 2 2 2 2 2 2 2
left_child=1 -1 3 4 -3 24 12 8 23 17 11 19 13 15 16 -7 -15 -9 -19 20 -11 -22 -21 -8 -6 -5 27 29 -29 31 -30 32 36 -34 -35 -36 -4 -32 -39 -40 41 51 -43 -44 -42 49 47 48 -47 -46 -51 -33 54 -54 -50 56 57 58 59 -28 -60 -62
right_child=-2 2 26 25 5 6 7 9 -10 10 -12 -13 -14 14 -16 -17 -18 18 -20 22 21 -23 -24 -25 -26 -27 55 28 30 -31 37 40 33 34 35 -37 -38 38 39 -41 44 42 43 -45 45 46 -48 -49 52 50 -52 -53 53 -55 -56 -57 -58 -59 60 -61 61 -63
leaf_value=0.19092447024015768 -0.018360303966437931 0.015208759112173162 -0.00089064314131524682 -0.33115695760358332 -0.087491452329496511 0.040809819826179677 0.00062117493452137592 -0.11220418470502472 -0.18492681993114279 0.16983675174131463 0.24404644173679546 -0.11690541173685272 -0.14436765147817573 0.021761770712932497 -0.17117952909598599 -0.04296905372184269 0.21695479765610293 -0.028883457646183431 -0.11629740294917067 0.017704574425698959 0.1270656484044255 -0.051211616953718224 -0.15497188480662794 0.22092464840377446 -0.27684925611136607 -0.06361505414204538 0.011175249082647427 0.43902093192437691 -0.11767985333497076 -0.25606112872226189 0.27895365463788185 0.25870599975491476 0.19806711754328005 0.053372117439785399 -0.19102793808552287 0.019447461093205803 -0.045071109437523918 -0.14692774612456561 0.17284799057135941 -0.017140809697711149 -0.18772700945615559 -0.023526783641440469 -0.029162846941177791 0.43119061020967947 0.0035248724515780506 -0.14076777800014281 -0.23014348456209976 -0.12874707302705601 0.42546895229298132 -0.05689446992426625 -0.3739257856909865 0.041471605385505324 0.062996021808624028 0.28217885849563196 0.16067433037152368 -0.00086991156979354515 -0.032537004211094026 0.041158870197971736 -0.10454610368616045 0.31376174133312429 0.014511953444887272 -0.12355960301762617
leaf_weight=243 19574 21288 37320 200 500 2858 29780 2218 828 787 271 786 439 22392 401 7209 292 13363 1933 1320 665 893 445 203 488 318 412 208 472 307 306 781 377 534 1909 525 7897 214 881 495 422 2380 244 209 20782 232 305 367 229 766 202 451 1809 358 563 31728 4240 27182 1097 381 15575 853
leaf_count=243 19574 21288 37320 200 500 2858 29780 2218 828 787 271 786 439 22392 401 7209 292 13363 1933 1320 665 893 445 203 488 318 412 208 472 307 306 781 377 534 1909 525 7897 214 881 495 422 2380 244 209 20782 232 305 367 229 766 202 451 1809 358 563 31728 4240 27182 1097 381 15575 853
internal_value=0.000328552 0.00166795 0.00149872 -0.00514382 -0.00437396 -0.0091075 -0.0071529 -0.0158584 -0.00291239 -0.0334441 0.0196053 0.0071349 0.00671027 0.00871515 0.0208813 -0.0191827 0.0242838 -0.049095 -0.0399371 0.0308791 0.0736035 0.024915 -0.0258945 0.00212006 -0.181206 -0.167352 0.00597605 -0.00133973 0.090839 -0.00434775 0.0600831 -0.00336213 -0.0131874 -0.0750779 -0.109828 -0.14564 -0.00860744 0.104375 0.0706226 0.104539 0.0124895 0.0611021 0.00966403 0.183712 0.00489727 0.00807816 0.0655283 0.0909315 0.116229 -0.00212807 -0.123369 0.179281 0.13642 0.0993197 0.237677 0.0132987 0.0223363 0.0274504 0.00710732 0.156766 0.000326752 0.0073357
internal_weight=292707 273133 272890 109877 109359 88071 87083 53492 30811 22681 5167 4896 33591 33152 23085 10067 22684 17514 15296 4110 2345 1558 1765 29983 988 518 163013 81545 2576 78969 2368 78662 48562 3345 2968 2434 45217 1896 1590 1376 30100 4065 2833 453 26035 25613 3863 3558 3191 21750 968 1232 2959 2167 792 81468 49740 45500 18318 793 17525 16428
internal_count=292707 273133 272890 109877 109359 88071 87083 53492 30811 22681 5167 4896 33591 33152 23085 10067 22684 17514 15296 4110 2345 1558 1765 29983 988 518 163013 81545 2576 78969 2368 78662 48562 3345 2968 2434 45217 1896 1590 1376 30100 4065 2833 453 26035 25613 3863 3558 3191 21750 968 1232 2959 2167 792 81468 49740 45500 18318 793 17525 16428
is_linear=0
shrinkage=0.05


Tree=105
num_leaves=63
num_cat=0
split_feature=12 19 16 6 14 29 6 29 5 14 29 29 29 27 22 30 27 11 29 29 14 11 26 29 27 29 27 14 14 14 29 14 5 29 11 29 21 29 9 29 27 28 0 27 11 29 28 12 14 29 11 9 14 29 29 11 29 8 29 28 14 29
split_gain=3125.05 3071.86 4403.76 2218.28 2274.4 4998.62 4317.05 2488.75 1969.84 2127.89 3264.28 16137.4 4143.59 3105.87 3071.81 3456.06 6510.8 3477.67 3069.19 6350.91 8086.6 5711.4 5575.42 4600.99 5159.53 3667.34 3665.62 10485.3 7522.32 12116.8 11951.6 6049.46 4313.31 4157.3 3821.86 3596.46 4763.82 6978.76 4875.54 3506.05 4584.15 4489.21 4176.75 3433.65 3238.67 3178.94 3071.35 3019.49 2956.42 2937.76 2776.23 2692.72 2691.38 5119.48 4376.46 5736.55 8068.45 5525.79 5623 5199.26 4849.6 4784.19
threshold=70.215277777777786 24.500000000000004 1.0000000180025095e-35 23.934340134619433 78.750000000000014 9.7500000000000018 -1.5900733639725586 4.3500000000000005 -36.499999999999993 51.750000000000007 1.8500000000000003 1.9500000000000002 2.0500000000000003 0.2786299765807963 2.5000000000000004 1.0000000180025095e-35 0.46579596698715225 -6.838819444444443 5.3500000000000005 3.9500000000000006 49.750000000000007 0.92625000000000013 0.87571529813049442 3.2500000000000004 0.44904069412196018 3.1500000000000008 0.51863425925925932 50.750000000000007 42.750000000000007 46.250000000000007 4.7500000000000009 49.250000000000007 1.0000000180025095e-35 5.0500000000000007 -8.7261805555555529 2.3500000000000001 1.0000000180025095e-35 2.7500000000000004 6.5000000000000009 4.3500000000000005 0.42895962732919263 0.51140700902151293 1652.5000000000002 0.5208957085828344 -13.734583333333331 4.6500000000000012 0.28426212590299282 29.820069444444449 47.250000000000007 2.1500000000000008 -3.3999305555555548 11.500000000000002 58.250000000000007 17.650000000000002 12.550000000000002 -2.9999999999999991 14.350000000000003 2.5000000000000004 15.750000000000002 0.38483642793987627 54.250000000000007 14.050000000000002
decision_type=2 2 2 2 2 2 2 2 2 2 2 2 2 2 10 2 2 2 2 2 2 2 2 2 2 2 2 2 2 2 2 2 2 2 2 2 10 2 2 2 2 2 2 2 2 2 2 2 2 2 2 2 2 2 2 2 2 2 2 2 2 2
left_child=1 2 -1 4 8 6 -6 -8 -3 10 14 -12 -13 -11 -10 16 47 -17 19 20 21 23 -23 25 -25 35 31 28 -28 30 32 34 -30 43 48 49 37 38 -37 42 -41 -42 -33 -31 -22 -45 -20 -16 -21 -14 -43 -18 53 54 59 56 60 58 61 -15 -56 -57
right_child=-2 3 -4 -5 5 -7 7 -9 9 13 11 12 18 52 15 17 51 -19 46 26 44 22 -24 24 -26 -27 27 -29 29 33 -32 39 -34 -35 -36 36 -38 -39 -40 40 41 50 -44 45 -46 -47 -48 -49 -50 -51 -52 -53 -54 -55 55 57 -58 -59 -60 -61 -62 -63
leaf_value=-0.0043985210268016979 0.08387665787477637 -0.053042746837073142 0.025135389350032646 -0.044349794961769676 0.1595732044415111 -0.2547803231557772 -0.19512574092784365 0.00099932288806788483 -0.10605464736273174 -0.17273687568949719 0.43839397816827486 -0.1896491125244105 -0.017116155722395495 0.064701044781800401 -0.018134933783303529 0.21480548195186114 -0.19172952872677954 0.00021242020121700405 0.13002962617982158 0.25023233958065805 -0.28486227634219596 -0.10645567613020022 0.1365297904399527 0.040914016301060466 -0.15994015120824978 0.19658555264160149 -0.092465626701205492 -0.11134931788430352 0.28857561483124677 0.18624124355841884 0.55500794981024615 0.039946291256413635 -0.0082281754178858309 -0.099246777135010011 -0.048469224275148361 -0.4059624082851942 0.096173618553056783 0.041897950726301397 -0.092179235298525217 0.18268854240008764 0.07144996367822723 -0.27453547852503701 0.25860701773157235 -0.052433226995691057 -0.0784312382516964 0.16022646277160923 -0.013003528849997928 0.20879279345236906 -0.014004573927613329 0.20454017002230668 -0.023439030362383387 -0.012876303338535209 -0.0039207225794213561 -0.093944220882757792 0.30135416505054557 -0.0094943330577837368 0.022965934692391395 0.042073390137670599 0.14347838727147896 0.0028338999259639591 0.10768629010181155 -0.24395141553111102
leaf_weight=24889 1097 1880 25607 3197 256 282 279 383 1523 254 203 308 278 3607 541 209 848 1870 377 202 207 287 1313 487 928 271 364 588 278 736 308 408 218 282 2838 226 410 419 274 349 514 214 470 436 2224 293 52966 200 221 322 226 280 88125 1182 583 389 1455 3946 216 57784 728 493
leaf_count=24889 1097 1880 25607 3197 256 282 279 383 1523 254 203 308 278 3607 541 209 848 1870 377 202 207 287 1313 487 928 271 364 588 278 736 308 408 218 282 2838 226 410 419 274 349 514 214 470 436 2224 293 52966 200 221 322 226 280 88125 1182 583 389 1455 3946 216 57784 728 493
internal_value=-0.00031722 -0.000634406 0.0105786 -0.00298431 -0.0024279 -0.0710608 -0.0144082 -0.0818273 -0.00207945 -0.00167096 -0.00855608 -0.00566636 -0.00695592 0.00162137 -0.0457564 -0.0224745 -0.0717959 0.0218782 -0.00614862 0.0126328 -0.0208257 0.0142842 0.092905 -0.0205294 -0.0908322 0.0247088 0.0412316 0.0811186 0.119967 0.150303 0.310817 0.0155462 0.158371 0.0762965 -0.0275647 0.000472957 -0.0453972 -0.108593 -0.234536 0.079988 0.0279079 -0.0288472 0.157158 0.110132 -0.0961188 0.0331415 -0.0119902 0.043313 0.112472 0.101982 -0.145909 -0.147384 0.00190185 0.00919212 0.0109551 0.0462061 0.104059 0.0144665 -0.0846952 0.00646987 0.193974 -0.140674
internal_weight=292548 291451 50496 240955 237758 1200 918 662 236558 234678 75916 70445 70242 158762 5471 3948 1869 2079 69934 16591 7646 5215 1600 3615 1415 2200 8945 3503 2915 2551 804 5442 496 1747 3261 1929 1329 919 500 2181 1303 954 878 1465 2431 729 53343 741 423 600 440 1128 158508 70383 69201 7810 2766 5044 1098 61391 1311 882
internal_count=292548 291451 50496 240955 237758 1200 918 662 236558 234678 75916 70445 70242 158762 5471 3948 1869 2079 69934 16591 7646 5215 1600 3615 1415 2200 8945 3503 2915 2551 804 5442 496 1747 3261 1929 1329 919 500 2181 1303 954 878 1465 2431 729 53343 741 423 600 440 1128 158508 70383 69201 7810 2766 5044 1098 61391 1311 882
is_linear=0
shrinkage=0.05


Tree=106
num_leaves=63
num_cat=0
split_feature=20 16 6 13 29 13 13 13 25 13 29 13 29 27 14 13 5 27 31 13 28 13 13 14 14 28 29 29 14 7 14 13 31 13 14 12 14 14 29 29 28 29 31 27 14 29 9 25 7 13 5 28 13 14 14 13 13 9 14 13 13 14
split_gain=3147.83 3773.45 2422.86 2430.75 6837.53 2548.6 2407.4 4566.66 7189.6 3431.71 7547.13 5406 4931.66 4643.23 4020.94 2759.25 2704.27 2505.32 2250.25 2248.56 4334.46 2499.93 7606.31 5805.53 5477.08 7758.27 10899.8 4081.32 2207.36 2191.36 1977.6 1932.07 2655.71 2603.14 2175.67 1914.59 2375.6 4959.65 2007.83 8598.11 9558.83 6372.96 3933.1 3132.63 2328.35 2107.3 4455.94 1981.73 1939.23 3390.88 3861.39 5194.82 3601.37 6022.1 6137.95 7268.39 5943.57 4444.18 4110.21 3307.29 3226.57 2811.36
threshold=0.75500000000000012 1.0000000180025095e-35 23.934340134619433 -46.249999999999993 5.1500000000000012 -45.249999999999993 -43.249999999999993 -42.249999999999993 2.5147135230954181 -39.249999999999993 5.3500000000000005 -38.749999999999993 2.3500000000000001 0.42229123533471363 56.750000000000007 -38.249999999999993 15.500000000000002 0.6254032258064518 1.6675345496813834 35.500000000000007 0.46579596698715225 28.250000000000004 26.750000000000004 62.250000000000007 51.750000000000007 0.45658456898718275 9.5500000000000025 25.400000000000002 63.250000000000007 0.45678240333939629 64.750000000000014 -28.749999999999996 1.4962926310773914 -31.749999999999996 54.250000000000007 70.215277777777786 80.250000000000014 82.250000000000014 18.950000000000003 18.550000000000004 0.48843892007484635 19.650000000000002 9.3379286794572653 0.52280154486036856 62.250000000000007 20.150000000000002 13.500000000000002 3.7689721954424074 0.13136802616163659 -24.249999999999996 -8.4999999999999982 0.44343724364232984 -28.749999999999996 58.750000000000007 49.750000000000007 -26.749999999999996 -26.749999999999996 2.5000000000000004 54.750000000000007 -23.749999999999996 -29.749999999999996 51.250000000000007
decision_type=2 2 2 2 2 2 2 2 2 2 2 2 2 2 2 2 2 2 2 2 2 2 2 2 2 2 2 2 2 2 2 2 2 2 2 2 2 2 2 2 2 2 2 2 2 2 2 2 2 2 2 2 2 2 2 2 2 2 2 2 2 2
left_child=2 -2 3 4 18 -5 28 8 -8 10 12 29 -9 -12 -15 -13 -16 19 -1 21 -21 22 27 24 -23 -26 -27 35 -7 -11 -24 33 -33 34 -4 36 38 -38 39 48 -41 42 -40 44 45 -43 -47 -37 49 50 -17 61 60 54 -54 58 57 -55 -56 -51 -53 -52
right_child=1 -3 31 5 -6 6 7 9 -10 11 13 15 -14 14 16 17 -18 -19 -20 20 -22 23 30 -25 25 26 -28 -29 -30 -31 -32 32 -34 -35 -36 47 37 -39 41 40 -42 43 -44 -45 -46 46 -48 -49 -50 59 51 52 53 56 55 -57 -58 -59 -60 -61 -62 -63
leaf_value=0.039478711985809878 -0.0027714283579106918 0.024548877049511551 0.10804775615864332 -0.13216153553898924 0.1436848988963941 0.15416647493406438 0.047478614653098501 0.089846322558118294 -0.35202702557632576 -0.27215421893355618 -0.07381950817250002 0.14318852884379718 -0.19267327372865012 0.31910530518626906 0.20936963782772763 0.22398805113425896 -0.00065409325761720547 0.084910138439089983 -0.16824180100408526 0.05365941668705751 -0.2485473989555434 -0.083780414838328404 -0.18391914995288064 -0.16959752802903527 -0.052306213564172921 0.10576171593612126 0.58496165779594445 0.21282322964694522 -0.017148451297174371 -0.059140328984172576 -0.040581670965591121 0.069360457951278168 -0.11863678330355878 0.13852997696921229 -0.060370573536313789 0.10892775712899312 -0.2751826833820476 0.0020559083628408259 -0.067217783743722573 -0.00065287855708799376 0.43523429375739164 0.11752722455969995 -0.32138464675578177 -0.18379387181842388 0.17823822007449563 -0.11677110791870514 0.10363826145303168 -0.062082889227842636 -0.0082285730310565561 -0.10489138854105232 -0.25075610817806554 0.029414301969015885 0.20272796092211537 0.14938441789324541 -0.050699182514633456 0.10132729968845092 0.062537631491269549 0.45767983679844487 -0.34579824847237367 0.00013705070144941141 -0.14327561629016872 -0.03379540980052527
leaf_weight=225 24895 25671 224 377 933 467 215 267 235 250 207 324 364 360 318 267 295 814 308 217 260 240 713 206 223 289 201 219 314 234 364 222 1200 249 1299 717 246 465 323 268 236 294 288 201 214 616 364 221 91752 753 201 2220 357 217 279 462 447 256 204 126885 307 574
leaf_count=225 24895 25671 224 377 933 467 215 267 235 250 207 324 364 360 318 267 295 814 308 217 260 240 713 206 223 289 201 219 314 234 364 222 1200 249 1299 717 246 465 323 268 236 294 288 201 214 616 364 221 91752 753 201 2220 357 217 279 462 447 256 204 126885 307 574
internal_value=-0.000248369 0.0110986 -0.00261674 -0.00203869 0.0621249 -0.00243483 -0.00222812 -0.00251777 -0.16147 -0.002214 0.0663305 -0.00274434 -0.0731755 0.14093 0.186645 -0.00239826 0.108461 -0.00260099 -0.0806452 -0.00290765 -0.111241 -0.00268452 -0.00305229 0.0705334 0.122563 0.19204 0.303123 -0.00243084 0.0853557 -0.169502 -0.135557 -0.0458698 -0.0892589 -0.01102 -0.0355453 -0.00263705 -0.00292959 -0.0941181 -0.00264479 -0.00217099 0.203911 -0.0491148 -0.187351 0.000973715 0.0260389 0.000353508 -0.0348826 0.0686131 -0.00263315 0.00121456 0.0386321 0.0296341 0.0492239 0.0956424 0.0264058 -0.0403487 0.193492 0.316856 -0.175794 -0.000483381 0.00838618 -0.0903158
internal_weight=292833 50566 242267 239073 1466 237607 237230 236449 450 235999 1811 234188 631 1180 973 233704 613 233380 533 232566 477 232089 230930 1159 953 713 490 229853 781 484 1077 3194 1422 1772 1523 229634 228696 711 227985 225685 504 2300 611 1689 1488 1274 980 938 225181 133429 5791 5524 4749 2222 1302 945 920 473 483 127638 2527 775
internal_count=292833 50566 242267 239073 1466 237607 237230 236449 450 235999 1811 234188 631 1180 973 233704 613 233380 533 232566 477 232089 230930 1159 953 713 490 229853 781 484 1077 3194 1422 1772 1523 229634 228696 711 227985 225685 504 2300 611 1689 1488 1274 980 938 225181 133429 5791 5524 4749 2222 1302 945 920 473 483 127638 2527 775
is_linear=0
shrinkage=0.05


Tree=107
num_leaves=63
num_cat=0
split_feature=15 6 13 29 13 25 13 13 31 14 13 29 29 13 13 29 13 5 31 29 31 29 5 14 14 13 14 29 13 29 14 25 29 29 28 29 28 14 9 29 29 14 14 13 14 13 29 14 14 25 29 28 29 14 13 13 10 29 7 8 14 22
split_gain=2610.82 2702.42 3603.47 9111.09 3662.36 3831.98 2973.25 5907.73 10221 4046.91 3406.52 6485.9 6011.7 4982.28 4843.22 3951.85 6638.07 4747.81 2951.8 4683.59 2723.48 2518.6 2453.86 2392.7 3996.32 3664.53 3581.45 6506.99 2486.44 4628.98 3780.21 3602.05 3338.17 15445.6 8198.87 7247.41 6520.73 4328.26 4127.98 4569.29 3320.59 3468.62 7186.22 3011.7 9693.69 5114.08 14769.9 5829.22 4813.93 4472.48 4228.4 3926.15 4305.08 3010.61 2973.21 3739.68 2793.79 2786.72 2586.24 4728.12 4235.3 4328.81
threshold=1.7247222222222225 23.934340134619433 -46.249999999999993 5.1500000000000012 -45.249999999999993 2.4987822282435266 -43.249999999999993 -42.249999999999993 3.7998712907806662 66.250000000000014 -39.249999999999993 5.3500000000000005 2.3500000000000001 -38.749999999999993 -38.249999999999993 8.7500000000000018 -40.749999999999993 29.500000000000004 3.1899318181818184 7.7500000000000009 1.691529220779221 6.5500000000000007 13.500000000000002 38.750000000000007 38.250000000000007 7.7500000000000009 37.250000000000007 9.1500000000000004 17.250000000000004 25.400000000000002 44.750000000000007 2.4743147672495693 18.950000000000003 18.550000000000004 0.49456457520973657 19.800000000000001 0.51227040048178274 62.250000000000007 12.500000000000002 22.400000000000002 2.4500000000000006 65.250000000000014 67.250000000000014 21.750000000000004 66.250000000000014 23.250000000000004 6.7500000000000009 68.750000000000014 49.750000000000007 2.8575527772084448 6.2500000000000009 0.55458365164247525 10.750000000000002 57.250000000000007 18.250000000000004 18.750000000000004 11.500000000000002 8.6500000000000004 0.22583275918491866 13.500000000000002 82.250000000000014 2.5000000000000004
decision_type=2 2 2 2 2 2 2 2 2 2 2 2 2 2 2 2 2 2 2 2 2 2 2 2 2 2 2 2 2 2 2 2 2 2 2 2 2 2 2 2 2 2 2 2 2 2 2 2 2 2 2 2 2 2 2 2 2 2 2 2 2 8
left_child=-1 2 3 20 5 -4 9 8 -8 -6 11 12 -9 22 -15 17 -17 21 -5 -20 -2 -13 -12 24 25 26 -16 -28 29 32 -30 40 33 58 -35 36 -34 38 39 56 53 54 -43 44 51 46 -45 48 -47 -50 -46 52 -33 -32 -42 -56 -37 -51 59 60 61 -25
right_child=1 -3 4 18 6 -7 7 10 -10 -11 13 15 -14 14 23 16 -18 -19 19 -21 -22 -23 -24 28 -26 -27 27 -29 30 -31 31 43 35 34 -36 37 -38 -39 -40 -41 41 42 -44 45 50 47 -48 -49 49 57 -52 -53 -54 -55 55 -57 -58 -59 -60 -61 -62 -63
leaf_value=-0.023695478585318858 0.045408902710014701 -0.041615795675702116 -0.29896272262155366 0.31597716858987479 0.14417553027828398 -0.0087122175633715156 0.016589126799727318 0.10848056889047511 -0.4347607653025749 -0.10700806076723585 -0.27231191705880514 0.15431669438060128 -0.18755292645204169 0.17978108238093754 -0.056786891099644257 -0.096223371344439312 0.25486088373351246 0.016234320518258332 -0.092581059101024321 0.17694576346896862 -0.16733184037429671 0.37898480958683184 -0.058883075471967465 -0.017500546477970187 -0.18959608649439066 -0.21149184590218023 0.18613177795859301 -0.10410651293377189 -0.20629487896847368 0.22080788992822542 0.22640547751648366 -0.091852817574054335 -0.070222713441267459 0.072865311238619931 0.45718825708634114 0.086219813941749712 -0.39661672564771244 0.17884513916399647 0.064468443571341627 -0.26360713241297778 -0.11663158927742921 0.33994892058363058 -0.028393019394234411 0.36292326323761559 -0.39062236586785443 0.13819075418769705 -0.16824769304943799 0.16042811245900918 -0.03211044936615047 -0.22130946312388031 -0.13243973607740567 0.12488391897735605 0.069282068121029397 -0.004936325036148291 0.17265190808290004 -0.011755389934002772 -0.10952646898125987 -0.011586402603800262 -0.005131747992938732 0.019347967867492644 0.2201678060131258 0.0051342646212979032
leaf_weight=11366 252 3714 207 230 738 251 307 304 211 204 233 211 391 377 1107 368 211 230 208 707 371 312 319 27182 413 223 529 303 266 241 329 1842 384 277 278 301 254 270 633 295 605 220 330 303 288 292 229 351 1892 645 355 344 534 245 297 3550 459 210 84083 45615 218 94748
leaf_count=11366 252 3714 207 230 738 251 307 304 211 204 233 211 391 377 1107 368 211 230 208 707 371 312 319 27182 413 223 529 303 266 241 329 1842 384 277 278 301 254 270 633 295 605 220 330 303 288 292 229 351 1892 645 355 344 534 245 297 3550 459 210 84083 45615 218 94748
internal_value=-0.000202774 0.00074655 0.0013135 0.0724477 0.000857259 -0.140261 0.00109249 0.000787915 -0.167745 0.0897233 0.00110726 0.0656693 -0.0580951 0.000625659 0.000931238 0.130241 0.0319381 0.205686 0.156125 0.115642 -0.0813445 0.288812 -0.149301 0.000681714 -0.0472769 -0.0200151 0.00210391 0.0804339 0.00114206 0.00223355 -0.0200791 -0.0162119 0.0020261 0.00260639 0.265849 -0.0543722 -0.200584 -0.00665211 -0.0364112 -0.0969427 0.0140323 0.000951181 0.119293 -0.0393598 -0.0740702 -0.00958538 0.134393 -0.0322133 -0.0545085 -0.0750348 -0.248507 -0.0327578 -0.0556242 0.127825 -0.0136923 0.00252258 -0.0319892 -0.169872 0.00202522 0.0056123 0.000482737 8.81571e-05
internal_weight=292662 281296 277582 1768 275814 458 275356 274414 518 942 273896 2027 695 271869 271317 1332 579 753 1145 915 623 523 552 270940 2575 2162 1939 832 268365 255238 13127 12861 254997 252401 555 2596 638 1958 1688 1055 5576 5002 550 7285 3363 3922 532 3390 3039 2747 643 2720 2376 574 4452 3847 760 855 251846 167763 122148 121930
internal_count=292662 281296 277582 1768 275814 458 275356 274414 518 942 273896 2027 695 271869 271317 1332 579 753 1145 915 623 523 552 270940 2575 2162 1939 832 268365 255238 13127 12861 254997 252401 555 2596 638 1958 1688 1055 5576 5002 550 7285 3363 3922 532 3390 3039 2747 643 2720 2376 574 4452 3847 760 855 251846 167763 122148 121930
is_linear=0
shrinkage=0.05


Tree=108
num_leaves=63
num_cat=0
split_feature=7 13 29 13 31 13 13 14 13 29 29 14 13 31 14 14 31 13 28 29 13 29 29 25 31 14 28 9 25 28 13 14 31 13 31 13 5 14 14 14 13 29 26 28 29 14 29 28 29 29 14 14 29 29 29 31 14 13 31 29 29 26
split_gain=2566.91 4349.68 4398.68 6261.13 7165.2 5970.17 5424.38 6278.02 4548.2 22885.2 8698.15 6826.79 5749.63 3686.9 3446.26 9940.17 7652.23 7358.35 7476.25 7085.2 6326.75 11132.2 6361.21 4428.1 3977.88 4111.95 3585.88 3321.01 3295.4 3244.85 3657.45 3158.88 7508.11 3138.43 2936.24 2901.77 4641.38 3508.14 5256.51 4617.67 4453.24 3726.17 4737.32 4158.93 3200.26 3144.46 10340 2953.27 2838.06 2807.5 2754.04 13586.9 10242.1 8059.48 15911.4 12356 8698.94 9771.27 7833.17 6431.67 8121.32 6078.38
threshold=0.22583275918491866 13.750000000000002 11.450000000000001 27.750000000000004 6.5116517246433467 16.750000000000004 17.250000000000004 53.750000000000007 28.250000000000004 9.5500000000000025 7.5500000000000007 55.750000000000007 27.750000000000004 5.7521263057929728 60.750000000000007 62.250000000000007 2.0071898596432987 15.250000000000002 0.48159439927732611 10.350000000000003 21.750000000000004 4.2500000000000009 7.3500000000000005 2.4500070402703469 3.2657579087579092 65.250000000000014 0.41824123588829476 6.5000000000000009 2.4003334259516538 0.51620405101275335 15.750000000000002 82.250000000000014 5.39135399083675 19.250000000000004 1.691529220779221 -24.249999999999996 -1.0000000180025095e-35 52.750000000000007 54.750000000000007 53.750000000000007 -25.249999999999996 3.9500000000000006 0.96911300443519932 0.53069073783359511 3.7500000000000004 79.250000000000014 8.5500000000000025 0.45928079242032732 13.950000000000001 5.4500000000000011 63.250000000000007 61.250000000000007 17.550000000000004 12.750000000000002 13.15 4.8150120192307702 66.250000000000014 6.7500000000000009 6.6966284643343945 12.950000000000001 12.15 1.3150993323507032
decision_type=2 2 2 2 2 2 2 2 2 2 2 2 2 2 2 2 2 2 2 2 2 2 2 2 2 2 2 2 2 2 2 2 2 2 2 2 2 2 2 2 2 2 2 2 2 2 2 2 2 2 2 2 2 2 2 2 2 2 2 2 2 2
left_child=1 31 8 4 29 28 -7 48 12 10 11 49 13 14 26 16 -16 18 -17 20 24 -22 -23 -18 33 -26 -3 -28 -6 30 -4 35 -33 34 -19 36 -1 40 39 -39 41 42 -38 47 -41 50 -47 -43 -8 -10 51 -37 53 55 -55 -52 57 -57 -56 60 -53 -58
right_child=-2 2 3 -5 5 6 7 -9 9 -11 -12 -13 -14 -15 15 17 23 19 -20 -21 21 22 -24 -25 25 -27 27 -29 -30 -31 -32 32 -34 -35 -36 45 37 38 -40 44 -42 43 -44 -45 -46 46 -48 -49 -50 -51 52 59 -54 54 58 56 61 -59 -60 -61 -62 -63
leaf_value=0.10399236533359413 -0.0064766404861002066 0.048051733399727251 -0.25111735453472495 -0.24713545208712906 -0.20337055667059314 0.28887474881654435 0.021492294397424252 -0.12441024291088008 0.054223273008500064 0.41637154415889016 -0.23537161621374236 0.22906880532874996 -0.18455316026270643 -0.20998725421768097 -0.037066916070982732 -0.050792879544276741 0.10427384146834291 0.011563323016076432 0.235108570552132 0.18917128778706638 0.31511038939321512 -0.24363443341486862 0.063964088591479368 0.38637982200492516 -0.13811317594455821 0.097592112880157345 0.024506878758286488 -0.050454241674545347 -0.0023632940995567311 -0.21977661596611142 -0.033195981314323907 0.26900479213024181 -0.11621550302489184 -0.24992029454458639 -0.15236083510056903 0.0057730166051434811 -0.37546113488815763 0.02347991728918964 0.01596001133637159 0.077046166900999663 0.12807525235246614 -0.14324435771030206 -0.033262473719149102 -0.22069409459249162 0.32628063797296447 0.13455496574444156 -0.29667917043412112 0.045232952088584688 0.25086513496159263 -0.20172287882416029 0.0088210836616981307 -0.053288115588486451 0.25422191898241869 -0.29309828361624385 -0.16875027239517515 0.24588953154662266 -0.0031454392970722482 -0.059622529479935307 0.043943692525252542 -0.19344460810235553 0.23221606308524589 0.201859577991918
leaf_weight=1787 101134 1518 234 415 327 274 254 366 217 372 366 336 479 224 276 380 223 407 572 323 284 273 434 373 321 434 1861 7160 539 525 1068 341 200 473 829 118308 200 480 6495 204 338 263 204 243 352 241 326 976 287 210 21391 8109 452 599 563 1408 1746 321 1861 793 256 455
leaf_count=1787 101134 1518 234 415 327 274 254 366 217 372 366 336 479 224 276 380 223 407 572 323 284 273 434 373 321 434 1861 7160 539 525 1068 341 200 473 829 118308 200 480 6495 204 338 263 204 243 352 241 326 976 287 210 21391 8109 452 599 563 1408 1746 321 1861 793 256 455
internal_value=-3.25163e-05 0.00336992 -0.0172128 -0.0627925 -0.0429862 0.0212549 0.0943415 0.0353206 -0.00655352 0.0768166 -0.0353346 0.0608028 -0.0139869 -0.00898349 -0.00618119 0.0255049 0.180522 -0.0031055 0.121055 -0.0344158 -0.0553671 0.0512853 -0.0549879 0.281178 -0.0982652 -0.00267179 -0.0230247 -0.034989 -0.0784103 -0.114935 -0.0725242 0.00612806 0.126643 -0.14047 -0.0984169 0.00574008 0.0299348 0.0163591 0.0326529 0.137189 -0.0388055 -0.0687651 -0.203177 -0.0320116 0.235137 0.00395926 -0.113471 0.005142 0.143413 -0.0718291 0.00438608 0.00123105 0.0183514 0.0145811 -0.0625698 0.0237941 0.105269 0.189168 -0.00550598 -0.0574388 -0.0445239 0.0393065
internal_weight=292680 191546 22634 4289 3874 2047 1181 907 18345 1501 1129 763 16844 16365 16141 5602 872 4730 952 3778 3455 991 707 596 2464 755 10539 9021 866 1827 1302 168912 541 1709 1236 168371 11542 9755 7531 1036 2224 1886 404 1482 556 156829 567 1239 541 427 156262 127466 28796 28344 3023 25321 3930 1729 2424 9158 8365 2201
internal_count=292680 191546 22634 4289 3874 2047 1181 907 18345 1501 1129 763 16844 16365 16141 5602 872 4730 952 3778 3455 991 707 596 2464 755 10539 9021 866 1827 1302 168912 541 1709 1236 168371 11542 9755 7531 1036 2224 1886 404 1482 556 156829 567 1239 541 427 156262 127466 28796 28344 3023 25321 3930 1729 2424 9158 8365 2201
is_linear=0
shrinkage=0.05


Tree=109
num_leaves=63
num_cat=0
split_feature=13 13 16 17 19 19 19 17 26 24 15 26 14 31 27 25 14 14 31 13 13 6 8 31 14 12 27 27 14 28 14 31 14 13 14 25 0 14 24 14 17 18 14 13 12 2 25 18 13 13 28 26 10 2 0 12 10 8 13 13 13 13
split_gain=2826.35 5459.41 2612.57 5999.32 5499.26 2790.07 2521.64 1950.27 1946.51 2389.57 1594.27 1617.18 1588.77 2628.28 1981.23 1858.05 1749.04 1984.54 1921.51 1884.9 1662.81 1579.78 1548.29 1359.04 1634.09 1306.18 1291.89 2242.76 1810.75 2511.22 1735 2261.01 1731.73 1660.07 1651.77 2769.49 1490.44 1456.64 1297.98 1270.23 1237.39 1236.57 1186.32 1215.18 1186.3 1159.68 1157.33 1096.5 1085.7 1209.3 1217.48 1080.43 1646.79 5875.62 1079.94 1076.73 1339.92 1243.03 1977 1068.72 1811.67 1043.09
threshold=-54.249999999999993 -52.249999999999993 1.0000000180025095e-35 3.5000000000000004 64.500000000000014 76.500000000000014 7.5000000000000009 1.5000000000000002 2.00011456065987 22.500000000000004 1.7247222222222225 1.112006880074633 63.250000000000007 7.9312803268384675 0.56883480744932169 3.2460918118737827 60.250000000000007 60.750000000000007 5.7120449438202252 -36.249999999999993 17.750000000000004 -7.0989044430342441 8.5000000000000018 1.0249736842105266 68.250000000000014 70.215277777777786 0.51169630642954866 0.52010101010101029 50.250000000000007 0.51524446923219946 58.250000000000007 1.3754335839598999 56.750000000000007 9.7500000000000018 57.750000000000007 3.0667067548606943 2896.5000000000005 51.750000000000007 124.50000000000001 78.750000000000014 3.5000000000000004 1.0000000180025095e-35 55.250000000000007 -3.7499999999999996 36.63472222222223 1203.5000000000002 2.737829013406738 4.5000000000000009 8.2500000000000018 -24.749999999999996 0.4409693353548198 0.66787069806726118 29.500000000000004 1295.5000000000002 1575.5000000000002 47.29097222222223 34.500000000000007 6.5000000000000009 -16.749999999999996 -15.749999999999998 -4.2499999999999991 -6.2499999999999991
decision_type=2 2 2 2 2 2 2 2 2 2 2 2 2 2 2 2 2 2 2 2 2 2 2 2 2 2 2 2 2 2 2 2 2 2 2 2 2 2 2 2 2 2 2 2 2 2 2 2 2 2 2 2 2 2 2 2 2 2 2 2 2 2
left_child=46 -2 5 4 6 25 -4 -7 9 22 -11 -12 16 14 15 20 19 -18 48 -13 21 54 45 24 -23 39 28 30 -21 37 31 -28 36 34 -31 -36 42 -30 -33 40 41 -3 43 -29 -9 -8 -1 -46 49 -19 -51 52 53 -43 -14 56 -25 -57 -59 -34 -61 -49
right_child=1 2 3 -5 -6 7 8 44 -10 10 11 12 13 -15 -16 -17 17 18 -20 26 -22 23 -24 55 -26 -27 27 32 29 33 -32 38 59 -35 35 -37 -38 -39 -40 -41 -42 51 -44 -45 47 -47 -48 61 -50 50 -52 -53 -54 -55 -56 57 -58 58 -60 60 -62 -63
leaf_value=0.21746537860224746 -0.2457920621931553 0.01682193971808877 0.046732103607507777 -0.02448777103234347 -0.0038314455170327371 -0.0049172923198276923 0.14569490259439291 0.015520876545847526 -0.029410321426776083 -0.024599288120772288 0.020621377202763708 0.10873798709456112 0.019166219596654967 0.16043758938332461 0.11200825716567159 -0.055066579127636475 -0.14098920524147093 0.091125324671848293 -0.15322050790802302 -0.061542878993189401 -0.11711734919939365 0.17425504389410729 -0.068938742176566314 -0.055239738946603591 -0.00070438501796908257 0.075701881654021697 -0.088668420138411336 0.052099707821241376 0.060189988019352471 -0.0074476562691082708 -0.041565630785210694 0.10088821585589983 0.12765446656648025 0.16483821681033134 0.017430041230830324 0.24377519885698953 -0.17375625611377368 -0.047705301495017977 -0.0098070515290139219 -0.073416581118104257 0.0071428743909267766 0.25080493774866736 -0.11850295207790427 -0.054203709971089892 -0.023000737662484821 0.041552502441857007 0.04769695578143001 0.085876850829923052 0.080175284698422333 0.070980142846560942 -0.060293563889906178 -0.010482600653315643 -0.057057869525147131 0.0079247445401158037 0.1333841944078813 -0.047376084886491303 0.012957382441875935 -0.017824293199194027 0.16899888823085724 -0.086430186795749805 0.078866729029024085 0.02939954990632548
leaf_weight=201 224 4587 6555 15163 52493 8241 276 7361 2454 2767 36998 398 348 328 498 974 434 201 251 1663 213 271 308 1062 262 476 210 495 360 1342 440 1684 242 232 413 200 206 2348 314 719 14087 290 295 586 451 7801 201 1790 304 208 1143 103397 516 1726 511 214 2233 238 348 298 371 1507
leaf_count=201 224 4587 6555 15163 52493 8241 276 7361 2454 2767 36998 398 348 328 498 974 434 201 251 1663 213 271 308 1062 262 476 210 495 360 1342 440 1684 242 232 413 200 206 2348 314 719 14087 290 295 586 451 7801 201 1790 304 208 1143 103397 516 1726 511 214 2233 238 348 298 371 1507
internal_value=0.000588317 0.000405896 0.000595536 0.00529505 0.00872184 -0.00416242 0.0170318 0.0135125 0.0143548 0.0158832 0.0124898 0.0142256 0.00353619 0.0222475 0.0159061 0.00871948 -0.00605171 -0.0437538 -0.0236678 0.00187065 0.0196268 0.0249555 0.0409311 0.0133882 0.0884122 -0.00688122 -0.00177396 0.0169901 -0.016484 -0.00116651 0.0490253 0.0670884 -0.0170428 0.0386746 0.0236261 0.0915551 -0.0486548 -0.0333448 0.0834955 -0.00719549 -0.00681279 -0.00859171 -0.0298134 -0.00552322 0.0271835 0.0451288 0.13291 0.0500783 -0.00607443 -0.0230094 -0.0400451 -0.00969233 0.0225706 0.0429699 0.087188 0.00360393 -0.00903309 0.0555989 0.0932208 0.0378463 0.00521761 0.0600788
internal_weight=292727 292325 292101 146953 131790 145148 79297 19350 72742 70288 61903 59136 22138 7500 7172 6674 14638 2541 2107 12097 5700 5487 8385 4628 533 125798 11699 5141 6558 4895 2648 2208 2493 2187 1955 613 1582 2708 1998 125322 124603 110516 1376 1081 11109 8077 402 3748 1856 1552 1351 105929 2532 2016 859 4095 3295 800 586 911 669 3297
internal_count=292727 292325 292101 146953 131790 145148 79297 19350 72742 70288 61903 59136 22138 7500 7172 6674 14638 2541 2107 12097 5700 5487 8385 4628 533 125798 11699 5141 6558 4895 2648 2208 2493 2187 1955 613 1582 2708 1998 125322 124603 110516 1376 1081 11109 8077 402 3748 1856 1552 1351 105929 2532 2016 859 4095 3295 800 586 911 669 3297
is_linear=0
shrinkage=0.05


Tree=110
num_leaves=63
num_cat=0
split_feature=13 13 16 20 17 17 18 20 17 18 17 17 7 17 5 27 28 13 29 18 13 13 13 29 14 9 14 27 29 13 13 29 13 14 14 29 31 25 31 13 29 7 28 27 29 31 31 5 28 29 14 14 14 14 29 13 8 13 11 13 25 14
split_gain=2818.45 3091.37 2332.83 5283.04 3302.02 2373.84 2173 2147.43 1914.65 2328.03 1356.63 1336.81 1273.8 1240.21 1191.57 1117.62 1231.3 1150.9 2500.39 1003.17 999.896 2080.59 2611.45 1122.9 2738.78 6467.63 2141.51 2968.71 1878.49 6150.9 3784.77 2467.36 1814.53 1481.55 2269.27 1922.91 2318.27 1348.96 1217.34 2803.75 2362.79 2974.86 2101.25 1709.76 1681.92 2226.52 2904.28 2786.13 2439.9 2399.35 2419.75 2660.36 1886.62 1650.08 3190.44 2890.33 2449.98 2443.96 1985.82 2335.5 2190.33 1938.09
threshold=-54.749999999999993 -52.249999999999993 1.0000000180025095e-35 0.44500000000000006 2.5000000000000004 2.5000000000000004 3.5000000000000004 0.20500000000000004 1.0000000180025095e-35 4.5000000000000009 1.5000000000000002 3.5000000000000004 -0.9904687135034127 2.5000000000000004 43.500000000000007 0.61991735537190096 0.60570151679306616 -46.249999999999993 7.7500000000000009 1.0000000180025095e-35 26.750000000000004 28.250000000000004 30.250000000000004 16.250000000000004 63.250000000000007 13.500000000000002 46.250000000000007 0.48240454076367395 15.350000000000003 4.7500000000000009 -2.2499999999999996 15.15 10.250000000000002 50.750000000000007 56.250000000000007 17.150000000000002 9.3379286794572653 2.5214484377070163 5.6740419524001622 -33.749999999999993 11.250000000000002 0.045977038491530363 0.52011560693641623 0.41192630898513255 8.2500000000000018 3.7342927018633545 2.9011488269794725 14.500000000000002 0.52280154486036856 7.7500000000000009 57.250000000000007 49.250000000000007 44.750000000000007 46.250000000000007 10.550000000000002 -14.749999999999998 5.5000000000000009 7.2500000000000009 2.5002777777777783 -13.749999999999998 2.2857937390751633 44.250000000000007
decision_type=2 2 2 2 2 2 2 2 2 2 2 2 2 2 2 2 2 2 2 2 2 2 2 2 2 2 2 2 2 2 2 2 2 2 2 2 2 2 2 2 2 2 2 2 2 2 2 2 2 2 2 2 2 2 2 2 2 2 2 2 2 2
left_child=-1 -2 7 5 8 -4 -6 13 19 -10 -11 12 -9 -3 15 16 17 18 -14 -5 23 -22 -23 28 26 -26 27 -25 31 30 -30 38 33 -28 35 -35 -37 -29 40 -40 42 -42 53 -43 45 46 48 49 -44 50 51 -47 -50 54 55 56 -19 58 59 -57 -60 -58
right_child=1 2 3 4 6 -7 -8 11 9 10 -12 -13 14 -15 -16 -17 -18 20 -20 -21 21 22 -24 24 25 -27 32 37 29 -31 -32 -33 -34 34 -36 36 -38 -39 39 -41 41 43 44 -45 -46 47 -48 -49 52 -51 -52 -53 -54 -55 -56 57 61 -59 60 -61 -62 -63
leaf_value=0.15455569034552802 -0.15943184531260113 0.0044600001105214032 0.0004945558198040412 -0.14602922718593125 0.020806388539950395 -0.019863805863478676 -0.012723215940637092 -0.026136467572671709 0.048418067392594993 0.025078933506746611 0.0064619693292344189 0.0077550566894784081 -0.037555840099890256 0.036425923537648078 -0.051333793038742109 0.068482153180427857 -0.062580349130481661 -0.24083771940892662 0.1934924916418545 -0.016925162278513293 -0.14480674040717276 0.13956241643013942 -0.079094276837487196 -0.059397409834220254 0.25182750132630266 -0.053030619104321192 -0.11280549640938936 0.25575970346026994 -0.080755306351403044 -0.27135057682749469 0.13020316376364974 0.13502950215339962 0.11138528174025263 0.16293131152869236 -0.072055124829057612 -0.10785970424031428 0.10156611218878181 0.071846881197459675 -0.15600167289871644 -0.017188556559180144 0.093742360853902112 0.054173161238119896 0.14027031667401935 -0.042147146074230271 -0.022516699973743823 0.21287702165080613 -0.034430926893455026 -0.045889791725406352 0.16613801668731953 0.030186831872561017 0.25113285860288842 -0.027978473514667715 0.014353146137927708 -0.0070310747900575567 -0.15507565730649972 0.11701080902463892 0.0086838540511168464 -0.077512738439620962 -0.027900195814123969 -0.016897931943437316 0.18335181081649343 -0.15454427627237891
leaf_weight=294 303 10603 56040 235 7156 19232 14875 9177 7394 25599 15842 14677 246 4250 1475 499 967 240 222 416 396 219 359 235 374 324 490 200 600 285 328 308 228 246 805 271 256 200 375 11199 1360 775 448 1133 2886 207 2621 412 211 671 376 255 5978 60617 492 355 448 1079 204 3814 306 305
leaf_count=294 303 10603 56040 235 7156 19232 14875 9177 7394 25599 15842 14677 246 4250 1475 499 967 240 222 416 396 219 359 235 374 324 490 200 600 285 328 308 228 246 805 271 256 200 375 11199 1360 775 448 1133 2886 207 2621 412 211 671 376 255 5978 60617 492 355 448 1079 204 3814 306 305
internal_value=8.53093e-05 -7.06949e-05 9.5331e-05 0.00453876 0.0142701 -0.0047072 -0.00183185 -0.0044027 0.0214385 0.0225745 0.0179624 -0.0064582 -0.00826474 0.0136085 -0.00672163 -0.0060934 -0.00645076 -0.00592502 0.0722229 -0.063682 -0.00628118 -0.0566754 0.00385111 -0.00579902 0.0215106 0.110444 0.000301201 0.0814955 -0.00680755 -0.0686189 -0.00613251 -0.00603449 -0.0221802 -0.0369528 -0.0133425 0.0478148 -0.00612755 0.164212 -0.00648488 -0.0216992 -0.00441768 0.0372673 -0.00608094 -0.00301545 0.0115074 0.0202923 0.0101244 0.0692644 0.0277222 0.100714 0.157083 0.080164 0.0195539 -0.00972649 -0.0322805 -0.0233098 -0.102046 -0.00971593 0.00593156 -0.00546997 0.0989618 -0.0575484
internal_weight=292393 292099 291796 146789 71517 75272 22031 145007 49486 48835 41441 130154 115477 14853 106300 104825 104326 103359 468 651 102891 974 578 101917 3629 698 2931 635 98288 1213 928 97075 2296 2068 1578 773 527 400 96767 11574 85193 3268 81925 1908 14065 11179 9258 1921 6637 1509 838 462 6189 67860 7243 6751 993 5758 4679 4169 510 753
internal_count=292393 292099 291796 146789 71517 75272 22031 145007 49486 48835 41441 130154 115477 14853 106300 104825 104326 103359 468 651 102891 974 578 101917 3629 698 2931 635 98288 1213 928 97075 2296 2068 1578 773 527 400 96767 11574 85193 3268 81925 1908 14065 11179 9258 1921 6637 1509 838 462 6189 67860 7243 6751 993 5758 4679 4169 510 753
is_linear=0
shrinkage=0.05


end of trees

feature_importances:
pregame_spread=1170
wind_mph=939
pregame_total=891
total_decayed=490
spread_decayed=448
wind_x_pass_rate=351
score_diff_per_min=311
home_pass_rate=234
yardline_100=232
away_pass_rate=224
has_ball_home=202
score_diff_x_sqrt_time=192
score_diff=183
home_score=118
expected_remaining_total=108
plays_per_min=107
away_score=100
plays_run=84
down=81
pace_ratio=80
field_pos_value=77
total_points_so_far=63
seconds_remaining=43
timeout_diff=28
distance=26
half_seconds_remaining=24
away_timeouts=23
period=19
home_timeouts=15
clock_seconds=11
sqrt_seconds_remaining=6
is_dome=2

parameters:
[boosting: gbdt]
[objective: regression]
[metric: l2]
[tree_learner: serial]
[device_type: cpu]
[data_sample_strategy: bagging]
[data: ]
[valid: ]
[num_iterations: 700]
[learning_rate: 0.05]
[num_leaves: 63]
[num_threads: 0]
[seed: 7]
[deterministic: 0]
[force_col_wise: 0]
[force_row_wise: 0]
[histogram_pool_size: -1]
[max_depth: -1]
[min_data_in_leaf: 200]
[min_sum_hessian_in_leaf: 0.001]
[bagging_fraction: 0.85]
[pos_bagging_fraction: 1]
[neg_bagging_fraction: 1]
[bagging_freq: 1]
[bagging_seed: 17422]
[bagging_by_query: 0]
[feature_fraction: 0.85]
[feature_fraction_bynode: 1]
[feature_fraction_seed: 7040]
[extra_trees: 0]
[extra_seed: 6516]
[early_stopping_round: 0]
[early_stopping_min_delta: 0]
[first_metric_only: 0]
[max_delta_step: 0]
[lambda_l1: 0]
[lambda_l2: 1]
[linear_lambda: 0]
[min_gain_to_split: 0]
[drop_rate: 0.1]
[max_drop: 50]
[skip_drop: 0.5]
[xgboost_dart_mode: 0]
[uniform_drop: 0]
[drop_seed: 15215]
[top_rate: 0.2]
[other_rate: 0.1]
[min_data_per_group: 100]
[max_cat_threshold: 32]
[cat_l2: 10]
[cat_smooth: 10]
[max_cat_to_onehot: 4]
[top_k: 20]
[monotone_constraints: ]
[monotone_constraints_method: basic]
[monotone_penalty: 0]
[feature_contri: ]
[forcedsplits_filename: ]
[refit_decay_rate: 0.9]
[cegb_tradeoff: 1]
[cegb_penalty_split: 0]
[cegb_penalty_feature_lazy: ]
[cegb_penalty_feature_coupled: ]
[path_smooth: 0]
[interaction_constraints: ]
[verbosity: -1]
[saved_feature_importance_type: 0]
[use_quantized_grad: 0]
[num_grad_quant_bins: 4]
[quant_train_renew_leaf: 0]
[stochastic_rounding: 1]
[linear_tree: 0]
[max_bin: 255]
[max_bin_by_feature: ]
[min_data_in_bin: 3]
[bin_construct_sample_cnt: 200000]
[data_random_seed: 61]
[is_enable_sparse: 1]
[enable_bundle: 1]
[use_missing: 1]
[zero_as_missing: 0]
[feature_pre_filter: 1]
[pre_partition: 0]
[two_round: 0]
[header: 0]
[label_column: ]
[weight_column: ]
[group_column: ]
[ignore_column: ]
[categorical_feature: ]
[forcedbins_filename: ]
[precise_float_parser: 0]
[parser_config_file: ]
[objective_seed: 15521]
[num_class: 1]
[is_unbalance: 0]
[scale_pos_weight: 1]
[sigmoid: 1]
[boost_from_average: 1]
[reg_sqrt: 0]
[alpha: 0.9]
[fair_c: 1]
[poisson_max_delta_step: 0.7]
[tweedie_variance_power: 1.5]
[lambdarank_truncation_level: 30]
[lambdarank_norm: 1]
[label_gain: ]
[lambdarank_position_bias_regularization: 0]
[eval_at: ]
[multi_error_top_k: 1]
[auc_mu_weights: ]
[num_machines: 1]
[local_listen_port: 12400]
[time_out: 120]
[machine_list_filename: ]
[machines: ]
[gpu_platform_id: -1]
[gpu_device_id: -1]
[gpu_device_id_list: ]
[gpu_use_dp: 0]
[num_gpu: 1]

end of parameters

pandas_categorical:[]
