tree
version=v4
num_class=1
num_tree_per_iteration=1
label_index=0
max_feature_idx=31
objective=regression
feature_names=seconds_remaining sqrt_seconds_remaining half_seconds_remaining period clock_seconds score_diff score_diff_x_sqrt_time score_diff_per_min home_score away_score total_points_so_far spread_decayed total_decayed pregame_spread pregame_total expected_remaining_total has_ball_home down distance yardline_100 field_pos_value timeout_diff home_timeouts away_timeouts plays_run plays_per_min pace_ratio home_pass_rate away_pass_rate wind_mph is_dome wind_x_pass_rate
feature_infos=[0:3600] [0:60] [0:1800] [1:4] [0:900] [-78:79] [-35.218366420567172:42.326853178567383] [-78:79] [-12:79] [-7:78] [-12:140] [-62:52.064999999999998] [0:89.5] [-62:54] [31.5:90] [0:89.5] [0:1] [0:5] [-65:87] [0:100] [0:1] [-13:6] [-12:3] [-3:3] [0:261] [0:173] [0:161] [0.12307692307692308:0.75757575757575757] [0.15714285714285714:0.69767441860465118] [0:29] [0:1] [0:17.786622757210992]
tree_sizes=5616 5809 5804 5822 5812 5799 5822 5829 5836 5822 5834 5814 5831 5852 5824 5845 5804 5853 5797 5817 5859 5844 5834 5820 5803 5860 5798 5850 5843 5829 5829 5834 5875 5814 5809 5861 5803 5828 5874 5792 5822 5894 5785 5852 5811 5805 5899 5803 5792 5796 5870 5831 5748 5811 5889 5802 5804 5810 5844 5860 5859 5762 5856 5832 5797 5840 5887 5794 5662 5916 5743 5834 5756 5896 5781 5858 5770 5809 5848 5886 5923 5817 5832

Tree=0
num_leaves=63
num_cat=0
split_feature=12 13 12 12 13 11 13 12 11 15 12 12 12 12 12 12 11 11 12 11 11 13 12 13 13 13 11 13 15 12 13 13 13 12 12 11 11 13 12 13 12 14 14 11 14 11 12 12 12 13 12 14 12 12 31 7 5 13 14 14 29 7
split_gain=1.22615e+07 3.11541e+06 1.65022e+06 1.60179e+06 446559 433168 365839 354048 288577 185700 179604 145016 144126 116262 71039.1 65565.2 64096.6 57732.7 57562.1 48757 43740.8 42041.1 40273.2 40269.5 35743.4 31708.8 31567.5 29902.8 28827.8 27947.9 27892.8 25338.8 23447.4 20254.9 19468.7 17059.2 16125.7 14897.8 14290.8 13239 13085.9 12963.3 12883.2 12448.8 12290.3 11987.5 11941.2 11704.3 11159.1 11097.4 11069.6 10633.9 10568.8 10353.9 10310.2 9210.07 8637.03 8481.27 8252.6 8248.84 8131.87 7873.28
threshold=28.305069444444445 -8.7499999999999982 43.766597222222224 14.570416666666668 -26.249999999999996 4.8393055555555557 -11.249999999999998 44.250486111111123 6.5004166666666672 8.6575000000000006 22.485208333333336 35.308125000000011 54.670069444444451 55.051388888888901 53.939305555555563 36.86236111111112 0.75000000000000033 -1.3731249999999997 45.269513888888895 -3.0874999999999986 -1.180347222222222 -26.249999999999996 34.88354166666668 14.750000000000002 -11.249999999999998 14.750000000000002 0.98729166666666635 -12.749999999999998 3.8537500000000007 65.450694444444466 -37.249999999999993 -12.749999999999998 -11.749999999999998 18.292777777777783 22.050347222222225 7.2504166666666672 13.092430555555557 -35.249999999999993 11.500694444444447 -5.7499999999999991 47.53819444444445 76.250000000000014 67.250000000000014 14.756111111111112 54.750000000000007 22.608888888888892 31.804652777777783 39.775277777777788 56.000416666666673 -12.749999999999998 48.623472222222226 60.750000000000007 19.500694444444452 50.447361111111114 6.9858631156077964 -0.35178558035379454 -7.4999999999999991 9.2500000000000018 75.250000000000014 54.750000000000007 3.2500000000000004 -0.090418185527412917
decision_type=2 2 2 2 2 2 2 2 2 2 2 2 2 2 2 2 2 2 2 2 2 2 2 2 2 2 2 2 2 2 2 2 2 2 2 2 2 2 2 2 2 2 2 2 2 2 2 2 2 2 2 2 2 2 2 2 2 2 2 2 2 2
left_child=3 4 8 9 18 12 21 22 11 28 26 20 19 23 27 43 -12 -13 37 40 -3 -5 49 53 -11 58 52 44 -1 39 42 59 41 -28 -23 55 -17 -2 -26 -14 -4 -16 -20 56 -9 -25 61 -19 -32 -6 -21 -34 -8 -7 -29 -18 -10 -57 -15 -24 -31 -22
right_child=1 2 5 6 7 13 10 14 15 24 16 17 29 25 32 36 35 47 30 50 46 34 31 45 38 -27 33 54 -30 60 48 -33 51 -35 -36 -37 -38 -39 -40 -41 -42 -43 -44 -45 -46 -47 -48 -49 -50 -51 -52 -53 -54 -55 -56 57 -58 -59 -60 -61 -62 -63
leaf_value=12.655380450832549 12.904659174813338 13.331700942580394 13.595242551859496 12.824191786490729 13.14283762064265 14.01063707508685 12.995050623774985 13.329868996395993 13.576575798571778 12.776124969443421 13.1824358370356 13.516157812608951 13.897715527435645 14.32295401001916 13.606009044985605 13.869747685967399 13.24487719231845 13.640173558090655 12.977573266845791 13.815643547162578 13.374533624822112 12.914813415499136 13.213384058084744 14.23020998404113 12.847815045696883 14.639323710702794 13.064174675877132 13.574493395997502 12.736096617703815 13.995285911403577 13.191725256776069 13.416583816095008 13.648871579852056 13.195380163589489 13.0247139385958 13.476846035650286 14.06224167189203 13.032748532572443 12.931506766587486 14.067406222599564 13.743591281195735 13.96114073924352 13.280483102442519 13.884703163599823 13.463094292800999 14.485448538432962 13.534166471733375 13.746965286085237 13.360841631384947 13.256023691086751 13.923782235881475 13.941810310774853 13.08302070127518 14.146313954729273 13.90931095124165 13.320270337785075 13.710408896309294 13.4501724388131 14.620517177147258 13.307436265933735 14.348517721260897 13.487140102558145
leaf_weight=22731 3743 8713 2469 7135 7658 4109 9269 2712 2089 9677 11469 9386 1617 2768 4457 3697 2860 5908 1945 5331 3019 8034 4516 2586 9532 1409 5296 2667 21722 207 3205 3697 448 6617 8108 2118 1566 5792 11051 4230 3789 273 428 669 4795 583 5416 4588 1401 3019 4362 1045 5419 2221 252 5200 2901 1657 270 4817 982 3205
leaf_count=22731 3743 8713 2469 7135 7658 4109 9269 2712 2089 9677 11469 9386 1617 2768 4457 3697 2860 5908 1945 5331 3019 8034 4516 2586 9532 1409 5296 2667 21722 207 3205 3697 448 6617 8108 2118 1566 5792 11051 4230 3789 273 428 669 4795 583 5416 4588 1401 3019 4362 1045 5419 2221 252 5200 2901 1657 270 4817 982 3205
internal_value=13.243 13.5698 13.756 12.9227 13.2813 14.0107 13.089 13.3709 13.5722 12.7599 13.1653 13.5103 13.8773 14.2306 13.5477 13.8001 13.2667 13.6063 13.0623 13.7941 13.4164 12.9253 13.2468 14.1316 12.8554 14.4419 13.0765 13.4678 12.6948 14.0659 13.1714 13.3058 13.6813 13.137 12.97 13.3483 13.9272 12.9824 12.8927 14.0206 13.6851 13.6267 13.0322 13.6818 13.415 14.2775 13.4799 13.6869 13.2432 13.1748 13.8644 13.8542 13.0275 14.0584 13.6036 13.3203 13.6545 13.3517 14.3498 13.2619 14.2877 13.4325
internal_weight=292855 144960 88090 147895 56870 36933 73182 40356 51157 74713 49905 40235 22987 13946 16649 10922 23304 19882 16514 15951 20353 23277 23707 9499 30260 4447 26601 10426 44453 7036 6979 13030 6223 11913 16142 11835 5263 9535 20583 5847 6258 4730 2373 5659 7507 3169 11640 10496 4606 10677 9693 1493 14688 6330 2919 9717 4990 6857 3038 9333 1189 6224
internal_count=292855 144960 88090 147895 56870 36933 73182 40356 51157 74713 49905 40235 22987 13946 16649 10922 23304 19882 16514 15951 20353 23277 23707 9499 30260 4447 26601 10426 44453 7036 6979 13030 6223 11913 16142 11835 5263 9535 20583 5847 6258 4730 2373 5659 7507 3169 11640 10496 4606 10677 9693 1493 14688 6330 2919 9717 4990 6857 3038 9333 1189 6224
is_linear=0
shrinkage=1


Tree=1
num_leaves=63
num_cat=0
split_feature=15 13 15 15 11 13 13 15 11 15 15 15 15 15 13 15 15 11 15 13 13 15 11 15 11 13 13 15 15 13 15 13 13 14 11 13 13 15 11 11 11 16 20 14 13 13 11 14 15 14 5 11 15 11 29 14 27 14 13 5 15 31
split_gain=1.10795e+07 2.78585e+06 1.51982e+06 1.44955e+06 405102 398368 343811 320534 255669 170774 162818 124352 124044 101965 67213.8 65447.1 58186.1 50931.3 50231.5 43832.5 39299.8 38943.9 38381.4 35963.9 35766.1 33860.4 26889 25157.8 24977 24779.9 24751.4 24296.1 23833 18305.7 16157.9 15330.7 13614.1 13596.1 13580.9 13403.1 13316.7 13311.2 13333.4 13167.5 13102.4 12982.6 12372 11121.5 10709.2 10389.6 10297.4 10230.6 9570.99 9479.61 9467.67 9940.8 8712.8 8198.58 8101.88 8088.34 8038.58 8028.87
threshold=28.699444444444449 -8.7499999999999982 14.570416666666668 43.766597222222224 5.000208333333334 -26.249999999999996 -6.7499999999999991 44.250486111111123 6.5004166666666672 8.6575000000000006 22.485208333333336 35.538402777777783 54.670069444444451 55.051388888888901 -26.249999999999996 53.939305555555563 37.5376388888889 -1.3731249999999997 45.269513888888895 -4.7499999999999991 14.750000000000002 22.050347222222225 -1.180347222222222 35.994513888888896 0.80965277777777855 -11.249999999999998 14.750000000000002 4.6059722222222232 18.292777777777783 -11.749999999999998 64.000833333333347 -12.749999999999998 -33.249999999999993 67.750000000000014 7.2504166666666672 -12.749999999999998 -12.749999999999998 49.201111111111125 15.902569444444447 14.756111111111112 22.608888888888892 1.0000000180025095e-35 0.64500000000000013 76.250000000000014 -35.249999999999993 -12.749999999999998 0.92625000000000013 54.750000000000007 48.363125000000004 60.750000000000007 -9.4999999999999982 2.5002777777777783 39.775277777777781 -2.239236111111111 9.3500000000000032 70.250000000000014 0.56765475152571943 75.250000000000014 9.2500000000000018 -22.499999999999996 47.53819444444445 7.0659211485977798
decision_type=2 2 2 2 2 2 2 2 2 2 2 2 2 2 2 2 2 2 2 2 2 2 2 2 2 2 2 2 2 2 2 2 2 2 2 2 2 2 2 2 2 2 2 2 2 2 2 2 2 2 2 2 2 2 2 2 2 2 2 2 2 2
left_child=2 5 9 8 12 18 14 23 11 27 28 22 19 20 -4 31 39 -13 44 60 48 -16 -3 45 -12 -11 57 -1 -8 43 53 47 33 -20 50 -25 -23 51 -18 59 -22 42 -27 -17 -2 -7 -30 -9 -6 -31 -26 -21 -19 -14 55 -34 -49 -15 -52 -10 -5 -33
right_child=1 3 6 4 13 7 10 15 16 25 24 17 30 26 21 29 38 52 32 37 40 36 -24 35 34 41 -28 -29 46 49 -32 61 54 -35 -36 -37 -38 -39 -40 -41 -42 -43 -44 -45 -46 -47 -48 56 -50 -51 58 -53 -54 -55 -56 -57 -58 -59 -60 -61 -62 -63
leaf_value=-0.55269258559803325 -0.31912991674395808 0.089971681299938516 -0.39423342803580463 0.32533621759563686 0.70513825143296271 -0.088628071352029839 -0.19872390263957651 0.088711402628031233 0.1938362953724129 -0.44488047688228582 -0.028505669216072567 0.26293361429642864 0.66871948885626697 1.0337847655317434 -0.2866017954026096 0.34487309996767829 0.62552035370314696 0.3814322333755768 -0.20051351092277098 0.49350170962556894 0.94737299492694627 -0.20599007085483045 0.23094001867140201 0.032745131433966561 0.0074482655475461611 -0.3286865875363375 1.3288982521960468 -0.47610763745921941 -0.15155398710104706 0.39610449546121163 0.95466729632422398 0.31373677619874679 0.046618030042183109 0.093417894784009692 0.22602959259760835 0.16138880220345841 -0.10368014871486581 0.64805251583625134 0.84795541435691479 0.62917266170474229 1.2172480586715366 -0.37142411923144913 -0.20543132532557518 0.70139243007178653 -0.19666065265452526 0.028323294876365326 -0.046835445875765179 0.19889329093406086 0.84006219459143117 0.68656052228636477 0.08415481366229792 0.62839643981331139 0.47911212366322897 0.8017020667488084 -0.1093757602716363 0.35848523751921851 0.49739800505196269 1.3299742155849275 0.20961436969367708 0.42044617332571299 0.45624387969312191 0.61414701490372914
leaf_weight=26146 3621 8500 7358 1999 2768 8410 10124 2740 432 9607 7868 9172 3041 2721 12470 4495 3898 5626 3178 4530 2595 7902 11184 8225 3294 7217 1401 18311 4889 445 1571 2686 2049 635 2335 3223 5531 4652 845 743 574 10344 3163 275 5525 3305 6668 4522 3291 1039 5298 2070 4585 2492 848 291 258 270 1700 4761 2890 243
leaf_count=26146 3621 8500 7358 1999 2768 8410 10124 2740 432 9607 7868 9172 3041 2721 12470 4495 3898 5626 3178 4530 2595 7902 11184 8225 3294 7217 1401 18311 4889 445 1571 2686 2049 635 2335 3223 5531 4652 845 743 574 10344 3163 275 5525 3305 6668 4522 3291 1039 5298 2070 4585 2492 848 291 258 270 1700 4761 2890 243
internal_value=0.000641895 0.316274 -0.29902 0.493982 0.731595 0.0414871 -0.140667 0.126348 0.317885 -0.458744 -0.0458733 0.258609 0.60467 0.948154 -0.260864 0.293299 0.534689 0.348505 -0.168025 0.527972 0.853539 -0.222966 0.170074 0.00595169 0.0551682 -0.367244 1.14671 -0.52116 -0.141386 0.421234 0.778835 0.216693 -0.0672142 -0.151552 0.107304 0.0689736 -0.163875 0.582321 0.665319 0.430217 0.996624 -0.331234 -0.291152 0.36557 -0.245177 -0.0556345 -0.0911442 0.16907 0.77855 0.599788 0.080349 0.535898 0.425336 0.728747 0.0336734 0.0855381 0.215106 1.06096 0.114658 0.401636 0.402796 0.338861
internal_weight=292849 142624 150225 86611 36865 56013 75437 39866 49746 74788 42176 39067 23245 13620 33261 16703 10679 19383 16147 16141 9228 25903 19684 23163 20495 30331 4392 44457 21681 6254 7104 10449 7001 3813 12627 11448 13433 11252 4743 5936 3169 20724 10380 4770 9146 11715 11557 7520 6059 1484 10292 6600 10211 5533 3188 2340 4780 2991 6998 5193 4889 2929
internal_count=292849 142624 150225 86611 36865 56013 75437 39866 49746 74788 42176 39067 23245 13620 33261 16703 10679 19383 16147 16141 9228 25903 19684 23163 20495 30331 4392 44457 21681 6254 7104 10449 7001 3813 12627 11448 13433 11252 4743 5936 3169 20724 10380 4770 9146 11715 11557 7520 6059 1484 10292 6600 10211 5533 3188 2340 4780 2991 6998 5193 4889 2929
is_linear=0
shrinkage=0.05


Tree=2
num_leaves=63
num_cat=0
split_feature=12 13 12 12 13 12 13 11 11 12 15 12 13 13 12 12 11 12 12 12 12 13 12 13 13 12 12 13 12 12 11 11 13 11 11 13 14 11 12 11 11 14 14 12 12 14 12 12 14 3 7 12 11 13 5 12 14 7 13 14 29 1
split_gain=1.00225e+07 2.48128e+06 1.42379e+06 1.12834e+06 529543 425230 333422 225284 182446 171851 153379 102881 85278.5 84090.4 79119.5 72273 55632.2 50679.5 42743.7 40788.5 40373.6 36973.3 35610.3 30792.8 29032.5 26420.9 24901.7 22889.5 21652.9 20381.4 20066.4 19852.2 19390.6 18822.6 17000.3 15737.7 15585.1 15391.6 13835.6 13606.8 12341.2 13657.7 11265.2 11113.8 10322.4 9384.33 9148.55 9066.4 8879.86 8802.2 8776.33 8614.32 8414.16 8345.33 14741.3 8268.89 7951.89 7879.89 7794.29 7583.8 7084.65 7082.35
threshold=29.045555555555559 -5.2499999999999991 14.570416666666668 44.756458333333342 -26.249999999999996 47.028055555555561 -11.249999999999998 5.7109027777777781 7.000208333333334 22.485208333333336 7.3857638888888895 36.63472222222223 -11.749999999999998 -11.249999999999998 55.051388888888901 55.503125000000004 0.75000000000000033 37.5376388888889 51.745069444444447 58.139444444444457 37.999930555555565 -26.249999999999996 38.235555555555557 -11.249999999999998 14.750000000000002 58.139444444444457 18.292777777777783 14.750000000000002 11.250208333333335 22.050347222222225 2.4170833333333341 1.8820833333333336 -35.249999999999993 0.92625000000000013 2.5002777777777783 -33.249999999999993 77.250000000000014 6.5004166666666672 3.6217361111111113 15.902569444444447 13.092430555555557 46.750000000000007 74.250000000000014 38.235555555555557 49.201111111111125 67.750000000000014 65.450694444444466 31.602638888888894 54.750000000000007 2.5000000000000004 -0.1555987894509295 52.742083333333348 22.608888888888892 -20.749999999999996 10.500000000000002 24.722361111111116 68.250000000000014 -0.20082748404704737 -32.249999999999993 70.250000000000014 9.7500000000000018 42.432298609519378
decision_type=2 2 2 2 2 2 2 2 2 2 2 2 2 2 2 2 2 2 2 2 2 2 2 2 2 2 2 2 2 2 2 2 2 2 2 2 2 2 2 2 2 2 2 2 2 2 2 2 2 2 2 2 2 2 2 2 2 2 2 2 2 2
left_child=2 4 10 8 18 13 21 15 11 26 38 31 25 22 24 34 55 40 32 51 -15 -4 -6 -12 50 48 -8 -16 -25 -23 -13 47 56 -28 44 45 -17 57 -1 -19 -10 -42 -27 -34 -5 -20 -29 -3 -7 -33 -9 -14 -26 60 -55 -11 -2 -18 -37 -21 -50 -39
right_child=1 3 6 7 5 12 9 14 17 16 23 30 19 20 27 36 37 39 35 59 -22 29 -24 28 52 42 33 46 -30 -31 -32 49 43 -35 -36 58 -38 61 -40 -41 41 -43 -44 -45 -46 -47 -48 -49 53 -51 -52 -53 -54 54 -56 -57 -58 -59 -60 -61 -62 -63
leaf_value=-0.53215998970751444 -0.30135541039869884 0.095824657993310358 -0.37325633984531459 0.47415710713321313 -0.057000634175304821 0.1189452513604302 -0.20150657075298445 0.56587525551658868 0.38218068583991888 -0.10080521203921392 -0.42986088826620927 0.34258184536485925 0.37235352080225514 0.082185544340488428 1.0193641842985313 0.78689695172083018 0.019632964875833478 0.60686547250998701 -0.16125880927268718 0.60939751787506435 0.24478277585266658 -0.29895403323499836 0.075428025676532687 -0.37640494133189378 0.91537422542915547 0.36548790253546448 -0.15919820557006503 1.2120216204497174 -0.28247166897946063 -0.18988192232534673 0.46209260564617671 0.2908148635365268 -0.22262201355262237 -0.043518329833261787 0.65990712989213485 0.38542567541439571 1.1777663308317246 0.13173646362352259 -0.47179094766597329 0.81397031639908646 0.93201215284130579 0.48718954877256471 0.68305136526003485 -0.097910340591686379 0.59009137666397382 0.091457366415216956 1.5728821867784577 0.19849317655599261 0.10794800738195508 0.14924966324807742 0.77994344497536439 0.49432058469258316 1.1394657901450163 0.33074611520898634 0.06052801710484712 -0.015633944573706794 -0.073561774289806217 0.10873533002222091 0.059608224228201646 0.81566571580480651 0.35398674493303173 0.28146024487160304
leaf_weight=21558 4453 3411 7649 3847 11229 1695 12383 558 3958 4224 11444 8748 3731 8231 2726 4292 4243 4088 1635 1408 7122 8080 9263 12575 2331 2297 7413 1197 12025 9134 5897 6788 3189 6691 4016 208 275 1812 17179 998 210 997 319 4067 3916 473 222 5832 1407 1314 4049 2396 537 3344 595 8756 420 5977 1513 674 369 1404
leaf_count=21558 4453 3411 7649 3847 11229 1695 12383 558 3958 4224 11444 8748 3731 8231 2726 4292 4243 4088 1635 1408 7122 8080 9263 12575 2331 2297 7413 1197 12025 9134 5897 6788 3189 6691 4016 208 275 1812 17179 998 210 997 319 4067 3916 473 222 5832 1407 1314 4049 2396 537 3344 595 8756 420 5977 1513 674 369 1404
internal_value=-5.43825e-05 0.30504 -0.280545 0.515097 0.0944725 0.169155 -0.130749 0.761445 0.351986 -0.0597715 -0.436317 0.293146 0.365722 0.069151 0.929812 0.641708 0.0304661 0.535559 -0.158615 0.485228 0.157623 -0.281766 0.00286186 -0.362059 0.832368 0.267835 -0.149765 1.1053 -0.330502 -0.241093 0.390733 0.210733 -0.204589 -0.104326 0.576128 -0.0129681 0.810686 0.101781 -0.505401 0.647657 0.425072 0.56529 0.404458 -0.152744 0.532708 -0.104537 1.26955 0.160619 0.219554 0.267877 0.754144 0.420122 0.957715 0.249368 0.289954 -0.0433563 -0.281741 0.0717486 0.0991875 0.676532 0.159238 0.197168
internal_weight=292792 140245 152547 70207 70038 54080 77766 27966 42241 52903 74781 31990 18235 35845 11620 16346 26416 10251 15958 8209 15353 24863 20492 36044 7475 10026 26487 4145 24600 17214 14645 17345 12129 14104 11779 3829 4567 13436 38737 5086 5165 1207 2616 7256 7763 2108 1419 9243 7410 8102 4607 6127 2868 5715 3939 12980 4873 10220 1721 2082 1776 3216
internal_count=292792 140245 152547 70207 70038 54080 77766 27966 42241 52903 74781 31990 18235 35845 11620 16346 26416 10251 15958 8209 15353 24863 20492 36044 7475 10026 26487 4145 24600 17214 14645 17345 12129 14104 11779 3829 4567 13436 38737 5086 5165 1207 2616 7256 7763 2108 1419 9243 7410 8102 4607 6127 2868 5715 3939 12980 4873 10220 1721 2082 1776 3216
is_linear=0
shrinkage=0.05


Tree=3
num_leaves=63
num_cat=0
split_feature=12 13 12 12 13 13 13 12 13 12 12 12 12 12 12 12 13 12 13 13 13 13 13 12 12 12 13 13 13 13 12 13 13 13 12 0 12 3 12 13 14 12 13 13 13 12 31 13 7 14 7 13 14 29 16 14 16 19 16 14 7 12
split_gain=9.07454e+06 2.24616e+06 1.32827e+06 1.11885e+06 328113 309158 305351 245075 207859 185802 113044 94168.3 90675.7 79800.5 78932 55388.1 50760 38455.2 36746.8 36619.5 36263.8 33534.3 27581.4 25865.3 25745.7 25398.9 22525.7 21034.1 21029.9 20942.6 18972 18546.6 17732.5 15025 14847.2 14406.5 14057.6 13603.5 12834.1 11495.8 10888.4 10206.4 9828.14 9729.01 9506.7 9212.92 9097.3 8979.65 8971.3 8912.41 8618.91 8452.86 8313.01 8136.92 8055.7 7946.42 7901.68 13063.6 7893.22 7824.84 7750.99 7723.08
threshold=29.250138888888895 -8.7499999999999982 15.913958333333335 44.756458333333342 -26.249999999999996 6.2500000000000009 -7.2499999999999991 44.000416666666673 7.2500000000000009 9.4057638888888935 22.684722222222224 54.670069444444451 35.538402777777783 36.63472222222223 55.051388888888901 53.500416666666673 -26.249999999999996 45.000347222222231 -3.2499999999999996 1.7500000000000002 -11.249999999999998 -3.2499999999999996 14.750000000000002 4.6059722222222215 34.250625000000007 23.102847222222227 -3.2499999999999996 14.750000000000002 -12.749999999999998 -37.249999999999993 64.000833333333347 -12.749999999999998 -12.249999999999998 14.750000000000002 20.457222222222228 1855.5000000000002 39.775277777777788 2.5000000000000004 12.620347222222223 9.7500000000000018 60.750000000000007 62.921666666666674 -38.249999999999993 -2.2499999999999996 24.750000000000004 60.170833333333341 6.9858631156077964 -12.749999999999998 -0.1608271167513107 54.750000000000007 -0.18804567765763083 -2.2499999999999996 47.250000000000007 3.2500000000000004 1.0000000180025095e-35 67.250000000000014 1.0000000180025095e-35 30.500000000000004 1.0000000180025095e-35 69.250000000000014 -0.36371510689397218 65.450694444444466
decision_type=2 2 2 2 2 2 2 2 2 2 2 2 2 2 2 2 2 2 2 2 2 2 2 2 2 2 2 2 2 2 2 2 2 2 2 2 2 2 2 2 2 2 2 2 2 2 2 2 2 2 2 2 2 2 2 2 2 2 2 2 2 2
left_child=2 4 9 8 17 11 16 24 12 23 34 21 26 35 22 28 -4 42 -14 -12 -11 -5 48 54 -6 -18 -3 45 49 55 43 -26 -17 60 51 -10 -20 39 -22 -21 -34 -31 -2 -13 50 -16 -30 -27 -7 -9 -37 -8 -35 -32 -1 -19 57 -25 -28 -23 -15 -29
right_child=1 3 6 5 7 14 10 15 13 20 19 30 18 33 27 32 25 29 36 37 38 59 -24 56 31 47 58 61 46 41 53 -33 40 52 -36 44 -38 -39 -40 -41 -42 -43 -44 -45 -46 -47 -48 -49 -50 -51 -52 -53 -54 -55 -56 -57 -58 -59 -60 -61 -62 -63
leaf_value=-0.47132166797887437 -0.31043322862195044 0.072407392374367344 -0.34850847351378356 0.40081662358624898 -0.060542344168203567 0.54846227784379786 -0.20336429305438949 0.077459374674081885 0.23340987189795481 -0.38853351791006879 -0.021780693592649503 0.60532893685372169 0.22496429739829524 0.31596328042519906 0.88299643350050716 0.32806992288943815 -0.24808865979972361 -0.22586405681345079 0.30717462271286927 0.10916367540877728 -0.31534761408288992 0.56793733912129862 0.91168763398912545 -0.29155697366078381 0.015381775198109796 -0.1750710435148822 0.24216809932530664 1.1605369660432141 0.27865740257566579 -0.026239843537994568 0.60810102272940725 0.14449121318988203 0.32639158069256519 0.96298461497329912 -0.050629535281496545 0.28792347569580373 0.41442463797916507 0.060222122760244058 -0.24034760998470497 0.25139868679552285 0.59806168476658417 0.22325794455976872 -0.18904881963150633 0.73697791449739825 0.61266975129588275 1.0710148389476533 0.58974017153375402 -0.082859013074951443 0.74339851556621173 0.19002950654314421 0.42269945507082496 -0.11516783993824063 0.64644256422385427 0.91158937717733068 -0.52715551807977212 0.016034173160573862 -0.45564983030149142 -0.42433113575282216 0.15166105735565796 0.37283047215214804 0.5453206085140575 1.4987721870992787
leaf_weight=12998 2263 5931 7005 6226 8105 694 3937 2802 1997 10688 9540 3135 7815 411 1433 4736 11268 1970 5823 3880 11156 7686 2851 2386 9852 7506 4752 1199 2655 4219 275 3875 537 230 6729 1942 6477 7297 11727 2243 1209 453 6377 2624 444 1286 258 4077 4599 4729 3095 8786 2566 1340 13162 410 10933 8453 4903 559 4005 213
leaf_count=12998 2263 5931 7005 6226 8105 694 3937 2802 1997 10688 9540 3135 7815 411 1433 4736 11268 1970 5823 3880 11156 7686 2851 2386 9852 7506 4752 1199 2655 4219 275 3875 537 230 6729 1942 6477 7297 11727 2243 1209 453 6377 2624 444 1286 258 4077 4599 4729 3095 8786 2566 1340 13162 410 10933 8453 4903 559 4005 213
internal_value=0.000321671 0.293166 -0.264318 0.454521 0.0427255 0.67561 -0.108257 0.120823 0.304809 -0.402694 -0.0220232 0.562737 0.239657 0.46312 0.876421 0.263611 -0.230751 -0.150165 0.309801 0.0531116 -0.312468 0.488558 0.785874 -0.465879 0.0101153 -0.194638 0.149117 1.05469 0.192323 -0.0635135 0.708225 0.051836 0.378424 0.58181 -0.110706 0.34859 0.36368 0.106349 -0.276924 0.1613 0.514741 -0.00200578 -0.220874 0.66543 0.390505 0.972284 0.306402 -0.142624 0.717948 0.148162 0.370804 -0.142473 0.672816 0.86032 -0.499433 -0.184203 -0.425542 -0.395133 0.196227 0.554756 0.524051 1.21258
internal_weight=292732 138961 153771 84511 54450 34120 72268 38758 50391 81503 42412 21845 35701 14690 12275 16926 29856 15692 20115 22960 33571 14471 8144 47932 21832 22851 15586 4131 10444 7052 7374 13727 6482 7212 19452 7478 12300 13420 22883 6123 1746 4672 8640 5759 5481 2719 2913 11583 5293 7531 5037 12723 2796 1615 26160 2380 21772 10839 9655 8245 4416 1412
internal_count=292732 138961 153771 84511 54450 34120 72268 38758 50391 81503 42412 21845 35701 14690 12275 16926 29856 15692 20115 22960 33571 14471 8144 47932 21832 22851 15586 4131 10444 7052 7374 13727 6482 7212 19452 7478 12300 13420 22883 6123 1746 4672 8640 5759 5481 2719 2913 11583 5293 7531 5037 12723 2796 1615 26160 2380 21772 10839 9655 8245 4416 1412
is_linear=0
shrinkage=0.05


Tree=4
num_leaves=63
num_cat=0
split_feature=12 11 12 12 12 11 11 11 12 11 12 12 12 12 12 11 12 11 11 11 12 11 11 12 12 11 12 11 12 11 12 11 12 11 11 11 14 7 11 11 11 11 16 19 11 2 11 28 11 12 7 12 6 11 12 11 11 19 7 12 12 7
split_gain=8.15462e+06 1.9127e+06 947130 710348 616192 503450 308864 198749 126176 113392 106272 94490.8 90110.6 88645.1 87760.4 72195.9 55529.7 52505.1 49112.6 47308 43850.2 42545.6 42130.1 38102.4 20794.5 19282.6 18143.2 17887.5 17396.4 16855 16774.7 16361 16222.1 15534.2 13881.6 13608 13430.6 12674.7 12173.6 11961.4 11722.1 11590.3 11572.5 11980.2 10712.6 10440.4 10129 9887.67 9261.75 9197.61 8955.28 8660.3 8286.09 7898.89 7843.45 7745.49 7543.12 7427.8 7389.56 7371.57 7246.28 7151.03
threshold=27.38291666666667 1.820000000000001 13.470972222222224 42.545902777777791 44.000416666666673 -11.060069444444443 -6.9879166666666652 -0.55916666666666626 52.742083333333348 -24.140972222222221 58.139444444444457 7.1333333333333337 20.457222222222228 33.402708333333344 34.250625000000007 -16.169444444444441 19.500694444444452 -4.8376388888888879 7.2504166666666672 6.0790972222222228 34.250625000000007 9.4526388888888899 -4.5064583333333328 53.939305555555563 38.235555555555557 8.1521527777777809 49.201111111111125 -3.3297222222222214 60.170833333333341 -0.8930555555555556 50.757291666666674 -7.7105555555555538 56.000416666666673 14.756111111111112 5.3409722222222236 -17.00631944444444 77.250000000000014 -1.0960572639447379 -31.498888888888885 -21.59944444444444 -12.614444444444443 -2.239236111111111 1.0000000180025095e-35 34.500000000000007 -5.6315277777777766 623.50000000000011 22.608888888888892 0.5143682906688688 -38.44756944444444 40.231180555555561 -0.18032522995104031 17.553888888888892 12.964792052341862 14.756111111111112 24.722361111111116 4.240972222222223 19.489583333333339 39.500000000000007 -0.90077210877782699 48.046805555555558 38.235555555555557 1.4622205341642824
decision_type=2 2 2 2 2 2 2 2 2 2 2 2 2 2 2 2 2 2 2 2 2 2 2 2 2 2 2 2 2 2 2 2 2 2 2 2 2 2 2 2 2 2 2 2 2 2 2 2 2 2 2 2 2 2 2 2 2 2 2 2 2 2
left_child=2 4 11 14 6 9 15 16 18 32 22 42 37 41 25 24 31 40 55 -10 -17 57 30 35 -2 -3 -24 60 46 61 -7 -4 38 59 -14 -11 44 -9 -6 -26 -18 -8 43 -1 -12 -31 -21 -29 -34 -22 -49 -39 -37 -30 -19 -5 -23 -16 -36 -20 -15 -13
right_child=1 3 7 8 5 10 13 12 19 23 36 29 34 27 21 20 17 54 33 28 49 56 26 -25 39 -27 -28 47 53 45 -32 -33 48 -35 58 52 -38 51 -40 -41 -42 -43 -44 -45 -46 -47 -48 50 -50 -51 -52 -53 -54 -55 -56 -57 -58 -59 -60 -61 -62 -63
leaf_value=-0.36904640246679521 -0.25266751774127227 0.20048261517840418 -0.38423737436664024 0.4952011333700968 -0.21848288393657844 0.27337477513803377 0.011508440856977036 -0.23572412960148306 0.72398803658132282 0.050269473855846819 0.56834853364551374 -0.34732159361659459 0.012587445585260638 0.11535189984115396 0.43685269655077374 -0.10449067474687601 -0.3184433077449112 -0.12035168556045601 0.62518317332579421 0.87053506392092028 0.0099824355879787642 0.54880146864042367 0.40744912159634794 0.30566274132583654 -0.18530272002493745 0.34626153475515525 0.55735400688364445 0.21695409925027917 1.0173379551438897 -0.35777718951343362 0.40908895793115319 -0.2583109729678908 -0.14018014445756807 0.84795704265817706 -0.024172777429829991 0.1994649318757836 0.98739745861533068 -0.15010994656998483 -0.050771821893840656 -0.020987508292562969 -0.20838540977774353 0.10004725232870958 -0.48616820231960145 -0.45673016030785041 0.74258453928636103 -0.27324205199291968 1.1680743818253916 0.14382073641762022 0.10082420753597109 0.10668061254177397 0.34686699956077938 -0.060290731276184617 -0.062178010807195511 1.239781603744726 -0.036803050536170188 0.59974701432124577 0.79847153609728116 0.34266470011146188 0.1537244167047683 0.75760944708714595 0.20976634803468205 -0.41607832042388282
leaf_weight=5600 5601 8750 3126 3987 1816 5611 7926 2591 3157 3480 1727 8587 10905 3993 3038 9128 3102 8280 2630 3032 6839 3247 3975 4560 2347 3066 4142 5195 1300 5789 3847 14891 516 2016 711 4310 345 6470 2677 2097 11073 6926 18865 13056 1862 9988 326 634 1741 3839 3869 4589 325 626 4253 3275 339 6888 3254 1823 4149 6853
leaf_count=5600 5601 8750 3126 3987 1816 5611 7926 2591 3157 3480 1727 8587 10905 3993 3038 9128 3102 8280 2630 3032 6839 3247 3975 4560 2347 3066 4142 5195 1300 5789 3847 14891 516 2016 711 4310 345 6470 2677 2097 11073 6926 18865 13056 1862 9988 326 634 1741 3839 3869 4589 325 626 4253 3275 339 6888 3254 1823 4149 6853
internal_value=0.000342651 0.256159 -0.271679 0.518828 0.13558 0.286396 0.0368695 -0.146573 0.725488 0.101871 0.45303 -0.404983 -0.0434295 0.143043 0.337898 -0.0794094 -0.212343 -0.166572 0.63186 0.8777 -0.02403 0.424939 0.400403 0.190024 -0.188589 0.238335 0.484003 0.218163 0.969384 -0.340686 0.328613 -0.28018 -0.0636628 0.732159 0.0417215 0.125014 0.687975 -0.136187 -0.118592 -0.107789 -0.232491 0.0528011 -0.458467 -0.430431 0.658925 -0.304281 0.89976 0.264047 0.0456876 0.0447545 0.318317 -0.112848 0.181109 1.09024 -0.0920051 0.542425 0.57262 0.371533 0.121826 0.679555 0.163483 -0.377864
internal_weight=292960 150977 141983 47500 103477 40934 62543 73245 22172 19425 21509 68738 28520 32692 25328 29851 44725 26708 13731 8441 19806 13512 17575 12675 10045 11816 8117 17840 5284 31217 9458 18017 6750 6469 14870 8115 3934 13650 4493 4444 14175 14852 37521 18656 3589 15777 3358 9698 2257 10678 4503 11059 4635 1926 12533 7262 3586 9926 3965 4453 8142 15440
internal_count=292960 150977 141983 47500 103477 40934 62543 73245 22172 19425 21509 68738 28520 32692 25328 29851 44725 26708 13731 8441 19806 13512 17575 12675 10045 11816 8117 17840 5284 31217 9458 18017 6750 6469 14870 8115 3934 13650 4493 4444 14175 14852 37521 18656 3589 15777 3358 9698 2257 10678 4503 11059 4635 1926 12533 7262 3586 9926 3965 4453 8142 15440
is_linear=0
shrinkage=0.05


Tree=5
num_leaves=63
num_cat=0
split_feature=12 13 12 12 13 12 13 11 11 15 12 12 13 12 13 12 13 12 12 11 12 12 12 13 13 12 0 11 13 12 13 12 14 11 11 12 11 13 11 14 7 13 11 5 14 14 13 11 8 14 13 14 8 27 11 14 31 13 12 7 14 7
split_gain=7.35908e+06 1.85207e+06 1.09222e+06 808818 374205 278574 258427 153059 148758 129400 106791 78655.3 54589.9 51707 50477.1 50211.8 45744.8 38872 36992.3 29485.4 25907.7 25631.6 24845.1 24375.5 24165.3 23574 21495.1 18346.5 18325.3 17391.4 17336.9 16962.4 15664.7 15426.8 13607.9 13558.9 10838.9 10731.2 10196.6 12718.1 9642.01 9324.51 9244.74 8989.52 8982.5 8467.07 8444.16 8270.98 8034.26 7761.74 10476.9 7711.58 7875.57 8063.77 7709.19 7660.66 7468.93 7344.3 7272.3 7238.92 7180.08 6985.86
threshold=29.461458333333336 -5.7499999999999991 15.248263888888891 45.500486111111123 -24.749999999999996 47.028055555555561 -7.2499999999999991 5.8943055555555564 7.000208333333334 9.1561111111111124 23.310555555555563 36.63472222222223 -11.249999999999998 55.503125000000004 -11.749999999999998 58.776736111111113 -26.249999999999996 37.5376388888889 43.25298611111112 0.80965277777777855 58.139444444444457 38.235555555555557 22.050347222222225 -33.249999999999993 -4.7499999999999991 37.100833333333348 271.50000000000006 2.2500694444444451 14.750000000000002 19.727222222222228 14.750000000000002 60.170833333333341 67.250000000000014 2.0184722222222229 15.902569444444447 51.745069444444447 7.2504166666666672 -33.249999999999993 13.092430555555557 46.750000000000007 -1.866459305339554 -12.749999999999998 2.5002777777777783 -6.4999999999999991 77.250000000000014 54.750000000000007 -26.249999999999996 0.98729166666666635 19.500000000000004 70.250000000000014 -28.749999999999996 54.750000000000007 20.500000000000004 0.56883480744932169 22.608888888888892 70.250000000000014 3.3870501595563405 -11.249999999999998 40.015694444444456 -1.2241330098472953 76.250000000000014 0.080442435642905888
decision_type=2 2 2 2 2 2 2 2 2 2 2 2 2 2 2 2 2 2 2 2 2 2 2 2 2 2 2 2 2 2 2 2 2 2 2 2 2 2 2 2 2 2 2 2 2 2 2 2 2 2 2 2 2 2 2 2 2 2 2 2 2 2
left_child=2 4 9 8 18 12 16 15 11 26 29 33 25 28 31 35 -4 38 37 -12 -16 -14 -18 32 46 -6 -1 -13 61 -8 -15 51 -20 -3 -19 42 43 -2 -10 -40 -26 -24 48 -21 -17 -27 -11 -31 -5 -25 -51 -7 53 -53 -30 -32 -34 -28 -29 -59 -33 -9
right_child=1 3 6 7 5 14 10 13 17 24 19 27 21 30 20 44 22 34 23 36 -22 -23 41 49 40 45 57 58 54 47 55 60 56 -35 -36 -37 -38 -39 39 -41 -42 -43 -44 -45 -46 -47 -48 -49 -50 50 -52 52 -54 -55 -56 -57 -58 59 -60 -61 -62 -63
leaf_value=-0.45411464392049772 -0.25548696041227714 0.14204980197762368 -0.31942112965784486 0.42766929159764555 -0.050868504607526746 0.10513540111195759 -0.13904398112349423 0.63555460776042649 0.33357198204149119 -0.40809731631503476 -0.014889378307097748 0.29432640952297195 0.075440367124875868 0.87864155957058654 0.3538801045147229 0.72456254375661333 -0.23683521477494801 0.52765139572619024 -0.17678513546202806 0.025396366497803653 0.56581932415077829 0.21085304249249448 -0.1648162463498512 0.010331297639451252 -0.35251224136186976 0.012483406520641742 -0.42862747937753432 0.33760906374530164 0.78745078135799162 -0.10163724893327186 1.0412313758785074 0.33527113024026023 0.3006643323878932 0.23925677262923936 0.72410334286198519 0.58545616983281767 0.19687892648618768 -0.14313577630934946 0.85269935759846305 0.4242102341830668 -0.23145399380835188 -0.078514827482666888 0.55618724878807957 0.12084735847983991 1.0386036868672819 0.10426477578817757 -0.31548817966621773 -0.013539021295842769 0.7346676002078586 0.47074476650924285 0.001435535696763841 0.22971548218063989 0.013737953792497591 0.51379840834625778 1.0052588579759545 1.3493692107553836 -0.035799595921815273 -0.41431060949140319 0.44478907976248849 -0.34231613634174279 0.64621377969687843 0.81911027114797186
leaf_weight=23997 3955 9433 7573 4929 8927 1638 12753 3646 3756 3079 8962 9532 7535 2498 5804 2648 10383 4501 3584 4262 1924 6519 8840 3972 1871 4783 7055 2638 2152 4803 1044 1591 245 7204 1108 5148 2502 4606 213 946 13838 4850 2681 5857 255 5294 12584 5982 224 225 251 5283 401 262 522 269 500 5341 4042 10298 211 621
leaf_count=23997 3955 9433 7573 4929 8927 1638 12753 3646 3756 3079 8962 9532 7535 2498 5804 2648 10383 4501 3584 4262 1924 6519 8840 3972 1871 4783 7055 2638 2152 4803 1044 1591 245 7204 1108 5148 2502 4606 213 946 13838 4850 2681 5857 255 5294 12584 5982 224 225 251 5283 401 262 522 269 500 5341 4042 10298 211 621
internal_value=-0.000193204 0.265985 -0.236613 0.446169 0.0791257 0.148326 -0.102695 0.66303 0.312974 -0.368305 -0.0258657 0.260548 0.0635509 0.808763 0.312066 0.564344 -0.212235 0.476575 -0.121119 0.0544627 0.406712 0.138263 -0.178504 -0.0489805 -0.289751 0.00829511 -0.421079 0.338928 0.727238 -0.0995215 0.957015 0.234104 -0.133429 0.184153 0.566581 0.522215 0.103706 -0.195063 0.373766 0.503625 -0.245894 -0.13425 0.480588 0.080651 0.752496 0.0607067 -0.333718 -0.0527785 0.441154 0.0332201 0.223795 0.20129 0.227757 0.243229 0.83033 1.10534 0.0751043 -0.386127 0.402519 -0.366928 0.372018 0.662454
internal_weight=292350 137520 154830 70010 67510 50172 76767 26637 43373 78063 45121 32849 33058 10752 17114 15885 31646 10524 17338 21583 7728 14054 24073 8777 31372 19004 46691 16212 6941 23538 3811 9386 4329 16637 5609 12982 12621 8561 4915 1159 15709 13690 7834 10119 2903 10077 15663 10785 5153 4448 476 7584 5946 5545 2674 1313 745 22694 6680 15639 1802 4267
internal_count=292350 137520 154830 70010 67510 50172 76767 26637 43373 78063 45121 32849 33058 10752 17114 15885 31646 10524 17338 21583 7728 14054 24073 8777 31372 19004 46691 16212 6941 23538 3811 9386 4329 16637 5609 12982 12621 8561 4915 1159 15709 13690 7834 10119 2903 10077 15663 10785 5153 4448 476 7584 5946 5545 2674 1313 745 22694 6680 15639 1802 4267
is_linear=0
shrinkage=0.05


Tree=6
num_leaves=63
num_cat=0
split_feature=15 13 3 15 13 13 11 15 11 15 15 15 15 15 13 15 15 15 15 11 15 13 13 11 13 13 13 13 11 15 13 15 11 15 13 13 13 7 7 11 13 0 15 6 14 0 15 14 13 11 15 14 11 14 27 7 15 11 11 16 14 19
split_gain=6.69293e+06 1.66169e+06 940532 838193 251384 228529 209114 188501 176819 99684.5 91432.4 77865.6 64793.9 63483.2 53364.2 52693.2 44308.5 34329.2 30831.8 24956.4 22664.5 22293.2 20588.6 19983.8 18715.2 18460.3 16735.1 16113.5 15708.2 15382.6 15326.9 15323.5 13729.3 13625.2 11910.8 11355.6 10794.6 10079.1 11263.8 9795.56 9739.26 9723.16 9658.87 9186.91 8695.84 8673.17 8562.57 8305.26 8286.33 8233.66 8078.76 7883.09 7589.94 7467.24 7448.2 7353.07 7226.32 7121.8 7100.26 7082.41 7018.33 6972.22
threshold=29.045555555555556 -8.7499999999999982 3.5000000000000004 45.500486111111123 -26.249999999999996 -3.2499999999999996 5.000208333333334 48.937638888888898 3.7290277777777785 22.684722222222224 6.8803472222222242 37.5376388888889 59.488611111111119 35.107291666666676 -12.749999999999998 55.051388888888901 38.235555555555557 20.90527777777778 49.853611111111114 -1.7379861111111115 58.139444444444457 -3.2499999999999996 -26.249999999999996 10.250694444444447 14.750000000000002 -11.249999999999998 14.750000000000002 -12.749999999999998 8.4512500000000035 17.553888888888892 -3.2499999999999996 22.684722222222224 4.5172222222222231 11.250208333333335 -33.249999999999993 -32.749999999999993 -12.249999999999998 -3.9968304278922342 4.4769695282554238 -17.999444444444439 -12.749999999999998 2655.5000000000005 49.201111111111125 -11.89511454047341 68.250000000000014 2655.5000000000005 50.757291666666674 67.750000000000014 -30.249999999999996 22.608888888888892 70.215277777777786 61.750000000000007 -5.5338194444444433 50.250000000000007 0.58355855855855865 -0.45057786110826287 40.685486111111118 6.0790972222222228 19.489583333333339 1.0000000180025095e-35 45.250000000000007 35.500000000000007
decision_type=2 2 2 2 2 2 2 2 2 2 2 2 2 2 2 2 2 2 2 2 2 2 2 2 2 2 2 2 2 2 2 2 2 2 2 2 2 2 2 2 2 2 2 2 2 2 2 2 2 2 2 2 2 2 2 2 2 2 2 2 2 2
left_child=2 4 5 8 18 14 12 16 13 29 37 28 19 30 22 24 40 -16 35 42 39 56 -1 60 -8 -12 -17 54 43 -7 -3 -24 -11 59 47 44 -22 -4 -39 -9 -6 -23 -5 -10 -2 -30 -21 -20 51 -26 52 -36 -14 -37 -18 -34 -15 -31 -25 61 -13 -27
right_child=1 3 10 6 7 9 15 20 11 32 25 23 50 21 17 26 27 -19 34 46 36 41 31 58 49 33 -28 -29 45 57 -32 -33 55 -35 48 53 -38 38 -40 -41 -42 -43 -44 -45 -46 -47 -48 -49 -50 -51 -52 -53 -54 -55 -56 -57 -58 -59 -60 -61 -62 -63
leaf_value=-0.30689182924114738 -0.24089890664878971 0.054348764354927762 -0.47212440704230929 0.32545115625089899 -0.052291889191070362 -0.14812319262116574 0.61851103730542345 0.12901857121846014 0.091217711009929925 0.039827794061379838 -0.35421493814870808 0.25458868136495871 0.52097598895700103 0.15572724910960592 -0.20495075313833722 0.82466906214761915 0.059211821130996739 -0.072202634987199005 -0.14042261965673833 0.46741398927330624 0.33277349839542725 0.25524166797878528 -0.25322393964456852 0.55984734631323552 0.73948690592959898 -0.19348852344809911 1.0359552079184624 0.18495542441514071 0.33778131240736708 -0.07286783542577599 0.15990022887621141 -0.15512554256705022 0.059603067386868915 -0.23483259275014043 0.0077746112236236958 -0.26513816852527367 0.53387921133661986 -0.38144708480656464 -0.44688274922354054 0.26303342151283166 0.039706878016581036 0.34970139325862459 0.4325080358343007 0.26580952964080512 -0.026298960351621159 0.54745942966029026 0.57682712940059766 0.081465977089504218 -0.011991686057510241 0.96705143018735673 0.89488710622372103 0.32895445060520645 0.70415173791488905 -0.096514490299300496 0.36300349045291691 0.18120239378397451 0.24714135977707261 0.047302210885007731 0.76720311383927065 -0.34631870516028984 0.45354671975027011 -0.30580661867327269
leaf_weight=7548 5575 5753 6420 3269 10251 8124 5072 1796 881 11692 11771 487 773 4870 8373 2981 9917 11644 2083 3862 2553 5359 8389 2782 2107 1923 1404 3906 3153 9735 8556 7590 1967 10489 331 772 909 20211 9831 5703 3998 5582 6031 5260 516 588 3407 528 1324 507 418 451 2288 4380 205 3384 3901 1411 495 6918 5477 4977
leaf_count=7548 5575 5753 6420 3269 10251 8124 5072 1796 881 11692 11771 487 773 4870 8373 2981 9917 11644 2083 3862 2553 5359 8389 2782 2107 1923 1404 3906 3153 9735 8556 7590 1967 10489 331 772 909 20211 9831 5703 3998 5582 6031 5260 516 588 3407 528 1324 507 418 451 2288 4380 205 3384 3901 1411 495 6918 5477 4977
internal_value=0.000571023 0.249547 -0.228905 0.387918 0.0358064 -0.110517 0.589572 0.103858 0.266035 -0.0178933 -0.359232 0.387683 0.490526 0.197647 -0.187757 0.754017 0.0356232 -0.127738 -0.131495 0.449279 0.279869 0.25584 -0.238815 0.492032 0.674881 -0.302779 0.89254 0.0987 0.290063 -0.0957995 0.11747 -0.20664 0.0701933 -0.277857 -0.0241979 -0.176506 0.385716 -0.41508 -0.402875 0.230959 -0.0264778 0.303462 0.394916 0.240781 -0.222726 0.370875 0.518769 -0.095538 0.0642523 0.783977 0.686781 0.193191 0.658079 -0.121828 0.0653997 0.136523 0.196408 -0.0576523 0.591394 -0.310497 0.437346 -0.274537
internal_weight=292858 140461 152397 85263 55198 79857 32119 39238 53144 36313 72540 19123 20048 34021 43544 12071 28277 20017 15960 16569 10961 19712 23527 9241 7686 36078 4385 14028 9882 19270 14309 15979 17043 24307 4717 11243 3462 36462 30042 7499 14249 10941 9300 6141 6091 3741 7269 2611 2106 2614 3479 782 3061 5152 10122 5351 8771 11146 3277 13818 5964 6900
internal_count=292858 140461 152397 85263 55198 79857 32119 39238 53144 36313 72540 19123 20048 34021 43544 12071 28277 20017 15960 16569 10961 19712 23527 9241 7686 36078 4385 14028 9882 19270 14309 15979 17043 24307 4717 11243 3462 36462 30042 7499 14249 10941 9300 6141 6091 3741 7269 2611 2106 2614 3479 782 3061 5152 10122 5351 8771 11146 3277 13818 5964 6900
is_linear=0
shrinkage=0.05


Tree=7
num_leaves=63
num_cat=0
split_feature=15 13 15 15 13 15 13 11 15 15 15 15 15 13 15 13 15 13 13 11 15 13 11 15 13 16 20 14 15 15 11 0 13 16 20 13 11 16 20 13 11 16 20 15 13 7 15 14 27 13 14 13 7 31 15 11 28 7 15 7 25 13
split_gain=6.04849e+06 1.539e+06 810790 690427 329115 307672 165617 155649 108124 82235.8 70743.5 69621.8 65466.5 58022.4 52304.8 47854.1 37025.4 31321.7 30941.8 28591.7 23476 21034.9 18413.4 18023.8 17828.2 16387.3 19998.7 16244.1 15385.7 14836.3 14739.3 14445.4 13587.2 11749.7 14989.8 10721.8 10145.8 10114.3 11825.5 10100.4 10066.2 9691.59 10288.5 9488.43 9401.75 9910.24 9175.03 9063.62 8779.58 8623.5 8320.58 8231.72 7574.54 7316.97 6967.24 6886.3 9479.18 6719.7 6662.47 6526.64 6501.42 6461.3
threshold=27.38291666666667 -5.2499999999999991 42.545902777777791 13.470972222222224 -24.749999999999996 47.53819444444445 -6.7499999999999991 6.750208333333334 34.025208333333346 20.457222222222224 52.065833333333337 6.8803472222222242 35.538402777777783 9.2500000000000018 51.745069444444447 -11.749999999999998 41.135069444444447 -11.249999999999998 -26.249999999999996 7.2504166666666672 60.170833333333341 -34.749999999999993 4.5172222222222231 19.030277777777783 -12.749999999999998 1.0000000180025095e-35 0.57500000000000007 68.250000000000014 53.939305555555563 64.000833333333347 -1.5126388888888893 2193.5000000000005 14.750000000000002 1.0000000180025095e-35 0.54500000000000015 14.750000000000002 -1.425138888888889 1.0000000180025095e-35 0.58500000000000008 -42.749999999999993 5.000208333333334 1.0000000180025095e-35 0.65500000000000014 60.170833333333341 -2.2499999999999996 -0.090418185527412917 52.065833333333337 54.750000000000007 0.58355855855855865 -35.249999999999993 74.250000000000014 24.750000000000004 -0.15354151155946563 1.9161508221583656 41.344930555555564 4.240972222222223 0.5143682906688688 1.4049183632332194 59.488611111111119 0.67510551248645168 5.8362166212841649 -12.749999999999998
decision_type=2 2 2 2 2 2 2 2 2 2 2 2 2 2 2 2 2 2 2 2 2 2 2 2 2 2 2 2 2 2 2 2 2 2 2 2 2 2 2 2 2 2 2 2 2 2 2 2 2 2 2 2 2 2 2 2 2 2 2 2 2 2
left_child=3 4 8 11 16 12 18 10 19 33 30 41 24 36 35 28 49 47 -5 44 53 27 37 -20 -6 26 -13 -18 -7 40 -4 -15 43 34 -8 52 -10 38 -11 -29 -12 42 -1 -16 -3 -46 -23 60 59 -2 -30 -33 -9 -17 -19 56 -32 -27 -34 -49 -14 -25
right_child=1 2 7 6 5 15 9 14 13 22 29 25 17 31 32 20 21 54 23 -21 -22 46 -24 61 -26 57 -28 39 50 -31 55 51 58 -35 -36 -37 -38 -39 -40 -41 -42 -43 -44 -45 45 -47 -48 48 -50 -51 -52 -53 -54 -55 -56 -57 -58 -59 -60 -61 -62 -63
leaf_value=-0.3938120999523913 -0.26306429375028612 0.058559267221414059 0.3389214454817453 -0.30348526402488069 -0.075540873741457557 0.1561083613571938 -0.14679072418562453 0.38720017560218511 0.19851615214568843 -0.020963778949605605 0.54584571310567509 -0.29897890766699087 -0.0065503633692263518 0.30097213369699605 0.69594614884581363 0.2422246471053133 -0.18028164923314732 0.12861670684914686 -0.24051243430948574 0.27851711012273989 0.56629147744379649 -0.043398153791231742 0.090930895756150446 -0.17968200779244289 0.024492637089712419 -0.31051130963203094 -0.18200297882968866 -0.1257973481398976 0.26584898589615724 0.76158354272928752 0.35248798813381321 0.45634438590562781 0.86015415625088054 -0.17449787537793521 -0.019244213559363298 0.68747904451395836 0.28546573135709913 -0.058520956913594782 0.10528601203120613 0.28763314839452508 0.71050043494283033 -0.42072805441180305 -0.31157377411780518 0.88022256004501198 0.098149896579237686 0.18790020026637677 0.086247558502101487 0.09232836778506924 0.38936950232477996 -0.15940847393161003 0.50432438999414442 0.68147290238569558 0.58800382933350204 0.37602714171494317 0.21361541924859695 0.51643764916810764 0.47722793041283645 -0.38375441353153766 1.0500887444895903 -0.12271632198194796 0.25869094113784524 -0.11464347790212442
leaf_weight=12667 3124 4220 4409 7142 9050 4469 5817 569 4881 5776 5943 10607 5583 1535 2050 1299 3614 4957 9361 3598 1542 3536 5004 9289 8769 11995 5584 268 4033 1221 2786 4573 1436 9588 3814 2813 10816 8086 2731 327 1116 18327 5475 1098 5893 6443 2221 5762 236 5633 403 450 2933 4924 4707 2784 3413 4274 732 375 240 6499
leaf_count=12667 3124 4220 4409 7142 9050 4469 5817 569 4881 5776 5943 10607 5583 1535 2050 1299 3614 4957 9361 3598 1542 3536 5004 9289 8769 11995 5584 268 4033 1221 2786 4573 1436 9588 3814 2813 10816 8086 2731 327 1116 18327 5475 1098 5893 6443 2221 5762 236 5633 403 450 2933 4924 4707 2784 3413 4274 732 375 240 6499
internal_value=7.24117e-05 0.220626 0.379687 -0.234064 0.0602054 0.120551 -0.127021 0.564327 0.234682 -0.0600809 0.48509 -0.347593 0.04482 0.310658 0.711914 0.300798 -0.121409 0.102803 -0.211628 0.150776 0.391529 -0.0554902 0.00687026 -0.185531 -0.0263143 -0.294307 -0.25865 -0.140431 0.221647 0.600023 0.41399 0.435578 0.82763 -0.135312 -0.0962879 0.614388 0.258443 -0.0184841 0.0195738 0.101517 0.571974 -0.395012 -0.369012 0.76048 0.123 0.145037 0.00662431 0.04952 0.0907166 -0.196413 0.287623 0.476645 0.555497 0.34814 0.170034 0.450792 0.421232 -0.329775 0.924738 0.0791703 0.00442433 -0.152918
internal_weight=292820 150784 75712 142036 75072 56349 73107 33303 42409 40816 21672 68929 39679 22255 11631 16670 18723 21860 32291 20154 7765 9966 21597 25149 17819 32460 16191 4209 8905 8280 13392 6558 5316 19219 9631 6315 15697 16593 8507 595 7059 36469 18142 3148 16556 12336 5757 12196 6373 8757 4436 5023 3502 6223 9664 8983 6199 16269 2168 6137 5823 15788
internal_count=292820 150784 75712 142036 75072 56349 73107 33303 42409 40816 21672 68929 39679 22255 11631 16670 18723 21860 32291 20154 7765 9966 21597 25149 17819 32460 16191 4209 8905 8280 13392 6558 5316 19219 9631 6315 15697 16593 8507 595 7059 36469 18142 3148 16556 12336 5757 12196 6373 8757 4436 5023 3502 6223 9664 8983 6199 16269 2168 6137 5823 15788
is_linear=0
shrinkage=0.05


Tree=8
num_leaves=63
num_cat=0
split_feature=12 11 12 12 12 11 11 11 12 2 12 12 12 11 12 11 12 11 11 11 12 11 12 11 11 11 11 11 11 12 12 12 11 11 7 7 5 7 11 11 16 12 11 11 19 5 7 0 11 31 29 11 19 11 11 28 14 14 12 29 16 19
split_gain=5.45209e+06 1.23899e+06 694051 570566 351969 267933 149777 139680 100704 75067.7 74466 66765.9 65836.6 60065.3 55309.3 40119.2 39244.8 38870.7 34539.4 33669.2 21846.2 20526.1 18911.1 18783.6 17763.4 16682.8 16582.2 16552.7 16261.5 15212.2 14978.4 13375.9 11530.1 11196.5 10950.8 13642.3 10209.2 9967.73 9859.73 9100.46 8328.33 8090.38 7898.55 7802.57 7772.93 7716.75 7689.99 7670.69 7664.39 7552.84 16026.2 7010.7 6862.8 6735.7 6724.84 8109.42 6861.54 8389.06 6682.45 6616.09 6560.93 9240.28
threshold=28.305069444444445 -1.5126388888888893 14.125416666666668 42.545902777777791 44.000416666666673 -13.138194444444443 -0.69013888888888897 -12.614444444444443 52.065833333333337 509.50000000000006 34.250625000000007 21.37347222222223 54.670069444444451 -24.140972222222221 34.88354166666668 9.4526388888888899 21.605972222222228 7.2504166666666672 9.4526388888888899 -6.3522916666666651 54.270486111111119 -6.9879166666666652 35.994513888888896 -4.5064583333333328 -20.937986111111108 -5.7498611111111106 7.5008333333333344 -1.0706249999999997 -4.04548611111111 67.23819444444446 67.23819444444446 56.000416666666673 -8.2246527777777754 7.2504166666666672 -3.519921989832866 3.9169571859453955 14.500000000000002 -0.60367957625966617 22.608888888888892 -12.883541666666664 1.0000000180025095e-35 60.170833333333341 -31.498888888888885 -9.6332638888888855 21.500000000000004 13.500000000000002 -0.29994644769725093 1976.5000000000002 -17.00631944444444 2.8404439293945112 7.7500000000000009 -38.44756944444444 36.500000000000007 3.9715972222222224 4.240972222222223 0.51358735784965304 55.750000000000007 64.750000000000014 24.917361111111116 5.9500000000000011 1.0000000180025095e-35 40.500000000000007
decision_type=2 2 2 2 2 2 2 2 2 2 2 2 2 2 2 2 2 2 2 2 2 2 2 2 2 2 2 2 2 2 2 2 2 2 2 2 2 2 2 2 2 2 2 2 2 2 2 2 2 2 2 2 2 2 2 2 2 2 2 2 2 2
left_child=2 4 9 10 7 13 16 22 17 34 26 37 23 31 25 41 28 54 47 39 -15 36 48 43 -24 -9 60 -11 -4 -17 32 42 -14 46 -1 -36 -16 -8 -19 -18 44 -10 -6 45 -29 -7 -13 -12 -2 -23 -51 -33 -49 -39 55 -5 -56 59 -21 -58 61 -3
right_child=1 3 6 8 5 12 11 14 15 27 18 33 30 20 21 29 19 38 -20 58 -22 49 24 -25 -26 -27 -28 40 -30 -31 -32 51 -34 -35 35 -37 -38 53 -40 -41 -42 -43 -44 -45 -46 -47 -48 52 -50 50 -52 -53 -54 -55 56 -57 57 -59 -60 -61 -62 -63
leaf_value=-0.42484757661696027 -0.23115741835823483 0.2740908453356446 -0.25585768408443366 0.33221331510191243 -0.17949224083000406 0.19787449146659475 -0.15445501469336353 -0.051305359636668948 0.58122927212506026 -0.30497460537456988 0.18103477606157589 -0.019922539297485276 0.33704543829246242 0.088940860443225953 0.08407327866263814 0.78992882000271647 -0.25624262703674344 0.5705724333175819 0.46568876969968481 -0.10202746571638795 0.24352264070915683 0.1195099181870008 -0.15667640039846098 0.35740312844506872 -0.0084345471366215671 0.04919507717813873 0.27567322043868836 -0.095129855852620376 -0.16938805822209274 1.1421106214686663 0.68122568011324758 -0.11139426623610245 0.48925068244505304 0.15331645039567499 -0.33339583305837922 -0.40080497182996133 -0.097217905938617025 -0.086451356858096726 0.81414598997477661 -0.15548635286638585 -0.26860600854878769 0.70260752591509368 -0.04434040146270609 0.26638313520023954 -0.22025792154536339 -0.053777462409602274 0.061784347110475181 0.36413642919693667 -0.12388889062327527 0.32716631212130287 0.1554799047345112 0.097682905861881775 0.27984814227865146 0.025065163001486174 0.39974093001430955 0.44782446666789655 0.78225768922404815 0.39479410045870067 -0.030532745234989889 0.53617143397215838 0.10883889293639248 0.13971084911695536
leaf_weight=7363 3318 1909 10909 2772 1844 2826 4983 7789 4652 15130 1433 4316 1855 6527 5831 3459 3188 5690 3569 6475 3518 4377 3266 4669 5298 8786 3150 1509 10862 342 728 521 3852 2344 21308 11653 895 7733 454 7577 8293 1999 2613 6592 7049 341 8650 3382 3352 1895 4818 1729 8599 1641 1331 3405 439 590 6601 766 5832 3890
leaf_count=7363 3318 1909 10909 2772 1844 2826 4983 7789 4652 15130 1433 4316 1855 6527 5831 3459 3188 5690 3569 6475 3518 4377 3266 4669 5298 8786 3150 1509 10862 342 728 521 3852 2344 21308 11653 895 7733 454 7577 8293 1999 2613 6592 7049 341 8650 3382 3352 1895 4818 1729 8599 1641 1331 3405 439 590 6601 766 5832 3890
internal_value=0.000322536 0.218183 -0.21358 0.398016 0.0993152 0.214667 -0.107312 0.0118774 0.572196 -0.324216 0.255983 -0.0198613 0.33424 0.0657397 0.0677075 0.692105 -0.16419 0.491021 0.327407 -0.119862 0.143098 0.128865 -0.114156 0.274886 -0.0649803 0.00196721 0.173903 -0.266989 -0.212726 0.821909 0.467255 -0.050123 0.439846 0.0527737 -0.369594 -0.357239 0.0599388 -0.0973159 0.5887 -0.185346 -0.232867 0.61781 -0.100285 0.235375 -0.198208 0.17077 0.0345871 0.290583 -0.177276 0.170659 0.203986 0.0492419 0.303669 -0.0669288 0.426455 0.396005 0.486477 0.550535 -0.0659407 0.626399 0.146319 0.183988
internal_weight=292487 144903 147584 57663 87240 37615 75279 49625 25899 72305 31764 29667 20863 16752 34391 10452 45612 15447 16983 23841 10045 17816 15234 14428 8564 16575 14781 31981 21771 3801 6435 6707 5707 15310 40324 32961 6726 14357 6144 10765 16851 6651 4457 9759 8558 3167 12966 13414 6670 11090 6713 2250 11981 9374 9303 6177 3126 1795 13076 1205 11631 5799
internal_count=292487 144903 147584 57663 87240 37615 75279 49625 25899 72305 31764 29667 20863 16752 34391 10452 45612 15447 16983 23841 10045 17816 15234 14428 8564 16575 14781 31981 21771 3801 6435 6707 5707 15310 40324 32961 6726 14357 6144 10765 16851 6651 4457 9759 8558 3167 12966 13414 6670 11090 6713 2250 11981 9374 9303 6177 3126 1795 13076 1205 11631 5799
is_linear=0
shrinkage=0.05


Tree=9
num_leaves=63
num_cat=0
split_feature=12 13 12 1 13 12 13 11 12 12 12 15 13 12 12 12 13 13 11 12 13 13 13 13 12 13 12 13 12 11 11 6 14 12 12 19 16 13 14 14 16 19 14 16 19 13 11 27 14 11 16 19 12 1 12 8 14 6 14 12 28 17
split_gain=4.90066e+06 1.25704e+06 660674 568986 270279 238458 135934 121132 102726 58958.4 57521.2 57285.6 52051 46677.8 40147.2 32939.4 30572 30410.4 30102.7 25932.8 25799.4 23082.5 17630.1 16352.8 16214.6 12546.7 12100.5 11633.7 11626 11037.3 10851.8 10646.9 10495.4 10243.3 10009.6 9603.04 13574.6 9595.19 9541.91 9376.49 9331.07 9851.52 8538.71 8333.35 10000.9 8001.75 7932.64 7435.51 7262.25 7202.4 7201.8 7963.97 6897.72 6691.74 6360.69 6302.4 6302.22 6295.72 6165.38 6088.01 5933.43 5890.98
threshold=27.38291666666667 -5.2499999999999991 43.766597222222224 29.941608678967707 -24.749999999999996 42.784930555555562 -3.2499999999999996 5.5201388888888898 35.107291666666676 21.37347222222223 53.500416666666673 7.3857638888888895 7.2500000000000009 55.503125000000004 58.139444444444457 43.500069444444456 -12.749999999999998 -26.249999999999996 5.182708333333335 19.030277777777783 -12.749999999999998 -11.749999999999998 22.250000000000004 -33.249999999999993 32.608472222222225 -11.249999999999998 48.623472222222226 14.750000000000002 17.553888888888892 15.902569444444447 5.3409722222222236 -6.503973143413968 77.250000000000014 34.025208333333346 47.813125000000007 39.500000000000007 1.0000000180025095e-35 -12.749999999999998 67.750000000000014 54.750000000000007 1.0000000180025095e-35 35.500000000000007 70.250000000000014 1.0000000180025095e-35 32.500000000000007 -35.249999999999993 -1.3731249999999997 0.56765475152571943 76.250000000000014 3.4935416666666668 1.0000000180025095e-35 41.500000000000007 40.231180555555561 42.502940667708067 31.41694444444445 2.5000000000000004 75.250000000000014 -2.6497379242392962 73.250000000000014 65.450694444444466 0.52733499377335002 1.0000000180025095e-35
decision_type=2 2 2 2 2 2 2 2 2 2 2 2 2 2 2 2 2 2 2 2 2 2 2 2 2 2 2 2 2 2 2 2 2 2 2 2 2 2 2 2 2 2 2 2 2 2 2 2 2 2 2 2 2 2 2 2 2 2 2 2 2 2
left_child=3 4 8 11 15 16 17 14 18 28 20 40 46 22 26 45 33 -5 35 -19 39 48 34 38 -18 -13 49 56 -8 52 50 -20 58 -6 -9 36 -3 -21 -17 -7 41 61 -23 44 -27 -2 -10 -41 -12 -4 51 -11 -14 -32 -37 -24 57 -15 -16 -29 -48 -1
right_child=1 2 7 6 5 10 9 13 12 30 21 25 29 27 32 23 24 19 31 37 -22 42 55 -25 -26 43 -28 59 -30 -31 53 -33 -34 -35 -36 54 -38 -39 -40 47 -42 -43 -44 -45 -46 -47 60 -49 -50 -51 -52 -53 -54 -55 -56 -57 -58 -59 -60 -61 -62 -63
leaf_value=-0.42935403129876798 -0.23181869138533728 0.24838212158209899 0.32741856496329746 -0.27243605953003119 -0.075086027500690863 0.03966502280868052 -0.13829668203229256 0.47794968707094299 0.19018077192570082 0.12794730870357146 0.23682701829704458 -0.30859273920371399 0.33957896532898685 0.54328735601088718 0.60039722591236233 -0.14195818768662757 -0.00046460654114031274 -0.2138241038048655 0.16298772187894728 -0.15999171862696154 0.231862426845417 0.3780369060336779 0.84210268142875666 0.028348635820125458 0.10510648485160255 -0.12187616001735101 0.44480247992966326 0.85485515840730431 -0.057469868781068162 0.55504829342788686 0.061227860596259037 0.29059901856411752 0.91709118959440927 0.005390368212373051 0.59503563194841991 0.051394160474020081 0.08186812894539762 -0.09154051714114414 0.061409725502016954 0.13507117047267625 -0.37927659363627303 -0.35411845943376685 0.55752976740277649 -0.27194818395214432 -0.23673629588014641 -0.13912973892154154 0.2502955094606984 0.41945623589510267 0.50305669816422371 0.45861781321762174 -0.03133649898641918 0.0064374507942305996 0.44449347998730548 0.20761267356887145 0.12635790987087278 0.58819246649860391 0.96605699406784096 0.73967999686766273 0.36216301760421349 1.152420987661376 0.35647635213500906 -0.26095512741015264
leaf_weight=576 3634 2559 5408 6844 7460 3252 9752 3094 4999 2015 4399 10004 4287 545 2499 3578 5768 12398 2858 9317 8005 3118 767 4379 9844 2541 7806 1120 8185 1021 2449 3834 245 8412 4581 6295 2348 11377 687 4687 19326 13321 849 10190 7497 6504 7869 241 272 1307 5755 4073 2500 1146 5143 377 243 1830 311 215 1588 5480
leaf_count=576 3634 2559 5408 6844 7460 3252 9752 3094 4999 2015 4399 10004 4287 545 2499 3578 5768 12398 2858 9317 8005 3118 767 4379 9844 2541 7806 1120 8185 1021 2449 3834 245 8412 4581 6295 2348 11377 687 4687 19326 13321 849 10190 7497 6504 7869 241 272 1307 5755 4073 2500 1146 5143 377 243 1830 311 215 1588 5480
internal_value=-0.000713061 0.197934 0.341786 -0.211219 0.0530069 0.107794 -0.114247 0.522315 0.220838 -0.0397687 0.223671 -0.314344 0.297427 0.639529 0.437108 -0.111236 0.0164277 -0.176487 0.146808 -0.156636 0.168049 0.327859 0.575372 -0.0395201 0.0661047 -0.262751 0.402386 0.782479 -0.101419 0.401467 0.0318631 0.236132 0.601961 -0.0324367 0.547904 0.110224 0.168738 -0.122365 -0.109193 0.10558 -0.354637 -0.330044 0.416582 -0.240065 -0.207676 -0.172374 0.24121 0.149061 0.252434 0.35302 0.00876351 0.0466691 0.378284 0.107937 0.0851091 0.759015 0.720392 0.694861 0.574169 0.903604 0.268161 -0.27704
internal_weight=292984 150738 75649 142246 75089 56307 73311 30348 45301 33375 24823 68935 22264 12772 17576 18782 31484 39936 23037 33092 16185 8638 8819 8644 15612 30232 14521 3953 17937 7808 15438 6692 3055 15872 7675 16345 4907 20694 4265 8180 38703 19377 3967 20228 10038 10138 14456 4928 4671 6715 11843 6088 6787 3595 11438 1144 2618 2375 2810 1335 9457 6056
internal_count=292984 150738 75649 142246 75089 56307 73311 30348 45301 33375 24823 68935 22264 12772 17576 18782 31484 39936 23037 33092 16185 8638 8819 8644 15612 30232 14521 3953 17937 7808 15438 6692 3055 15872 7675 16345 4907 20694 4265 8180 38703 19377 3967 20228 10038 10138 14456 4928 4671 6715 11843 6088 6787 3595 11438 1144 2618 2375 2810 1335 9457 6056
is_linear=0
shrinkage=0.05


Tree=10
num_leaves=63
num_cat=0
split_feature=12 13 12 12 13 12 13 2 11 11 12 12 13 13 13 12 12 0 13 12 12 12 12 15 13 13 12 11 11 16 12 19 13 13 11 16 19 16 19 13 7 11 0 12 7 7 13 13 16 19 12 29 13 12 16 19 11 11 6 27 31 29
split_gain=4.43074e+06 1.10212e+06 694248 473472 222123 174496 159695 101210 94564 92795.2 51307.7 49628.7 40239.2 37233.1 29296.2 27847.4 27154.7 24845 23581.7 20982.7 20171.3 18982.7 17765.8 16407.5 15683.9 15084.8 14015.4 11977.5 10966.9 10232.3 10202.9 10096.5 10031.6 9208.01 8779.1 7691.4 8860.71 7665.76 7925.65 7665.6 7556.55 7244.61 7240.14 6911.17 6906.3 6858.95 7238.03 6831.5 6818.96 7654.36 6456.74 6839.21 6290.43 6137.53 6061.5 9511.24 5985.55 5760.79 7143.27 6057.04 5690.07 7466
threshold=29.820069444444449 -5.7499999999999991 16.376388888888894 46.27812500000001 -26.249999999999996 48.937638888888898 -3.2499999999999996 623.50000000000011 7.000208333333334 5.8943055555555564 37.999930555555565 23.924027777777781 -19.249999999999996 -11.249999999999998 -11.749999999999998 55.503125000000004 60.170833333333341 2390.5000000000005 -4.2499999999999991 51.745069444444447 37.999930555555565 24.917361111111116 40.231180555555561 3.8537500000000007 14.750000000000002 24.750000000000004 60.170833333333341 2.0184722222222229 -1.3731249999999997 1.0000000180025095e-35 62.921666666666674 38.500000000000007 -38.249999999999993 -32.749999999999993 10.250694444444447 1.0000000180025095e-35 36.500000000000007 1.0000000180025095e-35 33.500000000000007 -40.249999999999993 -0.15354151155946563 -1.6762499999999996 1834.5000000000002 37.322430555555563 3.1918752733540869 -0.10449928311570654 -2.2499999999999996 -26.249999999999996 1.0000000180025095e-35 37.500000000000007 64.000833333333347 4.9500000000000011 27.250000000000004 70.215277777777786 1.0000000180025095e-35 51.500000000000007 11.25027777777778 -15.422569444444441 12.314557780478927 0.56677282377919325 2.7241647754203036 7.9500000000000011
decision_type=2 2 2 2 2 2 2 2 2 2 2 2 2 2 2 2 2 2 2 2 2 2 2 2 2 2 2 2 2 2 2 2 2 2 2 2 2 2 2 2 2 2 2 2 2 2 2 2 2 2 2 2 2 2 2 2 2 2 2 2 2 2
left_child=2 4 7 8 19 13 12 23 10 15 27 29 33 22 30 41 24 -10 47 32 -15 48 -6 -1 40 56 -16 60 -12 31 -7 -8 -2 -4 35 36 -13 38 -20 -21 -11 -5 -29 -34 45 -25 -47 -9 49 -14 -17 -52 -27 -18 55 -30 -19 -24 59 -59 -3 -62
right_child=1 3 6 9 5 14 11 18 17 16 28 34 21 20 26 50 53 25 37 39 -22 -23 57 44 -26 52 -28 42 54 -31 -32 -33 43 -35 -36 -37 -38 -39 -40 -41 -42 -43 -44 -45 -46 46 -48 -49 -50 -51 51 -53 -54 -55 -56 -57 -58 58 -60 -61 61 -63
leaf_value=-0.35646431430509157 -0.21265040416756198 0.069403474909130555 -0.27287905652465805 0.34198248980073248 -0.024932947483327972 0.17507567153268588 0.07146644919329756 -0.31982953952204524 0.27947221254094451 0.37148719098188182 0.2178735334259182 0.18448604415238498 -0.018680151706124352 0.054621598963893625 0.29990387114596267 0.50908123043865938 0.77389915120410713 0.36998091804890887 -0.066478698793619381 -0.12185979771258043 0.17066948887742717 -0.049577359520347204 0.013519536507137421 -0.31491946132605875 0.68914514187865239 0.89133175534586762 0.47732680976017278 0.09752777330513146 0.42479279858772029 -0.085366045903675455 0.33468532886924818 -0.044670773467238703 -0.16639842417363426 -0.18014307881546554 0.21396957038220502 0.029888834365780371 0.066682695123763333 -0.20612553676024287 -0.17051867453437392 0.040887328316286581 0.56700526435254417 0.42974677427935504 0.22097210256959043 -0.072623924003580295 -0.34846153213133213 -0.28479390295308588 -0.19581801362142071 -0.23977161828998339 -0.1670244548496411 -0.13072719526483764 0.45352885155223827 0.72117480979593118 0.552520955572674 1.054420201389686 0.26934379073844816 0.28513683215116847 0.46889253701606554 0.10564145149572353 -0.055186199697355436 0.3606556185426153 0.22206860021121844 0.10818860153933044
leaf_weight=22587 3113 3843 3774 3831 12523 7163 2738 3274 4006 564 4974 2262 2053 7071 5022 3697 1747 3572 2596 970 7962 11030 3171 9840 3072 216 1435 1449 2231 8402 1165 5907 3132 9259 1079 7375 5425 8687 6222 2838 4498 6223 6648 5278 5406 7305 3343 14594 8113 5921 343 844 401 229 4863 2716 2727 4782 674 244 2162 4315
leaf_count=22587 3113 3843 3774 3831 12523 7163 2738 3274 4006 564 4974 2262 2053 7071 5022 3697 1747 3572 2596 970 7962 11030 3171 9840 3072 216 1435 1449 2231 8402 1165 5907 3132 9259 1079 7375 5425 8687 6222 2838 4498 6223 6648 5278 5406 7305 3343 14594 8113 5921 343 844 401 229 4863 2716 2727 4782 674 244 2162 4315
internal_value=0.000597564 0.209886 -0.180095 0.349638 0.0646119 0.114594 -0.067734 -0.278363 0.251066 0.523258 0.209071 0.0134189 -0.134814 0.0557907 0.259458 0.44402 0.640281 0.378693 -0.214042 -0.102345 0.116092 -0.100105 0.0134151 -0.325288 0.599704 0.436116 0.339402 0.153367 0.278449 -0.0460757 0.197441 -0.00788438 -0.135969 -0.207016 0.076252 0.0663727 0.101367 -0.172775 -0.139901 -0.00058985 0.545299 0.396342 0.198896 -0.107562 -0.29808 -0.284769 -0.25688 -0.254458 -0.134745 -0.101885 0.542065 0.644282 0.672383 0.806926 0.309137 0.348192 0.41287 0.067547 0.0975957 0.118091 0.11763 0.14623
internal_weight=292906 135714 157192 69171 66543 51212 73338 83854 44123 25048 33201 33188 40150 36427 14785 14938 10110 10922 35373 15331 15033 27117 21394 48481 8134 6916 6457 18417 14784 17047 8328 8645 11523 13033 16141 15062 7687 17505 8818 3808 5062 10054 8097 8410 25894 20488 10648 17868 16087 7974 4884 1187 617 1976 9810 4947 6299 8871 5700 5026 10320 6477
internal_count=292906 135714 157192 69171 66543 51212 73338 83854 44123 25048 33201 33188 40150 36427 14785 14938 10110 10922 35373 15331 15033 27117 21394 48481 8134 6916 6457 18417 14784 17047 8328 8645 11523 13033 16141 15062 7687 17505 8818 3808 5062 10054 8097 8410 25894 20488 10648 17868 16087 7974 4884 1187 617 1976 9810 4947 6299 8871 5700 5026 10320 6477
is_linear=0
shrinkage=0.05


Tree=11
num_leaves=63
num_cat=0
split_feature=15 13 15 15 13 13 15 15 11 11 15 15 15 13 15 13 13 11 15 13 15 11 11 13 14 15 13 15 15 15 13 15 11 14 0 13 8 14 11 15 16 20 13 11 15 14 5 28 11 6 16 20 14 15 29 29 29 29 29 14 14 29
split_gain=4.00385e+06 988256 665160 396600 204373 154826 146665 102786 92939.7 71725.7 54636.1 35691.8 32463.8 29917.5 26207.4 26039.9 25208.2 22803.3 20854.8 16810 16716.6 16530.3 16436.3 14635.7 13669.4 13304 13242.8 12638.5 12578.3 12070.8 12064.6 10304.4 10071 9154.84 8364.05 7568.82 7518.2 8578.06 7209.14 7091.21 7060.99 11343.1 6984.42 6967.62 6939.14 6504.25 6502.7 6461.38 6355.39 6310.91 6053.2 5971.1 5916.64 5915.55 5850.18 8132.17 12267.5 6479.9 5768.07 5705.37 5757.53 5523.75
threshold=30.402708333333337 -5.7499999999999991 17.07479166666667 44.756458333333335 -24.749999999999996 -11.249999999999998 48.046805555555558 9.4068055555555574 5.000208333333334 6.5004166666666672 24.722361111111116 58.776736111111113 55.051388888888901 -12.749999999999998 35.750277777777789 -11.749999999999998 -11.249999999999998 1.5312500000000007 56.000416666666673 -26.249999999999996 39.09118055555556 0.98729166666666635 14.756111111111112 -35.249999999999993 45.750000000000007 3.6217361111111117 14.750000000000002 60.170833333333341 40.015694444444456 40.231180555555561 14.750000000000002 13.470972222222224 -1.425138888888889 74.250000000000014 1402.5000000000002 9.7500000000000018 20.500000000000004 54.750000000000007 -1.5674999999999992 38.235555555555557 1.0000000180025095e-35 0.65500000000000014 -42.749999999999993 -1.180347222222222 25.107083333333339 70.250000000000014 -9.4999999999999982 0.54180107526881727 10.702916666666669 -6.7015338056049787 1.0000000180025095e-35 0.66500000000000015 73.250000000000014 39.775277777777781 11.850000000000003 5.8500000000000005 7.6500000000000012 10.750000000000002 4.8500000000000005 77.250000000000014 73.250000000000014 2.9500000000000006
decision_type=2 2 2 2 2 2 2 2 2 2 2 2 2 2 2 2 2 2 2 2 2 2 2 2 2 2 2 2 2 2 2 2 2 2 2 2 2 2 2 2 2 2 2 2 2 2 2 2 2 2 2 2 2 2 2 2 2 2 2 2 2 2
left_child=2 4 7 9 18 19 13 25 11 14 21 38 26 28 43 33 -9 -12 23 -4 -15 58 29 -2 -24 -1 -10 61 -6 49 -14 50 -16 36 46 -36 37 -8 54 -25 41 -27 -20 -3 -21 -32 -23 52 -19 -11 51 -18 -40 -34 55 -5 -57 -58 -7 60 -13 -17
right_child=1 3 5 8 6 10 15 16 12 22 17 59 30 20 32 27 31 48 42 44 -22 34 24 39 -26 40 -28 -29 -30 -31 45 -33 53 -35 35 -37 -38 -39 47 -41 -42 -43 -44 -45 -46 -47 -48 -49 -50 -51 -52 -53 -54 -55 -56 56 57 -59 -60 -61 -62 -63
leaf_value=-0.33945187143113964 -0.17717115320279617 0.078522814455702375 -0.22630367236408847 0.27456598615433675 -0.026348885332635338 -0.14454562409578178 0.059996140478602522 -0.2599535511623266 0.47605904161400048 0.2036151390701873 0.0046988081963533308 0.56507545069507503 0.63267474542994795 0.057198124027244814 0.17778964276996101 0.16450743905522608 -0.1992256160957567 0.091509403355547289 -0.13147872559238502 -0.16361126162940967 0.16054407871301657 -0.11100678886200409 0.8387568778234491 -0.13251612448755407 0.42885564792716013 -0.28773738480120215 0.60970598208976656 0.4475950494453555 0.060993166624346444 0.40561362432395037 0.75638087819899724 -0.14105350582240692 0.22323540927583743 0.39358366402989764 -0.01738098264423495 0.092221680069306963 -0.083235029902652649 0.20307378431813611 0.3895184143714524 -0.039061538836460553 -0.3121889849062458 -0.18116509164550951 0.088077729511621905 0.16153297221958635 -0.097717181098300465 1.0305241380085726 -0.0051528670633007216 0.52822749240647549 0.22627086766376536 0.31392214906269156 -0.23562285482223921 -0.098432786500204081 0.16714109018832823 0.29669309484192974 0.19561014632426699 0.54169963630587625 0.25035794283107288 0.50840654614375635 -0.073370729870658222 0.7924208845061107 0.33103449663735535 0.30115909226648341
leaf_weight=21578 5201 3635 7234 2318 9885 3970 1252 12551 5460 1990 13077 2266 2982 8315 5428 879 5210 9342 442 9092 7393 2926 232 3117 1688 9708 2840 1408 7069 2613 1131 12573 5347 488 4240 2505 281 6448 6389 5820 13252 3371 1987 8323 7139 280 2877 822 965 3769 7170 2051 316 5674 813 984 1061 317 10073 245 303 4801
leaf_count=21578 5201 3635 7234 2318 9885 3970 1252 12551 5460 1990 13077 2266 2982 8315 5428 879 5210 9342 442 9092 7393 2926 232 3117 1688 9708 2840 1408 7069 2613 1131 12573 5347 488 4240 2505 281 6448 6389 5820 13252 3371 1987 8323 7139 280 2877 822 965 3769 7170 2051 316 5674 813 984 1061 317 10073 245 303 4801
internal_value=-0.000463622 0.203622 -0.167904 0.337919 0.0642642 -0.0569601 0.116318 -0.261057 0.479368 0.23364 -0.00721303 0.39851 0.580196 0.0561326 0.192654 0.242665 -0.201394 0.0485354 -0.0872376 -0.162905 0.105845 -0.0562379 0.346733 -0.110489 0.478796 -0.310311 0.521857 0.313386 0.01007 0.316393 0.690275 -0.174168 0.233606 0.183446 -0.0145312 0.0233316 0.170549 0.179821 0.363552 -0.0716673 -0.286418 -0.260285 0.0480878 0.136308 -0.134636 0.811473 -0.0585367 0.395422 0.104147 0.275848 -0.203007 -0.170772 0.379064 0.261078 0.319817 0.341347 0.40674 0.310046 -0.093501 0.56007 0.537611 0.280044
internal_weight=292916 132012 160904 67226 64786 73440 48219 87464 28527 38699 49975 15834 12693 32662 28407 15557 39555 23384 16567 23465 15708 26591 10292 14138 1920 47909 8300 7088 16954 8372 4393 27004 16449 8469 12548 6745 7981 7700 13020 8937 26331 13079 2429 11958 16231 1411 5803 7527 10307 5759 14431 7261 6705 11021 5493 4680 2362 1378 14043 2814 2569 5680
internal_count=292916 132012 160904 67226 64786 73440 48219 87464 28527 38699 49975 15834 12693 32662 28407 15557 39555 23384 16567 23465 15708 26591 10292 14138 1920 47909 8300 7088 16954 8372 4393 27004 16449 8469 12548 6745 7981 7700 13020 8937 26331 13079 2429 11958 16231 1411 5803 7527 10307 5759 14431 7261 6705 11021 5493 4680 2362 1378 14043 2814 2569 5680
is_linear=0
shrinkage=0.05


Tree=12
num_leaves=63
num_cat=0
split_feature=12 13 12 3 13 12 13 11 12 12 12 1 12 12 12 13 12 13 11 13 11 13 7 13 13 12 12 16 19 13 13 8 11 12 13 1 11 12 5 11 6 20 19 16 12 11 12 12 12 16 19 27 7 11 1 12 13 27 17 12 20 2
split_gain=3.60672e+06 927152 475007 425670 205780 190615 102969 99082.7 50669.8 50446.5 48342.1 36041.2 35916.1 33476.4 30716.4 27880.7 24766.1 23867.9 23855 20321.5 14949.5 13980.9 13291.5 13210 13046.8 12635 11793.2 10240.2 12289.5 10196.9 9865.95 9448.98 9603.38 9057.42 8746.15 8602.7 8117.1 8091.78 7919.97 7854.97 7705.51 7141.6 7116.14 7848.62 7078.61 6983.28 6895.48 6862.61 6829.73 6722.41 7004.98 6500.54 6423.86 9949.96 6243.18 5953.15 5706.65 5558 5519.61 5507.56 5192.84 5081.38
threshold=27.38291666666667 -4.7499999999999991 41.344930555555564 3.5000000000000004 -24.749999999999996 45.500486111111123 -3.2499999999999996 7.2504166666666672 33.402708333333344 52.065833333333337 6.1247222222222222 37.649700608481446 51.033611111111121 58.139444444444457 34.88354166666668 7.2500000000000009 39.775277777777788 -13.749999999999998 -9.6332638888888855 -12.749999999999998 7.2504166666666672 -33.249999999999993 2.018142921792077 -12.249999999999998 9.7500000000000018 20.457222222222228 70.215277777777786 1.0000000180025095e-35 34.500000000000007 -11.249999999999998 20.250000000000004 20.500000000000004 2.5976388888888895 64.000833333333347 -34.249999999999993 45.13867487338495 -1.8310416666666665 70.215277777777786 -1.0000000180025095e-35 22.608888888888892 -2.7138021703143655 0.84500000000000008 45.500000000000007 1.0000000180025095e-35 22.050347222222225 15.902569444444447 55.051388888888901 52.40645833333334 23.50180555555556 1.0000000180025095e-35 30.500000000000004 0.58355855855855865 -0.090418185527412917 -0.60499999999999954 43.479880024443062 46.52256944444445 -33.249999999999993 0.5699462365591399 1.0000000180025095e-35 59.488611111111119 0.77500000000000013 608.50000000000011
decision_type=2 2 2 2 2 2 2 2 2 2 2 2 2 2 2 2 2 2 2 2 2 2 2 2 2 2 2 2 2 2 2 2 2 2 2 2 2 2 2 2 2 2 2 2 2 2 2 2 2 2 2 2 2 2 2 2 2 2 2 2 2 2
left_child=3 4 8 6 16 14 17 9 20 31 49 38 39 18 29 42 56 34 57 51 41 59 27 -15 48 -19 30 28 -12 -6 40 32 55 36 -1 -17 -11 -25 -8 -9 -14 52 43 -10 -36 -37 -23 -20 -13 50 58 -16 -3 -54 -26 -4 -2 -7 -5 -18 -21 -34
right_child=1 2 7 10 5 13 11 12 15 33 22 24 26 23 19 35 21 25 47 60 -22 46 -24 37 54 -27 -28 -29 -30 -31 -32 -33 61 -35 44 45 -38 -39 -40 -41 -42 -43 -44 -45 -46 -47 -48 -49 -50 -51 -52 -53 53 -55 -56 -57 -58 -59 -60 -61 -62 -63
leaf_value=-0.26963651254128534 -0.20612254900309201 0.041973027020934445 0.23573955806201266 -0.38077708921138798 -0.056735673376401952 0.1197972532703877 -0.105258510332763 0.45341626015795611 0.29538587636656599 0.36744301703982241 -0.11159576673405841 -0.045748509116307387 0.48206961566819806 0.25373226298748286 0.012803114151750337 0.18656964853491259 -0.12368021477798788 -0.15396495966152618 0.21608354931335541 0.10329220695029739 0.21089336066406905 -0.020586028802030854 -0.28563947880406582 0.38901381928719447 0.078878778321090318 -0.071561240359582501 1.0092060632727764 -0.24157705789123476 -0.21178731853255117 0.020996383556897036 0.76235560427272353 0.50781391642255869 0.18810876384112651 0.59376019076548348 -0.20330192499484842 0.31113272039816281 0.48332408234641983 0.69517631729240303 -0.033500636209317279 0.67146222463130689 0.63695386183434555 0.1951314707352742 0.15699442540347927 0.16763723754704049 -0.13680843901934464 0.47576129207357198 0.11110674708346924 0.3201095735573487 0.033893969220384464 -0.33283008639368417 -0.30712263408850954 0.29396771158136076 0.033866687730764039 0.15588112924062245 0.25417312335355219 0.31942380863686748 -0.1216337479602365 0.32106281469365344 -0.21119124702237535 0.026369032187353099 0.20009766141806373 0.36884821218024527
leaf_weight=2773 3752 5907 4654 551 9268 8434 9988 5982 2485 2218 4212 4654 1152 2411 9763 1247 4555 8359 4725 8721 3262 4243 8041 2020 3748 10495 215 16024 11234 7743 1104 620 421 1251 8935 5432 4886 243 6254 448 2810 1521 8265 2340 7271 735 1297 2398 6382 16535 12079 209 2604 4665 587 3946 4291 357 3781 706 1648 5669
leaf_count=2773 3752 5907 4654 551 9268 8434 9988 5982 2485 2218 4212 4654 1152 2411 9763 1247 4555 8359 4725 8721 3262 4243 8041 2020 3748 10495 215 16024 11234 7743 1104 620 421 1251 8935 5432 4886 243 6254 448 2810 1521 8265 2340 7271 735 1297 2398 6382 16535 12079 209 2604 4665 587 3946 4291 357 3781 706 1648 5669
internal_value=0.000118931 0.170528 0.297027 -0.180762 0.0488782 0.0955582 -0.0923038 0.429261 0.175399 0.370362 -0.265541 -0.025698 0.548239 0.217709 0.0282262 0.229108 -0.0946471 -0.147957 0.183134 0.0696892 0.114069 -0.0451763 -0.228234 0.335363 0.0291801 -0.108102 0.644963 -0.213557 -0.184475 -0.0213547 0.629309 0.316389 0.308276 0.469214 -0.187542 0.306592 0.447201 0.422182 -0.0776318 0.46871 0.592052 0.0925657 0.185202 0.233479 -0.173479 0.330828 0.0102598 0.251145 0.000306777 -0.310275 -0.287531 0.0187248 0.0807119 0.112182 0.102668 0.27417 -0.161068 0.128006 -0.232844 -0.103543 0.118696 0.356387
internal_weight=292526 150623 73839 141903 76784 57940 69446 35376 38463 23665 72457 31613 11711 20588 37352 20504 18844 37833 15914 20341 17959 10801 39511 4674 15371 18854 5281 31470 15446 17011 5066 15310 14690 8355 18979 7414 7104 2263 16242 6430 3962 14697 13090 4825 16206 6167 5540 7123 11036 32946 16411 9972 13176 7269 4335 8600 8043 8791 4332 5261 10369 6090
internal_count=292526 150623 73839 141903 76784 57940 69446 35376 38463 23665 72457 31613 11711 20588 37352 20504 18844 37833 15914 20341 17959 10801 39511 4674 15371 18854 5281 31470 15446 17011 5066 15310 14690 8355 18979 7414 7104 2263 16242 6430 3962 14697 13090 4825 16206 6167 5540 7123 11036 32946 16411 9972 13176 7269 4335 8600 8043 8791 4332 5261 10369 6090
is_linear=0
shrinkage=0.05


Tree=13
num_leaves=63
num_cat=0
split_feature=12 13 12 12 13 13 11 13 12 12 12 12 13 12 12 13 12 12 12 12 11 13 7 7 11 12 11 13 16 19 16 19 11 0 29 6 13 27 11 19 16 6 6 13 11 6 13 12 26 5 28 29 28 29 24 13 26 29 16 19 27 6
split_gain=3.27796e+06 809641 538158 360098 130429 119367 104309 92374.7 82705.1 79883.2 39996.6 34556.7 30217.4 29913.2 26843.2 20156.1 18297.8 17944.3 15898.9 15209.1 13584.2 12754.2 11626.3 14843.8 11481 10741.6 10215.2 9801.97 8747.4 11741.9 8409.35 10070.8 8183.16 8045.68 7924.43 7846.12 8511.71 9701.09 7514.89 7309 9844.88 7246.86 7024.96 6948.25 6711.5 7164.55 6704.06 6475.22 6339.67 6272.39 6269.53 6230.84 6221.97 6183.32 6140.42 6006.82 5950.62 6263.98 5800.61 8338.56 5708.48 5708.17
threshold=30.402708333333337 -8.7499999999999982 16.847222222222225 47.53819444444445 -3.2499999999999996 -26.249999999999996 2.5976388888888895 6.2500000000000009 48.937638888888898 9.4057638888888935 38.888194444444458 24.722361111111116 -22.749999999999996 39.570694444444449 59.488611111111119 -11.249999999999998 60.170833333333341 40.231180555555561 25.107083333333339 51.745069444444447 22.608888888888892 14.750000000000002 -3.519921989832866 3.1918752733540869 8.4512500000000035 60.170833333333341 -1.7379861111111115 -3.2499999999999996 1.0000000180025095e-35 30.500000000000004 1.0000000180025095e-35 39.500000000000007 7.2504166666666672 2700.5000000000005 14.550000000000002 11.747316455561863 -19.249999999999996 0.43597197376267149 -15.422569444444441 27.500000000000004 1.0000000180025095e-35 12.660459004719677 -2.370800376032228 -40.249999999999993 -3.3297222222222214 -0.80725857087778596 -38.249999999999993 70.215277777777786 1.213809651862731 -6.4999999999999991 0.50636968516715364 4.8500000000000005 0.54180107526881727 9.3500000000000032 90.500000000000014 -13.249999999999998 1.1246405952905543 9.3500000000000032 1.0000000180025095e-35 34.500000000000007 0.49300665101721447 9.9398118893904464
decision_type=2 2 2 2 2 2 2 2 2 2 2 2 2 2 2 2 2 2 2 2 2 2 2 2 2 2 2 2 2 2 2 2 2 2 2 2 2 2 2 2 2 2 2 2 2 2 2 2 2 2 2 2 2 2 2 2 2 2 2 2 2 2
left_child=2 5 9 6 12 19 13 14 17 22 24 30 -4 27 26 -11 20 35 58 46 42 39 -1 -24 -8 55 34 61 29 -17 31 -6 49 -26 51 36 -7 -38 -19 40 -12 -40 -9 -21 -15 -46 -2 -16 -39 -13 54 -5 60 -45 -29 -10 57 -48 59 -14 -28 -3
right_child=1 3 4 7 11 8 10 16 25 15 21 32 18 44 47 28 -18 38 -20 43 -22 -23 23 -25 33 -27 52 50 -30 -31 -32 -33 -34 -35 -36 -37 37 48 41 -41 -42 -43 -44 53 45 -47 56 -49 -50 -51 -52 -53 -54 -55 -56 -57 -58 -59 -60 -61 -62 -63
leaf_value=-0.33700411764816679 -0.18011421224251267 0.048574463126551004 -0.18800205082963872 0.23789695906801678 0.082081567306006742 -0.056903663842935874 0.18859701001340401 0.43827202287497163 0.13746101971958369 -0.23633322910373225 0.52353401846057868 0.013660956911987843 -0.001826813304946954 0.16280659341040052 0.46095307261057705 -0.049439806948015148 0.69631181669941755 0.013223676851581476 -0.047386186802370431 -0.11573041828140603 0.75393600810812156 0.44268410373799627 -0.24724888315471791 -0.3111803470108474 0.26334659313356862 0.2849975962213977 0.27436134184819055 0.11576651664799881 -0.18746218440081658 -0.15750495784719359 -0.062022394308282804 -0.029971580490537698 0.15523509295157423 0.46642277256746567 0.086454664723200056 -0.074852811316369283 -0.073927922427113463 0.043992793356635765 0.12004218480626178 0.30068135058109591 0.28014871261650831 -0.040173611337988663 0.54287158313104455 0.084196951991376556 0.1678412906167509 0.27382558882412272 -0.091789349994198327 0.67084074981899056 0.17485380359426195 0.085374104781855725 0.18271778082215751 0.33890362251973472 0.52413337727794718 -0.079570197738048298 -0.11581780394794894 0.22716844676533118 -0.035532280119304607 -0.21417964661855501 -0.14860794068982316 -0.11803303591338368 0.39359364943904529 0.16086249318712012
leaf_weight=7561 3064 7015 10186 2295 2960 3129 8001 2575 5625 12189 947 4930 2015 4908 3198 3387 1952 3158 13275 990 596 2963 26334 13897 3373 2521 1374 4476 13073 9761 8900 6211 2600 572 440 3194 1542 5872 7201 7218 748 782 4426 2042 2393 4820 3886 421 1098 7993 4614 4639 676 802 305 2799 2882 1431 8794 6600 3848 1349
leaf_count=7561 3064 7015 10186 2295 2960 3129 8001 2575 5625 12189 947 4930 2015 4908 3198 3387 1952 3158 13275 990 596 2963 26334 13897 3373 2521 1374 4476 13073 9761 8900 6211 2600 572 440 3194 1542 5872 7201 7218 748 782 4426 2042 2393 4820 3886 421 1098 7993 4614 4639 676 802 305 2799 2882 1431 8794 6600 3848 1349
internal_value=-0.000124621 0.184325 -0.151849 0.284028 -0.0533901 0.0307138 0.209653 0.435076 0.0791467 -0.236898 0.287698 0.0195984 -0.113384 0.147425 0.364762 -0.183199 0.559401 0.0305679 -0.0886076 -0.0877301 0.524135 0.352688 -0.280052 -0.26934 0.223064 0.194426 0.331792 0.106084 -0.158491 -0.129673 -0.0274016 0.00619931 0.0743113 0.292902 0.292454 -0.00544621 0.013602 0.0395235 0.0785192 0.322724 0.416357 0.104345 0.504467 -0.001713 0.207981 0.238692 -0.117008 0.485548 0.0646298 0.0580194 0.141133 0.305512 0.380917 0.0380033 0.100972 0.167291 -0.0934061 -0.124763 -0.120036 -0.0908564 0.36228 0.0667021
internal_weight=292826 132160 160666 80142 74464 52018 53702 26440 36921 86202 23822 33594 40870 29880 16891 38410 9549 25976 30684 15097 7597 11876 47792 40231 11946 10945 13272 17759 26221 13148 18071 9171 15523 3945 7374 14835 11641 8512 11141 8913 1695 7983 7001 3834 12121 7213 11263 3619 6970 12923 9395 6934 5898 2844 4781 8424 8199 5317 17409 8615 5222 8364
internal_count=292826 132160 160666 80142 74464 52018 53702 26440 36921 86202 23822 33594 40870 29880 16891 38410 9549 25976 30684 15097 7597 11876 47792 40231 11946 10945 13272 17759 26221 13148 18071 9171 15523 3945 7374 14835 11641 8512 11141 8913 1695 7983 7001 3834 12121 7213 11263 3619 6970 12923 9395 6934 5898 2844 4781 8424 8199 5317 17409 8615 5222 8364
is_linear=0
shrinkage=0.05


Tree=14
num_leaves=63
num_cat=0
split_feature=12 13 12 12 13 13 11 11 12 12 12 12 12 12 11 12 12 12 13 11 13 13 11 12 14 16 13 13 11 14 14 13 8 3 5 14 7 5 29 12 16 16 31 29 11 9 29 29 12 11 7 26 11 7 5 14 13 29 14 14 31 9
split_gain=2.96271e+06 722073 487238 325520 122629 104955 91176.6 84347.2 77016.5 59615 53330.6 33165.1 27850.9 23267.1 22994 22110.6 17698.3 14566.8 14236.1 13911.6 12134.2 11293.2 11206.2 11011.8 11007 10835.3 9429.09 9052.75 9029.87 10832 8726.79 8096.46 7998.52 7858.36 7476.61 8567.36 7350.32 7331.23 6994.89 6976.3 6833.14 6709.22 6451.63 9716.07 6444.15 6326.77 6080.86 5891.93 6018.63 5885.49 5868.9 5859.17 5755.01 5588.4 5541.9 5778.4 5503.74 5502.33 5410.75 5343.22 6853.06 7101.38
threshold=30.402708333333337 -8.7499999999999982 15.248263888888891 46.27812500000001 -11.249999999999998 -26.249999999999996 5.000208333333334 2.4170833333333341 49.501180555555564 22.684722222222224 9.4057638888888935 37.5376388888889 58.776736111111113 37.999930555555565 1.4911805555555555 55.503125000000004 41.135069444444447 56.000416666666673 -26.249999999999996 9.8321527777777806 -4.2499999999999991 14.750000000000002 -4.5064583333333328 3.1502777777777786 78.250000000000014 1.0000000180025095e-35 -11.749999999999998 -35.249999999999993 11.25027777777778 46.250000000000007 60.750000000000007 22.250000000000004 17.500000000000004 2.5000000000000004 14.500000000000002 53.750000000000007 -0.054537192586268615 14.500000000000002 9.9500000000000011 23.102847222222227 1.0000000180025095e-35 1.0000000180025095e-35 2.7600200228832961 8.2500000000000018 0.98729166666666635 11.500000000000002 9.3500000000000032 3.2500000000000004 65.450694444444466 12.398888888888891 -0.81287856703268213 1.3594521567489088 -15.422569444444441 -0.15354151155946563 14.500000000000002 53.750000000000007 -42.749999999999993 11.050000000000002 55.750000000000007 61.750000000000007 5.197175151975685 6.5000000000000009
decision_type=2 2 2 2 2 2 2 2 2 2 2 2 2 2 2 2 2 2 2 2 2 2 2 2 2 2 2 2 2 2 2 2 2 2 2 2 2 2 2 2 2 2 2 2 2 2 2 2 2 2 2 2 2 2 2 2 2 2 2 2 2 2
left_child=2 5 10 7 18 17 12 13 16 25 23 28 22 42 40 31 34 27 -4 -13 -12 -17 57 -1 26 44 37 59 50 -30 38 53 -15 49 35 45 -22 -10 -28 -20 -11 -25 -3 -44 -6 -7 -29 -14 -49 -16 -9 -41 -18 -8 55 -54 -19 58 -5 -2 61 -61
right_child=1 3 4 6 9 8 15 11 24 14 20 19 47 32 33 21 52 56 39 -21 36 -23 -24 41 -26 -27 30 46 29 -31 -32 -33 -34 -35 -36 -37 -38 -39 -40 51 -42 -43 43 -45 -46 -47 -48 48 -50 -51 -52 -53 54 -55 -56 -57 -58 -59 -60 60 -62 -63
leaf_value=-0.29545821512230913 -0.19162700014840525 0.04638133012549682 -0.20314081288002783 0.16689703623894717 -0.07594658238935352 -0.041776849458274208 0.32204710428785877 -0.021789750196564366 0.16600887057410207 0.021375650456809982 -0.21244866360115333 0.28207783505290712 0.31649127123247189 0.16928621636720156 0.10103828680718419 0.54776105529419516 0.024764863691630029 -0.11537717401208941 -0.15656401358251976 0.39598682708846739 -0.17834046786530874 0.72589552276697766 0.32893006927940083 -0.22205181685197922 0.55847576272428334 -0.10863139596590032 0.0899986696249781 -0.038535342396769146 0.58897965582353728 0.24690769161114812 0.35485259379620138 0.60454250545181032 0.3056502377160879 0.03710962334008891 -0.071591638706563154 0.054470727740020576 -0.10671812928806142 -0.12139341153822612 0.38904927030033126 -0.10025122188005163 -0.041373303957383617 -0.27055675519768707 0.18332742784953771 0.075955831923020023 -0.0042163645182293685 0.14324526523362355 -0.13719261394428842 0.43353786873959782 0.58240085300994959 0.29637394456926069 0.18593016589820527 0.17131205469810318 0.054825184917102025 0.4588147220794796 -0.040063715662398809 0.15191220301728336 0.078524242267604349 0.097074726370109499 0.29901846379774283 -0.12021251337028523 -0.28940247645774902 0.099984967101073671
leaf_weight=19280 3229 5435 8154 1148 6751 5806 880 354 7470 8626 15503 8410 664 11636 6847 2795 3163 462 8551 3950 8805 1329 10567 14193 200 12329 802 5494 279 1360 1355 854 1186 6753 3126 6586 6050 228 258 9484 8727 14427 3324 5759 5839 501 2182 2153 1013 408 8506 202 2346 5389 601 4428 1746 640 2415 1050 343 561
leaf_count=19280 3229 5435 8154 1148 6751 5806 880 354 7470 8626 15503 8410 664 11636 6847 2795 3163 462 8551 3950 8805 1329 10567 14193 200 12329 802 5494 279 1360 1355 854 1186 6753 3126 6586 6050 228 258 9484 8727 14427 3324 5759 5839 501 2182 2153 1013 408 8506 202 2346 5389 601 4428 1746 640 2415 1050 343 561
internal_value=7.23949e-05 0.175664 -0.143936 0.269867 -0.0592876 0.0304739 0.40063 0.192112 0.0759104 -0.0175863 -0.233355 0.262993 0.332639 0.13284 0.0282848 0.513033 0.0308748 -0.0807103 -0.148214 0.31851 -0.181495 0.605329 0.301439 -0.266218 0.191867 -0.0753146 0.184563 -0.101081 0.197612 0.305461 0.270783 0.45952 0.181922 0.0759344 -0.00223205 0.0145889 -0.14918 0.157482 0.163085 -0.123645 -0.010182 -0.246511 0.0894826 0.115265 -0.0426825 -0.0270591 -0.0665941 0.452848 0.481337 0.112063 0.177629 -0.0945707 0.0811967 0.439671 0.105393 0.118302 0.0379186 0.232259 0.256508 -0.152134 -0.0868063 -0.0435185
internal_weight=292912 131983 160929 80046 82671 51937 29847 50199 36870 56280 78258 22859 18600 27340 31361 11247 26557 15067 26391 12360 30358 4124 14770 47900 10313 24919 10113 12859 10499 1639 2415 7123 12822 14008 16019 12893 14855 7698 1060 18237 17353 28620 14518 9083 12590 6307 7676 3830 3166 7255 8860 9686 10538 6269 7375 6774 2208 4203 3563 5183 1954 1611
internal_count=292912 131983 160929 80046 82671 51937 29847 50199 36870 56280 78258 22859 18600 27340 31361 11247 26557 15067 26391 12360 30358 4124 14770 47900 10313 24919 10113 12859 10499 1639 2415 7123 12822 14008 16019 12893 14855 7698 1060 18237 17353 28620 14518 9083 12590 6307 7676 3830 3166 7255 8860 9686 10538 6269 7375 6774 2208 4203 3563 5183 1954 1611
is_linear=0
shrinkage=0.05


Tree=15
num_leaves=63
num_cat=0
split_feature=12 13 12 12 13 12 13 11 11 12 1 12 12 12 12 1 13 13 12 11 13 13 13 7 20 16 13 12 12 16 20 13 6 11 13 27 12 13 29 12 16 20 12 16 20 7 7 12 29 13 16 20 11 16 31 29 5 10 7 16 20 2
split_gain=2.67622e+06 678586 346841 329501 142619 126114 87808.2 63603.4 48567.8 43581.1 36218 34452.3 31940.6 28097.6 20115 16539 16151.2 16071.3 15904.7 14516.9 14239.1 13684.8 12343.4 9988.74 9979.68 9511.12 9097.92 8700.14 8505.66 8406.69 10601.6 8071.21 7708.38 8030.55 7633.01 7135.91 7109.79 7059.82 6827.98 6787.63 6736.23 8678.58 6562.56 6521.48 9804.37 6392.87 7045.33 6240.4 6230.44 6222.73 6165.72 10580.2 5830.61 5757.1 5743.64 6384.05 5623.23 5570.74 5489.77 5482.15 6131 5235.31
threshold=28.305069444444445 -5.2499999999999991 14.125416666666668 43.766597222222224 -26.249999999999996 42.784930555555562 -9.2499999999999982 7.2504166666666672 6.5004166666666672 20.457222222222228 20.334695691138695 53.500416666666673 55.503125000000004 34.250625000000007 54.270486111111119 49.188413007213569 -15.249999999999998 -12.749999999999998 46.27812500000001 4.8393055555555557 -12.249999999999998 -26.249999999999996 -4.2499999999999991 -1.866459305339554 0.62500000000000011 1.0000000180025095e-35 24.750000000000004 65.450694444444466 35.107291666666676 1.0000000180025095e-35 0.6150000000000001 -46.249999999999993 2.7715068012086221 2.5976388888888895 24.750000000000004 0.58633653098262906 62.921666666666674 9.7500000000000018 9.5500000000000025 21.605972222222228 1.0000000180025095e-35 0.51500000000000012 67.23819444444446 1.0000000180025095e-35 0.54500000000000015 -3.9968304278922342 7.0636583400483497 64.000833333333347 9.6500000000000004 14.750000000000002 1.0000000180025095e-35 0.6150000000000001 -1.3731249999999997 1.0000000180025095e-35 5.1306162521688847 14.250000000000002 -31.499999999999996 23.500000000000004 -0.90077210877782699 1.0000000180025095e-35 0.69500000000000006 1177.5000000000002
decision_type=2 2 2 2 2 2 2 2 2 2 2 2 2 2 2 2 2 2 2 2 2 2 2 2 2 2 2 2 2 2 2 2 2 2 2 2 2 2 2 2 2 2 2 2 2 2 2 2 2 2 2 2 2 2 2 2 2 2 2 2 2 2
left_child=2 4 10 8 18 17 21 12 13 43 45 16 32 40 34 56 -7 35 -2 29 54 -4 -12 -24 52 -26 37 49 -19 30 -11 -20 33 -5 -9 50 57 -17 61 -23 41 -3 -22 44 -8 -1 59 53 -39 -16 51 -6 -15 -14 -13 -56 -10 -33 -21 60 -47 -36
right_child=1 3 6 7 5 11 9 14 15 19 22 20 47 24 27 26 -18 28 31 58 42 39 23 -25 25 -27 -28 -29 -30 -31 -32 36 -34 -35 38 -37 -38 48 -40 -41 -42 -43 -44 -45 -46 46 -48 -49 -50 -51 -52 -53 -54 -55 55 -57 -58 -59 -60 -61 -62 -63
leaf_value=-0.31054862012752582 -0.12421054203598841 0.074971414279399351 -0.20318541027296821 0.24067280606599001 -0.028723186762349719 0.058881077016873798 -0.10155790700262335 0.41622591729758285 -0.057229493335968384 -0.011987225235106966 -0.22230808869822838 0.15376198657720502 0.46883186580865682 0.10638997374167745 0.48330220336737811 0.17373176455731923 0.16027014425297226 0.013617046197897479 -0.18981410330856047 -0.035606943271571448 0.28868679439331529 -0.15355153742506114 -0.24568014601090207 -0.14922587305188689 0.30736008436740836 0.16987266106578278 0.54873182840537338 0.7530230805384942 0.090079360162883482 -0.041662667680770121 0.093449078088403137 -0.03778604162672547 0.36100138622099553 0.32640909901217169 0.52252050772019965 0.21424829810266455 0.15187760326391431 0.2894390745422839 0.37533025535035741 -0.095910254004330772 0.051919312965391831 0.18878409723749437 0.49020353123676358 -0.11976405423307293 0.001540615366385067 -0.23741024904928101 -0.30160172146704056 0.53571071799998893 0.42071227565790625 0.62748934816312363 -0.057170212931919644 0.10654995343044882 0.18052765021011979 0.34944274867802722 0.34074793909482776 0.038874544382757253 0.21003031938379163 0.17540863826586112 0.10114706525832623 -0.26671294281040553 -0.149547795616085 0.8744199568080776
leaf_weight=6347 9981 4114 7363 6452 5619 6326 5967 5704 204 8040 19464 3651 2043 3863 1729 862 10368 7330 656 871 3734 9862 3237 15793 2604 2443 413 625 7219 11210 3388 4868 3645 4766 205 314 642 2869 236 10611 7039 2827 455 9641 3758 8097 6227 1302 1332 1363 7857 1945 8500 2041 913 217 5306 326 4645 10521 2640 234
leaf_count=6347 9981 4114 7363 6452 5619 6326 5967 5704 204 8040 19464 3651 2043 3863 1729 862 10368 7330 656 871 3734 9862 3237 15793 2604 2443 413 625 7219 11210 3388 4868 3645 4766 205 314 642 2869 236 10611 7039 2827 455 9641 3758 8097 6227 1302 1332 1363 7857 1945 8500 2041 913 217 5306 326 4645 10521 2640 234
internal_value=0.000580343 0.153054 -0.14927 0.260942 0.0447163 0.0827894 -0.0742001 0.386713 0.170871 -0.0328899 -0.227484 0.164333 0.335563 0.139196 0.489259 0.261355 0.121856 0.0136822 -0.0845904 0.00682328 0.243366 -0.144719 -0.194301 -0.165645 0.181586 0.240856 0.322915 0.581872 0.0515601 -0.0109002 0.0192764 -0.0236674 0.297717 0.277124 0.435212 -0.0213417 -0.00496219 0.30439 0.594795 -0.123683 0.0863959 0.121347 0.310687 -0.0906217 -0.0617218 -0.265232 -0.254756 0.439927 0.331152 0.547044 -0.0261524 0.00607031 0.157373 0.409267 0.184328 0.282863 0.200127 -0.0243737 0.0795505 -0.241021 -0.215823 0.711654
internal_weight=292824 145142 147682 72721 72421 55948 75356 30345 42376 47520 72326 25664 20249 31390 10096 10986 16694 30284 16473 28154 8970 27836 38494 19030 17410 5047 5476 3717 14549 22638 11428 6492 14863 11218 6379 15735 5836 5063 675 20473 13980 6941 4189 19366 9725 33832 27485 5386 4201 3092 15421 7564 12363 4084 4781 1130 5510 5194 5516 21258 10737 439
internal_count=292824 145142 147682 72721 72421 55948 75356 30345 42376 47520 72326 25664 20249 31390 10096 10986 16694 30284 16473 28154 8970 27836 38494 19030 17410 5047 5476 3717 14549 22638 11428 6492 14863 11218 6379 15735 5836 5063 675 20473 13980 6941 4189 19366 9725 33832 27485 5386 4201 3092 15421 7564 12363 4084 4781 1130 5510 5194 5516 21258 10737 439
is_linear=0
shrinkage=0.05


Tree=16
num_leaves=63
num_cat=0
split_feature=12 13 12 12 13 13 12 12 11 11 3 12 13 13 13 12 13 13 12 0 12 14 14 11 5 4 13 12 27 29 28 14 14 31 14 14 11 12 19 29 25 11 11 14 14 14 14 13 14 29 13 29 13 9 13 5 31 29 19 14 14 11
split_gain=2.39178e+06 581386 453406 211158 116554 115783 81480.8 66675.6 51108.9 51092.4 36501.8 27984.2 20303.9 18687.6 17359.7 17059.2 16486.8 15072.3 13250.2 12993.9 12488.5 11737.6 11474.2 10873.7 11453.9 10510.5 9924.94 9080.41 8804.26 8416.67 9056.2 8139.72 15124.8 8214.17 11352.7 8795.15 8102.45 8009.7 7807.09 7513.76 7505.51 7130.12 7082.24 6940.29 6735.73 6811.4 6628.48 6598.19 6588.77 9988.21 9928.54 8438.08 7408.82 6485.31 6296.82 11074.5 6209.67 6510.13 6199.13 6017.08 7698.08 5947.5
threshold=31.804652777777783 -5.7499999999999991 17.553888888888892 47.813125000000007 -7.2499999999999991 -23.749999999999996 49.501180555555564 10.116388888888894 7.000208333333334 7.8409027777777789 2.5000000000000004 40.231180555555561 -12.749999999999998 -26.249999999999996 9.7500000000000018 55.503125000000004 -13.249999999999998 -33.249999999999993 61.958819444444451 2673.5000000000005 60.170833333333341 68.250000000000014 54.750000000000007 2.2500694444444451 -8.4999999999999982 200.50000000000003 24.750000000000004 40.685486111111118 0.58355855855855865 9.3500000000000032 0.49626844890002791 70.250000000000014 73.250000000000014 2.1744206011151266 64.750000000000014 65.750000000000014 22.608888888888892 25.107083333333339 43.500000000000007 12.750000000000002 2.9441393736580284 -8.9011111111111081 2.5976388888888895 69.750000000000014 65.250000000000014 66.250000000000014 73.250000000000014 -27.749999999999996 58.750000000000007 6.2500000000000009 -26.249999999999996 5.4500000000000011 -24.749999999999996 13.500000000000002 -4.2499999999999991 -3.4999999999999996 3.1701526574421313 7.6500000000000012 31.500000000000004 77.250000000000014 73.750000000000014 -1.0000000180025095e-35
decision_type=2 2 2 2 2 2 2 2 2 2 2 2 2 2 2 2 2 2 2 2 2 2 2 2 2 2 2 2 2 2 2 2 2 2 2 2 2 2 2 2 2 2 2 2 2 2 2 2 2 2 2 2 2 2 2 2 2 2 2 2 2 2
left_child=2 5 7 8 13 17 12 25 11 15 14 38 22 -4 61 -5 -9 21 36 -10 41 -2 40 -12 -25 -1 -21 -14 -24 31 -31 33 -33 44 48 -36 -11 -15 -3 42 -7 -8 56 -23 -19 -46 -22 -37 52 51 -51 -50 -35 -39 -27 -56 -13 -58 -18 60 -17 -6
right_child=1 3 4 9 10 6 20 16 19 18 23 39 27 37 -16 59 58 29 -20 26 46 43 28 24 -26 54 -28 -29 -30 30 -32 32 -34 34 35 47 -38 53 -40 -41 -42 -43 -44 -45 45 -47 -48 -49 49 50 -52 -53 -54 -55 55 -57 57 -59 -60 -61 -62 -63
leaf_value=-0.26685002405011904 -0.12974034613549126 0.17960185455449726 -0.17535968291021653 0.30423614525373677 0.011494598881335031 -0.0570358110863593 0.14545662607524443 -0.20165160411363889 0.2452443584036561 0.46008761042837371 -0.044822382030946628 0.168250457974358 0.060913075203647575 -0.11554020035158954 0.1632920195580273 0.41901567745926765 -0.087457702070857138 -0.11223373073218897 0.66652826880441207 0.33495085609130359 0.25181446509108091 0.27503580884249124 0.046672389909979933 -0.030531672516468517 0.072057227575354529 -0.24171093048080294 0.58526978498579141 0.13828230136199304 0.34250399752085708 -0.20734867454081085 -0.017838420904929871 0.49909761694570387 -0.028775685792342545 -0.0063561675516922963 -0.41690979391675109 0.17192106847077201 0.65158260802198553 -0.081780141759704328 0.10986330800567559 0.13406386991784966 0.065818149430511397 0.23446488378433428 0.29765102485148509 -0.028060897961051601 0.31643004818943332 -0.092812488359563503 0.42353914867126347 -0.21533419141267759 0.23507071648032013 0.55533945713982436 0.10592276597845143 -0.13087528032259246 0.232141529321093 -0.0031698767889060103 -0.23636745641021084 -0.15299549018486458 0.37121227174847993 0.21864253508731846 -0.14270297726407907 0.62369192584126187 0.18958625231715079 0.076061444498653236
leaf_weight=18824 6560 6112 7793 8907 6891 5726 6228 10962 5385 5062 17302 3523 8281 12202 3954 5005 6753 1957 1173 5055 2375 269 7729 5641 5254 16300 431 7000 259 993 1724 239 312 2053 208 218 627 8966 11713 1743 1587 3531 4143 628 202 203 740 220 303 263 231 326 386 3709 8554 7472 989 2414 20549 328 397 7393
leaf_count=18824 6560 6112 7793 8907 6891 5726 6228 10962 5385 5062 17302 3523 8281 12202 3954 5005 6753 1957 1173 5055 2375 269 7729 5641 5254 16300 431 7000 259 993 1724 239 312 2053 208 218 627 8966 11713 1743 1587 3531 4143 628 202 203 740 220 303 263 231 326 386 3709 8554 7472 989 2414 20549 328 397 7393
internal_value=-6.21466e-05 0.166843 -0.122635 0.273256 -0.0354397 0.0564759 0.100021 -0.199776 0.207372 0.400442 0.0154681 0.174311 0.0555963 -0.107795 0.0705872 0.347614 -0.149848 -0.0529376 0.513059 0.300518 0.20554 -0.106546 0.0148807 -0.0201844 0.0189428 -0.237122 0.35472 0.0963615 0.056306 -0.0122971 -0.0871508 0.0162713 0.200682 0.000777325 0.0426609 -0.150034 0.481304 -0.0866235 0.133785 0.230681 -0.0303698 0.177682 0.245881 0.0630394 -0.0738265 0.11158 0.292732 -0.0226381 0.0776402 0.177802 0.345826 0.0455004 0.0314685 -0.058779 -0.219804 -0.197508 0.214875 0.263079 -0.129042 0.414979 0.402193 0.0449156
internal_weight=292277 123758 168519 63007 79105 60751 43456 89414 41508 21499 46435 30637 30582 32670 18238 14637 38264 17295 6862 10871 12874 7457 15301 28197 10895 51150 5486 15281 7988 9838 2717 7121 551 6570 4208 646 5689 24877 17825 12812 7313 9759 11069 897 2362 405 3115 438 3562 1123 494 629 2439 12675 32326 16026 6926 3403 27302 5730 5402 14284
internal_count=292277 123758 168519 63007 79105 60751 43456 89414 41508 21499 46435 30637 30582 32670 18238 14637 38264 17295 6862 10871 12874 7457 15301 28197 10895 51150 5486 15281 7988 9838 2717 7121 551 6570 4208 646 5689 24877 17825 12812 7313 9759 11069 897 2362 405 3115 438 3562 1123 494 629 2439 12675 32326 16026 6926 3403 27302 5730 5402 14284
is_linear=0
shrinkage=0.05


Tree=17
num_leaves=63
num_cat=0
split_feature=12 13 12 12 11 13 12 11 13 12 12 0 12 13 12 13 12 11 13 12 16 20 14 12 7 13 11 13 14 13 28 14 16 16 20 20 7 14 29 16 20 27 16 20 16 20 29 14 7 13 27 31 13 14 14 7 11 29 12 14 14 29
split_gain=2.1765e+06 554224 348305 249101 117434 66014.6 61577 58059.6 44962.2 43014.7 32722.3 26430.4 24854.2 21990.2 21122.1 16321.6 15463.2 14305 13115.7 12370.9 10009.2 13841.2 9754.61 9418.96 9317.5 9275.58 8931.29 8612.22 8405.93 8240.48 8162.47 7426.99 7409.92 6623.87 10455.4 6203.82 6200.66 6056.39 6742.61 6053.51 10230.5 5998.58 5610.61 8162.26 5567.94 8769.4 5353.76 5565.53 5349.56 5225.51 5172.49 5442.42 5144.76 5132.04 5130.97 5087.6 5045.17 4936.31 4918.76 4916.98 4836.98 4829.58
threshold=27.210347222222225 -11.249999999999998 41.344930555555564 13.470972222222224 4.240972222222223 -3.2499999999999996 41.135069444444447 2.0184722222222229 -26.249999999999996 53.500416666666673 50.757291666666674 1417.5000000000002 5.6286111111111108 -26.249999999999996 33.800416666666678 -26.249999999999996 51.033611111111121 -3.3999305555555548 14.750000000000002 33.402708333333344 1.0000000180025095e-35 0.57500000000000007 77.250000000000014 19.030277777777783 -1.1564251251161255 9.7500000000000018 12.398888888888891 14.750000000000002 46.250000000000007 -37.249999999999993 0.5143682906688688 64.250000000000014 1.0000000180025095e-35 1.0000000180025095e-35 0.49500000000000005 0.68500000000000016 0.076085808732996682 74.250000000000014 9.3500000000000032 1.0000000180025095e-35 0.6150000000000001 0.57752549781447315 1.0000000180025095e-35 0.6150000000000001 1.0000000180025095e-35 0.65500000000000014 8.3500000000000032 58.250000000000007 1.5218842514657227 -3.2499999999999996 0.53871128871128882 2.0889792838117791 24.250000000000004 47.250000000000007 76.250000000000014 -0.095604835041141853 9.4526388888888899 15.250000000000002 23.50180555555556 46.750000000000007 67.250000000000014 5.8500000000000005
decision_type=2 2 2 2 2 2 2 2 2 2 2 2 2 2 2 2 2 2 2 2 2 2 2 2 2 2 2 2 2 2 2 2 2 2 2 2 2 2 2 2 2 2 2 2 2 2 2 2 2 2 2 2 2 2 2 2 2 2 2 2 2 2
left_child=3 6 7 12 9 15 13 19 29 17 27 24 -1 -2 31 -5 50 59 57 33 21 -14 32 -17 -7 58 -16 36 -28 60 -19 52 35 34 -3 -11 -6 38 46 40 -15 54 43 -26 45 -25 -31 -48 -22 -21 -10 -52 -9 56 -18 -51 -27 -12 -13 -4 -8 -61
right_child=1 2 4 5 10 11 8 14 16 22 18 25 20 39 26 23 41 30 -20 49 48 -23 -24 44 42 53 28 -29 -30 37 -32 -33 -34 -35 -36 -37 -38 -39 -40 -41 -42 -43 -44 -45 -46 -47 47 -49 -50 55 51 -53 -54 -55 -56 -57 -58 -59 -60 61 -62 -63
leaf_value=-0.24314639846675579 -0.12739543254926919 0.01539356878401694 0.0053190476442072192 -0.1895247531254366 0.28284850270921597 -0.14777678461755736 -0.13295067120478632 0.12746822965970334 0.045820384728130527 0.33250172281363349 0.44491075240245204 -0.038131162599895768 -0.18776886383449989 -0.029210780307030296 0.19944803030696476 -0.13950807347918442 0.1390387664266774 0.19058563401910755 0.57219093330662074 0.07325423774360737 -0.19255966455588328 -0.097818901854734547 0.54825732831123186 -0.082652569308477516 -0.055393958749303286 0.1283305902077429 0.59680405763349664 0.40861438201191425 0.27776274057229794 -0.0018772653023173152 0.27399449484318478 0.015545426954223085 0.2686831442581466 0.00010748319517179654 0.13656287963107278 0.48512354271889752 0.41137857213665258 0.23842226463195876 -0.10449134077684108 -0.055990222163163295 0.097642114487204959 0.40373262817889577 -0.08065030239733309 0.055933585608011011 -0.1101249879463455 0.030006617480150273 0.016877124576670368 0.36683857898790184 -0.25316894290287667 0.063196073251189006 -0.072213398699886078 0.21423883376774439 0.28547809857052558 0.053430499116137647 0.35115509797074523 0.16351247352470361 0.40013584225044518 0.25557875325965385 0.029939869065372261 0.11634728670225983 0.041070706246397165 0.19096833234465452
leaf_weight=30674 8035 4201 529 6972 5421 2877 2548 8807 8424 3664 5133 4703 12477 6160 10196 12391 6365 5460 2421 9355 14102 6513 475 7739 5036 965 242 2931 1419 3799 6373 1462 4344 7632 3089 821 1142 245 1540 8809 2141 238 7287 2445 10163 2223 245 211 4928 1816 203 894 547 3030 298 4170 207 374 6088 3544 473 5614
leaf_count=30674 8035 4201 529 6972 5421 2877 2548 8807 8424 3664 5133 4703 12477 6160 10196 12391 6365 5460 2421 9355 14102 6513 475 7739 5036 965 242 2931 1419 3799 6373 1462 4344 7632 3089 821 1142 245 1540 8809 2141 238 7287 2445 10163 2223 245 211 4928 1816 203 894 547 3030 298 4170 207 374 6088 3544 473 5614
internal_value=6.78779e-05 0.1314 0.198977 -0.141514 0.296149 -0.0766129 -0.00365778 0.110411 0.0511165 0.237488 0.399916 -0.0239961 -0.209655 -0.0591681 0.170907 -0.1201 0.100448 0.198633 0.474948 0.0650835 -0.182628 -0.156926 0.327328 -0.105209 -0.0654702 0.0248151 0.217003 0.337216 0.324577 -0.0382923 0.235527 0.120359 0.315381 0.0326666 0.0667485 0.360542 0.305273 -0.00456569 -0.0148781 -0.0271224 0.00351503 0.157434 -0.0494269 -0.0190064 -0.0840856 -0.0575124 0.0175724 0.179259 -0.208267 0.0966109 0.0591314 0.161213 0.136738 0.0878286 0.148577 0.133095 0.176637 0.432101 0.000271949 0.153546 -0.105699 0.162107
internal_weight=292630 151810 101182 140820 48246 72126 50628 52936 25483 30824 17422 32638 68694 25145 22673 39488 16422 21520 7928 30263 38020 18990 9304 32516 17645 14993 11857 9494 1661 9061 11833 10816 8829 14922 7290 4485 6563 6040 5795 17110 8301 6901 14768 7481 20125 9962 4255 456 19030 15341 9521 1097 9354 4202 6663 5986 1172 5507 10791 9687 3021 9158
internal_count=292630 151810 101182 140820 48246 72126 50628 52936 25483 30824 17422 32638 68694 25145 22673 39488 16422 21520 7928 30263 38020 18990 9304 32516 17645 14993 11857 9494 1661 9061 11833 10816 8829 14922 7290 4485 6563 6040 5795 17110 8301 6901 14768 7481 20125 9962 4255 456 19030 15341 9521 1097 9354 4202 6663 5986 1172 5507 10791 9687 3021 9158
is_linear=0
shrinkage=0.05


Tree=18
num_leaves=63
num_cat=0
split_feature=12 13 12 12 13 13 12 13 12 13 12 12 12 5 12 13 13 16 19 12 13 7 13 13 29 12 13 7 13 29 13 5 31 13 7 16 19 14 29 6 13 13 14 28 9 13 29 29 28 29 28 14 31 29 6 14 7 29 29 29 14 13
split_gain=1.98057e+06 491308 333117 215125 80377.9 79743.1 60367 57017.7 54678 53284.6 24578.9 20755.6 20535.8 20182 18538.8 14680.1 12281.5 12117 16608.1 11824.8 10671.4 10266.5 13717.7 9361.86 8929.41 8515.85 8060.23 7740.93 8204.43 7532.46 7513.39 7470.87 7384.82 8735.01 7246.25 7224.3 9128.88 6944.6 7677.14 6506.94 6316.59 6304.37 6258.84 7864.4 6129.18 6090.06 6614.41 6028.22 6007.41 5992.42 6224.42 7862.67 7837.8 6934.42 6078.71 5978.74 5941.75 5810.01 5895 5713.89 6149.2 5571.84
threshold=30.402708333333337 -7.2499999999999991 17.553888888888892 45.500486111111123 -11.249999999999998 -26.249999999999996 48.937638888888898 6.2500000000000009 10.579375000000001 7.2500000000000009 24.722361111111116 52.742083333333348 60.170833333333341 -8.4999999999999982 36.63472222222223 -4.2499999999999991 -2.2499999999999996 1.0000000180025095e-35 37.500000000000007 51.407986111111121 -13.249999999999998 -2.9258101773218281 -6.2499999999999991 1.7500000000000002 12.65 41.344930555555564 -32.749999999999993 -0.85736162765259227 20.250000000000004 13.15 20.250000000000004 14.500000000000002 2.8008939974457223 -1.7499999999999998 -0.054537192586268615 1.0000000180025095e-35 48.500000000000007 53.250000000000007 3.8500000000000001 -2.6497379242392962 -26.249999999999996 -11.249999999999998 73.250000000000014 0.51928389290267762 6.5000000000000009 -2.2499999999999996 11.850000000000003 3.2500000000000004 0.54180107526881727 3.8500000000000001 0.53972763347763364 61.250000000000007 3.9897395197395205 9.7500000000000018 3.3540191468722118 73.250000000000014 -0.93833848731194092 15.350000000000003 0.65000000000000002 7.7500000000000009 52.750000000000007 -38.249999999999993
decision_type=2 2 2 2 2 2 2 2 2 2 2 2 2 2 2 2 2 2 2 2 2 2 2 2 2 2 2 2 2 2 2 2 2 2 2 2 2 2 2 2 2 2 2 2 2 2 2 2 2 2 2 2 2 2 2 2 2 2 2 2 2 2
left_child=2 5 8 9 26 19 17 12 21 14 23 -9 45 27 35 40 -12 18 -7 61 42 -1 -23 -6 32 -15 -4 -11 -29 -26 39 37 33 -16 -17 36 -3 -19 -39 -13 -10 -40 -8 -44 -21 46 -5 -14 55 -22 51 -51 54 -54 -53 -47 -25 58 -41 60 -34 -2
right_child=1 3 4 7 10 6 20 11 15 13 16 30 47 25 24 34 -18 31 -20 44 49 22 -24 56 29 -27 -28 28 -30 -31 -32 -33 59 -35 -36 -37 -38 38 41 57 -42 -43 43 -45 -46 48 -48 -49 -50 50 -52 52 53 -55 -56 -57 -58 -59 -60 -61 -62 -63
leaf_value=-0.26094635847261705 -0.15162965892299662 0.18539538103906575 -0.18196606249432462 0.24107608762531779 -0.065470538692580085 0.15537822634384868 0.10844671819075856 0.35256640384364302 -0.22398736107468459 -0.077477388730716662 -0.0069979321724950505 0.36374968793344165 0.24133470313306427 0.25019588446780577 0.072414576235382319 -0.12755636621183666 0.066750075678698659 -0.031635113870164759 0.030426261844279701 -0.013261953155110619 0.11268439596715325 -0.23041201301659428 -0.17473803549629907 -0.088088864035195627 -0.13174959691502061 0.35422887232438788 -0.10087365830463801 0.12662385138391194 0.28834924013793023 0.10672120451648717 0.61390434268273808 -0.096923893129329211 0.33543310288959144 0.1875047052063247 -0.062344554145500775 0.043881061610469833 0.069017077303862251 -0.062369991307839295 0.032705461218124447 0.26207681385689674 -0.15039382451600236 0.14348610512763899 0.059205790626607385 0.42884978624219494 0.19330947172914381 0.27818314164827385 0.11020588983408286 0.43144004385964418 0.40654516613760849 0.19632748332187519 0.081662520318670148 0.58287347645933973 0.065661289205917947 0.3511675025441256 0.27643031158950182 0.042630240895805208 0.0097793255157545503 0.25678263437548443 0.5334433108018517 0.16983535736315558 0.19565347913951198 -0.071516424647107571
leaf_weight=9339 2968 2810 3651 6595 12328 3553 6691 5984 3635 343 9497 1290 510 6891 3201 10518 13918 5580 10567 3589 1079 22672 21659 1809 392 2766 19116 2943 1070 2106 968 1845 1363 3403 7165 7023 4212 1422 4182 218 14846 1853 244 351 398 6746 1134 2402 896 1761 504 457 324 621 255 281 10831 238 2920 5199 1877 8086
leaf_count=9339 2968 2810 3651 6595 12328 3553 6691 5984 3635 343 9497 1290 510 6891 3201 10518 13918 5580 10567 3589 1079 22672 21659 1809 392 2766 19116 2943 1070 2106 968 1845 1363 3403 7165 7023 4212 1422 4182 218 14846 1853 244 351 398 6746 1134 2402 896 1761 504 457 324 621 255 281 10831 238 2920 5199 1877 8086
internal_value=0.000508973 0.143986 -0.117235 0.227117 -0.0364157 0.0321471 0.0680528 0.330664 -0.181244 0.158573 3.98992e-05 0.417552 0.276267 0.239721 0.122565 -0.133716 0.0368393 0.0286991 0.0618766 -0.0664155 0.160933 -0.213266 -0.203216 -0.0344706 0.156843 0.280027 -0.113885 0.150321 0.169806 0.0692613 0.4865 -0.00278166 0.171381 0.131739 -0.101138 0.0797477 0.115608 0.0105478 0.0421129 0.459943 -0.16488 0.0667379 0.122298 0.277618 0.00740222 0.25355 0.221892 0.39824 0.284401 0.217184 0.245898 0.270084 0.348304 0.253453 0.473664 0.268771 -0.00423315 0.496581 0.514681 0.202383 0.254541 -0.0930386
internal_weight=293095 132111 160984 75781 71150 56330 41289 30182 89834 45599 48383 11618 18564 14013 31586 36164 23415 29002 14120 15041 12287 53670 44331 24968 17541 9657 22767 4356 4013 2498 5634 14882 15043 6604 17683 14045 7022 13037 7457 4666 18481 6035 7286 595 3987 15652 7729 2912 7923 5001 3922 3418 1657 945 712 7027 12640 3376 3138 8439 3240 11054
internal_count=293095 132111 160984 75781 71150 56330 41289 30182 89834 45599 48383 11618 18564 14013 31586 36164 23415 29002 14120 15041 12287 53670 44331 24968 17541 9657 22767 4356 4013 2498 5634 14882 15043 6604 17683 14045 7022 13037 7457 4666 18481 6035 7286 595 3987 15652 7729 2912 7923 5001 3922 3418 1657 945 712 7027 12640 3376 3138 8439 3240 11054
is_linear=0
shrinkage=0.05


Tree=19
num_leaves=63
num_cat=0
split_feature=12 13 12 12 13 13 12 2 11 11 12 12 13 13 12 13 13 12 13 14 14 14 13 14 0 12 14 7 7 14 6 13 19 9 31 7 13 29 7 27 13 11 14 6 13 29 13 5 21 14 14 6 13 13 24 31 14 7 13 14 5 11
split_gain=1.78632e+06 431381 333252 161437 89161.7 86364.9 62850 57826.5 37218.7 34734.1 22433.6 19266.4 17139.3 15821.8 15653.8 12850.7 12002.4 10666.2 10394 9933.05 9854.15 12865.1 10246.2 9411.07 9311.24 8922.62 8663.81 8545.62 11209.6 8110.2 7852.62 7557.65 7555.51 7417.07 7231.06 7151.03 6952.27 7905.98 6917.31 11180.2 6910.57 6728.78 8228.53 6579.94 7431.8 6833.45 6201.39 6155.97 6097.96 6094.32 6090.04 5993.02 5912.68 6055.12 5828.03 5456.51 5969.4 5328.55 6606.69 5246.24 6331.74 5241.75
threshold=31.804652777777783 -5.2499999999999991 18.292777777777783 47.53819444444445 -24.749999999999996 -7.2499999999999991 50.757291666666674 623.50000000000011 8.4512500000000035 7.8409027777777789 25.671875000000004 40.479722222222229 -12.749999999999998 -4.2499999999999991 55.503125000000004 -26.249999999999996 7.2500000000000009 65.450694444444466 -15.749999999999998 70.250000000000014 70.250000000000014 71.750000000000014 -32.749999999999993 68.250000000000014 2700.5000000000005 42.545902777777791 54.750000000000007 -2.9258101773218281 3.1918752733540869 50.750000000000007 -6.503973143413968 20.250000000000004 43.500000000000007 13.500000000000002 1.691529220779221 -1.866459305339554 -30.249999999999996 3.8500000000000001 0.47876319838701126 0.5699462365591399 -28.249999999999996 6.0790972222222228 46.250000000000007 2.824323908556051 7.2500000000000009 12.65 -30.749999999999996 21.500000000000004 1.0000000180025095e-35 74.250000000000014 68.250000000000014 -2.4533423808368027 -18.749999999999996 -15.749999999999998 71.500000000000014 5.0097693531283154 61.250000000000007 -0.21892104692605255 9.2500000000000018 53.750000000000007 31.500000000000004 4.8393055555555557
decision_type=2 2 2 2 2 2 2 2 2 2 2 2 2 2 2 2 2 2 2 2 2 2 2 2 2 2 2 2 2 2 2 2 2 2 2 2 2 2 2 2 2 2 2 2 2 2 2 2 10 2 2 2 2 2 2 2 2 2 2 2 2 2
left_child=2 4 7 8 20 15 12 27 11 14 41 32 26 47 -5 -4 -12 31 -8 -20 22 -22 50 29 -10 -14 54 -1 -29 -24 -18 51 -3 59 -21 -15 46 -38 39 55 -39 57 -43 45 -45 -13 -31 -9 61 -23 -2 -11 -40 -54 -6 -28 -57 -7 -59 -17 -61 -37
right_child=1 3 5 9 6 10 18 13 24 17 16 43 25 35 -16 33 30 -19 19 34 21 49 23 -25 -26 -27 38 28 -30 36 -32 -33 -34 -35 -36 48 37 40 52 -41 -42 42 -44 44 -46 -47 -48 -49 -50 -51 -52 -53 53 -55 -56 56 -58 58 -60 60 -62 -63
leaf_value=-0.24978685774581702 -0.11588610250335717 0.16513426284761279 -0.14866760076300192 0.26303267540168895 -0.02804601442783812 -0.060970779889275586 0.11941851183465187 -0.13987483290041985 0.22668159870746277 0.3110229569409757 0.028322987672855651 0.19784918583196154 0.058390907059451672 -0.18865034551772578 0.3695727295305673 -0.11901489052428449 0.048866268732830204 0.64174633951603266 0.19067556503448768 0.099946439981203256 0.32698926926250499 -0.16515483727813363 -0.1417533115504534 -0.31302441592167196 0.33357290525475369 0.13302621248633506 0.03170261490369413 -0.17626753107901308 -0.23184949703087132 0.062404942084879927 0.15759577286044146 0.51579034694319525 0.098974272326847038 -0.034200769171711283 0.38656806284389056 -0.083552616906059973 -0.14834067189769298 -0.099796281802679715 0.047133423925445575 0.33969348509192143 0.060943395925179222 0.23425177455125057 0.013964943071110961 0.23536650881027421 0.47178735996857679 0.076722774330676702 0.35695652480929946 -0.19668597039639624 -0.14948938292042857 0.10567234961657404 0.094311592859259663 0.42811706694390744 -0.28598096547624058 -0.0027350340203772631 0.243938708669589 0.050728246196716002 0.23865843411632526 -0.019282476766831234 0.10608808130364636 -0.044712084121915296 -0.19815473608050502 0.027872925594028555
leaf_weight=9349 6893 6593 7491 9136 7899 7524 4109 15658 4818 1657 14913 8026 10362 1957 5557 8829 3013 592 6494 270 377 400 998 265 3548 6529 5569 24913 14295 1499 3702 1560 12515 7963 1209 15338 958 936 819 363 2334 521 2257 2842 377 1364 202 6871 3395 430 362 3301 383 371 201 958 756 11550 1155 6287 752 1133
leaf_count=9349 6893 6593 7491 9136 7899 7524 4109 15658 4818 1657 14913 8026 10362 1957 5557 8829 3013 592 6494 270 377 400 998 265 3548 6529 5569 24913 14295 1499 3702 1560 12515 7963 1209 15338 958 936 819 363 2334 521 2257 2842 377 1364 202 6871 3395 430 362 3301 383 371 201 958 756 11550 1155 6287 752 1133
internal_value=0.000190463 0.144433 -0.105585 0.237799 0.0511548 -0.0279006 0.0860372 -0.169094 0.178231 0.347296 0.0167619 0.153478 0.0514115 -0.127815 0.303349 -0.0915447 0.0533205 0.438057 0.184067 0.217365 -0.0519984 0.0851984 -0.0634659 -0.0211694 0.272048 0.0872464 0.0164591 -0.206795 -0.196538 -0.00996059 0.108824 0.419461 0.121809 -0.0735833 0.334347 -0.0974638 0.0122436 -0.022101 0.0496052 0.0692487 0.0149171 -0.0176064 0.0553481 0.201455 0.263193 0.180264 0.0975732 -0.157209 -0.0884719 -0.0248885 -0.105386 0.389054 -0.0458607 -0.1468 -0.0212675 0.0557244 0.13371 -0.0276272 -0.0078777 -0.0933431 -0.0611307 -0.0758867
internal_weight=292698 123832 168866 61886 61946 75957 46292 92909 40083 21803 44635 31717 34210 44352 14693 31322 21628 7110 12082 7973 15654 1207 14447 7192 8366 16891 17319 48557 39208 6927 6715 6518 19108 23831 1479 21823 5929 4228 9219 7646 3270 23007 2778 12609 3219 9390 1701 22529 19866 830 7255 4958 1573 754 8100 7283 1714 20229 12705 15868 7039 16471
internal_count=292698 123832 168866 61886 61946 75957 46292 92909 40083 21803 44635 31717 34210 44352 14693 31322 21628 7110 12082 7973 15654 1207 14447 7192 8366 16891 17319 48557 39208 6927 6715 6518 19108 23831 1479 21823 5929 4228 9219 7646 3270 23007 2778 12609 3219 9390 1701 22529 19866 830 7255 4958 1573 754 8100 7283 1714 20229 12705 15868 7039 16471
is_linear=0
shrinkage=0.05


Tree=20
num_leaves=63
num_cat=0
split_feature=0 13 3 12 12 13 13 12 13 11 12 12 15 11 12 13 13 12 11 16 19 12 12 16 20 19 12 16 19 11 0 5 10 26 19 12 16 5 29 29 11 11 16 19 13 27 24 27 16 19 16 20 16 29 31 16 19 29 27 29 5 13
split_gain=1.60361e+06 420069 200792 192247 107630 81333.6 45429.1 36459.3 31174.5 27991.8 25975.6 21789.3 21787 21649.7 20119.2 19056.9 12723 11482.3 9403.04 9120.9 13291.7 9102.09 8300.97 8025.79 12428.7 7827.33 7621.17 7559.97 7501 7383.76 6964.77 6585.94 6418.03 6312.77 6263.81 6081.4 6015.83 5967.54 5751.74 7549.31 8544.17 5659.63 5444.73 7666.52 5356.73 5238.25 5060.26 5245.32 5018.58 7337.55 4848.02 4833.96 6453.06 4764.56 4720.58 4584.69 5109.59 4498.47 4443.24 6024.99 4420.9 4373.23
threshold=1800.5000000000002 -3.2499999999999996 3.5000000000000004 42.545902777777791 41.344930555555564 -16.249999999999996 -11.249999999999998 55.503125000000004 -19.249999999999996 9.4526388888888899 52.742083333333348 22.273263888888895 6.8803472222222242 4.240972222222223 32.001250000000006 -33.249999999999993 14.750000000000002 32.408402777777788 22.608888888888892 1.0000000180025095e-35 48.500000000000007 67.23819444444446 56.509027777777781 1.0000000180025095e-35 0.50500000000000012 45.500000000000007 22.050347222222225 1.0000000180025095e-35 45.500000000000007 2.5002777777777783 2376.5000000000005 -8.4999999999999982 12.500000000000002 1.1804585214007584 19.500000000000004 70.215277777777786 1.0000000180025095e-35 21.500000000000004 5.8500000000000005 7.9500000000000011 -8.3879166666666638 -8.9011111111111081 1.0000000180025095e-35 34.500000000000007 -37.749999999999993 0.52506983240223482 51.500000000000007 0.56104336043360448 1.0000000180025095e-35 49.500000000000007 1.0000000180025095e-35 0.69500000000000006 1.0000000180025095e-35 8.7500000000000018 2.7049835230832024 1.0000000180025095e-35 46.500000000000007 7.9500000000000011 0.51712409101571677 6.7500000000000009 16.500000000000004 24.750000000000004
decision_type=2 2 2 2 2 2 2 2 2 2 2 2 2 2 2 2 2 2 2 2 2 2 2 2 2 2 2 2 2 2 2 2 2 2 2 2 2 2 2 2 2 2 2 2 2 2 2 2 2 2 2 2 2 2 2 2 2 2 2 2 2 2
left_child=2 4 6 9 8 15 26 13 44 14 38 23 32 46 34 -6 35 33 27 20 -14 41 -17 24 -8 36 -1 28 -15 54 -11 -31 -4 51 -3 -9 -16 48 -7 40 45 -12 43 -34 -2 -40 47 55 49 -19 -41 -10 -53 -20 -13 56 -5 -56 -42 -60 -21 -32
right_child=1 3 12 7 5 10 11 16 17 30 21 29 19 18 25 22 -18 37 53 60 -22 -23 -24 -25 -26 -27 -28 -29 -30 31 61 -33 42 -35 -36 -37 -38 -39 39 50 58 -43 -44 -45 -46 -47 -48 -49 -50 -51 -52 52 -54 -55 57 -57 -58 -59 59 -61 -62 -63
leaf_value=-0.14484063622631124 -0.16246272265464901 0.15404229522538149 0.067901868086394881 0.33148532317423945 -0.066760727072359777 0.081704651450492702 -0.075418347516314987 0.35608415616383721 -0.056752708486371865 0.1763082840987823 0.16185210368058248 -0.052609988927316532 -0.073475536369906044 0.42023366205949841 0.2330748438012249 0.028293327756316274 0.54126818083379769 0.13753722936809532 0.61876938354302613 -0.15967063236226822 -0.16093266659886596 0.40275664765382591 0.12238270083795973 -0.08927157912614718 0.021531222955661261 0.12246850668262053 -0.087827194609107595 0.2646792885798907 0.30187623417263421 -0.0001588469792788482 0.26630784982073696 0.09491425484443794 -0.13748497576306659 0.089851257515450325 0.050657762383992271 0.552697348808039 0.14063677546125361 -0.1116860965789309 0.038527013657877418 0.15919636190608891 0.19375037196963529 0.25239817105479817 -0.22587573836995378 -0.20846734606666192 -0.069347775480939441 0.32305113543378244 0.11130708178729304 0.38178696524303279 0.017608936302044964 0.035733466526160163 0.071539391928454807 0.12300859061850651 -0.043260898180795114 0.33788781524492573 0.055975190830327759 0.1830620169097866 0.21697737131223588 -0.018863253903816431 0.22780291762974231 0.47510098251243627 -0.21494628302790383 0.45511010354810533
leaf_weight=11849 1794 1700 214 1493 4822 5783 7868 5794 8038 2589 2905 5303 7434 2195 3679 10818 1313 2860 378 13142 10462 717 2992 13377 5700 12045 11614 5356 3485 3701 2640 3586 5464 1061 10584 425 3388 630 814 3106 890 4283 18071 12590 11109 201 1001 536 7992 4644 3210 977 1446 259 3068 4205 2841 5807 511 481 5009 349
leaf_count=11849 1794 1700 214 1493 4822 5783 7868 5794 8038 2589 2905 5303 7434 2195 3679 10818 1313 2860 378 13142 10462 717 2992 13377 5700 12045 11614 5356 3485 3701 2640 3586 5464 1061 10584 425 3388 630 814 3106 890 4283 18071 12590 11109 201 1001 536 7992 4644 3210 977 1446 259 3068 4205 2841 5807 511 481 5009 349
internal_value=-3.03478e-05 0.115402 -0.118727 0.209054 0.0398076 0.0963799 -0.0595265 0.304761 -0.0181356 0.133254 0.15949 -0.031851 -0.177506 0.2719 0.11491 0.0188059 0.3996 0.0118139 0.318265 -0.149955 -0.124609 0.232835 0.0486856 -0.06179 -0.0346907 0.146999 -0.116624 0.307426 0.347681 0.0057326 0.236466 0.0466341 -0.204832 -0.0263047 0.0649767 0.369607 0.188785 0.0390494 0.120813 0.14535 0.212188 0.215832 -0.206449 -0.186994 -0.0823058 0.0951337 0.21816 0.229932 0.0451845 0.0745471 0.114665 -0.0380932 0.0238052 0.505273 -0.0152912 0.220357 0.256491 0.00701105 0.275234 0.34807 -0.174936 0.288498
internal_weight=292598 148339 144259 66255 82084 41533 71873 29281 40551 36974 22901 48410 72386 21749 31396 18632 7532 27648 11673 36047 17896 7905 13810 26945 13568 19112 23463 11036 5680 21465 5578 7287 36339 11522 12284 6219 7067 16126 14996 9213 2897 7188 36125 18054 12903 1015 10076 9075 15496 7504 6316 10461 2423 637 14178 8539 4334 8875 1882 992 18151 2989
internal_count=292598 148339 144259 66255 82084 41533 71873 29281 40551 36974 22901 48410 72386 21749 31396 18632 7532 27648 11673 36047 17896 7905 13810 26945 13568 19112 23463 11036 5680 21465 5578 7287 36339 11522 12284 6219 7067 16126 14996 9213 2897 7188 36125 18054 12903 1015 10076 9075 15496 7504 6316 10461 2423 637 14178 8539 4334 8875 1882 992 18151 2989
is_linear=0
shrinkage=0.05


Tree=21
num_leaves=63
num_cat=0
split_feature=0 13 12 12 12 13 13 12 13 12 12 11 13 13 13 0 12 25 12 29 12 5 12 16 19 13 13 7 12 13 5 11 13 7 19 12 16 19 6 27 29 11 24 9 8 29 29 16 20 29 10 13 29 29 10 29 16 19 13 19 13 17
split_gain=1.44804e+06 379786 178025 173578 92709.1 69328.1 44063.5 43754 27603.2 24739.7 21675.1 21119.9 18546.7 18071.8 16895.6 16766 10993.3 10357 8513.36 8298.03 8128.18 7914.79 7712.56 7592.58 11319.3 7556.55 7462.58 7958.76 7313.13 7063.81 6699.1 6641.32 6570.92 6373.31 6192.21 6127.21 5767.61 5671.65 5662.63 5507.13 5491.47 6042.67 5490.37 5335.96 5333.93 5249.36 7676.86 5241.23 7589.49 5221.9 5082.69 5032.7 5031.62 4954.89 6899.89 4723.97 4698.23 5205.21 4684.73 4571.11 4441.85 4309.85
threshold=1800.5000000000002 -3.2499999999999996 13.470972222222224 40.479722222222229 41.344930555555564 -16.249999999999996 -12.749999999999998 50.757291666666674 -12.749999999999998 20.457222222222228 60.170833333333341 8.1521527777777809 14.750000000000002 -33.249999999999993 7.2500000000000009 413.50000000000006 31.602638888888894 2.7961492125619407 32.408402777777788 5.8500000000000005 52.065833333333337 13.500000000000002 70.215277777777786 1.0000000180025095e-35 42.500000000000007 -2.2499999999999996 7.2500000000000009 -0.37491633199464519 49.501180555555564 -33.249999999999993 -15.499999999999998 0.62972222222222229 -32.749999999999993 -0.28924513184629069 27.500000000000004 25.671875000000004 1.0000000180025095e-35 61.500000000000007 -2.6497379242392962 0.41687604690117258 7.9500000000000011 -8.9011111111111081 62.500000000000007 6.5000000000000009 20.500000000000004 2.8500000000000001 3.3500000000000001 1.0000000180025095e-35 0.62500000000000011 12.750000000000002 13.500000000000002 6.2500000000000009 15.350000000000003 11.15 12.500000000000002 13.350000000000003 1.0000000180025095e-35 30.500000000000004 14.250000000000002 41.500000000000007 -7.2499999999999991 1.0000000180025095e-35
decision_type=2 2 2 2 2 2 2 2 2 2 2 2 2 2 2 2 2 2 2 2 2 2 2 2 2 2 2 2 2 2 2 2 2 2 2 2 2 2 2 2 2 2 2 2 2 2 2 2 2 2 2 2 2 2 2 2 2 2 2 2 2 2
left_child=2 4 15 11 8 13 29 14 17 31 19 16 21 -6 42 50 47 32 43 60 -15 22 25 24 -17 -9 -11 -28 40 -4 58 -8 -2 -33 -18 -31 37 -32 -27 -30 41 -21 44 -10 49 -22 -47 48 -3 53 -1 -40 -53 -5 -55 -51 57 61 -16 -13 -7 -52
right_child=1 3 6 7 5 10 9 12 18 26 -12 59 -14 20 30 23 34 -19 -20 28 45 -23 -24 -25 -26 38 27 -29 39 35 36 33 -34 -35 -36 -37 -38 -39 51 -41 -42 -43 -44 -45 -46 46 -48 -49 -50 55 56 52 -54 54 -56 -57 -58 -59 -60 -61 -62 -63
leaf_value=0.02888397534292432 -0.14198062510527334 0.052407236367898014 -0.17518995095423093 0.19807385724175047 -0.065615632388911424 0.055419805653706404 -0.097287324020238111 0.18868043539306284 -0.066812950256720779 -0.018182067008272875 0.27921546322739876 0.25973759594627577 0.47154657879742123 0.017014529792186109 -0.078254620719811707 -0.067964119980039747 0.18665318612944226 0.01376065685550777 0.056661142609667162 0.060468742039899485 -0.051641267289289208 0.62052291095256806 0.52622102611490251 -0.17038351061253701 -0.15292275057843704 0.25341519790168321 -0.010540701512123317 0.093168054020379323 0.45080806461817913 -0.1203614591267477 0.38897662477124811 -0.077919647479113424 -0.058302381896987068 -0.0030943856901483029 0.10734347146804631 -0.054601915756504374 0.25232359524615017 0.26673126648615225 0.30551809871201535 0.18867345559425949 0.092665843180503193 0.24179540868623295 0.054214355844769427 0.019522349812457145 0.41712138193148762 0.3905856216484207 0.097985452899392533 0.022789673842367998 0.17845829578525998 -0.09497769923119409 -0.26190542969292246 0.41020633702396253 0.17733352153591114 0.44197534958464291 0.13500605634770879 0.14717831792247946 -0.21680135717328386 -0.1961178253047266 0.23443796078216728 0.16824316783667595 0.1320283338843061 -0.11394526638256308
leaf_weight=248 2792 3811 4293 8720 4780 4319 12427 1236 2809 20651 2764 2061 2438 8586 201 5977 3090 4450 10970 656 542 214 411 17521 11408 2376 3771 3630 208 14412 2360 6386 14689 5133 12135 4700 3672 1607 3970 5208 4970 1539 677 4928 278 235 4530 5417 1739 240 564 2831 255 498 291 1232 16916 12302 294 4080 3370 3866
leaf_count=248 2792 3811 4293 8720 4780 4319 12427 1236 2809 20651 2764 2061 2438 8586 201 5977 3090 4450 10970 656 542 214 411 17521 11408 2376 3771 3630 208 14412 2360 6386 14689 5133 12135 4700 3672 1607 3970 5208 4970 1539 677 4928 278 235 4530 5417 1739 240 564 2831 255 498 291 1232 16916 12302 294 4080 3370 3866
internal_value=-0.000471581 0.10913 -0.113322 0.19836 0.0374653 0.0898334 -0.0602531 0.277584 -0.0162813 -0.0346085 0.147873 0.115532 0.346373 0.0182341 0.230507 -0.17148 0.0959582 -0.0543391 0.028336 0.129951 0.047086 0.319311 0.313437 -0.147147 -0.123719 0.305191 -0.00274346 0.0403315 0.154964 -0.117223 0.286099 -0.0719358 -0.0716745 -0.0445798 0.123451 -0.104194 0.297652 0.339536 0.320437 0.198822 0.121788 0.187656 0.192602 -0.0118272 0.200917 0.0957251 0.112495 0.0577834 0.0919283 0.195406 -0.196533 0.342966 0.391027 0.208977 0.329073 0.107659 -0.198195 -0.179373 0.107564 0.198987 0.0890092 -0.132837
internal_weight=292684 148479 144205 66134 82345 41707 75403 33801 40638 51998 23034 32333 13731 18673 20070 68802 26192 21931 18707 20270 13893 11293 11079 34906 17385 10668 28052 7401 12581 23405 8134 23946 17481 11519 15225 19112 7639 3967 9432 5416 7165 2195 11936 7737 11259 5307 4765 10967 5550 10981 33896 7056 3086 9509 789 1472 33648 16732 495 6141 7689 4430
internal_count=292684 148479 144205 66134 82345 41707 75403 33801 40638 51998 23034 32333 13731 18673 20070 68802 26192 21931 18707 20270 13893 11293 11079 34906 17385 10668 28052 7401 12581 23405 8134 23946 17481 11519 15225 19112 7639 3967 9432 5416 7165 2195 11936 7737 11259 5307 4765 10967 5550 10981 33896 7056 3086 9509 789 1472 33648 16732 495 6141 7689 4430
is_linear=0
shrinkage=0.05


Tree=22
num_leaves=63
num_cat=0
split_feature=12 11 12 12 12 11 11 11 12 12 0 0 5 11 12 8 11 14 11 12 12 11 7 7 11 5 5 12 12 12 19 11 11 14 11 31 29 11 27 11 7 11 5 14 29 29 28 14 20 12 24 8 27 14 14 8 14 2 11 31 29 28
split_gain=1.31712e+06 323008 154973 143804 104463 76657.1 43351.6 34668.7 33152.8 24402 17821.5 17305.7 16142.6 13090.5 12672.3 12273.9 11765.2 11715.4 10770.5 10667.4 10515.6 9845.02 9831.66 12978.5 8512.17 8114.54 7749.09 7671.55 7412.53 6800.95 6759.58 6322.99 6260.49 6521.1 6086.84 5961.91 6536.83 11703.6 5789.9 5745.12 6545.72 5533.69 5538.31 5367.24 5224.74 5888.44 5866.77 7307.11 5175.88 5143.98 4950.83 4672.27 4573.3 4558.12 4530.61 4486.15 5779.3 4337.93 4320.77 4620.9 8352.96 4228.79
threshold=27.38291666666667 -1.0231249999999998 11.737083333333334 41.840416666666677 41.135069444444447 -15.422569444444441 0.80965277777777855 -12.614444444444443 50.757291666666674 58.139444444444457 1242.5000000000002 2110.5000000000005 25.500000000000004 12.398888888888891 55.051388888888901 20.500000000000004 -8.7261805555555529 45.750000000000007 12.398888888888891 33.213958333333345 20.457222222222228 7.8409027777777789 -2.6458434613514821 3.1918752733540869 -27.796597222222221 -4.4999999999999991 10.500000000000002 67.23819444444446 49.201111111111125 67.23819444444446 38.500000000000007 -22.450694444444441 9.4526388888888899 47.250000000000007 -6.838819444444443 2.8193820740097943 7.9500000000000011 -6.9879166666666652 0.56677282377919325 -1.0000000180025095e-35 -0.080631616587384991 3.2627083333333338 -8.4999999999999982 69.750000000000014 10.050000000000002 9.5500000000000025 0.53972763347763364 61.250000000000007 0.65500000000000014 35.994513888888896 31.500000000000004 10.500000000000002 0.41192630898513255 53.750000000000007 44.750000000000007 20.500000000000004 64.750000000000014 1378.5000000000002 -5.5338194444444433 2.7241647754203036 7.7500000000000009 0.56679790026246735
decision_type=2 2 2 2 2 2 2 2 2 2 2 2 2 2 2 2 2 2 2 2 2 2 2 2 2 2 2 2 2 2 2 2 2 2 2 2 2 2 2 2 2 2 2 2 2 2 2 2 2 2 2 2 2 2 2 2 2 2 2 2 2 2
left_child=2 4 22 11 7 14 12 49 18 16 25 15 20 30 24 41 26 -15 55 58 -4 50 -1 39 -6 -8 38 -23 48 61 -13 -16 -12 -34 -22 -21 37 -37 44 -24 -41 -3 -43 -17 45 53 47 57 -18 -2 -10 -42 -30 -7 -32 56 -5 -46 -9 -60 -61 -11
right_child=1 3 6 8 5 9 10 19 21 29 32 13 -14 17 31 43 28 -19 -20 35 34 27 23 -25 -26 -27 -28 -29 52 -31 54 -33 33 -35 -36 36 -38 -39 -40 40 51 42 -44 -45 46 -47 -48 -49 -50 -51 -52 -53 -54 -55 -56 -57 -58 -59 59 60 -62 -63
leaf_value=-0.21521951252386506 -0.10517406503114671 0.013464087461486269 -0.10061178298390967 0.22058523946231992 -0.084896297435938212 0.0069253082753294812 -0.095352547087148173 -0.038049837636644331 0.32234028879816923 0.23465722312877155 0.013063127840095052 0.19002758143783208 -0.15178136113339807 0.52697168202188982 0.033391160295804703 0.22361939241145734 0.10375257624539963 0.21730638506906952 0.32269260829677332 0.0082525295589463369 -0.091229897181432179 0.37910281097264537 -0.16097974738059403 -0.20083769250291314 0.01005045930599505 -0.0072935923305050337 -0.02823750046850669 0.60949857838754429 0.42754280195010835 0.37777166537315143 0.045899040157688899 0.1501176433031115 0.381330916828999 0.075792799548073025 -0.035137721653251859 0.0059485942007733751 0.042309409671224762 0.19583381151924339 0.29980436146731682 -0.15150739789858869 0.10619831080681974 0.041830526978594032 0.13785305195382111 0.046077070224489418 0.029457962490155695 -0.16911227363161743 -0.085691352313546756 0.36190052480825086 0.18611443906510652 -0.040399236963639229 0.19895674408066888 -0.091485295387173815 0.18495603043919659 0.10868006112932466 0.13268501837249688 0.37610548691701018 0.1193939241070776 0.21079350553312204 -0.032760067582300094 0.1362116003799537 0.0015411244082535183 -0.0010984356044837745
leaf_weight=10278 7354 4427 24740 9834 3284 1606 6754 7483 5513 3539 14663 4777 8864 375 2943 1813 7633 1649 2691 6515 7131 4826 20978 14648 8388 4270 1386 393 200 865 1782 1915 218 866 15034 1291 7475 2184 346 7211 314 3188 2840 557 595 255 217 456 2546 5258 961 5913 6434 3497 9681 402 1652 740 3344 1641 3854 201
leaf_count=10278 7354 4427 24740 9834 3284 1606 6754 7483 5513 3539 14663 4777 8864 375 2943 1813 7633 1649 2691 6515 7131 4826 20978 14648 8388 4270 1386 393 200 865 1782 1915 218 866 15034 1291 7475 2184 346 7211 314 3188 2840 557 595 255 217 456 2546 5258 961 5913 6434 3497 9681 402 1652 740 3344 1641 3854 201
internal_value=0.000247774 0.103128 -0.109104 0.196525 0.0457955 0.0982955 -0.0647945 -0.00743751 0.282645 0.145268 -0.0124935 0.123743 -0.0899 0.155004 0.0115757 0.0792152 0.12641 0.274912 0.23231 0.0189687 -0.0782029 0.345378 -0.170732 -0.161409 -0.0166685 -0.0612478 0.0805944 0.396565 0.151196 0.251328 0.140043 0.0794256 0.0216397 0.137533 -0.0531872 0.0461274 0.0686593 0.125311 0.100155 -0.144622 -0.119076 0.0559159 0.0870854 0.18193 0.0907373 0.0649373 0.159514 0.189254 0.124369 -0.0781745 0.304059 -0.0815015 0.192333 0.0766638 0.119199 0.211825 0.206043 0.130056 -0.0100929 0.0135767 0.0417759 0.22199
internal_weight=292688 150806 141882 57361 93445 47046 82540 46399 26272 30516 26771 31089 55769 18264 16530 12825 25911 2024 14579 33787 46905 11693 59342 49064 11672 11024 9098 5219 16813 4605 16240 4858 15747 1084 22165 17465 10950 3475 7712 34416 13438 10455 6028 2370 7366 5358 2008 1791 10179 12612 6474 6227 6634 5103 11463 11888 11486 1335 16322 8839 5495 3740
internal_count=292688 150806 141882 57361 93445 47046 82540 46399 26272 30516 26771 31089 55769 18264 16530 12825 25911 2024 14579 33787 46905 11693 59342 49064 11672 11024 9098 5219 16813 4605 16240 4858 15747 1084 22165 17465 10950 3475 7712 34416 13438 10455 6028 2370 7366 5358 2008 1791 10179 12612 6474 6227 6634 5103 11463 11888 11486 1335 16322 8839 5495 3740
is_linear=0
shrinkage=0.05


Tree=23
num_leaves=63
num_cat=0
split_feature=12 13 12 12 13 13 12 11 13 12 12 13 12 13 14 12 12 14 12 26 13 1 13 14 13 13 13 31 7 16 31 11 31 16 14 16 13 14 31 14 28 13 28 13 7 5 7 13 13 28 13 14 28 8 11 14 14 28 16 28 13 31
split_gain=1.21058e+06 295486 200840 121026 64280.8 57341.3 44307.4 30028.9 25175.2 21412.9 19011.7 16392.6 15675.5 11813.2 10503.3 9939.11 9809.25 9609.16 9069.92 8965.25 8597.49 8591.52 8297.04 7789.11 9166.42 10432.1 9297.63 7646.94 7341.21 7289.71 7171.91 6948.34 6698.64 6600.57 6429.53 6223.23 6152.82 5819.74 6383.28 7217.32 7315.77 6809.58 6741.1 5670.57 6242.67 5668.42 5572.47 5863.19 5404.46 5366.15 5365.97 5359.5 7316.23 5310.54 5749.31 5369.45 5624.12 5204.27 5177.87 5161.33 5091.52 5023.95
threshold=30.800625000000007 -5.2499999999999991 15.248263888888891 47.813125000000007 -26.249999999999996 -2.2499999999999996 45.500486111111123 7.000208333333334 6.2500000000000009 9.4057638888888935 24.514236111111114 -19.249999999999996 40.015694444444456 -15.749999999999998 40.750000000000007 24.722361111111116 60.170833333333341 70.250000000000014 61.002291666666672 1.1535208122758196 -11.249999999999998 49.613505969735492 24.750000000000004 61.250000000000007 -42.749999999999993 -30.749999999999996 -28.249999999999996 1.691529220779221 -1.0960572639447379 1.0000000180025095e-35 0.28151780047459446 6.0790972222222228 4.2900045899632815 1.0000000180025095e-35 70.250000000000014 1.0000000180025095e-35 27.250000000000004 68.250000000000014 3.0211014010619928 61.250000000000007 0.43944219262690604 -7.2499999999999991 0.52280154486036856 21.750000000000004 0.076085808732996682 28.500000000000004 -2.3908712974190194 -6.7499999999999991 -37.749999999999993 0.51928389290267762 -37.749999999999993 72.250000000000014 0.52011560693641623 20.500000000000004 2.5976388888888895 64.750000000000014 58.250000000000007 0.51358735784965304 1.0000000180025095e-35 0.52395295467584635 -9.2499999999999982 3.0590067656045403
decision_type=2 2 2 2 2 2 2 2 2 2 2 2 2 2 2 2 2 2 2 2 2 2 2 2 2 2 2 2 2 2 2 2 2 2 2 2 2 2 2 2 2 2 2 2 2 2 2 2 2 2 2 2 2 2 2 2 2 2 2 2 2 2
left_child=2 4 9 7 19 11 14 12 18 33 28 50 -3 -8 -6 58 30 37 -5 -2 -16 -9 32 48 -25 34 -27 -19 -7 -11 -10 -30 -23 46 -26 -12 -24 38 41 40 -40 -15 -41 44 -32 -17 -1 -48 -21 -45 -4 -29 57 54 -14 56 59 -53 -13 -56 -39 -58
right_child=1 3 5 8 6 10 13 21 16 29 35 15 53 17 20 45 -18 27 -20 23 -22 22 36 24 25 26 -28 51 31 -31 43 -33 -34 -35 -36 -37 -38 60 39 42 -42 -43 -44 49 -46 -47 47 -49 -50 -51 -52 52 -54 -55 55 -57 61 -59 -60 -61 -62 -63
leaf_value=-0.19843879746010587 -0.081453738360630495 0.088894160161856417 -0.18494856571469032 0.21964460531485278 -0.23179894039660964 -0.10373978131254119 0.071101969726589248 0.15379624216133458 0.13104431908295464 -0.090682562698704353 0.085915427104962153 -0.04964633567028804 0.12533757981024649 0.052991312296453812 0.0061145593549534576 -0.016167113988224915 0.4478447799464047 0.039164026545803636 0.33578071493209727 -0.17372208733918684 0.061304158050663908 0.18958773116300007 0.62879192279319152 -0.11554152386933308 0.13385941945642651 -0.22874682280947178 0.1124187097091936 0.4695363823472663 -0.020936606040243833 -0.13964902801379994 0.29715267829990438 0.077437110514885346 0.29339395963834253 -0.18730350962845552 0.39400885629923177 0.022168423243521695 0.30066109692703025 0.10721580744720996 -0.15550365569294941 0.2951213064958636 0.14932347059156612 0.18775360057617316 0.098646675723494365 0.32189735414531095 0.44625769772983565 -0.18320048604277406 -0.16635205874205594 -0.1106903596775573 -0.015797693956573506 0.5693034816489918 -0.101803586030809 0.17567229215262667 0.0095002941999251297 0.30222032389711617 0.15286639345108255 0.058425788364262349 0.45363302926523885 0.42837452530611514 -0.10059176027989161 0.31863138014483011 -0.17344697025140554 0.22564957535797545
leaf_weight=4774 9538 19325 2285 9904 388 2325 7416 4121 461 15184 7714 9851 7435 3011 16468 14791 1987 327 2030 756 12347 4243 223 577 921 339 483 376 14734 15239 5183 2043 2463 24123 320 7602 406 383 206 1701 4088 1361 589 420 817 525 9282 9673 1906 471 12922 359 245 626 2577 621 411 477 10109 575 278 595
leaf_count=4774 9538 19325 2285 9904 388 2325 7416 4121 461 15184 7714 9851 7435 3011 16468 14791 1987 327 2030 756 12347 4243 223 577 921 339 483 376 14734 15239 5183 2043 2463 24123 320 7602 406 383 206 1701 4088 1361 589 420 817 525 9282 9673 1906 471 12922 359 245 626 2577 621 411 477 10109 575 278 595
internal_value=0.000390257 0.114376 -0.0902488 0.189809 0.0389018 -0.0369855 0.0660139 0.142119 0.287587 -0.14802 0.0127797 -0.0709137 0.117354 0.121749 0.0262811 -0.0522042 0.349097 0.149769 0.239426 -0.0524811 0.0297642 0.211635 0.244105 -0.000355433 0.0604881 0.109754 -0.0283879 0.257817 -0.0204951 -0.115214 0.322352 -0.00895336 0.227752 -0.168874 0.201204 0.0542785 0.417807 0.133156 0.141847 0.172953 0.134667 0.094976 0.244652 0.335129 0.317527 -0.0219043 -0.150131 -0.137954 -0.0606961 0.453173 -0.114308 0.306829 0.249854 0.160178 0.152874 0.195679 0.216159 0.320197 -0.0754521 0.183197 -0.0109076 0.31915
internal_weight=292930 129754 163176 64894 64860 84901 50020 43621 21273 78275 34418 50483 32165 20817 29203 35276 9339 13401 11934 14840 28815 11456 7335 5302 2640 2063 822 1784 19102 30423 7352 16777 6706 47852 1241 15316 629 11617 10956 6584 4294 4372 2290 6891 6000 15316 23729 18955 2662 891 15207 1457 1081 12840 12214 4779 4158 836 19960 3152 661 1006
internal_count=292930 129754 163176 64894 64860 84901 50020 43621 21273 78275 34418 50483 32165 20817 29203 35276 9339 13401 11934 14840 28815 11456 7335 5302 2640 2063 822 1784 19102 30423 7352 16777 6706 47852 1241 15316 629 11617 10956 6584 4294 4372 2290 6891 6000 15316 23729 18955 2662 891 15207 1457 1081 12840 12214 4779 4158 836 19960 3152 661 1006
is_linear=0
shrinkage=0.05


Tree=24
num_leaves=63
num_cat=0
split_feature=12 13 12 12 12 13 12 13 13 13 13 11 14 7 1 14 14 16 19 12 16 19 7 13 12 5 16 19 28 13 31 14 29 29 11 14 28 16 19 13 13 13 28 13 13 28 6 14 14 14 31 14 13 29 14 29 29 16 19 14 8 26
split_gain=1.0745e+06 279442 149551 124422 63434.8 41417.6 37004.8 36550.9 30502 18480.2 16950.7 15065.1 14432.7 12828.1 12749.7 11398.8 10440.8 9993.64 12397.3 9917.32 9070.65 16973.5 8660.96 8573.06 7966.69 7935.56 7095.01 14401.7 6961.81 6580.27 8725.43 12302 6534.87 8707.08 6533.96 6626.92 6119.02 6047.52 7852.33 5839.8 5811.63 5765.17 5578.17 5822.83 5535.46 6883.23 5388.49 5323.94 5672.55 5523.43 5041.04 5328.65 7631.7 7810.61 6512.82 6086.58 5257.26 4834.13 7607.1 4805.13 4765.81 4698.09
threshold=27.38291666666667 -4.7499999999999991 40.231180555555561 12.149166666666668 45.000347222222231 -23.749999999999996 50.757291666666674 -2.2499999999999996 -26.249999999999996 14.750000000000002 7.2500000000000009 11.807152777777778 58.250000000000007 1.1541104337714512 35.249112750510299 40.750000000000007 46.250000000000007 1.0000000180025095e-35 48.500000000000007 4.8818055555555562 1.0000000180025095e-35 43.500000000000007 0.15002679528403004 -20.749999999999996 60.170833333333341 -1.0000000180025095e-35 1.0000000180025095e-35 34.500000000000007 0.5143682906688688 -12.249999999999998 5.1306162521688847 59.750000000000007 2.9500000000000006 11.15 6.0790972222222228 46.250000000000007 0.52011560693641623 1.0000000180025095e-35 48.500000000000007 -26.249999999999996 -46.249999999999993 -20.749999999999996 0.49003311258278154 -7.2499999999999991 -18.249999999999996 0.51863425925925932 13.833609433151194 60.750000000000007 63.250000000000007 59.250000000000007 1.5867877358819389 62.250000000000007 24.750000000000004 9.1500000000000004 60.250000000000007 9.0500000000000025 9.6500000000000004 1.0000000180025095e-35 21.500000000000004 73.250000000000014 6.5000000000000009 1.1494602987875544
decision_type=2 2 2 2 2 2 2 2 2 2 2 2 2 2 2 2 2 2 2 2 2 2 2 2 2 2 2 2 2 2 2 2 2 2 2 2 2 2 2 2 2 2 2 2 2 2 2 2 2 2 2 2 2 2 2 2 2 2 2 2 2 2
left_child=3 4 11 19 8 40 10 13 -2 24 28 17 23 26 25 -10 -13 18 -3 -1 21 -17 29 -7 37 -9 27 -5 -4 30 -14 -32 -31 36 -16 -36 47 38 -8 -21 -6 -24 -35 -44 -33 -46 61 49 60 -34 -12 52 54 -54 56 -56 -52 58 -41 -43 -49 -22
right_child=1 2 6 7 5 12 9 14 15 -11 50 16 22 -15 34 20 -18 -19 -20 39 46 -23 41 -25 -26 -27 -28 -29 -30 32 31 44 33 42 35 -37 -38 -39 -40 57 -42 59 43 -45 45 -47 -48 48 -50 -51 51 -53 53 -55 55 -57 -58 -59 -60 -61 -62 -63
leaf_value=-0.17486012415750074 -0.088199787868674551 0.15815409683164616 0.12205459154249534 0.029755667061834551 -0.14511403606257625 -0.083590282497098184 0.36627326387231557 -0.081833954838068809 -0.20538211597221398 0.41852328401369487 0.16057644332595986 0.44310896042878034 0.093622882746865255 -0.13534360849623339 -0.0044253850237048753 0.11223312736202805 0.1622183713298091 0.051962975922672489 0.070412337207989645 -0.1985365187799164 -0.017011901831559751 0.0069161801182623418 0.27376188380007127 0.087444995906338321 0.33146051247011399 -0.0022789714808588144 -0.093217680861591184 -0.074593864002987828 0.19114919505752187 0.097856908390279287 -0.073479358524247973 0.51576523932680074 0.34041729705371243 -0.12486649291267811 0.20702739862336436 0.036647045232828614 0.15925374177408205 0.20240045883326685 0.23201840958605177 -0.028265864567842733 0.0036776646999818648 0.012837689520303836 0.31918669610406891 0.0087443675402836454 0.45233113665017299 0.11787150337966519 -0.08723510516540138 0.6094387111050138 0.3026326444545806 0.055466870737319957 0.2060221676463522 0.18464799232209639 0.63071107184963593 0.24523779223512474 0.55812799014664927 0.21520965300145606 0.32119305078437232 -0.14760067407619146 -0.12340844614692413 0.20918924218631366 0.30123762594472653 0.042148460813421711
leaf_weight=27215 9877 6891 6945 4338 715 812 1770 8832 600 2410 1398 388 3459 10218 15200 5554 2235 16553 9688 3228 12228 12290 315 7431 3528 4859 19397 13899 7695 969 232 287 328 213 713 2847 850 4616 2858 2499 7866 1868 318 287 255 388 2017 337 1411 353 2750 1608 310 231 347 209 1559 15592 13211 373 205 4624
leaf_count=27215 9877 6891 6945 4338 715 812 1770 8832 600 2410 1398 388 3459 10218 15200 5554 2235 16553 9688 3228 12228 12290 315 7431 3528 4859 19397 13899 7695 969 232 287 328 213 713 2847 850 4616 2858 2499 7866 1868 318 287 255 388 2017 337 1411 353 2750 1608 310 231 347 209 1559 15592 13211 373 205 4624
internal_value=-0.000289512 0.0928277 0.162099 -0.0989151 0.0257956 0.0836185 0.230841 -0.0578807 -0.010073 0.291463 0.190904 0.0885868 0.121918 -0.0856594 -0.0169172 0.0106096 0.203921 0.07945 0.106889 -0.152281 0.014145 0.0397009 0.1559 0.0705886 0.267456 -0.0536017 -0.0721664 -0.0497722 0.158382 0.177101 0.133493 0.251994 0.215299 0.241724 0.00985651 0.0708195 0.276189 0.242996 0.283433 -0.134481 -0.00873566 0.0738127 0.0947711 0.172176 0.333178 0.251007 -0.0100234 0.31385 0.355866 0.19301 0.247479 0.264775 0.28857 0.466875 0.26865 0.429843 0.247756 -0.127869 -0.108277 0.0455979 0.493638 -0.000777423
internal_weight=292499 150451 73989 142048 76462 29272 38234 80303 47190 15182 23052 35755 20691 47852 32451 37313 2623 33132 16579 61745 36713 17844 12448 8243 12772 13691 37634 18237 14640 9892 4621 1162 5271 4302 18760 3560 3484 9244 4628 34530 8581 2556 818 605 930 643 18869 2634 1953 681 8412 7014 5406 541 4865 556 4309 31302 15710 2241 542 16852
internal_count=292499 150451 73989 142048 76462 29272 38234 80303 47190 15182 23052 35755 20691 47852 32451 37313 2623 33132 16579 61745 36713 17844 12448 8243 12772 13691 37634 18237 14640 9892 4621 1162 5271 4302 18760 3560 3484 9244 4628 34530 8581 2556 818 605 930 643 18869 2634 1953 681 8412 7014 5406 541 4865 556 4309 31302 15710 2241 542 16852
is_linear=0
shrinkage=0.05


Tree=25
num_leaves=63
num_cat=0
split_feature=0 13 12 12 12 13 13 12 13 12 13 12 13 13 12 25 13 27 9 16 19 16 19 12 7 9 16 7 25 19 16 19 12 29 7 12 7 8 29 16 19 29 13 13 29 29 27 29 7 16 19 13 19 12 29 12 27 2 13 7 13 29
split_gain=971233 247705 118458 113222 68006.9 51337 32709.8 27097 19541.6 18813.6 17146 15628.5 14024.7 12824.7 10894 8685.06 8585.18 8229.12 8567.22 7784.72 10366.5 7193.84 10690.4 6932.74 6904.58 6841.75 6559.62 6547.66 7068.9 6326.51 6505.59 6287.38 5961.15 5767.9 5619.87 5537.54 5429.19 5348.66 5156.03 5135.93 5209.07 5098.93 6964.32 12957.9 5326.15 14706.9 5042.66 5001.35 4988.49 4952.03 6252.17 4920.26 4882.62 4701.31 4587.46 4499.11 4415.07 4328 4217.02 4117.06 4077.08 3988.93
threshold=1800.5000000000002 -3.2499999999999996 11.737083333333334 46.27812500000001 41.344930555555564 -16.249999999999996 -12.749999999999998 33.402708333333344 -22.249999999999996 20.457222222222228 14.750000000000002 53.500416666666673 7.2500000000000009 -33.249999999999993 56.000416666666673 2.7771613101645403 13.250000000000002 0.46579596698715225 14.500000000000002 1.0000000180025095e-35 35.500000000000007 1.0000000180025095e-35 49.500000000000007 58.139444444444457 -0.36371510689397218 8.5000000000000018 1.0000000180025095e-35 1.4049183632332194 3.0667067548606943 37.500000000000007 1.0000000180025095e-35 41.500000000000007 59.488611111111119 5.8500000000000005 0.47876319838701126 67.23819444444446 2.8513957045440068 12.500000000000002 3.9500000000000006 1.0000000180025095e-35 34.500000000000007 3.7500000000000004 -6.2499999999999991 -5.7499999999999991 6.7500000000000009 7.7500000000000009 0.44127789046653149 6.4500000000000011 0.41529024151770072 1.0000000180025095e-35 62.500000000000007 14.750000000000002 16.500000000000004 2.5045833333333323 16.650000000000002 70.215277777777786 0.52185857620640241 615.50000000000011 -3.7499999999999996 -3.1446330469080146 -32.749999999999993 2.8500000000000001
decision_type=2 2 2 2 2 2 2 2 2 2 2 2 2 2 2 2 2 2 2 2 2 2 2 2 2 2 2 2 2 2 2 2 2 2 2 2 2 2 2 2 2 2 2 2 2 2 2 2 2 2 2 2 2 2 2 2 2 2 2 2 2 2
left_child=2 4 19 7 8 13 27 16 60 21 14 25 29 -6 39 17 52 37 41 20 53 22 -8 61 51 33 31 28 -4 30 -9 -11 -12 -7 -17 46 59 -10 -30 40 -5 -19 54 -44 -45 -46 -13 56 -40 50 -26 -14 -3 -1 -43 -16 -35 -18 -47 -21 -2 -15
right_child=1 3 6 10 5 11 9 12 15 26 32 35 24 23 55 34 57 18 -20 36 -22 -23 -24 -25 49 -27 -28 -29 38 -31 -32 -33 -34 47 -36 -37 -38 -39 48 -41 -42 42 43 44 45 58 -48 -49 -50 -51 -52 -53 -54 -55 -56 -57 -58 -59 -60 -61 -62 -63
leaf_value=-0.13544523960736726 -0.11720463870123438 0.13144580401499625 -0.094181619608072434 0.32222021610014817 -0.055203644905386075 0.044186752229290194 0.01085198193428763 0.2213341344376375 -0.081087831273646285 0.068616678974641312 0.32181194467425556 0.37001681057556024 -0.011737757614043965 -0.063266894177928912 0.27951077568841692 0.07724660985417478 0.12357162895600436 -0.061135196373738189 0.13301541655345306 -0.19410175382916894 -0.14769159372005528 -0.085312943769077332 -0.073528660263187648 0.11702082281772713 0.28352550635848373 0.17854878882283551 -0.028546176000797313 -0.1440621124914099 -0.18454269531628362 0.098106507162202372 0.10540747287375414 -0.0029686987601697514 0.48096213090258683 0.15812129488123453 -0.053994242781191137 0.31809394416532349 -0.20066303723893264 -0.0030162347384724494 0.21587561804529104 0.17501937544211429 0.21420162549634481 0.005549527015392023 0.35504850122622528 -0.085231770321938405 0.48189763332215646 0.090412073583097538 0.16308303532772567 0.098515157595602171 -0.011538392393705455 0.16763207656631188 0.16921342766474284 0.16981580421034445 0.037998654397807703 -0.057291206056890434 -0.15851580379572366 0.45176817615971948 0.4220117759745603 0.33472506585722783 -0.12449637893836812 -0.1408599355577807 -0.05079529480014159 0.033439340340136313
leaf_weight=2857 3606 1581 18493 1481 4810 5220 6661 2526 4918 4496 2992 309 662 1189 5399 5434 2719 2570 1380 4600 20763 15181 8598 2389 3115 2307 13932 6575 229 12023 2329 9648 739 590 959 734 7769 3960 396 5918 4602 8702 396 580 207 711 6138 7488 614 4569 1952 854 12028 5899 447 410 217 266 335 17406 6442 10264
leaf_count=2857 3606 1581 18493 1481 4810 5220 6661 2526 4918 4496 2992 309 662 1189 5399 5434 2719 2570 1380 4600 20763 15181 8598 2389 3115 2307 13932 6575 229 12023 2329 9648 739 590 959 734 7769 3960 396 5918 4602 8702 396 580 207 711 6138 7488 614 4569 1952 854 12028 5899 447 410 217 266 335 17406 6442 10264
internal_value=2.40228e-05 0.0897767 -0.0924378 0.161806 0.031869 0.0767657 -0.0545364 0.116358 -0.0141419 -0.0337168 0.255945 0.126747 0.146337 0.0151215 0.235499 0.00572525 0.0657137 -0.00796498 0.0142221 -0.146656 -0.128448 -0.0609441 -0.0366957 0.0395613 0.189853 0.098971 -0.00419595 -0.100843 -0.0864356 0.117575 0.165756 0.0197896 0.353455 0.0853749 0.0575541 0.187924 -0.164702 -0.0462685 0.0291627 0.208252 0.240549 0.00246009 0.0168288 0.0960592 0.0399442 0.0979085 0.173057 0.111286 0.0777512 0.20546 0.23953 0.0905803 0.0488636 -0.0828047 -0.00248279 0.291744 0.229515 0.142494 0.0215307 -0.151998 -0.0746374 0.0233951
internal_weight=292584 148467 144117 66165 82302 41655 84823 44624 40647 58516 21541 23003 28030 18652 17810 30599 16594 24206 15328 59294 29519 30440 15259 13842 11152 15822 28076 26307 19732 16878 4855 14144 3731 13515 6393 7181 29775 8878 1239 12001 6083 13948 11378 2229 1833 1253 6447 8295 1010 9636 5067 1516 13609 8756 9149 5809 807 2985 1046 22006 10048 11453
internal_count=292584 148467 144117 66165 82302 41655 84823 44624 40647 58516 21541 23003 28030 18652 17810 30599 16594 24206 15328 59294 29519 30440 15259 13842 11152 15822 28076 26307 19732 16878 4855 14144 3731 13515 6393 7181 29775 8878 1239 12001 6083 13948 11378 2229 1833 1253 6447 8295 1010 9636 5067 1516 13609 8756 9149 5809 807 2985 1046 22006 10048 11453
is_linear=0
shrinkage=0.05


Tree=26
num_leaves=63
num_cat=0
split_feature=3 13 12 12 12 11 13 13 13 12 12 13 7 14 12 29 11 29 14 24 29 14 13 14 21 29 29 28 13 27 29 14 29 13 29 13 28 11 16 19 8 14 13 28 9 1 13 29 6 29 10 28 29 29 29 13 27 27 14 14 14 10
split_gain=877838 232488 132246 101019 41172.4 36751.9 27223.3 26613.5 25636.6 17470.5 15082.3 15066.2 13562 13520.2 11003.4 10741.1 10306.9 10026.5 9626.83 9780.22 9468.03 9382.84 10885.2 9113.29 8927.05 8633.03 8279.28 7857.52 11345.9 10597.1 10345.1 8246.63 7851.9 7848.2 7807.71 7587.7 7944.04 7583.65 7502.36 9575.74 7464.16 10733.8 7389.01 7457.72 7348.47 7270.86 6997.29 6841.17 6591.43 6416.91 7772.6 6359.3 6302.31 6258.15 9610.22 6134.84 6089.08 6056.39 6021.78 6945.28 6016.54 5984.32
threshold=2.5000000000000004 -7.2499999999999991 40.906180555555558 11.737083333333334 42.545902777777791 4.240972222222223 -23.749999999999996 -2.2499999999999996 9.7500000000000018 52.065833333333337 50.447361111111114 -26.249999999999996 -0.9904687135034127 53.750000000000007 19.257777777777779 12.750000000000002 0.87097222222222237 2.8500000000000001 53.750000000000007 87.500000000000014 4.8500000000000005 44.750000000000007 8.2500000000000018 78.250000000000014 -2.4999999999999996 4.0500000000000007 12.65 0.48011299435028254 9.2500000000000018 0.36177211646136626 11.15 49.750000000000007 0.65000000000000002 -11.249999999999998 7.7500000000000009 21.750000000000004 0.51714341692789978 4.5172222222222231 1.0000000180025095e-35 30.500000000000004 27.500000000000004 53.750000000000007 -13.749999999999998 0.51863425925925932 13.500000000000002 46.834815805196932 3.7500000000000004 3.8500000000000001 10.06197461851235 6.8500000000000005 18.500000000000004 0.5143682906688688 9.5500000000000025 1.4500000000000002 0.8500000000000002 -26.749999999999996 0.43250835104767699 0.59331346619482217 40.750000000000007 44.250000000000007 40.750000000000007 47.500000000000007
decision_type=2 2 2 2 2 2 2 2 2 2 2 2 2 2 2 2 2 2 2 2 2 2 2 2 10 2 2 2 2 2 2 2 2 2 2 2 2 2 2 2 2 2 2 2 2 2 2 2 2 2 2 2 2 2 2 2 2 2 2 2 2 2
left_child=1 4 8 38 11 9 -6 14 15 51 -7 -1 61 -8 55 16 20 53 19 24 25 22 56 26 -13 -3 57 31 29 -29 48 -23 -12 42 49 -34 -37 40 39 -2 -14 -42 43 -28 -26 -10 -33 -20 -31 -22 -51 -4 -46 54 -15 -5 -18 -19 -17 -60 -47 -9
right_child=3 2 5 7 6 10 13 12 45 -11 32 18 37 17 -16 58 21 23 47 -21 34 27 -24 -25 44 -27 33 28 -30 30 -32 46 35 -35 -36 36 -38 -39 -40 -41 41 -43 -44 -45 52 60 -48 -49 -50 50 -52 -53 -54 -55 -56 -57 -58 -59 59 -61 -62 -63
leaf_value=-0.088315545991465252 -0.072114735252277837 0.018172662359566948 0.095468610297137574 -0.16187888724323027 -0.012515933342761219 0.21194810313719717 0.0091959146050101265 -0.042449167295424993 0.10507980051335396 0.21771193246492052 0.11382615406416108 0.26898951951512384 -0.030926964535035413 -0.019634651211714867 -0.055379883226900607 -0.27330606801253898 -0.12029684681174005 0.099174829632646927 -0.051289949944342363 0.30402681484209521 0.077721355980297113 0.16725701730349907 -0.26705325420531473 0.42023641311994792 -0.058996995940822861 -0.13772916162874568 0.41120919449883814 0.46291195558048942 0.44725159663597447 0.088333766466369298 0.3249775813290805 -0.067770706213692258 0.29911273035364111 0.37896815820907559 0.026908476359817801 0.26201384723937604 0.57916487737833544 0.046583764909422919 -0.15714623232034322 -0.13798981840065347 -0.11704113025637652 0.096387580404358228 -0.097600736708623737 0.09645436855579978 -0.016229867280467623 0.4503014776504265 0.079261977585506058 0.044035683047065226 0.28205033175288757 0.33727621708629529 0.093353312462036861 0.15830112439746338 0.20052603257767362 -0.092889103169105786 0.33184112138033744 -0.091251671379001517 0.095667963954204904 0.33888408970501693 0.16348727173678274 -0.024260803072897321 0.17773868759902944 -0.14616320232442689
leaf_weight=7746 7353 3955 7477 3676 10186 9795 4216 3058 5279 8544 510 227 17933 603 26823 212 416 11288 2357 207 3490 1449 317 256 12416 1144 307 238 305 5442 581 1277 6803 551 5769 322 521 5774 29836 22133 754 2681 240 486 968 211 2205 9327 477 613 700 8745 512 907 286 18848 1502 269 560 4038 4753 2552
leaf_count=7746 7353 3955 7477 3676 10186 9795 4216 3058 5279 8544 510 227 17933 603 26823 212 416 11288 2357 207 3490 1449 317 256 12416 1144 307 238 305 5442 581 1277 6803 551 5769 322 521 5774 29836 22133 754 2681 240 486 968 211 2205 9327 477 613 700 8745 512 907 286 18848 1502 269 560 4038 4753 2552
internal_value=-0.000232645 0.0836031 0.136349 -0.0897498 0.0106301 0.199337 0.0536793 -0.0538274 0.0764631 0.15984 0.253817 -0.0271086 -0.0188833 0.088418 -0.0770192 0.0559378 0.0671003 0.1104 -0.00888073 -0.0363447 0.0391339 0.0979394 0.00389187 0.125271 -0.0413546 -0.0168253 0.119493 0.115492 0.149383 0.135835 0.12379 0.0670648 0.304068 0.226684 0.0661227 0.316741 0.458477 -0.00425441 -0.139463 -0.121565 -0.0179933 0.0495185 0.145168 0.218672 -0.0464433 0.145964 0.0253348 0.024803 0.10399 0.113208 0.207404 0.129348 0.0588407 -0.000536579 0.0936844 -0.102785 0.0487885 0.104783 -0.0134041 -0.001364 0.189413 -0.0896465
internal_weight=292426 151005 87650 141421 63355 42717 29595 82099 44933 24766 17951 33760 32752 19409 49347 34690 29880 15193 26014 14330 15671 14209 2235 13397 14123 5099 13141 11974 7043 6738 6500 4931 8156 1584 10572 7646 843 27142 59322 29486 21368 3435 1033 793 13896 10243 3482 11684 5919 4803 1313 16222 1480 1796 889 22524 1918 11557 4810 4598 4964 5610
internal_count=292426 151005 87650 141421 63355 42717 29595 82099 44933 24766 17951 33760 32752 19409 49347 34690 29880 15193 26014 14330 15671 14209 2235 13397 14123 5099 13141 11974 7043 6738 6500 4931 8156 1584 10572 7646 843 27142 59322 29486 21368 3435 1033 793 13896 10243 3482 11684 5919 4803 1313 16222 1480 1796 889 22524 1918 11557 4810 4598 4964 5610
is_linear=0
shrinkage=0.05


Tree=27
num_leaves=63
num_cat=0
split_feature=12 13 12 12 13 13 13 15 13 14 14 5 16 19 20 16 27 12 7 6 13 13 14 13 25 9 13 28 13 12 16 19 7 13 16 19 13 22 31 31 6 14 31 13 14 14 13 13 31 7 14 14 8 25 28 13 31 31 28 14 0 14
split_gain=815079 194196 151937 84236.3 43592.6 30673.1 29783.6 24174.3 21356.1 19252.3 13580.2 14060.2 13414.1 22075.1 12922.3 12258.6 9860.54 9753.81 9432.19 8962.06 8923.76 7536.36 6885.61 6912.76 7185.52 6791.45 6778.94 7672.61 6688.09 6687.42 6585.18 10415.3 6511.18 8906.78 6483.62 6920.97 6457.21 6494.3 6393.71 5694.15 6808.23 5808.44 11709.7 7127.67 5542.67 8545.91 5459.13 10372.4 6478.8 5780.61 5449.37 5565.16 5420.23 5220.98 5198.72 5186.74 5167.03 9269.42 6610.3 5428.08 5124.52 5049.74
threshold=31.804652777777783 -11.749999999999998 18.292777777777783 47.53819444444445 -11.249999999999998 6.2500000000000009 7.2500000000000009 10.346944444444446 -33.249999999999993 78.250000000000014 54.750000000000007 14.500000000000002 1.0000000180025095e-35 39.500000000000007 0.72500000000000009 1.0000000180025095e-35 0.58542904081890568 60.170833333333341 -0.36371510689397218 10.933739822285576 -18.749999999999996 29.750000000000004 61.750000000000007 -42.749999999999993 3.0667067548606943 13.500000000000002 -2.2499999999999996 0.52733499377335002 12.750000000000002 24.722361111111116 1.0000000180025095e-35 39.500000000000007 -3.519921989832866 -6.2499999999999991 1.0000000180025095e-35 46.500000000000007 -23.749999999999996 1.5000000000000002 5.6382486524661504 0.28151780047459446 -2.370800376032228 57.750000000000007 2.7428419237012993 8.7500000000000018 47.750000000000007 48.250000000000007 24.750000000000004 26.750000000000004 4.4075980392156877 -0.18804567765763083 48.250000000000007 50.750000000000007 19.500000000000004 3.1859316592238227 0.5143682906688688 -22.249999999999996 2.8404439293945112 3.5700236176715761 0.49184758529020828 60.250000000000007 1848.5000000000002 72.750000000000014
decision_type=2 2 2 2 2 2 2 2 2 2 2 2 2 2 2 2 2 2 2 2 2 2 2 2 2 2 2 2 2 2 2 2 2 2 2 2 2 10 2 2 2 2 2 2 2 2 2 2 2 2 2 2 2 2 2 2 2 2 2 2 2 2
left_child=2 8 7 6 25 17 14 32 22 10 44 16 13 60 26 -16 36 34 28 30 -13 39 -2 -24 -25 -4 50 61 -8 -14 31 -9 -1 -34 35 -5 38 -38 -12 -7 -41 43 -43 -42 55 -46 48 -48 52 -50 -3 -52 -20 -27 -44 -10 -53 58 59 -58 -6 -28
right_child=1 3 4 5 12 21 18 19 9 -11 11 20 29 -15 15 -17 -18 -19 46 -21 -22 -23 23 24 -26 53 27 -29 -30 -31 -32 -33 33 -35 -36 -37 37 -39 -40 40 41 42 54 -45 45 -47 47 -49 49 -51 51 56 -54 -55 -56 -57 57 -59 -60 -61 -62 -63
leaf_value=-0.1788871773616216 -0.11013819213291771 -0.0081504782871098351 -0.089536406551497971 0.25477833312420611 0.076242419824567295 0.12728927597185655 -0.056889875228257697 0.0058902013765618905 -0.08158182304162323 0.36828380230500707 0.032121538252608196 0.0060854536150417356 -0.047383226259142416 0.0017207187984042806 0.20270038498412377 0.076884272172248733 0.29212187753768498 0.24604628258966077 0.13617414616474099 -0.1347960337343812 -0.16968737199809847 0.54927656622890098 -0.11088976575652275 -0.002807467040474655 0.23738734995337532 -0.038581568736087299 0.08222588351552608 0.17612238092064705 0.13055865560555913 0.004127749630913744 -0.095937575488239724 -0.079146019308687768 -0.15139174250335008 -0.10672113209318941 0.12547544627212659 0.15609340659669305 -0.091786587910684336 0.084049254382244101 -0.12707962008392659 0.2236198622987963 0.092614720208846965 0.48985037694932415 0.20690374233650266 0.30485706203361107 -0.24514435267225437 -0.030544788575099374 0.59843413239078858 0.19852431575008553 0.099752968950756915 0.25598353064442392 0.14550706634798866 0.010114029141039732 0.31984311673380994 0.1902808214243179 0.35413639147248127 0.073298658422767671 0.18832351247607559 0.04495530562854811 0.08656229784161204 0.46268081356537927 0.16474568790155758 -0.13658386045411505
leaf_weight=7719 4252 3547 18008 2667 5783 606 700 5349 709 403 4479 2288 11190 17951 3875 3872 454 3812 6961 7398 1054 259 1147 1646 383 6006 11494 2353 1482 14419 16777 11016 22404 22263 8098 5350 549 11699 733 2907 531 1129 1001 1563 491 8139 223 594 731 3155 1717 4997 426 259 1517 2265 539 5756 954 272 2282 269
leaf_count=7719 4252 3547 18008 2667 5783 606 700 5349 709 403 4479 2288 11190 17951 3875 3872 454 3812 6961 7398 1054 259 1147 1646 383 6006 11494 2353 1482 14419 16777 11016 22404 22263 8098 5350 549 11699 733 2907 531 1129 1001 1563 491 8139 223 594 731 3155 1717 4997 426 259 1517 2265 539 5756 954 272 2282 269
internal_value=0.00033832 0.0976469 -0.0711619 0.141356 -0.0186761 0.209377 0.104211 -0.114029 0.00810658 0.0252242 0.0210058 0.0447545 0.00730731 0.0325937 0.0819108 0.139835 0.0623186 0.174097 0.166148 -0.0850358 -0.049384 0.283252 -0.0685404 -0.0128324 0.042627 -0.073937 0.067839 0.0937098 0.0704254 -0.0183812 -0.0739245 -0.0513528 -0.136465 -0.12913 0.157063 0.18895 0.0563268 0.0761608 0.00971188 0.275748 0.286135 0.317746 0.355929 0.251106 -0.0224967 -0.0427813 0.183417 0.308278 0.174341 0.226628 0.0472977 0.0611135 0.146808 -0.0290914 0.295711 0.0363602 0.0495272 0.0757088 0.175919 0.280796 0.101302 0.0772109
internal_weight=292872 124048 168824 83357 75898 29440 53917 92926 40691 33263 32860 21256 51625 26016 39645 7747 17914 19927 14272 40540 3342 9513 7428 3176 2029 24273 31898 14116 2182 25609 33142 16365 52386 44667 16115 8017 17460 12248 5212 9254 8648 5741 3647 2094 11604 8630 12090 817 11273 3886 17782 14235 7387 6265 2518 2974 12518 7521 1765 811 8065 11763
internal_count=292872 124048 168824 83357 75898 29440 53917 92926 40691 33263 32860 21256 51625 26016 39645 7747 17914 19927 14272 40540 3342 9513 7428 3176 2029 24273 31898 14116 2182 25609 33142 16365 52386 44667 16115 8017 17460 12248 5212 9254 8648 5741 3647 2094 11604 8630 12090 817 11273 3886 17782 14235 7387 6265 2518 2974 12518 7521 1765 811 8065 11763
is_linear=0
shrinkage=0.05


Tree=28
num_leaves=63
num_cat=0
split_feature=3 13 12 3 12 13 13 13 13 12 14 16 20 12 12 12 13 16 20 14 8 14 13 14 9 11 14 8 13 13 14 14 30 31 14 14 6 14 12 25 16 20 13 6 26 27 16 14 13 20 26 14 11 11 7 24 14 14 14 5 6 7
split_gain=737993 199656 87980.9 82834.1 49643.9 33198.2 22907 21740.5 16216.4 15673.2 11148 10613.5 14889.7 10555.5 10497.8 9113.02 8551.97 8447.52 9928.38 7612.23 7359.78 8532.84 7318.79 7709.75 7041.81 8103.01 7005.42 9890.87 6960.63 6653.21 7909.99 6617.47 6546.69 7693.45 10942 6191.95 6069.95 5797.27 11947.7 5629.35 5543.86 8786.27 5443.93 5288.63 5033 4972.34 4956.84 4940.08 5737.18 4883.4 4803.42 4770.12 11819.6 6608.85 4677.8 4609.7 6704.84 8025 7684.25 4553.43 4284.09 4180.55
threshold=2.5000000000000004 -3.2499999999999996 43.766597222222224 3.5000000000000004 45.000347222222231 -15.749999999999998 -19.249999999999996 -2.2499999999999996 14.750000000000002 33.402708333333344 40.750000000000007 1.0000000180025095e-35 0.55500000000000016 55.503125000000004 5.1337500000000027 60.170833333333341 -33.249999999999993 1.0000000180025095e-35 0.48500000000000004 42.750000000000007 27.500000000000004 53.750000000000007 -26.249999999999996 56.750000000000007 45.500000000000007 4.5172222222222231 69.250000000000014 20.500000000000004 -26.749999999999996 13.250000000000002 42.750000000000007 76.250000000000014 1.0000000180025095e-35 1.7379946784657241 60.750000000000007 45.250000000000007 6.8156172769258605 69.250000000000014 70.215277777777786 2.9183057920591149 1.0000000180025095e-35 0.68500000000000016 -32.749999999999993 -4.8875550574287603 1.2299608754480913 0.41687604690117258 1.0000000180025095e-35 61.750000000000007 -42.749999999999993 0.80500000000000016 1.087955181924211 66.750000000000014 1.6723611111111121 2.1752083333333343 -0.14390954679710649 102.50000000000001 71.750000000000014 73.750000000000014 70.750000000000014 -10.499999999999998 19.91875860624997 0.67510551248645168
decision_type=2 2 2 2 2 2 2 2 2 2 2 2 2 2 2 2 2 2 2 2 2 2 2 2 2 2 2 2 2 2 2 2 2 2 2 2 2 2 2 2 2 2 2 2 2 2 2 2 2 2 2 2 2 2 2 2 2 2 2 2 2 2
left_child=1 4 9 7 6 16 19 22 13 29 -8 12 39 26 -5 45 47 18 -11 -1 24 -22 -2 44 25 -9 27 46 -16 35 -31 55 33 34 -10 59 37 51 -39 -12 41 -30 -21 -37 -24 -7 49 -6 -49 -4 -44 53 -53 -15 -35 56 58 -58 -18 -3 -25 -13
right_child=3 2 8 14 5 15 10 20 32 17 11 61 -14 36 28 -17 31 -19 -20 42 21 -23 23 60 -26 -27 -28 -29 40 30 -32 -33 -34 54 -36 43 -38 38 -40 -41 -42 -43 50 -45 -46 -47 -48 48 -50 -51 -52 52 -54 -55 -56 -57 57 -59 -60 -61 -62 -63
leaf_value=-0.24108268359886656 -0.11105260966597563 -0.15090954137666046 0.1896850165784687 -0.14295183488335189 -0.10015285477013543 0.24946030212555037 -0.13744117744915671 -0.031128187556794296 0.27190894260731613 0.10926962479550018 0.0042152078618017457 0.00048100767576028972 0.11805463561031969 0.13665590874796499 -0.16303227423161551 0.20625536322844901 0.034743798651138323 0.091181503164515357 0.20185164751524109 -0.092207401962762781 -0.080939908886552697 0.11932761742718692 -0.083618453908440568 -0.022791091387317809 -0.20951607077835202 0.033356069667431994 0.053589848860186376 0.50164348063129593 -0.097400725092928089 0.40620733929467412 0.10243384200769996 0.29712602127133964 0.072565079879314598 0.17876569438365617 0.72861084647622765 0.016287060521731102 0.46364921406443638 0.078853504779693037 0.3886282067171089 0.11099760881661265 -0.11594507694073895 -0.0196410476971026 -0.05361190292596011 0.088532088394309566 0.031147889674279269 0.10008319718736665 0.1469688862784658 -0.10045839588415657 0.07849669088485367 0.31166066843735735 0.012991589214791589 0.68092347817390642 0.25666367498321696 0.28818556648156368 0.31710881422713222 0.27301091844311659 -0.27751757068752919 0.088420433313475821 0.31550314862132073 0.010141231130669217 -0.13017336173388219 -0.13516958895809381
leaf_weight=520 7327 519 6353 28400 1949 580 1113 17838 274 6298 9570 16678 5618 1029 4481 2697 9720 11280 5368 4704 713 2086 17793 14389 466 6701 1151 237 14955 230 2995 248 302 777 254 3937 314 1222 417 1416 19835 4799 7138 7106 1009 13846 7196 707 1218 945 4360 230 576 2415 2943 201 365 253 249 2813 992 587
leaf_count=520 7327 519 6353 28400 1949 580 1113 17838 274 6298 9570 16678 5618 1029 4481 2697 9720 11280 5368 4704 713 2086 17793 14389 466 6701 1151 237 14955 230 2995 248 302 777 254 3937 314 1222 417 1416 19835 4799 7138 7106 1009 13846 7196 707 1218 945 4360 230 576 2415 2943 201 365 253 249 2813 992 587
internal_value=4.42266e-05 0.0769971 0.141203 -0.0818661 0.025485 0.074395 -0.00481789 -0.0427874 0.211799 0.0948227 0.018192 0.0233103 0.0518504 0.194073 -0.119242 0.121891 0.0198447 0.122049 0.151884 -0.0529522 -0.0085719 0.068302 -0.0657047 -0.0559816 -0.0171794 -0.0135185 0.172445 0.181728 -0.10396 0.059322 0.124218 0.0422796 0.297782 0.313772 0.492572 0.0447552 0.249409 0.237909 0.157856 0.0179874 -0.0972692 -0.0785119 -0.0468996 0.0627794 -0.0774582 0.106106 0.176463 -0.0440607 0.0127533 0.20552 -0.0283572 0.268737 0.378424 0.242964 0.288269 0.0363941 0.0318764 -0.127807 0.0417874 -0.0149822 -0.0297247 -0.0041386
internal_weight=292702 150918 67181 141784 83737 32033 51704 69314 26635 40546 34982 33869 16604 22085 72470 17123 14910 22946 11666 16722 27804 2799 41510 34183 25005 24539 15882 14731 44070 17600 3225 11036 4550 4248 528 14375 6203 5889 1639 10986 39589 19754 16202 11043 18802 14426 14494 3874 1925 7298 11498 4250 806 3444 3720 10788 10587 618 9969 3332 15381 17265
internal_count=292702 150918 67181 141784 83737 32033 51704 69314 26635 40546 34982 33869 16604 22085 72470 17123 14910 22946 11666 16722 27804 2799 41510 34183 25005 24539 15882 14731 44070 17600 3225 11036 4550 4248 528 14375 6203 5889 1639 10986 39589 19754 16202 11043 18802 14426 14494 3874 1925 7298 11498 4250 806 3444 3720 10788 10587 618 9969 3332 15381 17265
is_linear=0
shrinkage=0.05


Tree=29
num_leaves=63
num_cat=0
split_feature=12 13 12 12 13 11 13 2 14 13 14 13 11 5 14 27 0 13 13 29 27 13 19 9 14 13 19 14 27 29 27 27 29 29 9 13 29 10 31 14 22 29 29 29 29 13 27 29 13 7 7 7 28 13 27 31 31 13 29 13 6 11
split_gain=663556 160371 121327 72577.4 35918.3 30458.3 23004 20527.5 17267.1 15806.6 10328.1 9913.45 9492.61 9367.91 11726.4 9853.39 9321.18 9145 8434.97 7909.12 7960.06 7856.42 7616.64 7523.08 7511.92 7418.82 6906.51 6839.43 6649.72 6615.88 6412.09 6308.88 8503.32 6263.58 6152.21 6111.89 8508.25 5883.34 5840.04 5687.89 5470.2 5439.86 10580 7816.42 7791.51 5424.51 10379.7 5382.67 6321.35 5323.95 5932.74 5250.33 5181.64 7248.1 5637.03 5775.51 7002.34 6226.31 6163.16 5385.6 5384.12 5156.26
threshold=31.804652777777783 -11.749999999999998 18.292777777777783 49.201111111111125 -3.2499999999999996 2.5976388888888895 6.2500000000000009 623.50000000000011 79.250000000000014 -26.249999999999996 64.750000000000014 24.250000000000004 0.47555555555555534 14.500000000000002 54.750000000000007 0.58542904081890568 1575.5000000000002 6.2500000000000009 -19.249999999999996 3.7500000000000004 0.54180107526881727 -18.749999999999996 29.500000000000004 11.500000000000002 58.250000000000007 24.250000000000004 33.500000000000007 75.250000000000014 0.40407499654075002 1.1500000000000001 0.40750805152979069 0.51734161988773064 5.3500000000000005 9.3500000000000032 8.5000000000000018 3.2500000000000004 1.0000000180025095e-35 11.500000000000002 2.4750326614408364 70.250000000000014 1.5000000000000002 0.65000000000000002 1.2500000000000002 2.8500000000000001 3.2500000000000004 27.250000000000004 0.51003355704697995 11.750000000000002 22.250000000000004 -3.519921989832866 4.4769695282554238 -1.866459305339554 0.48657657657657666 -1.7499999999999998 0.47566895571868345 6.0045903010033461 2.7600200228832961 -6.2499999999999991 7.4500000000000011 -1.7499999999999998 6.5823205938272418 -1.0231249999999998
decision_type=2 2 2 2 2 2 2 2 2 2 2 2 2 2 2 2 2 2 2 2 2 2 2 2 2 2 2 2 2 2 2 2 2 2 2 2 2 2 2 2 10 2 2 2 2 2 2 2 2 2 2 2 2 2 2 2 2 2 2 2 2 2
left_child=2 8 7 5 18 22 24 37 9 33 11 26 -9 14 23 40 -6 -12 -4 -20 -21 -15 -3 28 29 -18 -7 34 -11 -5 -26 -32 35 -2 47 36 -33 -1 -19 -34 -16 -42 -43 -44 -45 46 -13 48 -8 -39 -51 -14 54 -54 -24 56 -56 -58 59 -59 -55 -31
right_child=1 3 4 6 16 10 27 12 -10 13 17 45 51 21 15 -17 25 38 19 20 -22 -23 52 -25 30 -27 -28 -29 -30 61 31 32 39 -35 -36 -37 -38 49 -40 -41 41 42 43 44 -46 -47 -48 -49 -50 50 -52 -53 53 60 55 -57 57 58 -60 -61 -62 -63
leaf_value=0.13485380328229984 -0.018404548835844931 0.11269684142958535 -0.081079119612775141 -0.096787163532199752 -0.014912260951788875 0.1995457860366647 0.27467479618187224 -0.094755405974717169 0.39664509538131776 -0.20122671343746684 -0.15886605413654284 0.6336100992973378 -0.12686173437336584 0.019315771772317969 -0.087423638533800849 0.30744946947716195 0.03442721527269875 0.18090507372342923 -0.089798190103099418 -0.030337608367692101 0.068093457668166366 -0.14563167619373268 -0.032306162549854751 0.20610295545479973 0.42580960875547913 0.20145060626366354 0.12901614444425585 0.47697896595531586 -0.0068046447668626206 0.093205206206743219 0.13453308836942537 0.30155310858461648 0.22329706422924264 -0.093416627537388247 0.1402395083438682 0.32327387240536587 0.062076954231359331 -0.16435175930372264 0.039742929146796335 0.35904613198717078 -0.16768147872632694 0.40242637043070595 -0.088649980403276998 0.27728165771812202 0.065250747069564283 0.2038602038184677 0.17103111166424223 0.17717259245700784 0.43235262662005286 -0.10759098435886104 -0.15108329089200953 -0.035534828633658165 0.051609617492012871 0.10171314973934667 0.0083983343229943243 -0.064679417489116181 0.03723177031171105 0.41752752697923123 0.11077603484395376 0.12718308293683964 0.25007950016339436 0.20012949289731896
leaf_weight=216 10326 7284 13546 340 12117 4577 4856 29204 281 464 412 266 1780 1542 616 407 21617 1154 5026 20639 2280 1356 2888 393 277 685 14427 375 8116 3194 4278 464 3333 3809 971 395 1837 7700 2006 1009 246 233 795 449 11743 675 224 1168 735 29977 10631 13540 12384 4087 2771 947 1486 386 1346 274 719 1745
leaf_count=216 10326 7284 13546 340 12117 4577 4856 29204 281 464 412 266 1780 1542 616 407 21617 1154 5026 20639 2280 1356 2888 393 277 685 14427 375 8116 3194 4278 464 3333 3809 971 395 1837 7700 2006 1009 246 233 795 449 11743 675 224 1168 735 29977 10631 13540 12384 4087 2771 947 1486 386 1346 274 719 1745
internal_value=0.000190751 0.0879955 -0.0642845 0.12777 -0.0173744 0.0972209 0.199086 -0.102554 0.00674942 0.00403416 0.140828 0.154707 -0.0780337 0.026909 0.0373851 0.0652012 0.0203874 0.0624399 -0.0486995 -0.0330016 -0.0205431 -0.0578882 0.0672725 -0.00753278 0.165809 0.0395661 0.146012 0.268329 -0.0173411 0.116328 0.188329 0.182479 0.211599 -0.0386235 0.258147 0.141763 0.110478 -0.125051 0.0913348 0.254918 0.0581784 0.0648449 0.0691842 0.0631749 0.0730814 0.296282 0.422924 0.275062 0.295477 -0.126216 -0.118981 -0.0461535 0.0551436 0.0718426 0.0267125 0.0503538 0.0677551 0.11484 0.172284 0.297365 0.123957 0.131016
internal_weight=293024 124066 168958 83290 75910 58313 24977 93048 40776 40495 23741 20169 44524 26360 23462 14489 34419 3572 41491 27945 22919 2898 34572 8973 16872 22302 19004 8105 8580 5279 11593 11316 7038 14135 7730 2696 2301 48524 3160 4342 14082 13466 13220 12987 12192 1165 490 6759 5591 48308 40608 15320 27288 17190 10098 7210 6263 3492 2006 660 4806 4939
internal_count=293024 124066 168958 83290 75910 58313 24977 93048 40776 40495 23741 20169 44524 26360 23462 14489 34419 3572 41491 27945 22919 2898 34572 8973 16872 22302 19004 8105 8580 5279 11593 11316 7038 14135 7730 2696 2301 48524 3160 4342 14082 13466 13220 12987 12192 1165 490 6759 5591 48308 40608 15320 27288 17190 10098 7210 6263 3492 2006 660 4806 4939
is_linear=0
shrinkage=0.05


Tree=30
num_leaves=63
num_cat=0
split_feature=12 13 12 12 11 12 13 11 12 12 13 16 20 13 5 31 29 25 27 16 20 11 14 14 13 8 5 31 14 27 16 20 29 13 7 13 14 14 8 13 29 29 29 14 14 31 14 5 8 14 29 14 14 13 11 13 28 14 26 9 13 29
split_gain=597373 156699 112690 54836.8 35840.3 22486.4 18649.8 17006 15319.6 11985.6 11893.1 10302.5 13647.5 10080.1 8540.89 7543.31 13580.2 7533.32 7167.28 6939.22 9245.61 6660.22 6533.45 6358.51 8437.29 6118.9 6013.88 5901.27 8441.78 5852.39 5741.91 8035.94 5641.56 6660.23 5582.38 9130.89 5544.53 5405.63 5147.34 5135.87 5126.88 5099.03 6701.72 6389.71 12940.1 6950.84 6724.83 6042.47 5259.77 4950.55 4942.4 4918.81 5658.19 6245.16 5012.12 4888.38 4849.94 4802.27 4760.9 4550.49 4437.17 6260.35
threshold=25.671875000000004 -11.249999999999998 39.570694444444449 11.250208333333335 4.240972222222223 45.500486111111123 -13.249999999999998 2.7654166666666673 52.065833333333337 48.937638888888898 -26.249999999999996 1.0000000180025095e-35 0.60500000000000009 -32.749999999999993 -22.499999999999996 2.7600200228832961 7.9500000000000011 2.7014933254980069 0.35469208211143705 1.0000000180025095e-35 0.52500000000000013 15.902569444444447 56.750000000000007 52.250000000000007 -9.7499999999999982 13.500000000000002 4.5000000000000009 3.7776543887147338 74.250000000000014 0.5699462365591399 1.0000000180025095e-35 0.47500000000000003 12.850000000000003 21.750000000000004 -2.6458434613514821 -1.7499999999999998 72.250000000000014 70.750000000000014 16.500000000000004 3.7500000000000004 13.750000000000002 8.6500000000000004 8.4500000000000011 69.250000000000014 72.750000000000014 2.5328902759153351 60.250000000000007 -1.4999999999999998 5.5000000000000009 61.750000000000007 10.950000000000001 77.250000000000014 74.250000000000014 1.7500000000000002 -1.8310416666666665 -37.749999999999993 0.51810350209126665 68.250000000000014 1.0820150341949131 1.0000000180025095e-35 13.250000000000002 8.8500000000000032
decision_type=2 2 2 2 2 2 2 2 2 2 2 2 2 2 2 2 2 2 2 2 2 2 2 2 2 2 2 2 2 2 2 2 2 2 2 2 2 2 2 2 2 2 2 2 2 2 2 2 2 2 2 2 2 2 2 2 2 2 2 2 2 2
left_child=3 5 7 34 8 13 55 15 19 30 50 12 -8 57 -9 18 23 22 -3 20 -4 25 40 24 -17 26 60 38 29 36 31 -6 33 41 -1 -36 37 -29 -12 -25 -15 42 43 46 45 -45 -11 -48 -43 -49 59 52 54 -54 -10 -5 -35 -2 -51 -7 -16 -62
right_child=1 2 4 6 9 10 11 14 51 32 27 -13 -14 17 21 16 -18 -19 -20 -21 -22 -23 -24 39 -26 -27 -28 28 -30 -31 -32 -33 -34 56 35 -37 -38 -39 -40 -41 -42 48 -44 44 -46 -47 47 49 -50 58 -52 -53 53 -55 -56 -57 -58 -59 -60 -61 61 -63
leaf_value=-0.14918420972936489 -0.100851930388638 0.21120427907494035 0.090432499351738124 -0.16546537307588874 0.14347682340531778 -0.018516320954670967 -0.0375608752366852 -0.030275943464020624 0.14497657810490241 0.18558019962668146 0.047983423342502177 -0.056974812716154059 0.038935752238430099 -0.06820665111682063 0.057722899777202547 -0.099900259872300751 0.016793071830378429 0.017593662571046102 -0.011314381058275671 0.070097845581691826 0.1820204758863061 0.24909257902085705 0.0032325118869907504 0.080409871816260581 0.19711168750399777 0.1373069996963476 -0.051493402741377314 0.083023304828401256 0.41584807722829287 0.33718765815494012 0.12714493991890002 0.26901109703932569 0.14097064719009986 0.2536338961234183 -0.12407624126439531 -0.077220591754248794 -0.13593643183877732 0.32084338350428476 -0.13154252241854067 -0.13303591455071673 0.052391831608911171 0.26770629609984459 -0.058828232147823581 0.11998943951987331 0.33944910287767827 -0.25872564333479237 0.20737213291666029 0.56601615225633117 0.47014120268389903 0.20405405724964415 -0.11155478644742703 0.32020631265593236 0.16036477226168955 -0.18193136598884818 0.22058412448468967 -0.082513658097531528 0.4739403443748999 0.06293344982714226 0.40641089449341739 0.090047255948913996 0.075468019901340389 0.20763707304261839
leaf_weight=10288 5567 372 7515 1954 2696 4483 18145 1479 6923 2044 5769 26499 8590 10780 7494 267 14509 10286 12135 11988 4354 672 6802 4051 2244 4684 938 4670 211 236 4886 2426 1160 447 31273 15587 273 251 428 302 959 1392 210 247 333 236 915 268 420 479 1084 506 287 247 3217 19543 579 486 753 1229 2460 1410
leaf_count=10288 5567 372 7515 1954 2696 4483 18145 1479 6923 2044 5769 26499 8590 10780 7494 267 14509 10286 12135 11988 4354 672 6802 4051 2244 4684 938 4670 211 236 4886 2426 1160 447 31273 15587 273 251 428 302 959 1392 210 247 333 236 915 268 420 479 1084 506 287 247 3217 19543 579 486 753 1229 2460 1410
internal_value=-4.55617e-05 0.0645643 0.0993536 -0.0789512 0.149821 -0.00535084 -0.0507553 0.0474459 0.11958 0.204173 0.0389916 -0.0348815 -0.0129818 -0.0290404 0.0851237 0.0261618 0.0442089 -0.016722 -0.00467958 0.0969399 0.124043 0.0947905 -0.0357593 0.102149 0.165503 0.0886717 0.0701442 0.0692553 0.106253 0.0941486 0.165971 0.202976 0.244467 0.258873 -0.115821 -0.108493 0.0830429 0.0952163 0.0355651 0.0655744 -0.0583509 0.242032 0.217919 0.228946 0.100141 -0.0652078 0.252489 0.309019 0.314862 0.370845 -0.0137275 0.16788 0.16063 0.00199266 0.168983 -0.090061 0.378299 -0.0876933 0.327964 0.00485401 0.0801879 0.123664
internal_weight=292938 161059 107545 131879 54528 53514 74731 53017 35037 19491 18634 53234 26735 34880 19137 33880 21373 28827 12507 23857 11869 17658 18541 6864 2511 16986 12302 11838 5641 5430 10008 5122 9483 8323 57148 46860 5194 4921 6197 4353 11739 7297 5485 5275 816 483 4459 2415 1812 1500 6796 11180 10674 534 10140 21497 1026 6053 1232 5712 11364 3870
internal_count=292938 161059 107545 131879 54528 53514 74731 53017 35037 19491 18634 53234 26735 34880 19137 33880 21373 28827 12507 23857 11869 17658 18541 6864 2511 16986 12302 11838 5641 5430 10008 5122 9483 8323 57148 46860 5194 4921 6197 4353 11739 7297 5485 5275 816 483 4459 2415 1812 1500 6796 11180 10674 534 10140 21497 1026 6053 1232 5712 11364 3870
is_linear=0
shrinkage=0.05


Tree=31
num_leaves=63
num_cat=0
split_feature=3 13 12 12 12 13 13 13 12 14 13 7 14 14 11 14 31 13 13 5 12 8 20 13 28 14 25 13 25 5 29 14 12 8 14 11 12 13 29 29 28 14 14 11 31 14 20 20 13 25 13 13 28 13 6 29 31 25 12 29 29 31
split_gain=540491 148799 67508.2 59678.4 38410.1 22344.7 18808.7 18300.3 17476 13778.2 12724.2 10939 10512 10453.2 9966.94 10827.4 9623.49 9613.02 11818.7 8580.77 8496.58 7923.86 7814 7777.56 13932 7424.55 6996.03 6878.62 7161.26 6813.65 7629.77 6214.25 6210.21 6040.88 7723.8 6827.39 6030.54 5731.3 6103.93 29098.1 10399.1 6358.96 6524.86 5678.64 5627.82 5132.27 4959.21 4936.07 4853.62 4832.74 7401.8 4712.11 4690.18 5352.24 9587.87 7854.77 5246.24 6268.5 4660.93 4528.27 16274.3 4863.01
threshold=2.5000000000000004 -3.2499999999999996 40.231180555555561 12.149166666666668 49.501180555555564 -19.249999999999996 -23.749999999999996 -2.2499999999999996 58.139444444444457 54.750000000000007 14.750000000000002 -0.9904687135034127 69.250000000000014 37.250000000000007 12.398888888888891 46.750000000000007 0.72333333333333338 -9.7499999999999982 -12.749999999999998 29.500000000000004 60.170833333333341 20.500000000000004 0.62500000000000011 -18.249999999999996 0.51928389290267762 42.750000000000007 2.8110008023847555 -37.749999999999993 2.7554639771384521 21.500000000000004 14.450000000000001 54.250000000000007 2.7151388888888905 27.500000000000004 53.750000000000007 4.5172222222222231 25.671875000000004 -7.2499999999999991 7.7500000000000009 6.7500000000000009 0.53867521367521376 45.250000000000007 43.750000000000007 -1.5674999999999992 6.9858631156077964 50.750000000000007 0.7350000000000001 0.78500000000000014 19.750000000000004 2.4465297822994199 -10.249999999999998 -14.749999999999998 0.40942239602600017 -8.2499999999999982 8.2974393626771956 12.050000000000002 4.2434195825504046 2.8358535549822013 49.201111111111125 3.8500000000000001 4.4500000000000011 2.4547852175147264
decision_type=2 2 2 2 2 2 2 2 2 2 2 2 2 2 2 2 2 2 2 2 2 2 2 2 2 2 2 2 2 2 2 2 2 2 2 2 2 2 2 2 2 2 2 2 2 2 2 2 2 2 2 2 2 2 2 2 2 2 2 2 2 2
left_child=1 4 14 32 5 25 -6 19 10 13 12 -9 21 -7 22 -16 17 18 -15 36 -8 46 -3 24 -11 -1 31 -27 -29 30 44 37 -2 35 -35 -13 -5 -18 39 41 -40 42 -39 -14 52 -19 58 -34 -10 -32 -51 -31 -25 59 55 56 57 -55 -4 -54 -61 -62
right_child=3 2 8 7 6 9 20 11 48 23 -12 33 43 16 15 -17 26 45 -20 -21 -22 -23 -24 29 -26 27 -28 28 -30 51 49 -33 47 34 -36 -37 -38 38 40 -41 -42 -43 -44 -45 -46 -47 -48 -49 -50 50 -52 -53 53 54 -56 -57 -58 -59 -60 60 61 -63
leaf_value=-0.22725196047961985 -0.13277344119808429 0.04631423960518459 0.1150631191969229 -0.062447685255377895 0.0027243684395231492 -0.33731459141325898 0.087606493646392503 -0.078051258644915578 0.24026518410951667 0.030547273305152924 0.22914225277720754 -0.024077954947334189 -0.22686508076320241 -0.15789735310205844 0.41103469881808802 0.12109184492499486 -0.022170416292992958 -0.1381069522460594 0.29832557787812214 -0.11258841743495929 0.17478253136644326 0.36883260464410728 0.10166878926691103 -0.039680558387287124 0.51934665849342221 -0.10484914792931428 0.064131506438855596 -0.044271546184616893 0.028116164475316858 -0.29536734697295403 0.095171445293817672 -0.15681864267175261 -0.10439299529895396 -0.080807198840494268 0.096641512506810079 0.040105435596873004 -0.015892183412211536 0.03352561623543189 -0.032652588531526368 0.41841152743211629 0.33264771821055689 0.052031779190164967 -0.36192251598209291 0.054318572304891025 0.32024869984343751 -0.39962058761515301 0.19664118233052569 -0.058500976393629847 0.41283060834019186 0.049261722929443565 -0.27993192989010407 -0.022671754135402487 -0.035331143983298077 0.017657660441282679 0.21839802736731367 -0.18832167684224971 0.17242963154909591 0.16423703516365931 0.1671606591209493 0.41038143622101686 -0.11655232590632453 0.054145604219280268
leaf_weight=522 17022 21643 11459 32340 5787 230 11669 5268 4675 354 4864 17423 203 353 391 1813 10645 475 236 6925 3677 404 9039 1067 247 3099 4521 12081 4763 204 287 653 37813 773 2954 5435 8863 211 3074 548 207 2097 205 1498 212 311 3917 6939 448 285 424 698 1573 2820 1389 276 1285 983 6881 313 452 5294
leaf_count=522 17022 21643 11459 32340 5787 230 11669 5268 4675 354 4864 17423 203 353 391 1813 10645 475 236 6925 3677 404 9039 1067 247 3099 4521 12081 4763 204 287 653 37813 773 2954 5435 8863 211 3074 548 207 2097 205 1498 212 311 3917 6939 448 285 424 698 1573 2820 1389 276 1285 983 6881 313 452 5294
internal_value=-5.55726e-05 0.0658482 0.121213 -0.0701468 0.0212812 0.00154809 0.0795394 -0.0416346 0.170236 0.0224522 0.155293 -0.0122353 0.14054 -0.00260486 0.0700063 0.172692 0.000680206 -0.127626 0.0250975 -0.0610916 0.108504 0.149538 0.0626246 0.0552373 0.231964 -0.0412796 0.00864647 -0.0364007 -0.0238019 0.0491766 0.0564244 -0.00557676 -0.107061 0.000809063 0.0598259 -0.00881583 -0.052434 0.000246042 0.0378695 0.0886421 -0.00951127 0.0165927 -0.161747 0.0206481 0.0649575 -0.241957 0.145542 -0.0972787 0.255433 -0.077706 -0.147721 -0.0846045 0.0614345 0.0689368 0.101358 0.071016 0.0851181 0.0555787 0.134618 0.0402399 0.0598618 0.0407
internal_weight=292517 150762 67235 141755 83527 62394 21133 79981 34349 41929 29226 31853 24362 23766 32886 2204 23536 1375 589 48128 15346 22661 30682 18163 601 20465 22161 19943 16844 17562 16660 17640 61774 26585 3727 22858 41203 16987 6342 3061 3281 2513 416 1701 15664 786 22257 44752 5123 996 709 902 15452 14385 6753 5364 5088 3803 18340 7632 6059 5746
internal_count=292517 150762 67235 141755 83527 62394 21133 79981 34349 41929 29226 31853 24362 23766 32886 2204 23536 1375 589 48128 15346 22661 30682 18163 601 20465 22161 19943 16844 17562 16660 17640 61774 26585 3727 22858 41203 16987 6342 3061 3281 2513 416 1701 15664 786 22257 44752 5123 996 709 902 15452 14385 6753 5364 5088 3803 18340 7632 6059 5746
is_linear=0
shrinkage=0.05


Tree=32
num_leaves=63
num_cat=0
split_feature=12 13 12 12 13 13 12 12 13 13 16 19 7 5 13 16 19 28 5 12 16 19 14 5 14 9 27 26 26 14 13 16 19 14 13 5 27 11 13 16 19 16 19 13 13 12 16 20 27 13 27 14 28 11 13 19 7 13 26 13 14 19
split_gain=489514 117395 98460.4 37205.9 32089.5 23496.3 17269.9 14049.1 11679 11363.3 9437.14 20570.3 8142.76 7962.35 7943.42 7087.9 13953.4 6943.27 6892.03 6773.32 6265.76 8631.27 5674.96 5609.61 5605.81 7161.05 6604.86 6958.76 5395.2 5548.83 5299.46 5204.15 5832.15 5070.76 6336.9 4946.95 4887.97 4915.6 4835.5 4828.5 7144.95 4667.47 5772.92 4572.72 5374.76 4523.46 4352.81 7526.77 4311.54 4222.27 4365.8 6919.5 4365.01 4178.77 4077.73 4048.66 3786.65 3784.57 3701.65 3696.58 5648.47 3690.62
threshold=32.791250000000012 -4.7499999999999991 17.797569444444445 47.53819444444445 -2.2499999999999996 -26.249999999999996 51.033611111111121 10.116388888888894 7.2500000000000009 14.750000000000002 1.0000000180025095e-35 34.500000000000007 -0.90077210877782699 -22.499999999999996 24.250000000000004 1.0000000180025095e-35 33.500000000000007 0.5143682906688688 15.500000000000002 62.921666666666674 1.0000000180025095e-35 45.500000000000007 78.250000000000014 19.500000000000004 61.250000000000007 6.5000000000000009 0.5208957085828344 1.3302402858240316 1.1134364806241976 63.750000000000007 -37.249999999999993 1.0000000180025095e-35 39.500000000000007 67.250000000000014 3.7500000000000004 14.500000000000002 0.42821606254442079 1.820000000000001 -37.749999999999993 1.0000000180025095e-35 58.500000000000007 1.0000000180025095e-35 62.500000000000007 -29.749999999999996 -32.749999999999993 65.450694444444466 1.0000000180025095e-35 0.64500000000000013 0.51524446923219946 1.7500000000000002 0.49257407543562975 50.750000000000007 0.428932178932179 5.5201388888888898 26.750000000000004 1.0000000180025095e-35 2.4356608950704897 -24.749999999999996 1.2683854078203785 -30.249999999999996 63.250000000000007 64.500000000000014
decision_type=2 2 2 2 2 2 2 2 2 2 2 2 2 2 2 2 2 2 2 2 2 2 2 2 2 2 2 2 2 2 2 2 2 2 2 2 2 2 2 2 2 2 2 2 2 2 2 2 2 2 2 2 2 2 2 2 2 2 2 2 2 2
left_child=2 5 7 8 10 24 15 46 17 19 11 55 -6 -10 20 16 -7 36 41 31 21 -14 48 58 38 26 27 59 43 -30 -29 32 -5 35 -35 53 -3 49 -2 40 -15 42 -9 44 -27 -11 47 -1 -8 50 -38 52 -52 -19 -16 -4 -48 -13 -12 -26 -61 -18
right_child=1 3 4 9 12 6 22 18 13 45 23 57 14 39 54 -17 61 33 -20 -21 -22 -23 -24 -25 25 28 -28 30 29 -31 -32 -33 -34 34 -36 -37 37 -39 -40 -41 -42 -43 -44 -45 -46 -47 56 -49 -50 -51 51 -53 -54 -55 -56 -57 -58 -59 -60 60 -62 -63
leaf_value=-0.10956081025816311 -0.1224169806836669 -0.046722744662277271 -0.099026527345618787 0.25140687298446357 -0.055218020757680154 0.13865576244114711 0.050584080041875402 -0.0066490652380125706 -0.054447793654159055 0.25183286623429701 -0.053736387151674093 -0.087924612964569715 0.096147671541876187 0.2213580491383953 0.3104253107256123 0.0063841219923055333 0.057356568382172624 0.1166977813946756 -0.10111792404935316 0.24825415026945705 0.0032864363074531161 0.019198232359498055 0.29759916843478246 -0.10481168094019765 0.013304409319096136 -0.030778664425891989 -0.13795293154450464 -0.039120542013270844 0.38227407012778114 0.10217361741578131 0.27578021563923766 0.12620998790724514 0.15631532742682563 0.069647737552248803 -0.23479491976947894 0.31458113206336735 -0.017218386688332126 0.099953635049954581 -0.032403884443698835 0.11262039712337855 0.11621116666505352 -0.073571813351790916 -0.07213569640852123 -0.20316982277071297 0.28098767826288212 0.48485338429278801 -0.1078476408065856 -0.050234399098971642 0.11337399630822176 -0.072669816935763382 0.18643316939932195 0.12704849647326075 -0.064345366786402805 -0.047167418863202262 0.092834945845150174 0.079180929032220987 -0.14902647543024319 -0.031118268654745675 0.03769435849321251 0.096533443792238494 -0.20251095503434408 0.0041103078689490374
leaf_weight=17877 2023 1145 339 2272 2999 3622 4191 8278 523 3059 18694 3619 5942 3622 349 17657 5872 9589 10654 2229 14685 9423 343 5644 1782 424 1005 206 248 614 378 7845 5592 673 228 304 1714 4772 5681 6132 2924 14825 5670 200 204 224 17552 7631 7877 827 210 2474 976 405 563 5127 8204 15441 1176 220 554 7299
leaf_count=17877 2023 1145 339 2272 2999 3622 4191 8278 523 3059 18694 3619 5942 3622 349 17657 5872 9589 10654 2229 14685 9423 343 5644 1782 424 1005 206 248 614 378 7845 5592 673 228 304 1714 4772 5681 6132 2924 14825 5670 200 204 224 17552 7631 7877 827 210 2474 976 405 563 5127 8204 15441 1176 220 554 7299
internal_value=8.26369e-05 0.0786934 -0.0530796 0.129671 -0.0140758 0.0299605 0.0467228 -0.0892057 0.0990696 0.182324 -0.0395344 -0.0173867 0.0234364 0.136651 0.0310565 0.0285025 0.0517572 0.0777878 -0.0667626 0.166652 0.0266412 0.0489607 0.0972916 -0.0608229 -0.0280561 0.0089122 -0.0264582 0.00925973 0.0956283 0.183109 0.164825 0.155058 0.183817 0.10617 -0.00756703 0.116121 0.0515514 0.0618093 -0.0560533 0.144538 0.174415 -0.0540385 -0.0332733 0.0044444 0.0707815 0.267875 -0.106465 -0.0918153 0.0915742 0.0324439 0.0486302 0.0794638 -0.0198214 0.110053 0.17635 0.0681125 -0.12097 -0.0419084 -0.0483235 -0.0263347 -0.117496 0.0278515
internal_weight=292831 118139 174692 57739 84001 60400 46861 90691 36518 21221 50040 24526 33961 13201 30962 34450 16793 23317 39427 17938 30050 15365 12411 25514 13539 5835 4145 3140 1690 862 584 15709 7864 11199 901 10298 12118 10973 7704 12678 6546 28773 13948 828 628 3283 51264 25508 12068 6201 5374 3660 1186 9994 912 5466 25756 19060 19870 2556 774 13171
internal_count=292831 118139 174692 57739 84001 60400 46861 90691 36518 21221 50040 24526 33961 13201 30962 34450 16793 23317 39427 17938 30050 15365 12411 25514 13539 5835 4145 3140 1690 862 584 15709 7864 11199 901 10298 12118 10973 7704 12678 6546 28773 13948 828 628 3283 51264 25508 12068 6201 5374 3660 1186 9994 912 5466 25756 19060 19870 2556 774 13171
is_linear=0
shrinkage=0.05


Tree=33
num_leaves=63
num_cat=0
split_feature=12 13 12 12 13 11 13 14 12 13 14 29 14 27 14 14 13 29 14 14 28 13 13 13 0 13 14 27 13 29 14 29 13 14 29 13 29 29 14 21 14 13 8 31 29 27 14 12 29 27 13 25 14 20 13 13 29 29 29 14 28 14
split_gain=441662 106318 94209.4 41103 30294.2 20119.2 15174.8 15059.1 13638.2 11129.7 8181.41 10859.3 10961.5 8482.96 9228.26 18609.6 8176.06 8151.77 8090.93 7875.79 8733.6 8776.21 7761.13 7281.64 7195.68 7019.77 8170.46 7002.14 6805.8 6352.4 6206.82 5995.07 6255.25 6624.79 6030.09 7864.65 6458.15 5895.87 11387.2 5864.17 5825.49 6947.41 6037.26 5822.7 14592.5 7479.91 5735.38 5709.77 5672 5962.1 5905.84 10427.7 5642.74 5514.35 5449.16 5427.02 11811.8 5426.5 6088.82 8393.03 5332.27 6638.67
threshold=33.402708333333344 -11.749999999999998 18.785902777777782 49.201111111111125 -3.2499999999999996 3.4935416666666668 6.2500000000000009 79.250000000000014 8.1600000000000019 -32.749999999999993 54.750000000000007 2.8500000000000001 65.250000000000014 0.58355855855855865 71.750000000000014 73.750000000000014 -26.249999999999996 1.4500000000000002 57.750000000000007 68.250000000000014 0.51928389290267762 -38.249999999999993 -32.749999999999993 -18.749999999999996 1575.5000000000002 -12.249999999999998 70.250000000000014 0.45592045108198725 -19.749999999999996 5.9500000000000011 40.750000000000007 7.9500000000000011 3.7500000000000004 60.250000000000007 7.1500000000000012 -5.2499999999999991 6.4500000000000011 3.2500000000000004 63.750000000000007 -1.0000000180025095e-35 64.250000000000014 24.750000000000004 13.500000000000002 2.7600200228832961 7.9500000000000011 0.35469208211143705 48.750000000000007 70.215277777777786 3.7500000000000004 0.54180107526881727 -11.249999999999998 3.2981450113349813 60.250000000000007 0.8650000000000001 9.7500000000000018 -13.249999999999998 11.750000000000002 0.65000000000000002 3.7500000000000004 60.750000000000007 0.49319696408737507 67.250000000000014
decision_type=2 2 2 2 2 2 2 2 2 2 2 2 2 2 2 2 2 2 2 2 2 2 2 2 2 2 2 2 2 2 2 2 2 2 2 2 2 2 2 10 2 2 2 2 2 2 2 2 2 2 2 2 2 2 2 2 2 2 2 2 2 2
left_child=2 7 8 5 22 43 29 9 -1 19 -11 12 17 14 25 -16 -10 18 -12 -2 21 -21 -4 -15 -6 26 37 -7 -28 -5 -24 32 33 -31 35 36 -35 38 -13 -33 41 42 -29 45 -45 -3 -46 57 -32 50 51 -50 -44 -18 -26 -39 -57 -8 59 -59 -48 -62
right_child=1 3 4 6 24 27 47 -9 16 10 11 13 -14 23 15 -17 53 -19 -20 20 -22 -23 30 -25 54 -27 28 40 -30 31 48 39 -34 34 -36 -37 -38 55 -40 -41 -42 -43 52 44 46 -47 60 -49 49 -51 -52 -53 -54 -55 -56 56 -58 58 -60 -61 61 -63
leaf_value=-0.10486218994668273 -0.070583795171513392 0.32313136503304851 -0.10131393258038535 0.097876845659081738 -0.011074335224579917 0.065164394459136896 0.056366563099922454 0.37525013271800201 -0.12607428179514513 -0.017731815885764054 -0.054704350316575889 0.03343737293436224 -0.24125685933751592 0.037903796555263693 -0.28304430783825096 0.089530757261040483 -0.06595279276131015 -0.096632330904811103 0.34484416508973353 0.03602539780931395 -0.061074404445849363 0.47584270182559751 -0.15550454308271985 0.42340259375823969 0.022460110694459787 -0.15210421152191039 0.39693780003748025 0.13431589623248671 0.067665247841283055 0.15028159509143829 -0.067633118580926618 -0.018951951099904898 0.028175604391559941 0.30278982109408464 0.42112512367262628 0.35317412715676472 -0.060480856506787001 0.037119723302654645 0.49662978097103361 0.14746512287052202 0.072538112670286578 0.30195043955384476 0.18202719395104133 0.13490120420637611 -0.012180426924102858 0.02824084743357896 0.024991466901218548 0.47089900193761469 -0.052442785213863842 0.042628014118517354 -0.0018194879912896819 0.25704288870728298 0.42897252270145653 -0.0094986638124365808 0.072706413710371356 0.24898393382833572 -0.16217179266611736 0.16688945522781501 0.2028368863782043 0.43876379649994784 0.11469406439732482 -0.044399511042129566
leaf_weight=42128 6396 218 4382 6763 11036 3777 526 275 5240 10442 231 347 659 220 621 726 43141 724 279 243 499 212 981 276 18569 402 320 10495 308 1231 7446 579 397 203 661 593 305 13320 214 6147 2548 761 758 7192 3142 11924 4802 218 15696 3475 13135 276 334 4808 7606 783 224 484 6187 692 5389 746
leaf_count=42128 6396 218 4382 6763 11036 3777 526 275 5240 10442 231 347 659 220 621 726 43141 724 279 243 499 212 981 276 18569 402 320 10495 308 1231 7446 579 397 203 661 593 305 13320 214 6147 2548 761 758 7192 3142 11924 4802 218 15696 3475 13135 276 334 4808 7606 783 224 484 6187 692 5389 746
internal_value=-0.000406577 0.0760555 -0.0497399 0.109719 -0.0106559 0.0844258 0.162438 0.00727363 -0.0836097 0.0045613 0.0180325 0.0370337 -0.0767809 0.0491679 0.0433025 -0.082318 -0.0667751 0.0111794 0.164119 -0.0505941 0.0833586 0.241545 -0.0380716 0.252836 0.0227866 0.0539372 0.0592849 0.125994 0.235812 0.135418 -0.0313116 0.160504 0.214743 0.239472 0.301663 0.229626 0.0849941 0.0518234 0.210697 0.133139 0.141413 0.155618 0.145982 0.0611919 0.0769617 0.0335615 0.0473569 0.218672 -0.0282641 -0.0192652 -0.0266557 -0.047079 0.257881 -0.0602923 0.037063 0.0455881 0.157455 0.211643 0.222727 0.327107 0.0644605 0.0953446
internal_weight=292712 114793 177919 77072 82602 52086 24986 37721 95317 37446 30096 19654 1893 17761 17265 1347 53189 1234 510 7350 954 455 45391 496 37211 15918 15516 18673 628 16879 41009 10116 3390 2993 1762 1101 508 14888 561 6726 14896 12348 11587 33413 21271 12142 14079 8107 40028 32582 29107 15972 1092 47949 26175 14327 1007 7889 7363 1176 10937 6135
internal_count=292712 114793 177919 77072 82602 52086 24986 37721 95317 37446 30096 19654 1893 17761 17265 1347 53189 1234 510 7350 954 455 45391 496 37211 15918 15516 18673 628 16879 41009 10116 3390 2993 1762 1101 508 14888 561 6726 14896 12348 11587 33413 21271 12142 14079 8107 40028 32582 29107 15972 1092 47949 26175 14327 1007 7889 7363 1176 10937 6135
is_linear=0
shrinkage=0.05


Tree=34
num_leaves=63
num_cat=0
split_feature=0 13 0 12 12 13 13 16 19 27 13 16 19 13 13 14 12 7 13 25 16 19 2 27 14 28 14 14 13 14 14 5 14 27 14 14 9 28 13 14 13 14 14 25 13 13 13 6 14 28 13 14 13 27 8 6 13 12 14 14 13 14
split_gain=398561 107873 49048 41504.7 34788.5 26516.1 15084.9 11507.6 15376.7 10075.8 9271.8 8648.6 10988.1 8276.48 8213.19 7484.5 7024.1 6854.48 10434.4 6486.59 5944.57 7664.97 5633.95 5615.21 6695.73 5098.06 5028.63 4974.41 12248.5 7014.45 5933.31 8303.56 5537.94 10120.4 6529.56 5253.8 5317.16 4861.5 4721.29 5119.14 5028.14 5571.2 4876.57 5169.47 5650.65 16507.3 6901.85 6186.45 5791.68 4649.85 7535.16 7032.7 8398.89 4998.44 4905.86 4533.65 6046.15 4453.97 4324.15 4321.73 4125.21 4411.38
threshold=1800.5000000000002 -1.7499999999999998 857.50000000000011 42.545902777777791 38.235555555555557 -15.749999999999998 -13.249999999999998 1.0000000180025095e-35 34.500000000000007 0.46272626230549385 -19.249999999999996 1.0000000180025095e-35 50.500000000000007 32.000000000000007 9.7500000000000018 36.750000000000007 61.958819444444451 -1.866459305339554 -4.7499999999999991 2.800058702670972 1.0000000180025095e-35 46.500000000000007 914.50000000000011 0.46517846039049876 55.750000000000007 0.46883827683615825 56.750000000000007 44.750000000000007 7.7500000000000009 44.250000000000007 48.250000000000007 13.500000000000002 39.750000000000007 0.44686794246998696 37.750000000000007 46.750000000000007 13.500000000000002 0.50882383473476611 -46.249999999999993 63.250000000000007 -20.749999999999996 55.750000000000007 63.750000000000007 5.8362166212841649 -19.249999999999996 -24.249999999999996 -31.249999999999996 6.2179064653324874 68.750000000000014 0.49519186315302827 3.7500000000000004 50.250000000000007 5.7500000000000009 0.37150663544106172 20.500000000000004 6.2806802514124813 -18.249999999999996 60.170833333333341 42.750000000000007 58.750000000000007 -32.749999999999993 56.750000000000007
decision_type=2 2 2 2 2 2 2 2 2 2 2 2 2 2 2 2 2 2 2 2 2 2 2 2 2 2 2 2 2 2 2 2 2 2 2 2 2 2 2 2 2 2 2 2 2 2 2 2 2 2 2 2 2 2 2 2 2 2 2 2 2 2
left_child=2 4 17 14 10 19 26 8 -7 25 58 12 -8 16 27 -12 20 -1 -19 60 21 -11 -16 24 -17 -5 -4 28 29 32 35 49 34 -34 -3 36 -29 -18 -21 40 -40 -42 -41 44 45 46 48 -46 -44 50 -32 52 -52 -51 -55 56 -43 -9 -2 -33 -6 -62
right_child=1 3 6 9 5 7 11 57 -10 13 15 -13 -14 -15 22 23 37 18 -20 38 -22 -23 -24 -25 -26 -27 -28 30 -30 -31 31 59 33 -35 -36 -37 -38 -39 39 42 41 55 43 -45 47 -47 -48 -49 -50 53 51 -53 -54 54 -56 -57 -58 -59 -60 -61 61 -63
leaf_value=-0.1225429474920373 -0.2119391337474327 0.10739013853401952 -0.089500133743184468 -0.048198310720793433 -0.058266465908588076 0.20012525707056536 0.03728596672957149 0.039769698237468704 0.081707613847036842 0.24280190631605009 -0.2943157490570259 -0.038248714531869871 -0.02598533507333476 0.45339585876940292 0.093486910801878154 -0.053823985604594185 0.13051974969820526 -0.10220794121017616 -0.056871427689129554 -0.13514682113817314 0.12987924221766114 0.15137731979441552 0.19543035966832181 0.02064733829008673 0.044839844569919907 0.10829457927404312 -0.04307133984126487 0.10617835885014318 -0.23869354680686011 -0.16519863018105885 -0.046830948333692182 0.10499889042274738 -0.075772030387488976 0.18152123602204912 -0.24552049719594501 0.18723726816032904 -0.11435374010360806 0.29424528709859737 -0.01551198559297181 0.31612449832260614 -0.0078282178838243593 0.42213527383066585 -0.029131423766359438 0.32532495587400279 0.088043594980834 0.3279520315241139 -0.10017738919678543 -0.22788940393230292 0.24558680589768517 0.26766417090399347 0.12616620766327663 0.091032873895978014 -0.24811398723203648 0.048624374941858395 0.21978241968713702 0.024683379060068414 0.10688909901488973 0.1304556778000604 -0.049078237264890995 0.31254472431329872 -0.035697908537696693 0.030567101806317123
leaf_weight=13692 425 253 11671 629 3797 3520 12024 14764 12397 3646 212 27626 15981 256 9440 6686 623 29586 22234 364 9578 6202 1583 16488 2314 3000 11663 1412 467 368 3053 643 532 1352 270 1687 338 1689 3559 239 829 279 361 201 310 582 699 308 408 304 254 3025 363 6036 449 348 335 1490 9486 412 4334 5970
leaf_count=13692 425 253 11671 629 3797 3520 12024 14764 12397 3646 212 27626 15981 256 9440 6686 623 29586 22234 364 9578 6202 1583 16488 2314 3000 11663 1412 467 368 3053 643 532 1352 270 1687 338 1689 3559 239 829 279 361 201 310 582 699 308 408 304 254 3025 363 6036 449 348 335 1490 9486 412 4334 5970
internal_value=4.06847e-05 0.0575428 -0.05909 0.110885 0.0235132 0.0484078 -0.032554 0.0776875 0.107906 0.158386 -0.0150018 -0.0184 0.00118068 0.171123 0.0731303 0.0008423 0.167778 -0.0910742 -0.0827572 0.00731411 0.157956 0.185246 0.108143 0.00330877 -0.0284543 0.0811645 -0.0662965 0.0549364 -0.00207033 0.0378222 0.0652171 0.051244 0.0689173 0.108866 -0.0749217 0.124293 0.0635432 0.250203 0.0409383 0.0485315 0.0188763 0.0871817 0.0995563 0.0814114 0.0629206 0.102863 0.0134617 -0.0695255 0.116753 0.0406665 0.0110966 0.0596553 -0.0940795 0.0698211 0.0605069 0.168979 0.25059 0.0480904 -0.0560827 0.186269 -0.0137236 0.00269439
internal_weight=293046 148569 144477 57864 90705 55094 78965 32171 15917 25623 35611 55631 28005 21994 32241 25700 21738 65512 51820 22923 19426 9848 11023 25488 9000 3629 23334 21218 3242 2775 17976 14539 2407 1884 523 3437 1750 2312 8822 8458 5350 1791 3108 2869 2668 2050 1468 618 769 13484 6695 3642 617 6789 6485 962 614 16254 9911 1055 14101 10304
internal_count=293046 148569 144477 57864 90705 55094 78965 32171 15917 25623 35611 55631 28005 21994 32241 25700 21738 65512 51820 22923 19426 9848 11023 25488 9000 3629 23334 21218 3242 2775 17976 14539 2407 1884 523 3437 1750 2312 8822 8458 5350 1791 3108 2869 2668 2050 1468 618 769 13484 6695 3642 617 6789 6485 962 614 16254 9911 1055 14101 10304
is_linear=0
shrinkage=0.05


Tree=35
num_leaves=63
num_cat=0
split_feature=12 13 12 12 13 2 13 12 13 16 19 16 19 29 16 19 5 13 29 29 29 13 29 9 29 29 29 2 13 12 8 6 13 9 12 6 26 13 29 16 19 7 7 29 13 16 19 27 16 19 13 13 13 29 27 29 31 9 29 6 27 27
split_gain=358375 84153.5 75726 30601.8 24411.9 12554.4 11605.5 11374.4 11454.2 11275.3 17153.5 9139.35 16907.5 7975.86 7604.21 11878.3 7246.73 6179.88 6076.18 6728.88 5269.07 5027.62 4979.55 5093.43 4789.87 4894.58 10164.9 6029.84 4746.85 4739.79 4723.33 4666.08 4626.44 4616.48 4558.6 4474.55 4421.91 4344.16 4303.8 4230.08 6257.49 4043.65 8418.64 3914.8 3830.16 3827.03 4967.16 3738.98 3729.19 5903.73 3593.22 3536.1 3497.73 4008.41 3468.85 3901.49 3660.73 5472.32 3468.65 4543.94 3463.45 3441.68
threshold=33.402708333333344 -9.2499999999999982 19.500694444444452 47.53819444444445 -11.249999999999998 623.50000000000011 5.2500000000000009 62.921666666666674 -26.249999999999996 1.0000000180025095e-35 33.500000000000007 1.0000000180025095e-35 30.500000000000004 4.8500000000000005 1.0000000180025095e-35 48.500000000000007 15.500000000000002 29.750000000000004 8.7500000000000018 9.2500000000000018 0.65000000000000002 14.750000000000002 9.3500000000000032 6.5000000000000009 4.8500000000000005 8.7500000000000018 10.750000000000002 1007.5000000000001 7.2500000000000009 60.170833333333341 5.5000000000000009 12.03318328578141 10.250000000000002 13.500000000000002 58.776736111111113 6.874914123780786 1.3392665515197353 6.7500000000000009 4.7500000000000009 1.0000000180025095e-35 37.500000000000007 -0.77901006511065984 2.3243509888453109 12.250000000000002 -37.749999999999993 1.0000000180025095e-35 50.500000000000007 0.38304780326056925 1.0000000180025095e-35 34.500000000000007 -1.7499999999999998 -18.749999999999996 -35.249999999999993 3.9500000000000006 0.4405178155178156 3.8500000000000001 1.2040172341606199 6.5000000000000009 8.4500000000000011 6.442599091544607 0.5641941391941393 0.51928389290267762
decision_type=2 2 2 2 2 2 2 2 2 2 2 2 2 2 2 2 2 2 2 2 2 2 2 2 2 2 2 2 2 2 2 2 2 2 2 2 2 2 2 2 2 2 2 2 2 2 2 2 2 2 2 2 2 2 2 2 2 2 2 2 2 2
left_child=2 7 5 9 33 41 13 8 22 10 -3 12 -6 38 15 -10 39 20 29 -20 -8 47 23 52 34 27 30 -26 -11 -15 -27 54 43 44 37 60 -35 -22 -5 40 -7 -1 50 -28 -4 46 -44 -12 49 -46 -43 -33 -2 -54 -16 56 -56 -58 59 -29 -21 -59
right_child=1 3 4 6 11 16 17 -9 14 28 21 -13 -14 18 31 -17 -18 -19 19 35 24 -23 -24 -25 25 26 32 58 -30 -31 -32 51 -34 36 -36 -37 -38 -39 -40 -41 -42 42 45 -45 48 -47 -48 -49 -50 -51 -52 -53 53 -55 55 -57 57 61 -60 -61 -62 -63
leaf_value=-0.11264671271575076 -0.071835848560818705 0.17682327198878389 -0.12647786942564396 0.075370191465173916 0.1032768836019657 0.016100857987364423 0.043927471144845534 0.12436211595389371 0.11489675883238136 0.036324558672652323 0.20202582959751206 -0.010183513139088531 0.0094080027730825896 0.15538594771859329 -0.059371867711293151 0.018788325165856077 -0.08853257474120034 0.42748702673255939 -0.055996854923551491 0.099096090996306882 0.36668453027494252 0.15487279783708058 -0.083426541966384493 0.053526282838681771 -0.043822895462328121 0.26618064510478429 0.21970600341962127 0.14809116511267126 0.088454792229046147 0.27130641214453671 0.48749851499580682 0.0026453128653402269 0.20578528779407157 -0.019184627369899513 0.3720010714109438 0.28882585475914818 0.21864143901891861 0.1723775397532146 -0.15485894897478231 -0.061914613951696534 -0.047562526280929343 -0.073508815747317033 -0.042804400667005027 -0.010150330656540609 0.050309327190495703 -0.1299300968395258 -0.11649827156922682 0.061045895833131802 -0.076238823846492665 -0.051509421577950777 -0.022539601592791555 -0.14469141477337485 -0.079110453333975095 0.032785515929195763 0.024676789145829284 0.033559807645883295 -0.19166213279250113 -0.10378627962776804 -0.029197730349034681 0.3723431991420777 0.29164950818536045 0.17624818262073302
leaf_weight=16260 3199 5653 2001 4820 6231 5559 671 2231 4899 15594 486 26764 20835 4718 1563 9350 13136 257 587 4393 359 1781 3365 2224 448 974 261 2720 6066 1087 323 739 1270 6027 582 375 201 1460 211 18825 12623 9062 4175 632 1811 8345 5059 13905 8770 6644 5593 906 1144 2658 1107 9681 684 221 244 246 246 216
leaf_count=16260 3199 5653 2001 4820 6231 5559 671 2231 4899 15594 486 26764 20835 4718 1563 9350 13136 257 587 4393 359 1781 3365 2224 448 974 261 2720 6066 1087 323 739 1270 6027 582 375 201 1460 211 18825 12623 9062 4175 632 1811 8345 5059 13905 8770 6644 5593 906 1144 2658 1107 9681 684 221 244 246 246 216
internal_value=-0.000517157 0.0684585 -0.0449279 0.102417 -0.00854403 -0.0741726 0.144352 0.0143775 0.00852625 0.0764883 0.101853 0.0105345 0.031021 0.118148 0.0256319 0.0518375 -0.0566282 0.185567 0.14128 0.104095 0.179424 0.0756368 -0.0313714 -0.0123763 0.188969 0.168319 0.21097 0.12793 0.0509273 0.177135 0.32163 0.000929323 0.144497 -0.0488901 0.250094 0.122844 -0.0114753 0.210907 0.0656855 -0.0453014 -0.0280981 -0.0923121 -0.0820514 0.0572011 -0.0610089 -0.105383 -0.0831871 0.0658207 -0.0533966 -0.0296972 -0.0540596 -0.0785405 -0.0333161 -0.000895289 0.0106381 0.0198308 -0.0398122 -0.103461 0.151906 0.16681 0.109368 0.0347153
internal_weight=292477 114556 177921 70369 79284 98637 26884 44187 41956 43485 21825 53830 27066 16437 29366 14249 50143 10447 11406 5601 10190 16172 12590 9225 9519 7118 3460 3658 21660 5805 1297 15117 2163 25454 2401 5014 6228 1819 5031 37007 18182 48494 32234 893 19226 17579 9234 14391 17225 8455 14655 1645 7001 3802 13472 11909 2228 1121 3210 2966 4639 437
internal_count=292477 114556 177921 70369 79284 98637 26884 44187 41956 43485 21825 53830 27066 16437 29366 14249 50143 10447 11406 5601 10190 16172 12590 9225 9519 7118 3460 3658 21660 5805 1297 15117 2163 25454 2401 5014 6228 1819 5031 37007 18182 48494 32234 893 19226 17579 9234 14391 17225 8455 14655 1645 7001 3802 13472 11909 2228 1121 3210 2966 4639 437
is_linear=0
shrinkage=0.05


Tree=36
num_leaves=63
num_cat=0
split_feature=0 13 12 3 11 12 13 13 13 6 29 29 31 26 29 13 14 5 29 29 14 14 11 31 29 14 29 13 14 29 28 14 14 14 29 29 14 28 9 14 16 19 13 13 6 29 14 13 14 10 16 19 11 14 29 6 9 11 26 14 13 29
split_gain=324879 89724.3 50335.6 39551.1 16739.8 14762.7 11305.4 11198.4 9074.93 11571.3 8701.34 11726.5 8546.62 9178.91 8416.08 8357.7 9012.42 8225.45 8000.8 9929.76 8198.78 12253.4 7989.16 7633.48 12479 8994.18 10222.8 8339.91 8148.57 7629.85 9049.92 8558.52 7394.32 7368.87 7189.92 6984.9 7564.72 7437.18 6941.09 6811.44 6720.31 10425 6698.59 6455.2 6287.28 6226.31 6100.05 7175.31 8729.92 6051.9 5797.32 7736.02 5761.07 5973.35 5640.38 5597.96 5519.28 6591.5 5494.34 5467.98 5268.79 5772.41
threshold=1800.5000000000002 -8.7499999999999982 41.344930555555564 3.5000000000000004 4.240972222222223 52.065833333333337 -4.2499999999999991 9.2500000000000018 -22.249999999999996 12.314557780478927 14.550000000000002 4.8500000000000005 6.9084536532170118 1.2029281694717808 16.650000000000002 4.2500000000000009 54.750000000000007 -1.0000000180025095e-35 12.950000000000001 13.15 40.750000000000007 44.750000000000007 3.0337500000000008 2.7800368551679973 7.7500000000000009 52.750000000000007 7.5500000000000007 6.2500000000000009 45.250000000000007 10.750000000000002 0.49319696408737507 56.250000000000007 75.750000000000014 67.750000000000014 15.65 4.7500000000000009 63.750000000000007 0.47383632491633715 13.500000000000002 79.250000000000014 1.0000000180025095e-35 25.500000000000004 -12.749999999999998 3.7500000000000004 -6.3636882154415462 16.350000000000005 48.250000000000007 6.2500000000000009 58.250000000000007 18.500000000000004 1.0000000180025095e-35 34.500000000000007 0.47555555555555534 43.750000000000007 5.4500000000000011 1.7540825283808616 46.500000000000007 6.0790972222222228 1.2592766085527165 63.250000000000007 -23.749999999999996 9.4500000000000011
decision_type=2 2 2 2 2 2 2 2 2 2 2 2 2 2 2 2 2 2 2 2 2 2 2 2 2 2 2 2 2 2 2 2 2 2 2 2 2 2 2 2 2 2 2 2 2 2 2 2 2 2 2 2 2 2 2 2 2 2 2 2 2 2
left_child=3 5 7 6 10 8 38 18 -2 12 11 33 13 -10 42 16 -13 56 23 -20 -21 -22 32 28 25 26 27 43 52 31 -31 -26 -18 35 -12 36 -4 -38 -1 60 41 -5 -14 -25 -9 -19 -30 54 -49 -32 51 -6 53 -3 -48 -34 57 -8 -39 -50 -7 -62
right_child=1 2 4 40 50 39 17 44 9 -11 34 15 14 -15 -16 -17 22 45 19 20 21 -23 -24 24 29 -27 -28 -29 46 30 49 -33 55 -35 -36 -37 37 58 -40 -41 -42 -43 -44 -45 -46 -47 47 48 59 -51 -52 -53 -54 -55 -56 -57 -58 -59 -60 -61 61 -63
leaf_value=-0.064009101198788762 -0.038450374557981115 -0.046911021570424684 0.058133827686171147 -0.01112749761419945 0.26470545208283247 0.0049008335697977639 -0.036326196698287481 0.042429339834214798 -0.0043780418640653497 -0.07363426336756522 -0.15526190110406818 0.078536942218645905 0.10801014330215453 0.074098993259679571 -0.021159989891691121 -0.045681549570053361 0.14055818414821919 0.015385380581171457 -0.32721569255793692 -0.29608273632698673 0.22487829370129347 -0.026996676363172711 0.35864419421125282 0.15435859208800659 -0.026134515629393854 0.056489765210869583 0.48892351952801294 -0.055288971402642266 0.11440846813644151 0.011018125020443735 0.24548770748999865 0.087766782116577235 0.20570711820619181 -0.063317885922619721 0.057826712529686811 -0.16155473746310009 0.015057335470083845 0.19759344265110387 -0.019757403840918369 0.33767587880869421 -0.094949136159021855 -0.07804774764751149 0.35465870004171801 0.38339140894515389 0.12039633983820069 0.18141962802867725 0.011179014066985415 0.026699179979921724 0.48037171169474924 0.068606084572189668 0.12973334620488103 0.15905701626918822 0.0047690284483780428 -0.29274212567370972 -0.12906219963002005 0.52458230209652734 -0.18898003125252522 0.038955179165784649 0.47816303037106994 0.13056652282718489 0.045741298122481303 0.14594545497131051
leaf_weight=22528 17419 516 5345 7303 2373 4323 16474 4165 18233 3819 576 4919 698 4682 634 667 10016 13665 260 236 555 3670 483 2300 5796 2882 243 417 1810 1781 1086 2304 383 1143 1260 301 403 644 14609 206 36353 28660 455 355 6825 588 7754 787 220 873 8589 6457 1013 474 789 216 513 3530 240 228 4881 2037
leaf_count=22528 17419 516 5345 7303 2373 4323 16474 4165 18233 3819 576 4919 698 4682 634 667 10016 13665 260 236 555 3670 483 2300 5796 2882 243 417 1810 1781 1086 2304 383 1143 1260 301 403 644 14609 206 36353 28660 455 355 6825 588 7754 787 220 873 8589 6457 1013 474 789 216 513 3530 240 228 4881 2037
internal_value=-0.000206662 0.0516404 0.082419 -0.0536779 0.120909 0.0026436 -0.0274192 0.0466298 -0.0100156 0.00735153 0.0959479 0.103735 0.0198746 0.0116589 0.12516 0.127676 0.134897 -0.00692952 0.0332563 -0.027456 -0.00991575 0.00613524 0.159869 0.0423192 0.0636409 0.121122 0.177278 0.152475 0.0140199 0.033548 0.0926066 0.00627091 0.150791 0.0542685 -0.00907274 0.0736605 0.0843588 0.193143 -0.0466023 0.0534448 -0.0797874 -0.064459 0.205566 0.185115 0.0908549 0.0222473 0.0301172 0.014504 0.127104 0.166738 0.159013 0.187476 -0.0790767 -0.164789 -0.00178674 0.321376 -0.0271985 -0.0230404 0.27422 0.303033 0.0482065 0.0752632
internal_weight=292964 148741 91354 144223 44015 57387 71907 47339 45940 28521 26596 24760 24702 22915 1787 16684 16017 34770 36349 4721 4461 4225 11098 31628 18037 6197 3315 3072 13591 11840 3740 8100 10615 8076 1836 6933 6632 1287 37137 11447 72316 35963 1153 2655 10990 14253 11588 9778 1235 1959 17419 8830 2003 990 8543 599 20517 20004 884 448 11241 6918
internal_count=292964 148741 91354 144223 44015 57387 71907 47339 45940 28521 26596 24760 24702 22915 1787 16684 16017 34770 36349 4721 4461 4225 11098 31628 18037 6197 3315 3072 13591 11840 3740 8100 10615 8076 1836 6933 6632 1287 37137 11447 72316 35963 1153 2655 10990 14253 11588 9778 1235 1959 17419 8830 2003 990 8543 599 20517 20004 884 448 11241 6918
is_linear=0
shrinkage=0.05


Tree=37
num_leaves=63
num_cat=0
split_feature=15 13 15 15 11 26 13 13 15 6 29 13 14 14 14 15 7 16 19 13 16 19 14 9 8 16 19 10 27 29 29 14 13 14 27 13 29 29 14 13 14 13 13 29 9 15 14 19 16 31 26 6 14 13 13 14 6 13 29 13 14 24
split_gain=308856 82601.3 58572 25567 19616.1 12689.5 11293.3 9951.57 9527.02 9348.78 8817.78 8390.14 12463.2 7661.45 7417.26 7104.31 6791.91 6419.38 13149.9 6341.14 6328.46 10624.5 6127.79 12735.3 6074.21 5794.03 5958.88 5570.03 5526.37 6854.21 9120.48 6228.54 7377.86 5468.7 6148.66 5160.26 5122.18 5019.14 9096.25 6867.2 4956.34 6261.82 5964.61 4915.4 4833.73 4828.18 4809.12 4630.37 7278.71 4601.8 4554.51 4808.76 4495.69 8748.34 5693.69 4472.39 5409.7 4439.25 4374.92 5242.69 4215.73 4211.87
threshold=25.671875000000004 -12.749999999999998 39.570694444444449 11.500694444444447 4.240972222222223 1.2000135138178791 2.7500000000000004 7.2500000000000009 53.500416666666673 -6.503973143413968 2.8500000000000001 -32.749999999999993 56.750000000000007 73.250000000000014 71.750000000000014 55.051388888888901 -1.7255639707432573 1.0000000180025095e-35 48.500000000000007 -40.249999999999993 1.0000000180025095e-35 43.500000000000007 77.250000000000014 6.5000000000000009 20.500000000000004 1.0000000180025095e-35 29.500000000000004 9.5000000000000018 0.48493921248412269 8.1500000000000004 15.350000000000003 59.750000000000007 -30.249999999999996 64.750000000000014 0.46883827683615825 24.250000000000004 13.750000000000002 6.2500000000000009 66.250000000000014 -38.249999999999993 73.250000000000014 1.7500000000000002 -7.7499999999999991 8.5500000000000025 16.500000000000004 2.7151388888888892 53.750000000000007 22.500000000000004 1.0000000180025095e-35 3.6118417200788859 1.2683854078203785 6.719509318223559 50.250000000000007 9.7500000000000018 7.7500000000000009 61.750000000000007 6.1473571391141499 -39.249999999999993 6.8500000000000005 -14.749999999999998 65.750000000000014 108.50000000000001
decision_type=2 2 2 2 2 2 2 2 2 2 2 2 2 2 2 2 2 2 2 2 2 2 2 2 2 2 2 2 2 2 2 2 2 2 2 2 2 2 2 2 2 2 2 2 2 2 2 2 2 2 2 2 2 2 2 2 2 2 2 2 2 2
left_child=3 5 7 27 8 11 17 20 47 -9 60 37 36 14 19 24 -8 18 -5 -12 21 -3 40 -24 33 26 -21 -1 55 31 43 58 -33 34 -6 -18 -13 38 39 -2 -10 42 -42 -31 52 -29 -41 48 -4 -34 -15 -52 53 54 -36 56 -14 -39 59 -30 -7 -27
right_child=1 2 4 6 15 10 16 9 22 -11 13 12 28 50 -16 -17 35 -19 -20 25 -22 -23 23 -25 -26 61 -28 45 29 30 -32 32 49 -35 44 -37 -38 57 -40 46 41 -43 -44 -45 -46 -47 -48 -49 -50 -51 51 -53 -54 -55 -56 -57 -58 -59 -60 -61 -62 -63
leaf_value=0.17937804502684895 -0.12504203465016919 0.092273198061217379 0.18755710975528708 0.015528727830433745 0.068635341691083485 -0.038723893894468828 -0.10238380844912359 0.02111386105623559 0.12922684196599818 0.10399873734974899 -0.078841228817295744 -0.049227606359036273 0.10503959334603755 0.034434260760041836 -0.19241206033337718 0.20129946320258296 -0.0048027386993780095 -0.067426272646984683 -0.059740580827727069 0.20892148591883217 0.0022017384193968796 0.015474951373023314 0.60102837609081738 0.086527432597944764 0.39914368965098851 0.010461745031694399 0.06925619502399244 -0.10427136808602613 0.1639782899365026 0.29556117017546463 -0.17963623856262548 0.23300573380894207 -0.016724982308457998 0.054833912764307019 0.066307604845773235 0.12377408962322425 0.059677242810865783 -0.046317122309459099 0.27384007807432614 0.19568404220044613 -0.10604028225451419 -0.21273264565904226 0.249620094868368 0.10030575137362661 0.005546249673250305 -0.072537605045900413 -0.018766748700919419 0.061284374378479514 0.053695923114722148 -0.17342795303518621 0.44491541458696632 0.1340112917865795 0.18397083152128585 0.19893038813623654 -0.20313584780941407 -0.06300931866990829 -0.05391522557517834 -0.15224942956745963 -0.11786702108396666 -0.070154027883476439 -0.25275874022146066 0.22001086837660139
leaf_weight=204 1460 6849 1990 9243 2428 989 1749 5706 8583 8427 934 14011 1192 265 336 4711 20643 25542 15587 948 20403 13148 204 292 207 4955 3923 16912 1268 359 272 266 3340 2232 715 810 1169 1747 238 326 205 244 275 3114 497 41224 1303 22591 2075 544 251 248 7302 1072 269 2668 970 2282 220 294 299 251
leaf_count=204 1460 6849 1990 9243 2428 989 1749 5706 8583 8427 934 14011 1192 265 336 4711 20643 25542 15587 948 20403 13148 204 292 207 4955 3923 16912 1268 359 272 266 3340 2232 715 810 1169 1747 238 326 205 244 275 3114 497 41224 1303 22591 2075 544 251 248 7302 1072 269 2668 970 2282 220 294 299 251
internal_value=0.000575606 0.0470793 0.0712946 -0.0561348 0.107264 -0.00593183 -0.0365327 0.0344276 0.0856339 0.070539 0.0357643 -0.0210145 -0.00916841 0.0489933 0.038664 0.147838 -0.00766878 -0.0498274 -0.031722 0.0457321 0.0217934 0.0417818 0.127782 0.29892 0.130718 0.0572851 0.0964753 -0.0808545 0.0239704 0.0457713 0.0987223 0.0123311 -0.021244 0.126863 0.139946 5.74741e-05 -0.0408375 -0.0688147 -0.0233539 -0.0463332 0.118631 -0.00699124 0.0978188 0.120568 0.157506 -0.0817707 0.0242435 0.0701293 0.119257 -0.0387121 0.202153 0.290975 0.165575 0.100186 -0.00748267 -0.0197084 0.0337312 -0.106339 0.0904904 0.119893 -0.0885681 0.0206052
internal_weight=292781 160867 110425 131914 55892 50442 73574 54533 36459 14133 13399 37043 29687 12111 11347 19433 23202 50372 24830 11011 40400 19997 9803 496 14722 10077 4871 58340 14507 9677 3745 5932 4150 14515 12283 21453 15180 7356 3327 3089 9307 724 480 3473 9855 58136 1629 26656 4065 3884 764 499 9358 2056 984 4830 2162 4029 1782 1562 1288 5206
internal_count=292781 160867 110425 131914 55892 50442 73574 54533 36459 14133 13399 37043 29687 12111 11347 19433 23202 50372 24830 11011 40400 19997 9803 496 14722 10077 4871 58340 14507 9677 3745 5932 4150 14515 12283 21453 15180 7356 3327 3089 9307 724 480 3473 9855 58136 1629 26656 4065 3884 764 499 9358 2056 984 4830 2162 4029 1782 1562 1288 5206
is_linear=0
shrinkage=0.05


Tree=38
num_leaves=63
num_cat=0
split_feature=12 13 12 13 12 12 13 16 19 11 7 16 19 29 6 25 13 6 16 19 16 19 7 27 6 12 13 13 28 12 10 7 27 2 5 13 0 7 13 25 13 16 19 13 29 29 31 6 26 29 13 8 31 27 11 29 29 13 25 28 29 29
split_gain=277648 69880.3 57911.4 20380.2 18663.7 12654.3 12079.8 9219.79 13793.9 9034.58 11349.3 8889.69 9123.27 8011.59 7071.59 7331.99 6515.22 6012.2 5820.78 8742.97 5311.81 9492.96 5787.51 5128.29 6154.91 4944.59 4647.56 6289.5 9820.04 4572.83 4209.12 3956.66 3908.54 4401.17 3666.32 4568.58 3581.32 3536.75 3503.05 3471.56 3426.4 3385.47 4314.11 3378.95 3921.8 9054.63 5077.62 3306.92 3151.61 3401.55 5527.53 3147.3 3126.46 3062.46 3115.69 3040.68 4062.62 3972.9 3327.91 2996.1 4005.99 4494.68
threshold=34.025208333333346 -4.7499999999999991 18.292777777777783 -9.2499999999999982 49.501180555555564 58.139444444444457 -20.749999999999996 1.0000000180025095e-35 35.500000000000007 0.36305555555555558 -0.68667189016617736 1.0000000180025095e-35 33.500000000000007 0.55000000000000016 13.345369560847343 2.4817759785900964 14.750000000000002 6.874914123780786 1.0000000180025095e-35 34.500000000000007 1.0000000180025095e-35 49.500000000000007 -1.4779673510481464 0.43597197376267149 13.833609433151194 70.215277777777786 -19.249999999999996 -18.249999999999996 0.50120772946859915 64.000833333333347 17.500000000000004 1.862699821870617 0.52647150420429789 1295.5000000000002 -22.499999999999996 7.2500000000000009 1806.5000000000002 -0.31107655088992564 -8.2499999999999982 2.7671937746929713 -14.249999999999998 1.0000000180025095e-35 14.500000000000002 -35.249999999999993 4.4500000000000011 5.0500000000000007 1.065737792201207 2.6667968686427925 1.1366116830303368 6.6500000000000012 -24.249999999999996 6.5000000000000009 8.2499910714285729 0.37666785269524999 14.756111111111112 2.8500000000000001 4.5500000000000007 -23.749999999999996 2.9675289341093429 0.49003311258278154 8.0500000000000025 11.450000000000001
decision_type=2 2 2 2 2 2 2 2 2 2 2 2 2 2 2 2 2 2 2 2 2 2 2 2 2 2 2 2 2 2 2 2 2 2 2 2 2 2 2 2 2 2 2 2 2 2 2 2 2 2 2 2 2 2 2 2 2 2 2 2 2 2
left_child=2 5 9 23 11 6 30 8 36 20 -11 12 -3 51 18 40 17 29 19 -15 21 22 -1 37 26 55 -25 28 -28 32 43 -22 33 -6 -9 -36 -5 -4 -17 -39 -16 42 -35 -2 46 47 -45 -46 -32 -50 -51 -8 -20 -14 -55 -7 58 -58 -57 -34 -61 -62
right_child=1 4 3 7 16 25 13 34 -10 10 -12 -13 53 14 15 38 -18 -19 52 -21 31 -23 -24 24 -26 -27 27 -29 -30 -31 48 -33 59 41 35 -37 -38 39 -40 -41 -42 -43 -44 44 45 -47 -48 -49 49 50 -52 -53 -54 54 -56 56 57 -59 -60 60 61 -63
leaf_value=-0.10367890301275651 -0.084147022004340474 0.16546659639361205 -0.22198466102811781 0.05589130583629727 0.04626642318217454 -0.023095127693166084 0.0044264767045990149 -0.07956434851773822 0.0075217622744128496 -0.07373419526142666 -0.007331332353009575 0.057667197854253532 0.23840461312099046 0.13948069445017428 -0.013079199348742673 -0.13717927257034931 0.21614198039800217 0.26860859139078336 0.02714357428323684 0.046195282779530965 -0.077195929554220333 -0.084487053111595919 -0.016758643285902659 -0.045326246605237992 -0.06791223763649161 0.23030758328758663 -0.038613015006672829 -0.0019796076643046352 0.42492252172309186 0.20200167918519585 -0.014222472370715684 -0.11332725127786791 0.046986992661162616 0.34112830842542219 -0.018787588638601894 0.029652336811053212 0.1241980067281227 -0.086037671967560764 0.033648048310369126 0.015052649361331558 0.2599143514295702 0.086875515505869569 0.13922588568926783 0.038239235718235121 0.07649077812066446 -0.017668784005248742 -0.12113960776601798 0.33206688730405221 0.0043511508509118321 0.071265051108479902 0.35762395377896261 -0.14500042074304384 -0.10318924033759456 0.075548906301702454 0.16840186916052913 0.089892701518054285 -0.0011440548079856931 0.10240718215952421 0.29573386792159201 0.138454501283963 0.39936273986056742 0.1584379243930536
leaf_weight=2276 2732 4893 407 4399 2738 682 608 1842 20319 12909 12830 18152 321 3258 223 1296 2747 765 14734 10963 22419 18980 12053 7415 7728 570 234 10532 222 1679 3384 11458 397 288 19293 6509 3407 5383 390 1008 236 3611 3215 702 259 6190 1730 248 1252 911 206 837 474 12457 974 391 1344 2979 396 1151 410 370
leaf_count=2276 2732 4893 407 4399 2738 682 608 1842 20319 12909 12830 18152 321 3258 223 1296 2747 765 14734 10963 22419 18980 12053 7415 7728 570 234 10532 222 1679 3384 11458 397 288 19293 6509 3407 5383 390 1008 236 3611 3215 702 259 6190 1730 248 1252 911 206 837 474 12457 974 391 1344 2979 396 1151 410 370
internal_value=-0.000151221 0.0620853 -0.0382434 -0.00934471 0.102749 0.0234373 0.0150851 0.00907195 0.0292267 -0.0658272 -0.0406362 0.0825798 0.106829 0.0329221 0.0381917 -0.0494386 0.145467 0.132177 0.0445803 0.0675751 -0.0754772 -0.0612949 -0.0305712 -0.0405347 -0.0304684 0.0898964 -0.0147417 0.00589976 0.187492 0.124627 -0.0183519 -0.0894194 0.113946 0.100158 -0.0114338 -0.00656711 0.0857165 -0.0792188 -0.0976675 -0.0700937 0.127543 0.12089 0.155918 -0.0353734 -0.0207695 -0.0010175 -0.0751379 0.201914 0.0167415 0.0609594 0.124349 -0.0821678 0.0230749 0.0859555 0.0822945 0.0760409 0.0892739 0.0702208 0.193711 0.172228 0.197939 0.285427
internal_weight=292786 111163 181623 88698 54168 56995 50633 55769 28125 92925 25739 36797 18645 33019 31574 2145 17371 14624 29429 14221 67186 33309 14329 32929 26131 6362 18403 10988 456 13859 17614 33877 12180 9852 27644 25802 7806 6798 1686 6391 459 7114 3503 11861 9129 6697 2432 507 5753 2369 1117 1445 15208 13752 13431 5792 5110 4323 787 2328 1931 780
internal_count=292786 111163 181623 88698 54168 56995 50633 55769 28125 92925 25739 36797 18645 33019 31574 2145 17371 14624 29429 14221 67186 33309 14329 32929 26131 6362 18403 10988 456 13859 17614 33877 12180 9852 27644 25802 7806 6798 1686 6391 459 7114 3503 11861 9129 6697 2432 507 5753 2369 1117 1445 15208 13752 13431 5792 5110 4323 787 2328 1931 780
is_linear=0
shrinkage=0.05


Tree=39
num_leaves=63
num_cat=0
split_feature=12 13 12 1 12 13 13 14 13 29 29 8 29 27 16 20 7 13 5 13 29 29 14 24 13 31 13 13 31 31 29 5 9 28 14 28 14 13 29 29 14 13 14 29 13 29 13 14 31 31 13 14 7 23 14 13 13 26 29 29 14 11
split_gain=246080 64531.2 41174 24614.3 15927.7 13101.9 11954.5 11324.4 8846.67 8641.66 8761.86 8189.21 7457.24 8430.72 7391.57 12005.4 7390.73 12026.6 7321.47 7235.54 7749.45 9467.19 6767.7 6668.98 6519.43 6087.31 6033.99 15524.8 7186.76 5833.55 6635.34 5653.67 5635.96 5565.05 5506.53 5411.2 5136.04 6321.51 6118.03 5111.72 8048.28 10639.6 6211.51 7982.21 11838.1 5852.77 5449.57 4875.45 10447.5 6624.81 5838.74 5649.56 4809.2 4698.93 4678.97 4588.69 6968.2 4539.01 4474.33 9006.89 6874.21 8265.17
threshold=30.800625000000007 -3.2499999999999996 16.847222222222225 51.705898857116928 52.065833333333337 -12.749999999999998 -19.249999999999996 58.250000000000007 9.2500000000000018 1.1500000000000001 12.750000000000002 20.500000000000004 3.7500000000000004 0.46517846039049876 1.0000000180025095e-35 0.65500000000000014 -1.866459305339554 -2.2499999999999996 10.500000000000002 6.2500000000000009 11.250000000000002 2.8500000000000001 51.750000000000007 16.500000000000004 -23.749999999999996 7.7825425352392292 6.2500000000000009 4.2500000000000009 2.1933099195841916 8.093901148942134 18.450000000000003 21.500000000000004 9.5000000000000018 0.40390983188996438 75.250000000000014 0.50824200706457756 69.250000000000014 10.750000000000002 8.7500000000000018 6.1500000000000012 54.750000000000007 19.750000000000004 53.750000000000007 7.2500000000000009 11.750000000000002 6.6500000000000012 13.750000000000002 56.750000000000007 6.8340967741935499 3.5910197704081637 -16.749999999999996 59.250000000000007 2.4356608950704897 2.5000000000000004 55.250000000000007 -11.749999999999998 -6.7499999999999991 1.3724306064292102 5.0500000000000007 7.3500000000000005 49.750000000000007 1.166944444444445
decision_type=2 2 2 2 2 2 2 2 2 2 2 2 2 2 2 2 2 2 2 2 2 2 2 2 2 2 2 2 2 2 2 2 2 2 2 2 2 2 2 2 2 2 2 2 2 2 2 2 2 2 2 2 2 8 2 2 2 2 2 2 2 2
left_child=2 4 16 11 6 57 -2 8 9 22 19 25 -8 47 15 -7 -1 52 23 20 21 -11 -5 34 -6 36 27 35 -28 31 -31 33 -27 -15 -9 -13 -3 -38 -39 40 41 46 45 -44 -45 -41 -10 48 50 51 -14 -49 -18 -19 -46 -53 -57 -4 -23 60 61 -60
right_child=1 3 5 7 24 14 12 18 39 10 -12 26 13 29 -16 -17 17 53 -20 -21 -22 58 -24 -25 -26 32 28 -29 -30 30 -32 -33 -34 -35 -36 -37 37 38 -40 42 -42 -43 43 44 54 -47 -48 49 -50 -51 -52 55 -54 -55 -56 56 -58 -59 59 -61 -62 -63
leaf_value=-0.097913905510054106 -0.024320510449594296 0.05501107538310937 -0.04886539465303439 0.040703231779469266 0.012079441728261473 -0.0027128213843753478 -0.022524927345093912 0.18128671957795617 0.1645809648901064 0.25929104283184751 -0.010366505235582661 0.044153680218832765 -0.25856876348862884 -0.045847649994559175 -0.019813027962450016 0.072810526566576092 -0.061374189463436639 -0.0591827159699512 0.36311373362077487 0.019474941910255547 0.26470839446610583 0.018993469139645402 -0.24895960649443888 0.11768124530368129 0.083316180961983066 0.055695635191362183 0.48748637614106499 -0.30532316645129332 0.15577918106915245 -0.16017028444491507 0.10478376872451818 -0.086176647329126055 -0.19213628769809449 0.066887988688702632 0.43262166567309457 0.22860133115701362 -0.098631402735333787 -0.029078941804179848 0.2560462573343622 -0.12494939748973143 -0.039669919804154741 0.3999287050929578 0.47257665531444681 0.44112074476381918 -0.079165552177035539 0.15298770620776547 -0.026371945246205772 0.26996361200328706 0.22170397711693909 -0.024361594443094575 -0.048951033613044086 -0.094576966028189532 -0.094716822401513259 -0.013942457570340195 0.17563597847603621 0.3046089266806743 -0.025237850563540221 0.13709310221460622 0.11393133509257031 0.051489791113897003 0.11346762074701061 0.40583371961928744
leaf_weight=14260 19556 17473 22811 468 4434 19959 6992 4772 975 891 2123 786 365 1159 26855 7145 30039 9007 410 2238 837 1832 353 7228 11654 405 223 225 609 663 366 677 527 19530 228 805 1252 483 307 205 836 339 338 346 267 2386 605 423 336 1987 3609 347 16909 15822 550 303 338 332 425 3117 1603 567
leaf_count=14260 19556 17473 22811 468 4434 19959 6992 4772 975 891 2123 786 365 1159 26855 7145 30039 9007 410 2238 837 1832 353 7228 11654 405 223 225 609 663 366 677 527 19530 228 805 1252 483 307 205 836 339 338 346 267 2386 605 423 336 1987 3609 347 16909 15822 550 303 338 332 425 3117 1603 567
internal_value=-0.000381083 0.0510026 -0.0412555 0.0908201 0.0197812 -0.0147207 0.00731235 0.117916 0.0956606 0.0734741 0.0829624 0.0509981 0.023989 0.0347931 -0.00122206 0.0171982 -0.0650343 -0.0585008 0.155417 0.100176 0.119651 0.105227 -0.0839926 0.148423 0.0636847 0.0402793 0.133719 0.0825529 0.245165 0.0503162 -0.0659198 0.055917 -0.0844968 0.0605706 0.192832 0.137564 0.0462424 -0.0287798 0.0819065 0.142479 0.0897756 0.146159 0.177931 0.258876 0.196416 0.130958 0.0914925 -0.0103086 -0.0456124 0.0344709 -0.068264 0.117279 -0.0733848 -0.0303556 0.0923705 0.0517014 0.130912 -0.0461919 0.0869994 0.108804 0.1776 0.281015
internal_weight=292912 129773 163139 57034 72739 77102 56651 33939 21301 14454 13633 23095 37095 30103 53959 27104 86037 71777 12638 11510 9272 8435 821 12228 16088 20447 2648 1816 832 22395 1029 21366 932 20689 5000 1591 19515 2042 790 6847 2755 1919 4092 1501 1163 2591 1580 7708 4310 3398 3974 1411 46948 24829 817 988 641 23143 7544 5712 2595 992
internal_count=292912 129773 163139 57034 72739 77102 56651 33939 21301 14454 13633 23095 37095 30103 53959 27104 86037 71777 12638 11510 9272 8435 821 12228 16088 20447 2648 1816 832 22395 1029 21366 932 20689 5000 1591 19515 2042 790 6847 2755 1919 4092 1501 1163 2591 1580 7708 4310 3398 3974 1411 46948 24829 817 988 641 23143 7544 5712 2595 992
is_linear=0
shrinkage=0.05


Tree=40
num_leaves=63
num_cat=0
split_feature=15 11 15 15 15 13 11 16 19 13 29 29 5 16 20 14 9 13 13 13 27 5 14 31 24 31 16 19 6 11 15 14 31 29 8 31 29 19 29 25 31 13 6 14 29 29 14 29 22 14 27 6 8 11 14 29 6 14 29 13 7 13
split_gain=221435 68094.3 25699.6 22918.3 19331.8 18662.3 10040.5 9481.65 10462.2 9033.16 7866.28 7728.5 7583.1 6799.71 11072.1 6181.01 6102.23 5882.07 5691.92 7830.93 5288.14 5165.05 5151.9 5061.33 4731.52 5734.19 4439.59 9843.13 4389.22 4343.4 4317.14 4229.81 4193.27 7085.97 4757.42 4182.61 8467.14 4153.16 4098.09 9325.25 6704.16 6658.12 7265.39 4551.46 4490.98 11365.5 7475.1 6837.35 6054.03 5795.41 4316 4060.64 3981.59 3960.66 3930.55 3848.67 3690.51 4702.27 3703.4 5849 3646.73 5490.66
threshold=25.671875000000004 2.6797222222222232 37.999930555555558 43.766597222222224 11.250208333333335 -15.749999999999998 -12.614444444444443 1.0000000180025095e-35 27.500000000000004 2.7500000000000004 0.65000000000000002 15.250000000000002 -22.499999999999996 1.0000000180025095e-35 0.65500000000000014 36.750000000000007 46.500000000000007 32.000000000000007 24.750000000000004 26.750000000000004 0.52647150420429789 25.500000000000004 78.250000000000014 4.0530225741745118 96.500000000000014 3.0398281710914459 1.0000000180025095e-35 35.500000000000007 0.50263194267799494 6.0790972222222228 49.501180555555564 46.250000000000007 2.4187597930524762 7.7500000000000009 44.500000000000007 2.8600229621125153 7.9500000000000011 27.500000000000004 3.7500000000000004 2.4643013191294583 1.984108946608947 14.250000000000002 2.6667968686427925 59.250000000000007 8.6500000000000004 8.4500000000000011 69.250000000000014 9.3500000000000032 2.5000000000000004 63.750000000000007 0.44904069412196018 2.6036299359469299 5.5000000000000009 8.7501388888888911 49.250000000000007 8.9500000000000011 5.1963662473406602 60.250000000000007 4.8500000000000005 14.750000000000002 -3.519921989832866 -6.7499999999999991
decision_type=2 2 2 2 2 2 2 2 2 2 2 2 2 2 2 2 2 2 2 2 2 2 2 2 2 2 2 2 2 2 2 2 2 2 2 2 2 2 2 2 2 2 2 2 2 2 2 2 10 2 2 2 2 2 2 2 2 2 2 2 2 2
left_child=4 2 6 12 60 22 -2 8 -7 15 51 17 -3 14 -8 -6 28 20 37 -20 38 32 24 -21 26 -26 27 -4 29 -11 -10 -31 -17 -34 -35 -9 -37 -14 39 -12 -40 42 43 -41 45 46 50 49 53 55 -42 -5 -50 -49 -38 -46 58 -58 -52 -60 -1 -62
right_child=1 3 5 10 9 7 13 35 30 16 11 -13 18 -15 -16 21 -18 -19 19 23 -22 -23 -24 -25 25 -27 -28 -29 -30 31 -32 -33 33 34 -36 36 54 -39 40 41 44 -43 -44 -45 47 -47 -48 48 52 -51 56 -53 -54 -55 -56 -57 57 -59 59 -61 61 -63
leaf_value=-0.10205671871406077 -0.05020667047533444 -0.042819148581250729 0.11828868388112701 0.055613975676856109 -0.28644062708920009 0.1623594516590687 0.0040709008544791824 0.0083100166050465041 0.047897951308202513 -0.026293358977021078 0.063180507899297383 0.010935065612903191 0.10721553697401431 -0.01508362239424298 0.087703737971509266 -0.059214895366211696 -0.13780119344768441 0.40054276269322209 0.39268863757306172 0.22657089150870663 0.21026495315516863 -0.078047473119690444 0.24258252880453601 -0.018656134743469426 -0.015378041647582448 0.32876577027632625 -0.022097530099143215 -0.0011767830964497295 0.034285245921038897 0.16474021538989322 0.099307003262199517 0.011276425255725048 0.0080628201702798632 -0.045449681314598485 0.18894074578465445 0.11249695659845955 -0.061580527212967931 0.0531095304713773 -0.09847096891516921 -0.017297891135021417 0.014919690702771972 0.47378225687104919 0.46447871246437233 0.23538993584521509 0.050654956214129923 -0.17427724483196108 -0.027234584626140534 -0.17883649972254922 0.13434068712215547 0.49915852282429118 0.24789981388770485 -0.18128428080619424 0.27116912474370908 0.11074298726788082 0.039188515509951893 0.3385560533377312 0.11427734085296296 0.43478578371095478 0.083053266718886243 0.23767554810211955 -0.082809736188333233 -0.049335640280865491
leaf_weight=7727 10370 1608 2144 860 259 3606 16084 7837 10153 13612 789 1017 4421 21742 5248 12555 844 236 309 402 2905 8317 225 440 241 242 11652 8789 6362 561 6835 2234 10602 19121 218 4243 1108 17953 331 285 596 333 224 474 219 348 755 222 2206 259 692 228 702 250 7598 247 208 256 2516 808 23159 26022
leaf_count=7727 10370 1608 2144 860 259 3606 16084 7837 10153 13612 789 1017 4421 21742 5248 12555 844 236 309 402 2905 8317 225 440 241 242 11652 8789 6362 561 6835 2234 10602 19121 218 4243 1108 17953 331 285 596 333 224 474 219 348 755 222 2206 259 692 228 702 250 7598 247 208 256 2516 808 23159 26022
internal_value=-3.84811e-05 0.0392452 0.0196158 0.0930397 -0.0481652 0.040817 -0.00604021 0.0609681 0.0850133 -0.031436 0.136164 0.144564 0.0622087 0.00459371 0.024649 -0.0432596 -0.00586219 0.15313 0.0693892 0.17779 0.149368 -0.0420144 0.00501739 0.0985536 0.00268982 0.157373 -0.000625043 0.0222595 -0.000965642 -0.0146358 0.0685866 0.0421269 -0.0349607 -0.0247886 -0.0427979 0.037142 0.0545898 0.0638049 0.135445 0.199205 0.122784 0.280648 0.214808 0.140609 0.129914 0.102951 0.119523 0.170464 0.140502 0.309762 0.141353 0.00584897 0.167453 -0.0255477 0.0263582 0.203653 0.158166 0.291664 0.142673 0.120699 -0.0701195 -0.0650997
internal_weight=292809 161216 118117 43099 131593 64673 53444 41380 20594 74685 17966 16878 25133 43074 21332 51072 23613 15861 23525 1151 15625 50813 23293 842 23068 483 22585 10933 22769 16407 16988 2795 42496 29941 19339 20786 12949 22374 12720 2105 10615 1316 983 759 10284 6179 5831 4105 3380 725 5076 1088 2908 472 8706 466 4480 464 4016 3324 56908 49181
internal_count=292809 161216 118117 43099 131593 64673 53444 41380 20594 74685 17966 16878 25133 43074 21332 51072 23613 15861 23525 1151 15625 50813 23293 842 23068 483 22585 10933 22769 16407 16988 2795 42496 29941 19339 20786 12949 22374 12720 2105 10615 1316 983 759 10284 6179 5831 4105 3380 725 5076 1088 2908 472 8706 466 4480 464 4016 3324 56908 49181
is_linear=0
shrinkage=0.05


Tree=41
num_leaves=63
num_cat=0
split_feature=12 13 12 13 16 20 12 16 20 16 10 20 15 14 13 12 13 13 25 14 31 14 16 20 7 29 16 20 20 17 20 29 13 31 5 11 20 20 14 25 29 31 29 29 28 20 29 29 25 27 14 31 13 11 14 25 14 29 14 14 9 7
split_gain=202112 51431.3 43705.6 16682.1 13577.3 23815.3 13415.1 8111.51 14668.1 7936.19 7331.12 7012.7 6991.21 6915.24 6525.02 6340.95 6167.74 5825.72 4759.54 4671.79 11736.5 8693.46 4351.07 8649.65 4091.66 4027.74 3868.09 7663.97 3851.2 3782.82 3865.52 3759.61 3613.51 4298.3 3892.79 3508.3 3453.85 3317.5 3278 3706.07 3770.42 5918.78 3249.8 4872.97 3215.95 3166.73 3081.54 4731.87 7706.88 3527.18 3075.79 3417.61 3125.04 3065.02 3005.59 2969.63 2903.44 2873.38 2871.64 2870.21 2807.54 3622.19
threshold=34.250625000000007 -2.2499999999999996 17.324166666666667 -12.749999999999998 1.0000000180025095e-35 0.54500000000000015 52.742083333333348 1.0000000180025095e-35 0.70500000000000007 1.0000000180025095e-35 6.5000000000000009 0.45500000000000007 6.1256250000000003 79.750000000000014 -13.249999999999998 51.407986111111121 -20.749999999999996 -26.249999999999996 3.4506074275808731 75.250000000000014 5.098587828301425 73.750000000000014 1.0000000180025095e-35 0.39500000000000007 0.47876319838701126 0.65000000000000002 1.0000000180025095e-35 0.70500000000000007 0.78500000000000014 3.5000000000000004 0.41500000000000004 1.9500000000000002 21.750000000000004 4.2900045899632815 -1.4999999999999998 6.5004166666666672 0.99500000000000011 0.83500000000000008 54.750000000000007 2.2069202593615538 14.450000000000001 6.7620483870967751 1.5500000000000003 2.6500000000000008 0.44744111660366392 0.78500000000000014 2.7500000000000004 8.2500000000000018 2.7908943686443184 0.54769487412799533 57.750000000000007 2.7428419237012993 7.7500000000000009 2.4170833333333341 61.750000000000007 2.7815134597563458 72.250000000000014 4.8500000000000005 69.250000000000014 65.250000000000014 1.0000000180025095e-35 -0.36371510689397218
decision_type=2 2 2 2 2 2 2 2 2 2 2 2 2 2 2 2 2 2 2 2 2 2 2 2 2 2 2 2 2 2 2 2 2 2 2 2 2 2 2 2 2 2 2 2 2 2 2 2 2 2 2 2 2 2 2 2 2 2 2 2 2 2
left_child=2 4 10 18 5 14 9 8 29 11 -1 -3 -12 16 55 28 -6 -14 26 21 -21 25 23 -19 38 -8 27 -4 -7 30 -5 -27 34 -34 58 60 37 -10 42 -40 41 46 -18 -44 -16 -25 54 48 56 -50 51 -36 -53 -13 -41 -2 -48 -46 59 -33 -9 -62
right_child=1 6 3 7 13 15 19 35 36 -11 12 53 17 -15 44 -17 24 22 -20 20 -22 -23 -24 45 -26 31 -28 -29 -30 -31 -32 32 33 -35 50 -37 -38 -39 39 40 -42 -43 43 -45 57 -47 47 -49 49 -51 -52 52 -54 -55 -56 -57 -58 -59 -60 -61 61 -63
leaf_value=0.20468463456622304 -0.024478375167390778 0.073507863182043651 -0.040431095806633094 -0.0044698454864444933 -0.030138367764552476 0.061061087227785464 0.020365405911081363 -0.069718881599636059 0.05730133012936818 0.056160717686349997 -0.076502980336480855 0.087651905080842279 -0.096606456112713401 0.27797064475397942 -0.023468359404531344 0.18124503965254002 -0.12531196875408662 -0.060641343607990728 0.16385182511616261 0.14106189824607174 0.58140471625216139 -0.14281460010796287 -0.056692936091370952 -0.016550363874033917 -0.097928265665020608 0.30741381179999777 -0.060718749398038743 0.059481901304557154 0.13446313525967127 -0.051362111386442227 0.037554285907468732 0.051774663200421817 0.36731382942522633 0.099278165619339678 -0.046324885824461724 0.032926704544768572 -0.054604512654231468 0.12685421693745932 0.093929683933623678 0.039687459513299404 -0.084004156610297823 0.25153572732532348 0.16318193076840706 -0.0061526060045129054 0.015555395408223741 0.035653514623479605 0.021845585938727669 -0.0087416522559985478 0.10035684730586508 0.26550194989347636 0.17740713282238002 0.075560500967296898 0.27450200060960545 0.15622340583725128 -0.096614331146751609 0.028778173065641025 -0.1590815159815839 0.075846077500294762 -0.06948340120647982 0.20695079030507421 -0.047033538816304232 -0.003338558008197687
leaf_weight=265 7447 8722 11374 14336 10255 4539 597 2427 3269 16519 32823 2236 5417 228 1371 2554 522 10833 281 526 212 268 25066 9793 759 385 14373 2308 2950 2661 8849 940 382 247 342 3785 415 3611 2218 708 761 295 449 7603 2783 4129 2774 3672 2548 370 4334 622 289 6056 941 4035 240 6821 300 436 6187 20311
leaf_count=265 7447 8722 11374 14336 10255 4539 597 2427 3269 16519 32823 2236 5417 228 1371 2554 522 10833 281 526 212 268 25066 9793 759 385 14373 2308 2950 2661 8849 940 382 247 342 3785 415 3611 2218 708 761 295 449 7603 2783 4129 2774 3672 2548 370 4334 622 289 6056 941 4035 240 6821 300 436 6187 20311
internal_value=0.000120369 0.0535702 -0.0321688 -0.0084745 0.0260485 0.0492127 0.0959438 0.00532906 0.0227627 0.0808525 -0.057435 0.104821 -0.0582261 0.00412668 0.0205879 0.113212 0.00228841 -0.0473645 -0.0405521 0.147151 0.268172 0.137353 -0.0420087 -0.0271382 0.0162261 0.145829 -0.0426052 -0.0235738 0.0899891 0.00508938 0.0115704 0.154875 0.147396 0.262384 0.137403 -0.0123345 0.0853697 0.0938196 0.0199808 0.0344498 0.0237252 0.0308311 -0.00453536 0.00330901 0.0481532 -0.00106624 0.0250234 0.0358652 0.0634744 0.121381 0.157454 0.0883496 0.138903 0.137745 -0.0381044 -0.0057621 0.00739067 0.0583788 0.0705086 0.101058 -0.0182581 -0.0135423
internal_weight=292769 110256 182513 94187 66843 32500 43413 65851 33141 33533 88326 17014 88061 34343 22457 10043 34115 55238 28336 9880 738 9142 49821 24755 23860 8874 28055 13682 7489 25846 23185 8277 7892 629 7263 32710 7295 6880 23101 14527 12309 11548 8574 8052 10975 13922 11253 9604 5932 2918 5587 1253 911 8292 1649 11482 3014 9604 1676 1376 28925 26498
internal_count=292769 110256 182513 94187 66843 32500 43413 65851 33141 33533 88326 17014 88061 34343 22457 10043 34115 55238 28336 9880 738 9142 49821 24755 23860 8874 28055 13682 7489 25846 23185 8277 7892 629 7263 32710 7295 6880 23101 14527 12309 11548 8574 8052 10975 13922 11253 9604 5932 2918 5587 1253 911 8292 1649 11482 3014 9604 1676 1376 28925 26498
is_linear=0
shrinkage=0.05


Tree=42
num_leaves=63
num_cat=0
split_feature=0 13 15 2 14 13 13 13 31 29 13 13 29 28 14 27 29 13 29 13 5 13 13 26 31 14 13 6 14 31 29 13 29 14 23 14 29 8 28 29 9 26 29 29 6 13 27 13 29 29 14 14 29 29 29 6 25 14 13 29 14 29
split_gain=187218 51928.8 23899.5 18888.1 18527.5 12505.5 11643 9298.33 8631.96 11679.7 8586.33 10293.3 10494.8 9722.41 8583.97 8166.83 10347.2 14599.4 10579.8 13398.4 7688.94 7270.51 6868.21 6805.42 6512.66 6352.48 6179.65 9246.55 8605.33 10900.8 9234.09 8137.71 7184.62 6206.7 6094.15 12374.6 7781.6 7152.99 5675.71 5658.93 7410.59 5602.27 8408.95 9597.12 9396.29 5540.79 5536.18 5717.19 9339.36 5420.66 7991.01 5287.29 5250.17 7173.38 5203.25 5175.02 5078.79 6797.6 4988.46 4924.94 4729.62 4868.72
threshold=1855.5000000000002 -1.7499999999999998 12.620347222222223 1288.5000000000002 58.250000000000007 -17.249999999999996 -11.749999999999998 -2.2499999999999996 2.8404439293945112 7.9500000000000011 -2.7499999999999996 -3.2499999999999996 9.1500000000000004 0.51928389290267762 79.250000000000014 0.49300665101721447 6.7500000000000009 -2.7499999999999996 7.0500000000000007 -5.2499999999999991 1.0000000180025095e-35 -4.7499999999999991 14.750000000000002 0.8999490577632171 7.3334233018443546 53.750000000000007 14.750000000000002 2.7200643277694598 59.750000000000007 3.6118417200788859 2.6500000000000008 1.2500000000000002 0.95000000000000007 63.250000000000007 2.5000000000000004 58.750000000000007 15.350000000000003 8.5000000000000018 0.50882383473476611 2.8500000000000001 7.5000000000000009 1.2029281694717808 8.2500000000000018 3.2500000000000004 13.345369560847343 2.2500000000000004 0.55269769902142307 -6.7499999999999991 7.6500000000000012 9.5500000000000025 49.750000000000007 46.250000000000007 1.4500000000000002 1.7500000000000002 15.050000000000002 -5.4191916984068831 2.6990422284239357 56.750000000000007 6.7500000000000009 8.4500000000000011 52.250000000000007 13.950000000000001
decision_type=2 2 2 2 2 2 2 2 2 2 2 2 2 2 2 2 2 2 2 2 2 2 2 2 2 2 2 2 2 2 2 2 2 2 10 2 2 2 2 2 2 2 2 2 2 2 2 2 2 2 2 2 2 2 2 2 2 2 2 2 2 2
left_child=2 4 -1 26 5 -2 14 -4 -7 15 11 12 -11 21 34 -10 17 -17 19 -18 -9 56 -5 -8 -12 -22 27 -3 30 33 32 -31 -29 58 35 37 39 -6 -13 52 -41 -25 43 -43 -45 -35 47 48 -20 50 -15 -28 -36 -54 -32 -44 57 60 -30 -33 61 -14
right_child=1 3 7 22 6 8 23 20 9 10 24 38 13 49 -16 16 18 -19 46 -21 25 -23 -24 41 -26 -27 51 28 29 31 54 59 -34 45 36 -37 -38 -39 -40 40 -42 42 55 44 -46 -47 -48 -49 -50 -51 -52 -53 53 -55 -56 -57 -58 -59 -60 -61 -62 -63
leaf_value=-0.061572743298009006 -0.038183835851849555 0.034125236358559352 -0.034711292559009399 0.10938907364371862 0.41081982165904202 -0.017055315167383688 0.17653642567885561 -0.01742156186811078 0.0090245918106721234 -0.077891445288612582 -0.065228952505389348 0.050867572396415921 0.049223215175337731 0.046314317081467257 0.34106459538621864 0.011544311127754732 0.22191992819684897 0.42990238466562131 -0.093482328757828095 0.70974061078396611 -0.015868526961163497 -0.1426634895797145 0.19347333201330666 0.042105507210783703 -0.37265536370754676 0.062119698870486739 0.25914226299705784 0.055360301048300309 0.077807256599806585 0.56465301188753869 0.022094719873824643 0.41827836662092177 0.35989977136500906 0.22522204511973795 0.073751562117053901 -0.045469029763882562 -0.24666997998827647 0.055190288765575982 0.31698910854756834 0.039239825330813938 0.17428759106902195 0.0016314356594838418 0.20904045892963152 0.22792120151151157 -0.12113913555319111 -0.053519401139719272 0.37781513324053728 0.21540060221980981 0.27429488710445876 0.068825673124399217 0.43190751985174175 0.091063861978349148 -0.39157044555621123 -0.044628117213753919 0.2311385175482657 -0.023616332513520796 0.095075543946670116 0.22795035440044908 0.40876071786197521 0.16107995349493606 -0.12750212441478201 -0.11689296937807173
leaf_weight=64180 16121 22493 53369 13637 231 13030 1587 24326 2215 2685 1031 373 1592 270 205 2145 475 230 595 200 4187 867 2957 8433 206 6935 505 358 250 204 4663 241 422 228 433 5808 237 363 433 10229 1127 796 288 2402 209 804 200 598 242 3788 267 6280 210 508 317 1381 1392 259 209 819 1008 609
leaf_count=64180 16121 22493 53369 13637 231 13030 1587 24326 2215 2685 1031 373 1592 270 205 2145 475 230 595 200 4187 867 2957 8433 206 6935 505 358 250 204 4663 241 422 228 433 5808 237 363 433 10229 1127 796 288 2402 209 804 200 598 242 3788 267 6280 210 508 317 1381 1392 259 209 819 1008 609
internal_value=-0.000116989 0.041739 -0.0383257 0.0799155 0.0173908 -0.00179473 0.0457008 -0.0215266 0.0151067 0.0344365 0.00935944 0.0208799 0.00990737 0.0333648 0.0200244 0.0881431 0.125539 0.0522229 0.200864 0.367295 -0.00167591 -0.00936913 0.124383 0.0786109 -0.116685 0.0327614 0.0603879 0.0509272 0.0953016 0.16797 0.0605214 0.275939 0.220374 0.0763151 0.0165693 -0.0232282 0.0365621 0.193949 0.194049 0.0419484 0.0526565 0.0670946 0.108594 0.153625 0.199945 0.00822142 0.131971 0.0974674 0.0130527 0.0899406 0.23848 0.10361 -0.0636536 -0.146505 0.0354451 0.0166317 0.0144344 -0.0179518 0.229064 0.219895 -0.0378635 0.00322792
internal_weight=292662 139665 152997 54387 85278 50831 34447 88817 34710 21680 14780 13543 12737 10052 19351 6900 4685 2375 2310 675 35448 5727 16594 15096 1237 11122 37793 31008 8515 2755 5760 1264 780 1491 19146 6402 12744 594 806 12507 11356 13509 5076 3407 2611 1032 1635 1435 837 4325 537 6785 1151 718 4980 1669 4860 3468 459 1060 3209 2201
internal_count=292662 139665 152997 54387 85278 50831 34447 88817 34710 21680 14780 13543 12737 10052 19351 6900 4685 2375 2310 675 35448 5727 16594 15096 1237 11122 37793 31008 8515 2755 5760 1264 780 1491 19146 6402 12744 594 806 12507 11356 13509 5076 3407 2611 1032 1635 1435 837 4325 537 6785 1151 718 4980 1669 4860 3468 459 1060 3209 2201
is_linear=0
shrinkage=0.05


Tree=43
num_leaves=63
num_cat=0
split_feature=12 13 12 12 10 13 13 19 16 16 19 9 13 5 7 23 16 19 19 13 14 8 14 14 24 8 12 14 13 6 31 14 6 9 14 13 6 13 8 13 14 14 14 27 14 13 8 16 19 10 5 31 26 14 14 30 27 19 16 19 27 14
split_gain=169272 40162.9 36492 15104.4 12706.8 12000.2 8358.64 7476.58 11460.9 7082 9726.94 6684.13 6119.07 5989.27 8801.41 6637.69 5924.16 7569.16 5712.87 5676.51 8545.14 5410.48 6495.82 5535.28 7593.94 5400.43 4801.7 4525.8 4488.43 4467.74 4074.76 4059.59 4763.38 3988.02 6993.93 6521.32 9449.58 5594.55 3987.38 3777.6 5577.07 3810.61 6058.7 3719.57 3705.69 6998.01 4274.85 3679.39 7465.22 3677.56 3604.11 3599.64 3814.04 3553.87 4428.28 3594.09 3512.44 3498.94 3477.63 3525.9 3410.6 5155.88
threshold=33.800416666666678 -5.7499999999999991 19.727222222222228 48.623472222222226 5.5000000000000009 -7.2499999999999991 -26.249999999999996 23.500000000000004 1.0000000180025095e-35 1.0000000180025095e-35 24.500000000000004 13.500000000000002 14.750000000000002 15.500000000000002 -1.7255639707432573 2.5000000000000004 1.0000000180025095e-35 48.500000000000007 1.0000000180025095e-35 14.750000000000002 46.250000000000007 20.500000000000004 67.250000000000014 64.750000000000014 82.500000000000014 20.500000000000004 62.921666666666674 57.750000000000007 16.250000000000004 5.4966656475898672 4.4793446963343362 58.250000000000007 18.093986834173435 1.0000000180025095e-35 61.250000000000007 -29.749999999999996 3.5002380790433443 -30.749999999999996 20.500000000000004 23.750000000000004 63.750000000000007 58.250000000000007 55.750000000000007 0.41033051726693354 69.250000000000014 -3.2499999999999996 9.5000000000000018 1.0000000180025095e-35 29.500000000000004 41.500000000000007 -17.499999999999996 7.9312803268384675 1.2592766085527165 70.250000000000014 67.750000000000014 1.0000000180025095e-35 0.56267076502732249 4.5000000000000009 1.0000000180025095e-35 21.500000000000004 0.5208957085828344 63.750000000000007
decision_type=2 2 2 2 2 2 2 2 2 2 2 2 2 2 2 8 2 2 2 2 2 2 2 2 2 2 2 2 2 2 2 2 2 2 2 2 2 2 2 2 2 2 2 2 2 2 2 2 2 2 2 2 2 2 2 2 2 2 2 2 2 2
left_child=2 6 4 19 -1 11 30 8 18 10 -8 47 25 14 -9 -16 17 -7 -6 21 -21 23 27 24 -3 26 44 -23 -22 39 33 -12 51 -2 37 36 -36 -35 49 -30 41 42 -41 -13 58 -46 -47 48 -4 -18 -45 52 -33 54 55 -14 -25 -20 59 -5 61 -32
right_child=1 3 5 12 7 16 9 13 -10 -11 31 43 53 -15 15 -17 38 -19 57 20 28 22 -24 56 -26 -27 -28 -29 29 -31 60 32 -34 34 35 -37 -38 -39 -40 40 -42 -43 -44 50 45 46 -48 -49 -50 -51 -52 -53 -54 -55 -56 -57 -58 -59 -60 -61 -62 -63
leaf_value=0.32130841372243596 -0.023542889804941371 0.056692542183788858 0.063852052089714215 0.21659156083906367 -0.087795082984312364 0.063109446307197017 0.13243288689773589 -0.086566568308176203 -0.062700797120524648 0.0088802469675581426 0.012485454274101263 -0.080040339046016137 0.19989266551368706 -0.079659717789540521 -0.064383230319301196 -0.025463398629490059 -0.0098383359676556693 0.0057142262671924741 0.10481185410343966 0.3671642909124494 0.20298519178524341 0.04453301482532946 0.023602766737424861 -0.026048689189717058 -0.17810058549777366 0.33283353585359315 0.1642160035239042 0.26227147935654732 0.049659936091841821 -0.094739907650613409 -0.084352687571626686 0.055190300629436341 -0.09078420756011063 -0.10474308512681932 0.37033716296119729 -0.054652781902267689 0.078725511930218012 0.084104991960232287 0.037028562127001806 0.24313696159293988 -0.044586782900073542 0.3876865220157073 -0.072271086228567927 0.19117649742972495 0.27630012105153479 -0.10628895264994882 0.08401710536756575 -0.06056804943939792 -0.039885469908660924 -0.092204967807563765 0.013960680079814367 -0.13670031600496144 0.13642394822314272 0.31929058232118407 -0.025357806375348881 -0.017801820406574381 0.18164103712869406 0.01730762140162297 0.069355582203838778 0.10697038625352312 -0.15148566184405443 0.055121623055007576
leaf_weight=229 6026 26308 2105 844 1128 9703 3034 12404 8650 21734 9183 1037 2124 21733 16998 30819 17496 14078 1378 299 762 327 852 3290 348 247 2334 887 2327 370 1901 5900 490 981 407 423 873 652 4315 556 270 234 209 297 212 773 476 12280 9825 1468 7712 205 1914 390 294 208 216 6662 6430 5631 814 1016
leaf_count=229 6026 26308 2105 844 1128 9703 3034 12404 8650 21734 9183 1037 2124 21733 16998 30819 17496 14078 1378 299 762 327 852 3290 348 247 2334 887 2327 370 1901 5900 490 981 407 423 873 652 4315 556 270 234 209 297 212 773 476 12280 9825 1468 7712 205 1914 390 294 208 216 6662 6430 5631 814 1016
internal_value=0.000286808 0.0483354 -0.0297631 0.0777367 -0.049921 -0.00466429 0.0180521 -0.0507763 -0.0214203 0.0288219 0.049732 -0.0276547 0.112831 -0.0571584 -0.0490367 -0.0392997 0.0115826 0.029134 0.0175303 0.0589289 0.108345 0.0512177 0.129481 0.0458528 0.0536207 0.101142 0.0976952 0.203707 0.0919034 0.0705151 -0.0168734 0.0355429 0.0604224 0.000737022 0.0445891 0.115452 0.171666 -0.0293373 -0.00634773 0.0875402 0.156908 0.211357 0.156985 0.00901597 0.0868771 0.0113956 -0.0337532 -0.0413563 -0.0215776 -0.0162188 0.0205555 0.069672 0.075103 0.17846 0.157431 0.180476 -0.0132051 0.0323164 0.095421 0.12129 -0.0610506 -0.0357711
internal_weight=293088 112771 180317 57218 100001 80316 55553 99772 17818 42460 20726 33256 19963 81954 60221 47817 47060 23781 9168 37255 5027 32228 2066 30162 26656 16947 16700 1214 4728 3966 13093 17692 8509 9362 3336 1703 1280 1633 23279 3596 1269 999 765 9046 14366 1461 1249 24210 11930 18964 8009 8019 7814 3016 2626 2332 3506 8040 12905 6475 3731 2917
internal_count=293088 112771 180317 57218 100001 80316 55553 99772 17818 42460 20726 33256 19963 81954 60221 47817 47060 23781 9168 37255 5027 32228 2066 30162 26656 16947 16700 1214 4728 3966 13093 17692 8509 9362 3336 1703 1280 1633 23279 3596 1269 999 765 9046 14366 1461 1249 24210 11930 18964 8009 8019 7814 3016 2626 2332 3506 8040 12905 6475 3731 2917
is_linear=0
shrinkage=0.05


Tree=44
num_leaves=63
num_cat=0
split_feature=12 11 12 0 12 13 14 13 5 31 31 26 16 19 13 16 19 31 14 13 31 13 31 31 28 22 28 28 31 27 21 14 14 27 7 6 28 31 14 27 9 5 8 13 27 8 13 28 31 27 14 8 8 14 7 28 27 14 6 16 19 28
split_gain=152216 44653.4 18703.8 16826.7 12380.4 11152.8 8490.84 9047.24 7114.4 6872.94 9230.55 6837.31 6630.08 13193.3 6340.86 5387.4 5857.73 5257.68 5820.9 9824.54 6979.32 13366.6 6355.19 6274.43 6120.94 7034.59 5576.42 4961.7 6234.34 11718.1 8104.14 5423.61 11375.6 5201.95 4993.55 4874.36 4705.59 5370.01 6696.06 4751.48 4597.23 4551.32 4483.42 4460.87 4630.91 4182.41 8536.57 9889.61 9813.43 4144.72 4111.94 4077.65 4479.26 6915.73 5428.58 3887.65 3973.33 5083.45 4812.52 3881.01 4270.09 3860.97
threshold=25.671875000000004 2.4170833333333341 46.52256944444445 2695.5000000000005 12.149166666666668 -12.749999999999998 82.250000000000014 -23.749999999999996 -22.499999999999996 2.8008939974457223 3.5315699984109332 1.1420762399345306 1.0000000180025095e-35 49.500000000000007 32.000000000000007 1.0000000180025095e-35 34.500000000000007 3.1899318181818184 62.250000000000007 -20.749999999999996 4.0307273396706398 -13.749999999999998 4.5285826061697616 5.0396226853501744 0.53583099906629328 2.5000000000000004 0.48579499596448755 0.49319696408737507 6.0045903010033461 0.47837774661056576 1.0000000180025095e-35 53.750000000000007 45.250000000000007 0.37150663544106172 0.26319912912962445 18.469313889288873 0.4677890963969063 4.6535586485732887 47.750000000000007 0.52478758514149304 5.5000000000000009 19.500000000000004 6.5000000000000009 -5.2499999999999991 0.51524446923219946 20.500000000000004 6.2500000000000009 0.52581763242090307 2.2561979719067704 0.58633653098262906 58.750000000000007 32.500000000000007 2.5000000000000004 49.250000000000007 -0.057961682391257686 0.54295175023651854 0.49675310984608906 44.750000000000007 -2.7705795604997667 1.0000000180025095e-35 31.500000000000004 0.50120772946859915
decision_type=2 2 2 2 2 2 2 2 2 2 2 2 2 2 2 2 2 2 2 2 2 2 2 2 2 10 2 2 2 2 10 2 2 2 2 2 2 2 2 2 2 2 2 2 2 2 2 2 2 2 2 2 2 2 2 2 2 2 2 2 2 2
left_child=4 2 5 8 -1 11 7 -4 -3 -7 55 -2 13 -6 15 16 -5 49 26 22 21 -21 -20 -22 25 -25 -19 28 29 34 31 32 -30 -29 -12 51 37 -31 -39 42 -26 -14 -40 44 -23 59 -47 48 -48 -9 -36 52 53 -35 -55 56 -11 -58 -59 60 -10 -50
right_child=1 3 6 14 12 9 -8 17 45 10 27 -13 41 -15 -16 -17 -18 18 19 20 23 43 -24 24 40 -27 -28 33 30 36 -32 -33 -34 35 50 -37 -38 38 39 -41 -42 -43 -44 -45 -46 46 47 -49 61 -51 -52 -53 -54 54 -56 -57 57 58 -60 -61 -62 -63
leaf_value=-0.055875178932868724 -0.033086804620142865 -0.054612869545349232 -0.0025366498567458203 0.18667732023045602 0.028059334289839907 -0.0054731914363229939 0.34891508962830597 0.037372914308788162 0.12349660892625894 0.058114356778086157 -0.10985712891486626 0.015606970451235051 -0.03206007091194988 -0.034835353366627068 0.34752067235971662 0.077610309356680507 0.10520656309340437 -0.028865550864913637 0.14852601258733153 -0.041909083450168728 -0.0078413996095898116 0.033919648867260462 0.52781212042484971 -0.069060944201155286 -0.18122005349681747 0.18570578503095947 0.071326291488227972 0.20777167541341546 0.17423018553590244 0.040132242421085318 -0.21839827456545061 0.047951789816647106 -0.21322790349583232 0.018858385554366999 -0.048209521449864547 -0.19897535095612209 -0.0087240837065195379 -0.048998695410678896 0.36660320928311246 0.39672833703728794 0.12876398762421948 -0.07902454342877939 0.096877680087954152 0.35572208064766647 0.28885429333282425 -0.11380422092219698 0.48172046697448379 -0.064912291023761823 0.081753456990180676 -0.1874096036536628 0.21775199384251731 0.22710673514793928 0.01648867575058861 0.11292548382315189 0.34879741539483644 -0.030216463262345214 -0.05680888515407756 0.038380201328607186 0.19891663253355854 0.021805985769526935 0.047404078160925497 0.29996608162627503
leaf_weight=61706 23798 1685 7641 2984 13908 17673 231 10977 2502 2951 1870 10341 28935 20817 266 11171 8492 1749 220 503 1840 325 223 317 277 1846 6733 441 257 1648 694 1216 713 1574 375 221 1428 272 205 302 209 6278 616 640 394 315 308 345 604 208 236 276 9379 904 334 644 294 606 2040 9142 7010 305
leaf_count=61706 23798 1685 7641 2984 13908 17673 231 10977 2502 2951 1870 10341 28935 20817 266 11171 8492 1749 220 503 1840 325 223 317 277 1846 6733 441 257 1648 694 1216 713 1574 375 221 1428 272 205 302 209 6278 616 640 394 315 308 345 604 208 236 276 9379 904 334 644 294 606 2040 9142 7010 305
internal_value=0.000314768 0.0329583 0.0164966 0.0751393 -0.0395511 0.00342971 0.047441 0.0453887 0.04413 0.0191836 0.0339568 -0.018337 -0.0251478 -0.00964479 0.105202 0.102341 0.126405 0.0592274 0.0782984 0.112784 0.0968692 0.178235 0.340212 0.0630874 0.112339 0.148354 0.0506656 0.0190329 -0.00782547 0.0178017 -0.0696712 -0.0223759 -0.110498 0.0391456 -0.069324 0.0332687 0.0661532 0.101282 0.173443 0.227315 -0.0479235 -0.0404352 0.164591 0.259686 0.173827 0.0522362 0.123365 0.171236 0.238179 0.0331764 0.0547066 0.0374013 0.0330881 0.0884275 0.176792 0.0863817 0.0991311 0.140268 0.162178 0.0450729 0.06743 0.15522
internal_weight=292414 160770 115641 45129 131644 81308 34333 34102 22216 47169 29496 34139 69938 34725 22913 22647 11476 26461 15276 6794 6351 1862 443 4489 2649 2163 8482 22961 9832 6952 2880 2186 970 13129 2481 12688 4471 3043 1395 1123 486 35213 821 1359 719 20531 1877 1562 1217 11185 611 12467 12191 2812 1238 6535 5891 2940 2646 18654 9512 909
internal_count=292414 160770 115641 45129 131644 81308 34333 34102 22216 47169 29496 34139 69938 34725 22913 22647 11476 26461 15276 6794 6351 1862 443 4489 2649 2163 8482 22961 9832 6952 2880 2186 970 13129 2481 12688 4471 3043 1395 1123 486 35213 821 1359 719 20531 1877 1562 1217 11185 611 12467 12191 2812 1238 6535 5891 2940 2646 18654 9512 909
is_linear=0
shrinkage=0.05


Tree=45
num_leaves=63
num_cat=0
split_feature=0 11 10 15 3 14 14 14 23 29 11 14 11 14 14 29 29 14 28 9 11 9 29 31 27 10 9 10 14 0 14 29 25 14 25 19 29 11 11 28 28 9 29 31 29 27 28 11 31 27 25 29 19 6 29 26 29 14 14 8 15 29
split_gain=141098 40477.2 19170.5 18405.9 15901 15010.7 8614.58 8595.88 7114.54 6678.67 7038.28 6412.73 6163.59 7339.19 7071.32 6253.7 6347.38 9483.42 8144.98 6666.1 6122.52 6265.44 5961.94 5818.78 5616.7 5606.08 5447.86 5636.81 5791.56 7608.36 5336 7540.05 9035.07 5286.65 6925.46 5235.32 5147.76 5768.58 5064.14 9867.41 5060.54 6021.1 4991.25 7758.73 5083.31 4847.43 5643.85 4872.5 4857.25 8384.16 9067.95 5409.02 4823.62 4781.89 4742.88 4433.68 5750.42 5685.5 6207.05 6007.05 5382.74 4938.13
threshold=1855.5000000000002 -1.0000000180025095e-35 2.5000000000000004 15.248263888888891 1.5000000000000002 58.250000000000007 36.750000000000007 81.750000000000014 2.5000000000000004 0.55000000000000016 -16.572083333333328 58.250000000000007 -1.8310416666666665 62.250000000000007 60.250000000000007 2.7500000000000004 11.050000000000002 69.250000000000014 0.60386699047263226 7.5000000000000009 3.5940972222222225 45.500000000000007 1.0500000000000003 1.4962926310773914 0.52647150420429789 5.5000000000000009 8.5000000000000018 11.500000000000002 62.750000000000007 3393.5000000000005 59.250000000000007 5.6500000000000012 2.7134216687113808 67.250000000000014 2.8649546271254773 15.500000000000002 13.250000000000002 -8.0435416666666644 8.4512500000000035 0.52280154486036856 0.54849910394265244 1.5000000000000002 3.8500000000000001 2.0889792838117791 3.2500000000000004 0.52567765567765579 0.46686626746506993 -3.3297222222222214 6.9084536532170118 0.49041523762861344 2.500349650349651 15.850000000000003 13.500000000000002 12.125478174578005 9.4500000000000011 1.4202984138115584 8.2500000000000018 72.250000000000014 70.250000000000014 13.500000000000002 67.23819444444446 6.1500000000000012
decision_type=2 2 2 2 2 2 2 2 10 2 2 2 2 2 2 2 2 2 2 2 2 2 2 2 2 2 2 2 2 2 2 2 2 2 2 2 2 2 2 2 2 2 2 2 2 2 2 2 2 2 2 2 2 2 2 2 2 2 2 2 2 2
left_child=2 5 -1 52 11 6 -2 8 30 24 -11 38 15 14 -14 22 18 -18 19 23 -5 -22 -10 -17 -8 36 27 28 -13 -30 31 32 -7 54 -35 -6 -12 -38 39 42 41 -32 44 -44 -3 48 -47 53 -27 51 -51 -50 -4 -48 -21 57 -57 58 61 -60 -59 -25
right_child=1 4 3 20 35 7 9 -9 12 10 25 26 13 -15 -16 16 17 -19 -20 33 21 -23 -24 55 -26 45 -28 -29 29 -31 40 -33 -34 34 -36 -37 37 -39 -40 -41 -42 -43 43 -45 -46 46 47 -49 49 50 -52 -53 -54 -55 -56 56 -58 60 59 -61 -62 -63
leaf_value=0.44440514134154435 -0.29643284790977992 0.004671956421853145 -0.014163582639748257 -0.021953570794289137 0.11010280288952615 0.076107487100164739 -0.050560273867301123 0.35428582405107556 0.068349066936920264 -0.03140401683348578 0.057373238101328022 0.18363387927233299 0.21511751047912098 0.25075600438332851 -0.1094571297181576 0.26931921589077878 -0.037580814973172297 0.15626140054144705 -0.22515510804381825 0.16473537610376179 0.024901483584763288 -0.18459080338937439 -0.081084906728951925 0.0014548125664415356 -0.27245621095312178 -0.012026502118462351 0.044016007648649901 0.24901178965199011 0.037747397701657678 0.17880714198530864 -0.063160033689399639 0.0059573956566509358 0.49920074789347879 -0.088157688220012562 0.2111747208029725 0.035947330336086929 0.093252193405178277 -0.12648250423725738 0.11693103008834818 0.1669172948625624 -0.11948692788515283 0.030562334063465504 0.32844911863306359 0.043551395732896764 -0.21312982041267389 0.16016352583445839 0.086969887763082177 -0.08321918440510874 0.34440463713665559 0.13458383695366619 -0.16107003834300612 0.088906035868470748 -0.054887609314126257 -0.11347380295545291 0.39828056957290042 0.16532463421498919 -0.0070789568051027613 -0.15898940302043532 0.36888837466637292 0.017922850927929036 0.10396795568480931 0.074469011190710852
leaf_weight=209 244 1111 8117 63511 2662 315 1605 217 1098 10913 9525 2987 293 837 390 328 3198 785 228 1441 10897 368 1699 3906 346 23286 1495 1179 2496 1549 2394 866 210 440 343 22435 462 841 5931 1739 921 6023 247 6593 352 942 2021 830 327 477 566 565 69857 348 256 1751 668 623 296 207 282 5687
leaf_count=209 244 1111 8117 63511 2662 315 1605 217 1098 10913 9525 2987 293 837 390 328 3198 785 228 1441 10897 368 1699 3906 346 23286 1495 1179 2496 1549 2394 866 210 440 343 22435 462 841 5931 1739 921 6023 247 6593 352 942 2021 830 327 477 566 565 69857 348 256 1751 668 623 296 207 282 5687
internal_value=0.000187494 0.0365005 -0.0329959 -0.033652 0.0721226 0.0161769 -0.000629244 0.0412655 0.0393414 0.000736745 0.00420378 0.0997839 0.0540796 0.151598 0.029893 0.0476941 0.0572895 0.000652719 0.0709969 0.0751714 -0.0159281 0.0180421 -0.0224191 0.0615524 -0.0900318 0.0138731 0.131842 0.147825 0.130827 0.0917959 0.00533259 0.0966569 0.245972 0.150614 0.0430696 0.043817 0.0446223 -0.0485602 0.080297 0.0586508 -0.00828009 0.00390107 0.0359578 0.0538859 -0.0478413 0.00253239 0.0526629 0.0209674 -0.00570023 0.0703977 -0.0258579 0.182851 -0.0506485 0.0574898 0.200181 0.0564547 0.117733 0.0429708 0.0537339 0.224777 -0.077027 0.0447429
internal_weight=292735 139776 152959 152750 50776 89000 53298 35702 35485 53054 51103 25679 24756 1520 683 23236 20439 3983 16456 16228 74776 11265 2797 13748 1951 40190 9706 8211 7032 4045 10729 1391 525 2480 783 25097 10828 1303 15973 10042 9338 8417 8303 6840 1463 29362 4141 3199 25221 1935 1043 892 77974 2369 1697 13420 2419 11001 10096 503 905 9593
internal_count=292735 139776 152959 152750 50776 89000 53298 35702 35485 53054 51103 25679 24756 1520 683 23236 20439 3983 16456 16228 74776 11265 2797 13748 1951 40190 9706 8211 7032 4045 10729 1391 525 2480 783 25097 10828 1303 15973 10042 9338 8417 8303 6840 1463 29362 4141 3199 25221 1935 1043 892 77974 2369 1697 13420 2419 11001 10096 503 905 9593
is_linear=0
shrinkage=0.05


Tree=46
num_leaves=63
num_cat=0
split_feature=15 13 15 10 11 15 7 14 14 16 19 14 14 16 19 16 19 7 8 10 11 29 14 29 11 7 13 24 28 17 28 21 17 29 13 31 23 19 16 20 17 25 6 13 25 13 25 6 29 29 7 13 28 10 27 31 29 8 13 27 29 13
split_gain=123534 37202.9 20182.6 12922.4 10884.7 10864.5 10002.4 8919.72 7413.6 7121.27 9431.1 6927.02 9889.41 6767.27 14734.9 6366.31 10416.4 5435.16 4768.6 6819.21 6688.4 5128.55 5796.26 6346.12 4473.69 4240.15 3931.12 3915.85 3901.65 3866.37 3744.6 3642.57 3607.29 3594.16 7301.5 4218.35 3577 3543.84 3459.37 5199.85 3904.84 3438.71 3143.84 3900.2 3969.73 3701.33 3181.14 4785.58 6105.86 7503.83 4488.83 4378.92 3891.88 3410.2 3191.87 3740.49 5368.16 3750.57 3693.96 3855.37 3680.59 3843.97
threshold=25.107083333333339 -4.7499999999999991 40.231180555555561 2.5000000000000004 0.52034722222222241 40.685486111111118 -0.29994644769725093 83.250000000000014 79.250000000000014 1.0000000180025095e-35 46.500000000000007 40.750000000000007 41.250000000000007 1.0000000180025095e-35 45.500000000000007 1.0000000180025095e-35 48.500000000000007 -1.599438990182328 20.500000000000004 41.500000000000007 15.902569444444447 8.4500000000000011 51.750000000000007 9.0500000000000025 -13.138194444444443 1.3158581833173013 8.7500000000000018 16.500000000000004 0.40273117076808357 2.5000000000000004 0.5143682906688688 -1.0000000180025095e-35 1.0000000180025095e-35 2.8500000000000001 6.7500000000000009 1.065737792201207 2.5000000000000004 12.500000000000002 1.0000000180025095e-35 0.75500000000000012 3.5000000000000004 3.1503822496458862 15.857170645320306 -18.249999999999996 3.0231055164778371 -9.7499999999999982 3.0928756619932916 11.093328826092621 3.5500000000000003 8.0500000000000025 -0.55993779160186619 -13.249999999999998 0.39775866398794579 35.500000000000007 0.50797894915541986 6.9084536532170118 15.850000000000003 16.500000000000004 -5.2499999999999991 0.43681185722928018 0.65000000000000002 -6.2499999999999991
decision_type=2 2 2 2 2 2 2 2 2 2 2 2 2 2 2 2 2 2 2 2 2 2 2 2 2 2 2 2 2 2 2 10 2 2 2 2 10 2 2 2 2 2 2 2 2 2 2 2 2 2 2 2 2 2 2 2 2 2 2 2 2 2
left_child=3 5 18 -1 15 11 36 9 13 10 27 -2 -13 14 -7 16 17 -5 19 20 38 28 -23 -24 -14 -17 33 -4 -20 32 -11 -25 -19 34 35 -8 -6 -34 39 40 -3 -30 46 -44 45 -45 50 48 -48 51 -26 -50 53 -52 55 57 -57 58 59 -54 -56 -62
right_child=1 2 7 4 6 8 26 -9 -10 30 -12 12 24 -15 -16 25 -18 29 21 -21 -22 22 23 31 42 -27 -28 -29 41 -31 -32 -33 37 -35 -36 -37 -38 -39 -40 -41 -42 -43 43 44 -46 -47 47 -49 49 -51 52 -53 54 -55 60 56 -58 -59 -60 -61 61 -63
leaf_value=0.33256580723781387 -0.16693993516674976 0.035041553035775351 0.19643091924477207 -0.075120350631030869 -0.070859157257458838 0.11034126975380119 0.065696958918516846 0.40468064957971212 0.2257489480732216 0.02940668222609142 0.07151494071744309 0.30847959339066788 -0.036770654655412321 0.0013506560962405958 0.01436186465221035 -0.049241859903179662 -0.053289538371839251 -0.078732501504184427 -0.090739986802457553 -0.079724002131723842 0.16725695320483613 -0.19923954220455992 -0.17995943310145374 0.24425874843519055 -0.1566009324921494 -0.081283554644463241 0.050012757370838982 0.11785109014726376 0.10751741607251351 -0.029471051248886979 0.0744311031078108 0.0458331794526863 0.089702348676791485 -0.015116102956196868 -0.16214416885493899 0.27679357392188658 -0.024183992229243279 0.015901905901000504 0.0077781756324181153 0.094876609366222775 -0.05010307244919824 0.27999901820677725 0.026603916317197641 -0.1048508497938105 -0.24235779036633956 0.045105512265947244 -0.12471738375369974 -0.12665762067927097 0.38046615412781953 -0.012323891935251062 -0.092805664891284237 0.14512529272421551 -0.073008860293554079 0.11673084364140436 -0.10789629949566548 0.24030084332339674 -0.02581803771060201 0.024191963811865089 -0.2033071696407534 -0.00072930827747923199 0.025487846864196018 0.12898863087569651
leaf_weight=235 710 12586 2381 2389 5758 5691 889 208 449 8027 12023 242 12369 20064 13444 31483 27139 812 223 1562 829 284 265 289 449 15370 5462 4770 2790 5285 10879 1146 2035 8577 277 322 14297 8094 17295 3393 1507 322 1195 1287 340 604 252 270 316 491 1606 531 2920 220 462 358 401 4174 309 5008 8434 1003
leaf_count=235 710 12586 2381 2389 5758 5691 889 208 449 8027 12023 242 12369 20064 13444 31483 27139 812 223 1562 829 284 265 289 449 15370 5462 4770 2790 5285 10879 1146 2035 8577 277 322 14297 8094 17295 3393 1507 322 1195 1287 340 604 252 270 316 491 1606 531 2920 220 462 358 401 4174 309 5008 8434 1003
internal_value=-0.000345076 0.0283611 0.0525594 -0.0370879 -0.0377681 0.0049788 -0.0142627 0.0788876 0.0239564 0.0770975 0.0985691 -0.0121409 -0.00959538 0.0216393 0.0429117 -0.0467993 -0.0335318 -0.00472557 0.0288341 0.0224967 0.0269826 0.0731106 0.00944746 0.0444071 -0.0113927 -0.0597546 0.015865 0.144039 0.11097 0.00564284 0.0553175 0.0859371 0.0226056 -0.00266912 0.0690386 0.122009 -0.0375878 0.0307364 0.0236345 0.0393163 0.0259339 0.125448 -0.00114365 -0.0462751 -0.085306 -0.0569551 0.00454158 0.0676375 0.10069 0.143205 -9.15221e-05 0.233272 0.00273742 -0.0675102 0.00830048 -0.00782375 0.0998541 -0.0144164 -0.0339812 -0.0273568 0.0297514 0.0365008
internal_weight=292802 164378 80779 128424 128189 83599 35582 38288 39648 38080 19174 43951 43241 39199 19135 92607 45754 18615 42491 37172 35610 5319 1984 1700 42999 46853 15527 7151 3335 16226 18906 1435 10941 10065 1488 1211 20055 10129 34781 17486 14093 3112 30630 3426 2231 1891 27204 1860 1590 1338 25344 847 24895 1826 23069 13170 759 12411 8237 7928 9899 9437
internal_count=292802 164378 80779 128424 128189 83599 35582 38288 39648 38080 19174 43951 43241 39199 19135 92607 45754 18615 42491 37172 35610 5319 1984 1700 42999 46853 15527 7151 3335 16226 18906 1435 10941 10065 1488 1211 20055 10129 34781 17486 14093 3112 30630 3426 2231 1891 27204 1860 1590 1338 25344 847 24895 1826 23069 13170 759 12411 8237 7928 9899 9437
is_linear=0
shrinkage=0.05


Tree=47
num_leaves=63
num_cat=0
split_feature=12 13 0 16 19 12 8 13 19 13 16 19 5 31 17 12 17 19 17 28 13 19 29 12 6 29 5 12 29 29 26 19 28 29 28 31 13 13 29 27 13 19 5 5 11 31 13 8 8 29 29 29 13 13 11 6 27 13 8 25 29 24
split_gain=113004 35643.3 15927.9 13891.8 26273.4 9875.28 8524.54 6755.05 6591.08 6353.58 6210.92 11152.6 6057.5 6023.99 6021.8 5538.14 4557.12 4502.26 4396.32 4395.22 4336.62 4259.96 3988.88 4032.43 4134.75 5132.22 3984.93 3978.69 3913.15 5872.85 4044.27 3792.73 3617.48 4691.52 9943.06 4714.92 3921 3556.06 4725.06 3919.65 3457.86 3283.81 3256.12 8782.61 6270.14 3241.46 5089.36 7102.96 6739.66 6764.55 5155.41 5108.94 3959.43 3698.66 3870.46 3435.84 3270.37 4158.96 3904.48 3194.59 3055.14 3051.12
threshold=25.671875000000004 -2.2499999999999996 2689.5000000000005 1.0000000180025095e-35 29.500000000000004 11.250208333333335 20.500000000000004 14.750000000000002 64.500000000000014 -22.749999999999996 1.0000000180025095e-35 21.500000000000004 13.500000000000002 7.6564615384615395 1.0000000180025095e-35 45.500486111111123 2.5000000000000004 59.500000000000007 3.5000000000000004 0.5143682906688688 32.000000000000007 15.500000000000002 20.050000000000004 50.757291666666674 2.7200643277694598 6.2500000000000009 19.500000000000004 55.051388888888901 0.25000000000000006 3.9500000000000006 1.0820150341949131 19.500000000000004 0.48657657657657666 4.2500000000000009 0.52506983240223482 2.6691261312217196 6.2500000000000009 1.2500000000000002 8.4500000000000011 0.5048081368469719 6.2500000000000009 1.0000000180025095e-35 -1.0000000180025095e-35 1.0000000180025095e-35 0.1447222222222222 4.4075980392156877 2.7500000000000004 2.5000000000000004 9.5000000000000018 12.65 9.2500000000000018 14.350000000000003 5.2500000000000009 13.250000000000002 2.1752083333333343 2.9641374260968845 0.52393684746625935 11.750000000000002 13.500000000000002 2.6111197457949094 6.7500000000000009 63.500000000000007
decision_type=2 2 2 2 2 2 2 2 2 2 2 2 2 2 2 2 2 2 2 2 2 2 2 2 2 2 2 2 2 2 2 2 2 2 2 2 2 2 2 2 2 2 2 2 2 2 2 2 2 2 2 2 2 2 2 2 2 2 2 2 2 2
left_child=5 3 6 4 14 42 12 22 18 -5 11 41 13 21 -2 -11 17 -13 27 -14 28 61 23 -4 -25 40 -12 -6 -9 30 -30 -16 36 34 -34 -35 -8 -37 -39 -40 -26 -7 -1 -44 -45 -23 47 -47 50 52 -48 -51 -50 54 -52 -49 57 58 -54 -15 -38 -3
right_child=1 2 7 9 8 10 32 20 -10 15 26 16 19 59 31 -17 -18 -19 -20 -21 -22 45 -24 24 25 -27 -28 -29 29 -31 -32 -33 33 35 -36 37 60 38 39 -41 -42 -43 43 44 -46 46 48 55 49 51 53 -53 56 -55 -56 -57 -58 -59 -60 -61 -62 -63
leaf_value=-0.064929943762029152 -0.039198231573973889 0.12782706580534528 0.058298825886166306 -0.040135365754619734 0.033436190754394544 -0.040775892970088184 -0.021686696275531776 -0.046146016245789873 -0.007752775961278411 -0.012628221854720163 -0.029188851012692408 0.019141031750813973 0.065313786158592194 -0.0012060459813547069 0.1486454078917325 0.028636503657338108 -0.048978800686604471 -0.026643808991890519 -0.032546210331981656 0.31481301865502687 0.32476353991094609 0.0072772257596625317 -0.12841167933649708 0.083716273031469224 -0.0037197267300740793 0.24195278087913868 -0.071741839296499563 0.11085660373258355 0.13768008104930429 0.11007154940839754 0.36509826754354135 0.077243137203534984 0.41518920634989631 -0.12674687388444358 -0.0027974115727707285 0.27110520080178652 0.26246133510622066 0.19284976709868085 0.13606334247407043 -0.10745118105793888 0.20854463094519607 0.069984576307635257 0.04458087277789647 -0.057230928375066603 0.0045684176580260165 0.17798141929842298 0.25400382899957846 -0.1355199099518862 0.049466249220746605 -0.11395324871378805 0.14431359529168461 0.17581669861195137 0.22971172469299894 0.083338547626980355 -0.053426958697192863 0.055305981195358449 0.082498945162871928 0.17143418114913353 0.5196849129665857 -0.14840114276979716 0.043408746125723797 0.025760152707345937
leaf_weight=22357 639 1645 15145 12676 13677 770 945 317 21342 24813 30764 9279 439 708 4707 12093 9372 12741 2208 295 283 17373 244 7776 523 1020 6700 1888 367 3911 422 3081 383 203 226 343 279 588 292 378 302 5081 2791 27156 4835 317 233 924 342 376 284 254 214 1156 1879 316 247 410 260 768 370 1320
leaf_count=22357 639 1645 15145 12676 13677 770 945 317 21342 24813 30764 9279 439 708 4707 12093 9372 12741 2208 295 283 17373 244 7776 523 1020 6700 1888 367 3911 422 3081 383 203 226 343 279 588 292 378 302 5081 2791 27156 4835 317 233 924 342 376 284 254 214 1156 1879 316 247 410 260 768 370 1320
internal_value=-6.27811e-05 0.0280172 0.0569628 0.00892008 0.028231 -0.0343946 0.0333431 0.0832744 0.0109773 -0.00959649 -0.0224268 -0.00796696 0.0241228 0.0205325 0.108306 0.000893413 -0.0197797 -0.00735056 0.0334676 0.165881 0.134552 0.0258057 0.0724029 0.0743864 0.0997023 0.166995 -0.0368007 0.0428336 0.12376 0.135227 0.259624 0.120412 0.101799 0.140403 0.260324 0.0997977 0.0433092 0.128584 0.0895402 -0.00127785 0.0741403 0.0554039 -0.0500413 -0.0404697 -0.047891 0.0189758 0.0471517 -0.0328792 0.0691887 0.140107 0.0271732 0.00296812 0.198719 0.0111775 -0.0274091 -0.0868847 0.243768 0.288684 0.389528 -0.077844 0.137837 0.0824115
internal_weight=293047 161201 64077 97124 47542 131846 33767 30310 39115 49582 74707 37243 29760 29026 8427 36906 31392 22020 17773 734 5300 27550 25010 24766 9621 1845 37464 15565 5017 4700 789 7788 4007 2413 609 1804 1594 1601 1258 670 825 5851 57139 34782 31991 24585 7212 1557 5655 2103 3552 630 1473 3319 2163 1240 1131 884 474 1476 649 2965
internal_count=293047 161201 64077 97124 47542 131846 33767 30310 39115 49582 74707 37243 29760 29026 8427 36906 31392 22020 17773 734 5300 27550 25010 24766 9621 1845 37464 15565 5017 4700 789 7788 4007 2413 609 1804 1594 1601 1258 670 825 5851 57139 34782 31991 24585 7212 1557 5655 2103 3552 630 1473 3319 2163 1240 1131 884 474 1476 649 2965
is_linear=0
shrinkage=0.05


Tree=48
num_leaves=63
num_cat=0
split_feature=0 13 10 12 14 24 13 13 29 29 29 13 14 25 25 25 13 13 14 29 29 27 13 27 29 29 29 28 13 13 13 29 29 24 28 13 29 14 11 28 16 19 16 19 14 14 25 28 13 14 14 14 14 29 13 14 29 14 14 9 14 13
split_gain=102479 30396.7 18063.9 13835.9 11942.2 10095.7 8289.32 8275.61 8412.41 7231.33 12821.8 11099.4 8814.01 8820.7 6918.57 8076.03 8352.2 6791.45 6744.9 6545.62 7020.87 10873.2 8344.21 8298.07 14261.9 8126.44 7922.6 8098.14 11326.8 6632.83 11653 8177.99 7079.02 6496.06 6385.09 6384.33 6009.17 6177.33 5980.29 5926.42 5604.55 10027.5 5575.47 7843.19 5397.72 5303.05 6127.92 5289.53 5134.01 5091.9 6817.09 7001.55 4941.73 6102.63 5835.03 5217.2 4692.38 6297.33 5603.88 6212.79 8990.03 4803.6
threshold=1855.5000000000002 -1.7499999999999998 2.5000000000000004 11.737083333333334 58.250000000000007 20.500000000000004 -17.249999999999996 -42.249999999999993 14.65 2.7500000000000004 1.0500000000000003 -19.749999999999996 61.250000000000007 2.3301784682492541 2.9764408802981319 2.1601552415969287 -2.2499999999999996 -26.749999999999996 75.250000000000014 5.4500000000000011 7.9500000000000011 0.53581294396211532 -6.2499999999999991 0.48493921248412269 6.2500000000000009 7.6500000000000012 9.1500000000000004 0.51928389290267762 -2.7499999999999996 -9.2499999999999982 -8.2499999999999982 16.350000000000005 9.5500000000000025 73.500000000000014 0.51045308857808869 -12.249999999999998 2.4500000000000006 60.250000000000007 -7.7105555555555538 0.53665426484773338 1.0000000180025095e-35 34.500000000000007 1.0000000180025095e-35 51.500000000000007 77.750000000000014 56.750000000000007 2.4119024715514699 0.51195238095238105 -3.7499999999999996 44.750000000000007 51.750000000000007 53.750000000000007 45.750000000000007 5.2500000000000009 -9.7499999999999982 43.250000000000007 7.2500000000000009 47.250000000000007 49.750000000000007 6.5000000000000009 56.250000000000007 -7.7499999999999991
decision_type=2 2 2 2 2 2 2 2 2 2 2 2 2 2 2 2 2 2 2 2 2 2 2 2 2 2 2 2 2 2 2 2 2 2 2 2 2 2 2 2 2 2 2 2 2 2 2 2 2 2 2 2 2 2 2 2 2 2 2 2 2 2
left_child=2 4 -1 -4 6 18 -2 -6 9 10 11 -9 -13 -14 15 -11 -17 -5 -3 52 21 22 25 -24 -25 33 -22 45 29 35 -31 32 -32 56 -23 -29 37 -12 -27 -10 41 -19 43 -7 -16 -28 -47 -15 -26 -34 -51 -52 54 -54 -8 -56 57 -21 -59 60 -60 -61
right_child=1 5 3 17 7 42 19 8 39 14 36 12 13 47 44 16 -18 40 -20 20 26 34 23 24 48 38 27 28 -30 30 31 -33 49 -35 -36 -37 -38 -39 -40 -41 -42 -43 -44 -45 -46 46 -48 -49 -50 50 51 -53 53 -55 55 -57 -58 58 59 61 -62 -63
leaf_value=0.43763199397362773 -0.032412814866973082 0.090572057499099246 -0.047557186869001497 -0.056176632613766792 -0.073894198691304022 0.099159726000388707 0.021765721176935003 0.42206981501994884 -0.035919222503669385 0.11504434960771673 0.11644360200560051 0.29978335773878134 0.2098543023632008 -0.21735524526278002 0.088718858515489274 0.022172626404782625 0.3162734179911964 0.041400281266926797 0.34702324800361017 0.098879660098481259 -0.065876690390228185 0.36682142555304675 0.0023245846642675132 -0.032591381454301523 0.40923158549530519 0.39578279040224101 -0.025558169694645718 0.086853954462225769 -0.17137185812472802 0.47134668165409704 0.28318150875542741 0.33298299712703555 0.24442196660982984 0.25374221773774414 0.1096203742636389 -0.10679530581442907 -0.24300071131849701 -0.098888661801767308 0.022257339286635508 -0.32617074558284226 -0.025003857931927616 -0.013905232239154181 0.02781821180672733 0.036258818327086918 0.32650264731423578 0.34948700376956437 0.014278352919670398 0.023959959105178879 0.18332330364051214 -0.12613164430190846 0.30955920803196291 -0.0066752546394413777 0.0036061452255109257 -0.15286404967104494 -0.035388140459075686 -0.27247725163153524 -0.14535579777289173 -0.2060821973685224 0.13587334671496151 -0.022805918766092149 -0.18460003902376321 -0.26887009211393614
leaf_weight=207 16133 14978 59198 9739 1650 9275 586 217 1240 3041 432 267 317 451 7218 16494 244 11184 260 1025 3069 418 957 483 510 217 6117 1352 435 250 336 358 241 212 572 620 508 1443 211 204 41834 30667 19258 10645 246 207 396 456 501 634 254 558 9281 667 386 582 721 458 921 517 286 321
leaf_count=207 16133 14978 59198 9739 1650 9275 586 217 1240 3041 432 267 317 451 7218 16494 244 11184 260 1025 3069 418 957 483 510 217 6117 1352 435 250 336 358 241 212 572 620 508 1443 211 204 41834 30667 19258 10645 246 207 396 456 501 634 254 558 9281 667 386 582 721 458 921 517 286 321
internal_value=0.000280034 0.0312438 -0.0280108 -0.0286452 0.0126022 0.0604374 -0.00280777 0.0353361 0.0408367 0.046275 -0.0157064 0.0888192 0.0400675 -0.0167847 0.0555828 0.0401006 0.0264786 -0.0166613 0.0949703 0.0109733 0.0262867 0.0630144 0.0420191 0.117291 0.190884 0.00426658 0.00564976 0.0243232 0.0722403 0.0952948 0.147243 0.113029 0.0739599 -0.0157184 0.218477 0.025947 -0.0906302 -0.0492405 0.212119 -0.0771216 -0.012062 0.000874904 0.047004 0.0655498 0.0965985 -0.0116059 0.129738 -0.0961397 0.297575 0.0321461 -0.00337765 0.0925045 -0.0198569 -0.00689928 -0.102748 -0.17807 -0.0292195 -0.00545078 -0.0481974 -0.012754 0.0598469 -0.11727
internal_weight=292465 139636 152829 152622 85220 54416 50792 34428 32778 31334 4091 1708 1491 1224 27243 19779 16738 93424 15238 34659 23157 8330 7340 2451 1494 4889 14827 11758 5038 4603 2631 2381 2023 4461 990 1972 2383 1875 428 1444 83685 41851 39178 19920 7464 6720 603 907 1011 1687 1446 812 11502 9948 1554 968 4249 3528 2503 2045 1207 838
internal_count=292465 139636 152829 152622 85220 54416 50792 34428 32778 31334 4091 1708 1491 1224 27243 19779 16738 93424 15238 34659 23157 8330 7340 2451 1494 4889 14827 11758 5038 4603 2631 2381 2023 4461 990 1972 2383 1875 428 1444 83685 41851 39178 19920 7464 6720 603 907 1011 1687 1446 812 11502 9948 1554 968 4249 3528 2503 2045 1207 838
is_linear=0
shrinkage=0.05


Tree=49
num_leaves=63
num_cat=0
split_feature=12 13 12 12 13 14 11 7 14 8 29 11 13 13 29 14 31 24 27 9 13 13 13 31 29 13 14 5 28 24 29 25 27 13 13 31 29 14 29 29 28 28 8 14 14 29 11 27 29 26 13 31 28 29 29 29 7 31 29 25 13 14
split_gain=95120.1 23509 23231.2 9831.17 9424.96 8459.74 7415.96 6484.64 5938.65 9064.03 5651.99 10586.6 6369.57 11427.9 7324.75 6220.13 5349.6 6653.35 5223 5055.12 4614.93 4423.99 4412.49 6148.83 9759.25 8425.65 7093.71 4998.28 4503.17 4422.5 4334.13 4577.01 4304.27 4303.44 6546.18 4297.06 4568.23 4173.32 4988.27 7298.83 5921.79 5087.47 4335.08 4015.58 5337.34 4030.49 5345.63 5172.64 4956.24 4594.13 5589.21 3962.64 5597.59 3910.42 4571.84 4562.21 3887.05 7444.44 4520.08 3851.65 3841.82 5216.37
threshold=35.538402777777783 -9.2499999999999982 21.605972222222228 53.500416666666673 -3.2499999999999996 81.250000000000014 0.47555555555555534 -0.29994644769725093 67.250000000000014 20.500000000000004 12.65 9.4526388888888899 24.750000000000004 26.750000000000004 9.5500000000000025 52.750000000000007 2.8822613636363639 82.500000000000014 0.37387240958959778 43.500000000000007 -7.7499999999999991 -38.749999999999993 -26.249999999999996 5.1306162521688847 10.450000000000001 -18.249999999999996 69.250000000000014 23.500000000000004 0.55183609493954333 105.50000000000001 14.750000000000002 3.1859316592238227 0.4405178155178156 24.750000000000004 26.750000000000004 5.5675570507429226 3.6500000000000008 64.250000000000014 14.850000000000003 15.550000000000002 0.47631513338319625 0.51736194839643124 9.5000000000000018 40.750000000000007 41.250000000000007 3.7500000000000004 -16.572083333333328 0.55458365164247525 10.850000000000003 1.3594521567489088 -13.249999999999998 6.2404892407244326 0.53315018315018325 14.750000000000002 10.250000000000002 11.050000000000002 -0.18804567765763083 7.7825425352392292 17.750000000000004 2.022567399815387 10.250000000000002 72.250000000000014
decision_type=2 2 2 2 2 2 2 2 2 2 2 2 2 2 2 2 2 2 2 2 2 2 2 2 2 2 2 2 2 2 2 2 2 2 2 2 2 2 2 2 2 2 2 2 2 2 2 2 2 2 2 2 2 2 2 2 2 2 2 2 2 2
left_child=2 5 6 8 43 22 21 -8 9 10 12 20 16 -14 -15 -13 17 18 -3 33 -12 -1 -2 27 25 -25 28 29 37 32 60 -32 -24 56 -35 36 -11 38 40 -40 -26 -41 -39 -4 -45 -46 -47 49 -49 -48 -51 -18 -53 54 -10 -56 57 -6 -59 -23 -5 -62
right_child=1 3 4 30 19 -7 7 -9 53 35 11 15 13 14 -16 -17 51 -19 -20 -21 -22 59 23 24 26 -27 -28 -29 -30 -31 31 -33 -34 34 -36 -37 -38 42 39 41 -42 -43 -44 44 45 46 47 48 -50 50 -52 52 -54 -55 55 -57 -58 58 -60 -61 61 -63
leaf_value=-0.11143199448716423 -0.018608146722366669 0.22221129683998334 -0.12578087217833211 0.08709850033857014 0.0038908704487947143 0.32724221159798517 -0.033860060412764077 0.014080634608658302 -0.017285110181585146 0.3032541499882101 0.19782457839175049 0.27927811414872855 0.5038612579225108 0.19519056755919945 -0.14144624575259204 0.012100558902393156 0.065658255131082685 -0.25477403643082325 0.030376909038423133 -0.17628871967785309 -0.035919054910848618 0.025324760280129602 -0.060382968897747351 0.48619320379704301 -0.093347335227632111 0.097892746420010279 0.1988527692737623 -0.14506795608026277 -0.14564907552464115 0.20016475324063313 0.069531270976120746 -0.17010520835324092 0.013846762207654349 0.33531470484606668 0.048343985841162139 0.36642495722689927 0.084717382524531995 0.012077457409998018 0.37064784677641005 0.19116937557539782 0.062032888296837299 -0.086738488210900008 -0.2583215613129618 0.23212126774594322 -0.046995292427864127 -0.065963103947385776 -0.010233258050276698 0.10546958385644796 -0.072071089738229704 0.29117102678470291 -0.0052399859391408718 0.071527151472731768 0.37329344687022969 -0.18423791656510757 0.3118230045663779 0.043285985203645523 0.03032647003607989 -0.29316312598289346 -0.0085722676072365195 -0.043868928375583968 0.12467621800699435 0.31362539308638571
leaf_weight=2365 11951 362 819 10031 12981 206 17632 11756 3791 311 220 496 214 517 234 388 19207 200 15808 330 4751 2066 2189 235 811 344 635 542 371 296 581 302 18039 262 815 237 1030 420 275 360 2504 302 228 218 8162 3573 28583 1912 494 282 363 386 255 286 212 616 21215 347 233 74998 2557 426
leaf_count=2365 11951 362 819 10031 12981 206 17632 11756 3791 311 220 496 214 517 234 388 19207 200 15808 330 4751 2066 2189 235 811 344 635 542 371 296 581 302 18039 262 815 237 1030 420 275 360 2504 302 228 218 8162 3573 28583 1912 494 282 363 386 255 286 212 616 21215 347 233 74998 2557 426
internal_value=-3.48777e-05 0.0386045 -0.021073 0.0574944 -0.000725026 0.00843447 -0.0361423 -0.0146827 0.047064 0.0528049 0.0484869 0.00282449 0.0556769 0.182401 0.0902511 0.162156 0.0522955 0.0311332 0.034685 0.0182173 -0.0255366 -0.0440819 0.00676367 0.0177697 0.0603386 0.25606 0.0411108 0.00466293 0.0220734 0.00862391 0.0946566 -0.0125279 0.0058113 0.0200125 0.118401 0.170467 0.135588 0.0347995 0.0528153 0.154615 0.0240031 0.06445 -0.0833144 -0.0161597 -0.0140971 -0.0153401 -0.00800038 -0.00145172 0.0690021 -0.00725353 0.124604 0.069747 0.191969 -0.00515607 0.00596983 0.112335 0.0169621 -0.00394598 -0.179048 -0.0420136 0.101929 0.151756
internal_weight=292532 103126 189406 63418 80589 39708 108817 29388 49521 44616 43038 5855 37183 965 751 884 36218 16370 16170 36183 4971 79429 39502 27551 6485 579 5906 21066 5271 20524 13897 883 20228 35853 1077 1578 1341 4900 4252 937 3315 662 648 44406 43587 43369 35207 31634 2406 29228 645 19848 641 4905 4619 828 34776 13561 580 77064 13014 2983
internal_count=292532 103126 189406 63418 80589 39708 108817 29388 49521 44616 43038 5855 37183 965 751 884 36218 16370 16170 36183 4971 79429 39502 27551 6485 579 5906 21066 5271 20524 13897 883 20228 35853 1077 1578 1341 4900 4252 937 3315 662 648 44406 43587 43369 35207 31634 2406 29228 645 19848 641 4905 4619 828 34776 13561 580 77064 13014 2983
is_linear=0
shrinkage=0.05


Tree=50
num_leaves=63
num_cat=0
split_feature=12 11 12 16 19 10 12 13 13 7 13 19 16 16 19 17 16 19 24 13 10 13 17 19 14 9 9 11 13 6 6 14 28 6 6 14 13 31 31 28 6 24 17 7 11 13 17 13 7 10 14 31 25 31 13 14 6 31 13 13 28 14
split_gain=90643.2 20857.7 20395.8 8889.12 15147 7956.74 7834.92 7267.19 5656.46 6778.25 5741.41 5190.91 5773.41 5129.52 6352.72 4986.91 4763.42 8784.73 4604.77 4510.79 4426.9 4292.25 4040.98 3967.84 3945.04 6419.76 3083.36 3075.57 3066.33 6136.48 4778.82 4121.78 3347.03 2978.96 2958.25 3230.79 2736.76 3369.26 4813.15 3089.29 3260.24 2728.97 2711.31 2691.34 2659.38 2638.35 2613.09 2600.12 4507.29 2585.3 2559.83 2543.36 3586 3507.86 8384.37 5575.21 5784.38 4079.08 4571.82 6516.9 3963.55 4019.37
threshold=35.994513888888896 2.5976388888888895 19.500694444444452 1.0000000180025095e-35 30.500000000000004 5.5000000000000009 58.139444444444457 -20.749999999999996 -26.749999999999996 -2.1947698302777057 7.7500000000000009 22.500000000000004 1.0000000180025095e-35 1.0000000180025095e-35 34.500000000000007 1.0000000180025095e-35 1.0000000180025095e-35 48.500000000000007 6.5000000000000009 -8.7499999999999982 17.500000000000004 -13.749999999999998 1.0000000180025095e-35 8.5000000000000018 77.250000000000014 6.5000000000000009 3.5000000000000004 -5.2388194444444434 -24.249999999999996 3.2584079264197019 5.7229071847674886 62.250000000000007 0.52011560693641623 0.50263194267799494 18.956639110473059 67.250000000000014 -35.249999999999993 1.984108946608947 1.065737792201207 0.49184758529020828 5.4966656475898672 18.500000000000004 2.5000000000000004 -0.85736162765259227 6.0790972222222228 24.250000000000004 3.5000000000000004 14.750000000000002 0.13136802616163659 26.500000000000004 46.250000000000007 2.8404439293945112 2.8264335859643785 4.0307273396706398 -14.249999999999998 61.250000000000007 -3.6344034606836302 3.8615964803951841 -18.249999999999996 -19.749999999999996 0.51620405101275335 63.250000000000007
decision_type=2 2 2 2 2 2 2 2 2 2 2 2 2 2 2 2 2 2 2 2 2 2 2 2 2 2 2 2 2 2 2 2 2 2 2 2 2 2 2 2 2 2 2 2 2 2 2 2 2 2 2 2 2 2 2 2 2 2 2 2 2 2
left_child=2 6 5 4 15 -1 7 20 -7 -10 16 12 22 14 41 -4 17 -11 -15 -6 36 -5 -9 -17 -8 -26 27 -23 30 -30 49 -31 -32 44 51 -36 -2 38 -38 40 -39 -3 -25 -28 -12 -45 -21 50 -49 -22 -16 52 -13 54 57 56 -56 58 59 -53 61 -57
right_child=1 13 3 21 19 8 24 11 9 10 33 34 -14 18 47 23 -18 -19 -20 46 28 26 -24 42 25 -27 43 -29 29 31 32 -33 -34 -35 35 -37 37 39 -40 -41 -42 -43 -44 45 -46 -47 -48 48 -50 -51 -52 53 -54 -55 55 60 -58 -59 -60 -61 -62 -63
leaf_value=0.26328353288642192 -0.072561712901182449 0.21104064184253024 -0.062104323676941423 -0.04224822594450952 -0.024609358004091794 -0.074820610119251299 0.059674929928946366 -0.064778635711021104 -0.066560553701116867 0.011145198826910022 -0.018267971669764349 -0.011213687326867878 0.025110696053507277 0.12059095294754052 -0.044663221101999009 0.13364951271067821 -0.046088104390138725 -0.040886824404105598 0.041255024707421324 0.017313723936351118 0.058971534241649318 -0.12024667909213681 0.13115172132739517 0.07979427877665915 0.32019952894361392 -0.0073178462729037528 -0.063315553992250168 -0.024946261630371235 -0.099273875588730964 0.05728016783080217 0.013427161901894066 0.29900652904783687 -0.10984288341854441 0.05185361956326337 0.0042982697037008298 -0.23678867648477142 0.038254739038692503 -0.098606148895745385 -0.12974616077681375 0.027720173614125005 0.01852928702174653 0.12120255462360936 0.013311498839804141 -0.00029688333858450924 0.076377392923186321 0.11777647789589447 -0.039170071971480307 0.1365051049059792 -0.1037886422505286 0.28143237627057566 0.068550626667243389 -0.099916363860577798 0.041708119328315071 0.018451820912560989 -0.072139486408506356 0.40959789971226113 0.077147236040474576 0.15848647071385044 -0.12517347190125649 0.2762216434694163 0.08215506176076931 0.16912069110552899
leaf_weight=221 2650 1238 694 13506 14142 8731 7852 287 12669 13865 7238 9875 3871 2150 534 2304 32954 19548 12236 19938 342 1043 3097 4661 376 248 1684 4482 258 334 2362 374 717 2730 351 229 643 1257 1262 4283 1125 2687 2286 25671 826 481 2281 2493 211 211 7545 267 4735 16266 764 226 4279 226 1077 201 968 756
leaf_count=221 2650 1238 694 13506 14142 8731 7852 287 12669 13865 7238 9875 3871 2150 534 2304 32954 19548 12236 19938 342 1043 3097 4661 376 248 1684 4482 258 334 2362 374 717 2730 351 229 643 1257 1262 4283 1125 2687 2286 25671 826 481 2281 2493 211 211 7545 267 4735 16266 764 226 4279 226 1077 201 968 756
internal_value=0.000266484 0.0386434 -0.0198988 -0.0031171 0.0124199 -0.0357274 0.0241661 0.0181198 -0.0364006 -0.0326655 -0.0270996 0.0278992 0.0668248 0.074354 0.0951187 0.0670967 -0.0325999 -0.019296 0.0531194 -0.00253611 -0.0112313 -0.018468 0.11452 0.0767949 0.0693076 0.190229 -0.00883975 -0.0429554 0.030084 0.109208 0.00901516 0.185213 -0.0153048 0.00671927 0.0208763 -0.0911332 -0.0281636 -0.014428 -0.07305 0.00233583 -0.0432994 0.149585 0.0579223 -0.00206703 -0.00856513 0.0018792 0.0115136 0.0752809 0.117723 0.144207 0.0610629 0.0225174 0.00593959 0.0321932 0.0576923 0.0823012 0.0545209 -0.0394703 -0.0685109 0.0618746 0.154081 0.224825
internal_weight=292818 100863 191955 93173 46306 98782 71769 63293 98561 89830 77161 47475 7255 29094 14708 9945 66367 33413 14386 36361 15818 46867 3384 9251 8476 624 33361 5525 4598 966 3632 708 3079 10794 40220 580 11220 8570 1905 6665 2382 3925 6947 27836 8064 26152 22219 10783 2704 553 8079 39640 14610 25030 8764 6993 5043 1771 1545 468 1950 982
internal_count=292818 100863 191955 93173 46306 98782 71769 63293 98561 89830 77161 47475 7255 29094 14708 9945 66367 33413 14386 36361 15818 46867 3384 9251 8476 624 33361 5525 4598 966 3632 708 3079 10794 40220 580 11220 8570 1905 6665 2382 3925 6947 27836 8064 26152 22219 10783 2704 553 8079 39640 14610 25030 8764 6993 5043 1771 1545 468 1950 982
is_linear=0
shrinkage=0.05


Tree=51
num_leaves=63
num_cat=0
split_feature=15 13 15 15 16 20 16 19 14 31 13 14 29 13 7 13 14 13 29 14 9 19 19 16 19 17 10 14 29 11 20 29 25 31 6 13 24 14 14 14 28 26 11 13 15 11 5 7 14 29 29 29 17 6 25 24 29 29 26 29 29 28
split_gain=79143.4 19181.4 18061 8313.9 7866.05 13560 7822 9396.29 6765.38 5112.07 6064.24 9094.24 4759.58 4627.06 5985.33 4758.42 4617.15 10385 4510.51 4458.12 4410.25 4373.69 4983.48 4349.33 12359.4 4010.21 3838.86 3244.21 3337.78 3224.05 3221.2 3105.89 4679.42 4159.67 3654.39 4898.61 3068.61 3029.19 2860.45 3549.29 3158.68 2830.9 2637.98 3662.23 2634.97 2587.45 3558.32 2917.22 2685.96 2571.94 3239.53 2551.15 2507 2494.96 3882.43 2603.92 2415.73 5460.6 3335.77 3231.32 8081.12 3310.23
threshold=35.107291666666676 -8.7499999999999982 18.292777777777783 60.170833333333341 1.0000000180025095e-35 0.65500000000000014 1.0000000180025095e-35 54.500000000000007 81.250000000000014 6.8340967741935499 -10.749999999999998 65.250000000000014 15.950000000000001 -26.749999999999996 -1.7255639707432573 -2.2499999999999996 61.250000000000007 -19.749999999999996 14.750000000000002 58.250000000000007 3.5000000000000004 1.0000000180025095e-35 8.5000000000000018 1.0000000180025095e-35 45.500000000000007 2.5000000000000004 9.5000000000000018 52.750000000000007 14.750000000000002 -16.572083333333328 0.35500000000000004 12.65 2.7422724040294755 2.8822613636363639 6.0081888547294993 9.7500000000000018 17.500000000000004 57.250000000000007 67.250000000000014 71.750000000000014 0.5208957085828344 1.186625560117607 -0.85569444444444442 4.2500000000000009 70.215277777777786 4.68013888888889 -1.0000000180025095e-35 0.99391175682379307 40.250000000000007 13.15 14.550000000000002 0.8500000000000002 2.5000000000000004 -6.779226830157036 3.1503822496458862 97.500000000000014 6.4500000000000011 6.5500000000000007 1.0730115690833417 7.0500000000000007 6.8500000000000005 0.5143682906688688
decision_type=2 2 2 2 2 2 2 2 2 2 2 2 2 2 2 2 2 2 2 2 2 2 2 2 2 2 2 2 2 2 2 2 2 2 2 2 2 2 2 2 2 2 2 2 2 2 2 2 2 2 2 2 2 2 2 2 2 2 2 2 2 2
left_child=2 8 13 6 5 25 7 36 9 23 11 16 -12 -1 -15 41 19 -18 44 27 42 -7 -23 24 37 30 -17 -11 -29 -22 -4 33 34 -8 35 -33 -3 -2 56 40 -40 -16 51 -44 -5 46 -28 48 -48 -34 -51 -6 -24 54 -25 -55 58 -58 -35 60 -59 -61
right_child=1 3 4 18 20 21 31 -9 -10 10 12 -13 -14 14 15 26 17 -19 -20 -21 29 22 52 53 -26 -27 45 28 -30 -31 -32 32 49 38 -36 -37 -38 -39 39 -41 -42 -43 43 -45 -46 -47 47 -49 -50 50 -52 -53 -54 55 -56 -57 57 59 -60 61 -62 -63
leaf_value=-0.071269335876353687 0.038133659039825338 0.13625100102848328 -0.0099261880530528996 0.11053807211095619 -0.20192557059364111 -0.071027323429674424 0.011780686745490501 0.038053858748595959 0.293245175872268 -0.01665217979985489 0.34162727780640129 -0.25931062625430307 0.056656920100186969 -0.060341396317612574 -0.040589619539344486 0.2053402787209421 -0.014699488832977498 0.42194632426673784 -0.067053731309999601 -0.1720660026541086 -0.10043276453279899 0.12969677462322735 0.065792215358255454 -0.00062648546582833736 -0.0070608832809137285 -0.0311567261124658 -0.034838350325620014 -0.004870321625407706 0.2355127895858623 -0.0081029818011534305 0.026344092455480857 -0.037618496490367137 -0.2446588582710697 0.037398111321834022 0.18483059820377296 0.14305889396254892 0.081221810998501676 0.11323420434479797 -0.019352632120828897 0.072187744996317346 -0.23246408719646736 0.00058855739997593049 0.074489960594148058 -0.062250706483680321 0.22143544323227513 0.056671042513646033 -0.14580842692245682 -0.023395890052217649 0.028419171048222225 0.04882275001576511 -0.11667422593664607 -0.053934193679350644 0.00801702931502132 -0.020202806493778803 0.2578847911261834 0.11881142193451524 -0.14235421911650536 0.034583266169062266 0.18190827204597493 0.016781865391420611 0.31264398030954504 0.076940837007428486
leaf_weight=8190 2303 3349 14161 4227 301 627 11263 15733 206 656 325 236 267 15184 37918 206 287 258 327 245 970 2320 5803 466 13237 10439 11557 234 376 36012 10781 1589 211 719 326 490 10441 3224 625 708 240 4690 965 992 614 1347 227 5950 7448 464 812 8275 2776 18867 210 342 348 695 899 4269 418 4925
leaf_count=8190 2303 3349 14161 4227 301 627 11263 15733 206 656 325 236 267 15184 37918 206 287 258 327 245 970 2320 5803 466 13237 10439 11557 234 376 36012 10781 1589 211 719 326 490 10441 3224 625 708 240 4690 965 992 614 1347 227 5950 7448 464 812 8275 2776 18867 210 342 348 695 899 4269 418 4925
internal_value=-0.000191882 0.0344545 -0.0197112 0.0517189 -0.00431884 0.0102058 0.0463492 0.0644661 0.00810926 0.00668799 0.0708921 0.0340031 0.213414 -0.0353863 -0.0319088 -0.0256821 0.0677811 0.1924 0.112506 0.0227348 -0.0186575 0.0573039 0.0646924 0.00189535 0.0191616 -0.00513846 -0.00914656 0.0605393 0.143443 -0.0105273 0.00575181 0.0279045 -0.0136535 0.0343465 0.0294547 0.00501371 0.094595 0.0819537 0.0527004 -0.0107735 -0.078682 -0.0360571 -0.0471994 0.00517995 0.124646 -0.0108197 -0.014432 0.0028784 0.0232478 -0.0833476 -0.0565024 -0.0591513 0.0471004 -0.0143977 0.0799426 -0.0177217 0.0608359 0.0521824 0.117754 0.0587638 0.139199 0.0490124
internal_weight=292570 105431 187139 63692 94422 46907 58524 29523 41739 41533 2884 2292 592 92717 84527 69343 2056 545 5168 1511 47515 11526 10899 38649 18764 35381 26735 1266 610 36982 24942 29001 3892 25109 2405 2079 13790 5527 13846 1573 865 42608 10533 1957 4841 26529 25182 13625 7675 1487 1276 8576 8579 19885 676 19209 12273 10655 1618 10307 1113 9194
internal_count=292570 105431 187139 63692 94422 46907 58524 29523 41739 41533 2884 2292 592 92717 84527 69343 2056 545 5168 1511 47515 11526 10899 38649 18764 35381 26735 1266 610 36982 24942 29001 3892 25109 2405 2079 13790 5527 13846 1573 865 42608 10533 1957 4841 26529 25182 13625 7675 1487 1276 8576 8579 19885 676 19209 12273 10655 1618 10307 1113 9194
is_linear=0
shrinkage=0.05


Tree=52
num_leaves=63
num_cat=0
split_feature=15 15 13 10 29 14 13 14 14 13 14 6 14 13 14 14 29 13 29 13 14 29 28 14 13 13 29 29 14 26 11 14 13 29 31 29 13 23 27 14 14 29 11 13 14 31 14 13 6 11 14 6 27 16 19 27 13 14 14 29 29 29
split_gain=72481.8 17298.9 16671.9 7675.98 7650.64 9909.8 7634.26 6540.08 6428.99 6385.74 6136.06 12410.6 8343.26 6090.5 8569.71 6581.79 7306.89 6156.45 5969.85 8975.81 8182.55 7453.97 8110.13 11024.2 7361.07 8286.16 7677.29 7709.37 6505.59 7512.49 6842.35 7317.99 6079.81 5830.86 5581.53 8106.2 5573.43 6044.27 5503.95 5501.96 8966.2 7253.37 7639.16 6950.97 10115.7 9054.53 7553.07 7064.26 6696.91 5475.51 5236.06 5742.73 5592.31 5102.06 7033.74 5100.85 5020.38 5647.85 8899.86 8531.74 5872.51 8460.1
threshold=35.994513888888896 20.457222222222224 -8.7499999999999982 5.5000000000000009 12.850000000000003 83.250000000000014 -12.749999999999998 74.250000000000014 81.250000000000014 14.750000000000002 65.750000000000014 2.824323908556051 64.750000000000014 9.7500000000000018 52.750000000000007 49.250000000000007 14.65 13.250000000000002 6.7500000000000009 11.750000000000002 69.250000000000014 7.1500000000000012 0.49401176133103847 75.250000000000014 -3.2499999999999996 -1.7499999999999998 5.1500000000000012 5.7500000000000009 45.250000000000007 1.0758772651867239 3.4935416666666668 48.750000000000007 12.750000000000002 4.9500000000000011 7.0659211485977798 15.15 -26.249999999999996 2.5000000000000004 0.43341543513957315 67.250000000000014 65.250000000000014 8.4500000000000011 1.2384722222222224 1.2500000000000002 51.750000000000007 6.0959077380952396 50.250000000000007 12.750000000000002 -0.80725857087778596 -2.2837499999999995 66.250000000000014 -2.5253987582424928 0.48240454076367395 1.0000000180025095e-35 58.500000000000007 0.53871128871128882 -3.7499999999999996 59.250000000000007 57.750000000000007 10.250000000000002 7.7500000000000009 9.1500000000000004
decision_type=2 2 2 2 2 2 2 2 2 2 2 2 2 2 2 2 2 2 2 2 2 2 2 2 2 2 2 2 2 2 2 2 2 2 2 2 2 8 2 2 2 2 2 2 2 2 2 2 2 2 2 2 2 2 2 2 2 2 2 2 2 2
left_child=1 3 8 -1 5 9 -3 10 -2 18 12 34 13 15 -15 16 -6 -16 19 20 28 50 38 39 33 -26 -27 -28 -4 -30 31 -31 -21 -22 -12 -36 -5 -38 -23 40 43 42 -41 56 46 47 -45 -46 -42 -25 51 -20 -53 54 -8 -17 57 58 60 -59 -24 -62
right_child=2 6 4 36 7 -7 53 -9 -10 -11 11 -13 -14 14 17 55 -18 -19 21 32 24 22 23 49 25 26 27 -29 29 30 -32 -33 -34 -35 35 -37 37 -39 -40 41 48 -43 -44 44 45 -47 -48 -49 -50 -51 -52 52 -54 -55 -56 -57 -58 59 -60 -61 61 -63
leaf_value=0.25311710379758445 0.0079987790256552792 -0.023853534852364522 -0.082916566443762607 -0.069039370255389934 -0.25089692150307835 0.38657289458144656 0.045214550219741231 -0.22135056715909271 0.28407555261301759 0.10205649327803697 -0.19406797363160133 0.37032702220197722 -0.23752846902786554 0.26399678590700149 0.16258642424172798 -0.0067784789545107639 0.019471451894858122 -0.17769514700040631 0.055794125773720976 -0.24985479125051044 -0.01892551695561856 -0.14275137771521137 0.32950524665774905 0.16034151116602643 -0.3696148234702647 -0.13747874247574748 0.31118099185380532 -0.10227385179315639 0.026357300595783326 0.2528847241461572 0.14866530022792909 0.047098669816309564 -0.025114343768139414 0.29482652023754408 0.31974939686723619 -0.058554493329753834 -0.045038629516360139 -0.01878567424741464 0.028521045448144152 0.26597613335043818 0.058299406362744444 -0.10449059324463217 -0.096098835769356517 0.079739975877598693 0.16028763747598182 0.38298805940022329 -0.15811612757538218 -0.099635809683160381 0.39367639816815581 0.52484720925527129 -0.020578867568634453 0.086161672154249247 0.35045323036611081 -0.0063594422990040401 -0.002426024826615135 0.17979414049221809 -0.025153265486072662 0.27776753500186996 -0.21474838703390092 -0.094718070789331615 -0.12228787420628272 0.12560138848409039
leaf_weight=235 39740 26835 874 9414 556 227 16165 309 211 6648 233 343 368 507 243 3124 453 291 425 397 406 508 201 214 249 952 234 216 10489 460 3092 6892 1235 232 237 349 35175 58205 5980 359 237 898 244 1283 2767 421 450 288 401 200 299 280 708 30718 14878 414 2085 627 309 203 516 1029
leaf_count=235 39740 26835 874 9414 556 227 16165 309 211 6648 233 343 368 507 243 3124 453 291 425 397 406 508 201 214 249 952 234 216 10489 460 3092 6892 1235 232 237 349 35175 58205 5980 359 237 898 244 1283 2767 421 450 288 401 200 299 280 708 30718 14878 414 2085 627 309 203 516 1029
internal_value=0.000272985 -0.017788 0.034569 -0.0317188 0.051021 0.0576183 -0.0015875 0.00346485 0.00946394 0.0562103 0.0132541 0.118303 -0.00725722 0.00794717 0.116981 -0.0170356 -0.129613 -0.0228334 0.0496762 0.0335423 0.0412289 0.0695042 0.0605928 0.0837768 -0.0486877 -0.104411 -0.0570799 0.112936 0.050669 0.0562502 0.0862664 0.0600069 -0.0799042 0.095449 0.0124322 0.0947296 -0.0323724 -0.0286752 0.0150908 0.0752303 0.0876772 -0.0144673 0.119548 0.0762631 0.116618 0.165805 0.0179214 0.13576 0.269379 0.337272 0.169456 0.209654 0.275716 0.00808727 0.0223825 0.015098 0.033953 0.0766633 0.0321667 0.186661 0.0759626 0.0427856
internal_weight=292538 191625 100913 103029 60962 53535 88596 7427 39951 53308 7118 1162 5956 5588 1041 4547 1009 534 46660 25728 24096 20932 19220 12732 2289 1651 1402 450 21807 20933 10444 7352 1632 638 819 586 102794 93380 6488 12318 10817 1501 603 10179 5209 3476 1733 3055 638 414 1712 1413 988 61761 31043 3538 4970 2885 2055 830 1746 1545
internal_count=292538 191625 100913 103029 60962 53535 88596 7427 39951 53308 7118 1162 5956 5588 1041 4547 1009 534 46660 25728 24096 20932 19220 12732 2289 1651 1402 450 21807 20933 10444 7352 1632 638 819 586 102794 93380 6488 12318 10817 1501 603 10179 5209 3476 1733 3055 638 414 1712 1413 988 61761 31043 3538 4970 2885 2055 830 1746 1545
is_linear=0
shrinkage=0.05


Tree=53
num_leaves=63
num_cat=0
split_feature=12 12 13 14 13 31 0 31 13 13 14 7 13 13 14 31 8 7 13 23 27 14 31 9 13 13 11 13 14 26 26 6 31 5 9 24 28 11 31 31 13 14 13 6 13 14 5 13 13 6 31 13 28 13 13 14 28 13 14 14 6 31
split_gain=64388.7 15517 14626 7460.4 9901.94 10775.3 7906.73 7380.6 6484.3 6438.92 6409.65 8238.7 6074.78 5361.07 5487.48 6689.71 5354.68 5212.05 7854.36 6779.93 5188.47 5154.01 5109.3 4648.48 4915.62 5972.47 4556.52 5945.37 4533.14 4501.76 4433.06 4357.51 4498.11 5070.35 5791.18 4188.9 4084.9 4004.77 3987.92 4784.62 4827.51 6196.74 4887.97 5080.81 4780.47 6456.56 4308.87 4100.59 7711.26 3942.33 3920.46 3712.07 3699.81 4613.18 6802.96 7590.44 4681.49 6333.59 4531.9 3673.09 4164.24 3636.18
threshold=35.994513888888896 21.605972222222228 -11.749999999999998 58.250000000000007 9.2500000000000018 0.60883721624850673 2673.5000000000005 1.4617536630036632 -12.749999999999998 11.750000000000002 50.250000000000007 0.060985941103057259 10.750000000000002 12.250000000000002 49.750000000000007 4.6805513068013074 17.500000000000004 -2.1947698302777057 -4.2499999999999991 2.5000000000000004 0.4677890963969063 79.250000000000014 1.5867877358819389 43.500000000000007 24.750000000000004 26.750000000000004 5.182708333333335 -7.2499999999999991 50.750000000000007 1.3392665515197353 1.0462699062262042 -1.0000000180025095e-35 8.2499910714285729 15.500000000000002 2.5000000000000004 51.500000000000007 0.45928079242032732 4.5172222222222231 2.7800368551679973 3.3272525394194399 6.2500000000000009 52.250000000000007 -6.7499999999999991 2.853725626621062 -2.7499999999999996 50.750000000000007 1.0000000180025095e-35 5.2500000000000009 4.7500000000000009 18.469313889288873 4.3611534579304179 -46.249999999999993 0.5208957085828344 6.2500000000000009 8.2500000000000018 60.750000000000007 0.51714341692789978 19.750000000000004 75.250000000000014 64.750000000000014 5.9401879677537694 3.0765221127754789
decision_type=2 2 2 2 2 2 2 2 2 2 2 2 2 2 2 2 2 2 2 8 2 2 2 2 2 2 2 2 2 2 2 2 2 2 2 2 2 2 2 2 2 2 2 2 2 2 2 2 2 2 2 2 2 2 2 2 2 2 2 2 2 2
left_child=1 17 21 4 5 28 16 26 29 10 12 22 -6 -11 15 -15 59 -1 -19 -20 -16 51 -12 24 38 -26 27 -7 -4 -3 -29 37 33 34 -33 -9 -8 -21 47 40 41 44 43 -43 45 -40 -42 48 -10 -18 -36 -2 53 -38 55 -55 -56 -58 -54 60 -5 -37
right_child=2 8 3 6 9 7 36 35 23 13 11 -13 -14 14 20 -17 49 18 19 31 -22 -23 -24 -25 25 -27 -28 30 -30 -31 -32 32 -34 -35 50 61 52 -39 39 -41 46 42 -44 -45 -46 -47 -48 -49 -50 -51 -52 -53 58 54 56 -57 57 -59 -60 -61 -62 -63
leaf_value=-0.059640522222035745 -0.088756623451806418 -0.025748135468817115 0.011190676533336859 0.029526727739200277 -0.073209567072151954 -0.049179843202189363 0.022576627182177178 0.020682678020022577 -0.019532609233547382 -0.20201768987853802 -0.060050254380248025 0.45230406688519831 0.25037239304610659 0.07813251697407797 -0.076917792720760048 0.33967529816499781 0.11723084392083089 -0.038566250355351037 -0.038659250816340439 -0.024892136309152699 0.062612054602336195 0.22228641856407638 0.20494525026098021 -0.17070899915098886 0.31942523142823309 0.0481021446688824 -0.10805055993129907 0.089273589712413323 -0.16150363725690089 0.10069535655502615 0.26213365770524288 0.28307155925992944 0.17127799297379981 -0.041885089223965159 0.047783107163172626 -0.20179916014631491 0.084270082381679115 0.046529565725024494 -0.0031657488667741632 0.0096097673469074992 -0.06023423983740183 0.30643753413797215 -0.013599057474199911 0.03079434221546198 0.2307615779486023 0.30773509644310582 0.13386414310496661 0.022139180773306566 -0.28877025185448435 -0.10819982142574243 -0.01917051138885963 0.0063923954567440822 0.039392013077469035 0.50328069058386427 0.044931294341451017 0.18307312270390175 0.11549239355468779 0.34131755784428947 0.25196440092075184 -0.011835179762814459 0.16160951589058709 -0.012827362248239924
leaf_weight=12668 1058 24256 564 4421 468 338 2437 22670 14284 200 225 288 209 814 840 349 2302 52588 13991 13522 3207 270 940 359 267 836 205 687 1163 724 809 227 497 2785 7543 388 8407 2295 693 29055 1224 284 1663 405 983 219 372 6948 270 211 3078 31981 4130 246 1412 748 1362 402 266 5376 689 737
leaf_count=12668 1058 24256 564 4421 468 338 2437 22670 14284 200 225 288 209 814 840 349 2302 52588 13991 13522 3207 270 940 359 267 836 205 687 1163 724 809 227 497 2785 7543 388 8407 2295 693 29055 1224 284 1663 405 983 219 372 6948 270 211 3078 31981 4130 246 1412 748 1362 402 266 5376 689 737
internal_value=-0.000120195 -0.0171076 0.0322367 0.0456135 0.0296408 0.0157493 0.0629114 0.0238339 -0.000789962 0.0804099 0.154031 0.213204 0.026907 0.0514009 0.061166 0.156842 0.0327296 -0.0294872 -0.0255293 -0.00992535 0.0336392 0.00512423 0.153758 0.00840132 0.00952248 0.11401 0.115107 0.140096 -0.105132 -0.0220795 0.182865 0.00349974 0.0236781 0.018285 0.0337349 0.0160082 0.0831217 -0.0145268 0.00747705 0.0179131 0.0591935 0.0870486 0.0328127 0.144692 0.154311 0.0717467 -0.0149378 -0.00946077 -0.0245469 0.0982674 0.0283798 0.00334287 0.0918129 0.105615 0.148618 0.262746 0.112828 0.16712 0.0523091 0.0170154 0.0473641 -0.078123
internal_weight=292855 192036 100819 67510 35101 27561 32409 25834 82842 7540 2130 1453 677 5410 5210 1163 12999 109194 96526 43938 4047 33309 1165 57862 57503 1103 2039 1834 1727 24980 1496 29947 14130 13633 10848 23795 19410 15817 56400 34898 5843 4247 2352 689 1895 912 1596 21502 14554 2513 10621 33039 16973 12577 4170 994 3176 1764 4396 10486 5110 1125
internal_count=292855 192036 100819 67510 35101 27561 32409 25834 82842 7540 2130 1453 677 5410 5210 1163 12999 109194 96526 43938 4047 33309 1165 57862 57503 1103 2039 1834 1727 24980 1496 29947 14130 13633 10848 23795 19410 15817 56400 34898 5843 4247 2352 689 1895 912 1596 21502 14554 2513 10621 33039 16973 12577 4170 994 3176 1764 4396 10486 5110 1125
is_linear=0
shrinkage=0.05


Tree=54
num_leaves=63
num_cat=0
split_feature=0 11 10 14 16 20 27 28 7 14 5 27 19 19 17 16 19 24 27 5 31 31 28 27 14 7 7 14 14 0 26 31 31 11 27 31 31 27 21 9 11 14 11 26 11 9 27 14 11 14 31 14 14 26 11 22 6 14 31 31 28 5
split_gain=57659.6 18563.2 15071.2 11068.8 8253.64 14431.7 7477.43 8114.79 6462.6 6211.46 5923.67 6607 5902.89 8859.5 5838.02 5398.97 10978.8 5305.23 5148.22 4822.78 4377.73 4666.19 4733.27 4413.35 4328.88 4314.1 4212.36 4100.18 4313.78 4066.38 4007.86 5139.05 4247.51 4719.4 4113.02 4667.51 3938.17 7344.08 4613.92 4714.03 4880.5 4894.45 6709.1 3937.37 3887.87 3847.68 3806.75 3716.14 4635.9 3703.58 5974.74 3511.38 4206.19 3483.86 3474.82 3411.87 3660.9 3383.01 5015.36 5035.68 3361.05 3332.71
threshold=1855.5000000000002 -1.0000000180025095e-35 2.5000000000000004 58.250000000000007 1.0000000180025095e-35 0.36500000000000005 0.46070357079828234 0.5313392857142859 1.1216894918062497 36.750000000000007 -8.4999999999999982 0.48240454076367395 17.500000000000004 1.0000000180025095e-35 2.5000000000000004 1.0000000180025095e-35 46.500000000000007 30.500000000000004 0.56534679089026929 13.500000000000002 0.28151780047459446 1.4617536630036632 0.48579499596448755 0.52010101010101029 52.250000000000007 -0.9904687135034127 -1.4779673510481464 55.250000000000007 44.750000000000007 3104.5000000000005 1.0084407629227208 3.6514062500000009 6.0504658119658119 -6.9879166666666652 0.5182149966821501 2.1744206011151266 6.9084536532170118 0.49675310984608906 -1.4999999999999998 19.500000000000004 -6.9879166666666652 54.750000000000007 -17.00631944444444 1.2000135138178791 3.1560416666666673 6.5000000000000009 0.52185857620640241 52.750000000000007 -2.3465972222222216 57.250000000000007 0.76752353320438449 62.750000000000007 56.750000000000007 1.2773234083800669 -9.0638194444444427 2.5000000000000004 2.7715068012086221 49.750000000000007 5.5323589030206692 2.5500100040016007 0.53583099906629328 -2.4999999999999996
decision_type=2 2 2 2 2 2 2 2 2 2 2 2 2 2 2 2 2 2 2 2 2 2 2 2 2 2 2 2 2 2 2 2 2 2 2 2 2 2 10 2 2 2 2 2 2 2 2 2 2 2 2 2 2 2 2 10 2 2 2 2 2 2
left_child=2 3 -1 9 5 -4 7 -3 25 -2 11 -8 13 -7 26 16 17 -5 19 29 46 27 23 24 43 -6 -14 28 -22 45 31 34 -32 -34 35 -26 38 -38 -24 40 41 55 -43 -23 -9 51 -11 48 -39 50 -29 52 61 54 -49 56 -40 -20 59 -59 -17 -12
right_child=1 6 4 15 8 12 10 44 -10 20 18 -13 14 -15 -16 60 -18 -19 57 -21 21 22 36 -25 30 -27 -28 49 -30 -31 32 -33 33 -35 -36 -37 37 47 39 -41 -42 42 -44 -45 -46 -47 -48 53 -50 -51 -52 -53 -54 -55 -56 -57 -58 58 -60 -61 -62 -63
leaf_value=0.38763348198599451 -0.25934224180627857 -0.0016982781136181809 -0.036790752147175358 0.17203662229989491 -0.050617315328396098 -0.062908844453337456 0.13559116082172556 0.2725205712291216 -0.059281578034440154 -0.043803320772610815 -0.10165339945043012 -0.0049107062760074156 -0.046600836105555418 0.061836726187945723 -0.031543533310828126 0.021291228597906931 0.022970793886571403 0.071773561523385182 -0.016212913322277249 0.16355544398596666 -0.095354378081796587 -0.026019586364939357 0.12638689655489996 0.040514094514119671 -0.19378027976395526 -0.018001308658411017 0.019554943713188805 0.062045049323186954 0.085569770906156681 0.079524006446608023 -0.11909770363826405 -0.0958210265832804 0.22152517536791361 -0.093996963354351259 0.13411303076797285 0.047317353682224693 0.16828590746682218 -0.006916026928029873 -0.0034103737451702757 -0.1697939536427559 0.025526589143805664 -0.041873657149656879 0.084340055319442442 0.073500937802098362 0.071091841508586537 0.05977532892849996 -0.22228948868709067 0.030670575559721708 -0.26771117580078901 0.06840398851296646 -0.22424163290581631 -0.072596900485596569 0.10971429488638901 -0.087522141922611832 0.27363626341151837 -0.026078551036268091 -0.16302567062965731 0.25836970577927282 0.35807736566611964 0.039569122686037468 -0.037178156846455694 0.023130090084967983
leaf_weight=224 238 10342 30518 2039 13061 1707 976 379 18404 1650 644 5827 2715 8542 11366 15281 11728 3743 251 1125 362 7200 702 2131 293 45307 21096 311 3582 12689 3389 1279 204 280 660 632 1035 904 557 418 10320 1972 2257 1152 651 10937 364 306 209 517 438 1059 1187 214 283 8459 1011 453 316 626 2928 3139
leaf_count=224 238 10342 30518 2039 13061 1707 976 379 18404 1650 644 5827 2715 8542 11366 15281 11728 3743 251 1125 362 7200 702 2131 293 45307 21096 311 3582 12689 3389 1279 204 280 660 632 1035 904 557 418 10320 1972 2257 1152 651 10937 364 306 209 517 438 1059 1187 214 283 8459 1011 453 316 626 2928 3139
internal_value=-7.43196e-05 0.0231539 -0.021284 0.0094119 -0.0218863 -0.010199 0.0473366 0.0116367 -0.0334472 -0.00501512 0.057685 0.0152635 0.00766615 0.0410559 -0.00206301 0.0309512 0.0507738 0.107155 0.0665843 0.0619731 -0.00387014 -0.00101842 -0.00611212 -0.0268282 -0.0363409 -0.0253005 0.01201 0.0438173 0.0689437 0.0581141 -0.0661566 -0.021299 -0.0993138 0.0391743 0.0388583 -0.0291787 0.006341 0.0610356 5.75888e-05 -0.0034955 -0.00066023 -0.0196175 0.0254901 -0.0122855 0.145402 0.0420977 -0.0761563 0.00304275 -0.0560847 -0.0344521 -0.105445 0.0100249 0.0276408 0.0849643 0.147676 -0.0386428 -0.106364 0.152723 0.183109 0.131583 0.0118878 0.00186629
internal_weight=292589 139649 152940 89048 152716 75944 50601 11372 76772 53329 39229 6803 45426 10249 35177 35719 17510 5782 32426 30780 53091 51077 45867 17220 15089 58368 23811 5210 3944 29655 6737 2864 3873 484 1585 925 28647 2951 25696 24994 24576 14256 4229 8352 1030 16966 2014 1916 1113 1266 749 6029 4970 803 589 10027 1568 1646 1395 1079 18209 3783
internal_count=292589 139649 152940 89048 152716 75944 50601 11372 76772 53329 39229 6803 45426 10249 35177 35719 17510 5782 32426 30780 53091 51077 45867 17220 15089 58368 23811 5210 3944 29655 6737 2864 3873 484 1585 925 28647 2951 25696 24994 24576 14256 4229 8352 1030 16966 2014 1916 1113 1266 749 6029 4970 803 589 10027 1568 1646 1395 1079 18209 3783
is_linear=0
shrinkage=0.05


Tree=55
num_leaves=63
num_cat=0
split_feature=12 13 14 12 11 25 29 14 28 10 14 20 7 13 14 14 14 14 29 14 27 9 14 13 12 29 29 14 13 29 29 29 14 19 13 14 28 27 29 29 8 13 29 13 29 29 13 14 29 27 29 29 14 29 14 14 29 13 14 14 29 14
split_gain=54538.7 17788.7 10678.9 9764.32 7265.63 6387.83 6796.68 5913.47 6210.61 5757.24 5689.35 5448.15 5115.7 4494.85 5187.11 5045.52 7977.36 7698.63 5017.06 7701.65 4896.44 5433.46 4491.05 4258.79 4467.11 4362.82 4248.59 7727.23 5618.28 4222.43 5205.76 4029.64 3976.18 3824.92 3808.24 7450.34 5266.37 3725.06 3665.95 4790.4 7771.14 5553.01 6011.98 4670.22 11851.2 6765.59 5354.92 6013.3 5330.56 5947.29 10173.1 6954.93 6867.67 5008.92 6012.26 5848.75 4181.07 4886.08 5264.22 4131.51 3929.37 6848.35
threshold=27.00020833333334 -12.749999999999998 85.750000000000014 46.27812500000001 0.98729166666666635 2.9049143564557376 2.8500000000000001 73.250000000000014 0.54180107526881727 2.5000000000000004 71.750000000000014 0.82500000000000007 -0.29994644769725093 -32.749999999999993 56.750000000000007 71.750000000000014 74.250000000000014 70.750000000000014 1.8500000000000003 64.250000000000014 0.56677282377919325 6.5000000000000009 36.250000000000007 -38.749999999999993 2.7151388888888905 5.1500000000000012 6.2500000000000009 66.250000000000014 -38.249999999999993 7.1500000000000012 6.7500000000000009 1.2500000000000002 53.750000000000007 24.500000000000004 14.750000000000002 46.250000000000007 0.5048081368469719 0.49216704842931941 11.050000000000002 10.65 13.500000000000002 -16.749999999999996 9.1500000000000004 -19.249999999999996 6.5500000000000007 6.2500000000000009 -29.249999999999996 64.250000000000014 5.0500000000000007 0.51928389290267762 4.4500000000000011 3.3500000000000001 59.250000000000007 9.7500000000000018 58.250000000000007 61.250000000000007 7.3500000000000005 -26.249999999999996 64.250000000000014 60.250000000000007 8.4500000000000011 60.250000000000007
decision_type=2 2 2 2 2 2 2 2 2 2 2 2 2 2 2 2 2 2 2 2 2 2 2 2 2 2 2 2 2 2 2 2 2 2 2 2 2 2 2 2 2 2 2 2 2 2 2 2 2 2 2 2 2 2 2 2 2 2 2 2 2 2
left_child=4 5 3 11 9 13 31 10 -9 -1 -8 34 -6 26 -15 17 -17 18 19 -16 38 -22 -11 -24 -25 -26 27 28 -2 30 -27 -7 -30 -5 -3 36 -36 -32 39 41 -41 43 60 45 -45 48 47 -47 49 50 52 -51 -20 54 -48 -56 -57 -58 -59 -46 61 -43
right_child=1 2 -4 33 12 6 7 8 -10 22 -12 -13 -14 14 15 16 -18 -19 20 -21 21 -23 23 24 25 29 -28 -29 32 -31 37 -33 -34 -35 35 -37 -38 -39 -40 40 -42 42 -44 44 59 46 53 -49 -50 51 -52 -53 -54 -55 55 56 57 58 -60 -61 -62 -63
leaf_value=0.23052138435332298 -0.10244170735256759 0.011740976437695932 0.37717845395589911 0.093167504549694968 -0.019377973453460203 0.050324553273802503 0.035244499021209665 0.079531926298022887 0.39649167899881399 -0.20442108738806694 -0.17884555082157022 0.058251915851672199 0.020982370626242194 -0.027979196328567619 0.017084219435469783 -0.23498872976802188 0.041112272907728259 0.24989112965598867 0.10352551445613306 -0.33926469948354776 -0.003867681481486536 0.30405708169944146 -0.087156491245613588 -0.050705212453688558 -0.038975434079019676 -0.0072957484076906914 -0.085785257245703961 0.27250707315285116 0.20341616421614567 -0.023210038357799403 0.018320859775551191 -0.14708909346023855 -0.0023550980365347855 0.046527401157782561 0.097882796784911713 0.03727852400093782 0.43700953885027682 0.12641443343690076 -0.040879543509356055 0.409189846455841 -0.0014288160863095926 0.082082572790673478 -0.27076517571998454 0.31226324368486558 -0.15256184438318562 0.43333320453642837 -0.21718089673285135 0.06287273120118364 -0.11985196702349042 0.26253514472737843 0.25898271439006865 -0.0022861589585356167 -0.21720934065879655 0.24610683404469302 0.21647205717960874 -0.15701785062142479 -0.10814913937233782 -0.020649420982002856 0.32505952885572587 0.093074371750123619 0.17645245261252562 -0.11821284098872767
leaf_weight=213 1395 56109 223 5194 17593 373 10277 511 221 363 319 8651 14177 14032 395 500 547 363 224 245 260 318 3006 16460 27179 14058 3909 227 287 43403 1951 838 1270 28631 266 5965 201 1347 2228 212 251 694 260 528 272 216 230 222 982 423 201 597 648 285 412 317 265 207 234 458 234 1105
leaf_count=213 1395 56109 223 5194 17593 373 10277 511 221 363 319 8651 14177 14032 395 500 547 363 224 245 260 318 3006 16460 27179 14058 3909 227 287 43403 1951 838 1270 28631 266 5965 201 1347 2228 212 251 694 260 528 272 216 230 222 982 423 201 597 648 285 412 317 265 207 234 458 234 1105
internal_value=0.000203402 0.020805 0.0323093 0.0315734 -0.0223857 -0.00442235 0.0262494 0.038287 0.175636 -0.0285696 0.0287829 0.0210638 -0.00136754 -0.0152708 -0.0063704 0.0147851 -0.0908395 0.023115 0.0167262 -0.119647 0.023841 0.165777 -0.0290839 -0.0284894 -0.0267993 -0.0223241 -0.0508826 -0.00795172 -0.0296031 -0.0148751 0.00596866 -0.0862924 0.0356807 0.0536918 0.0159189 0.0523573 0.244467 0.0624944 0.0168185 0.030386 0.187063 0.0223185 -0.0448559 0.0452396 0.132056 0.0252272 0.0883504 0.246137 -0.0238062 0.0212926 -0.0608576 0.107686 -0.134795 0.0528013 0.0195851 0.0576584 -0.00645062 0.0612818 0.163108 0.00146615 -0.0158455 -0.0409422
internal_weight=292982 153232 105240 105017 139750 47992 12539 11328 732 107980 10596 71192 31770 35453 28365 14333 1047 13286 12923 640 12283 578 107767 107404 104398 87938 7088 3179 2952 60759 17356 1211 1557 33825 62541 6432 467 3298 11705 9477 463 9014 2293 6721 1258 5463 2388 438 3075 2093 1073 1020 872 1950 1665 1435 1023 706 441 730 2033 1799
internal_count=292982 153232 105240 105017 139750 47992 12539 11328 732 107980 10596 71192 31770 35453 28365 14333 1047 13286 12923 640 12283 578 107767 107404 104398 87938 7088 3179 2952 60759 17356 1211 1557 33825 62541 6432 467 3298 11705 9477 463 9014 2293 6721 1258 5463 2388 438 3075 2093 1073 1020 872 1950 1665 1435 1023 706 441 730 2033 1799
is_linear=0
shrinkage=0.05


Tree=56
num_leaves=63
num_cat=0
split_feature=0 13 14 2 29 29 31 29 29 13 14 14 13 28 14 14 14 14 14 14 13 16 19 14 14 29 14 7 5 10 29 28 13 13 14 14 21 31 13 13 13 29 7 28 13 14 13 13 14 14 31 29 29 28 29 28 29 31 29 7 17 19
split_gain=47673.4 16067.7 8868.12 7523.86 7038.7 9310.63 8437.07 9810.39 7057.26 7478.78 8981.76 24782.5 15227.3 9261.13 7191.09 7458.86 10254.3 6629.93 8153.63 9724.34 7047.94 6586.4 10159.2 6581.53 6549.77 8890.02 10212.6 6353.18 6021.35 5897.73 5830.79 5725.31 5874.27 5215.56 8943.89 8662.7 8711.32 8224.08 10273.4 8887.98 6206.59 8423.93 5943.27 5370.6 5263.51 5161.37 11928.8 5147.05 7440.48 5083.16 5008.87 5970.35 11090.2 5204.15 4999.31 5129.19 4976.21 13646.8 6790.23 4958.65 4926.47 7863.42
threshold=1800.5000000000002 -3.2499999999999996 58.250000000000007 853.50000000000011 11.050000000000002 2.8500000000000001 0.55053539253539274 0.65000000000000002 9.9500000000000011 -8.2499999999999982 60.250000000000007 62.750000000000007 -6.7499999999999991 0.49127877497211242 78.250000000000014 71.750000000000014 70.250000000000014 69.750000000000014 67.250000000000014 65.750000000000014 -5.2499999999999991 1.0000000180025095e-35 50.500000000000007 37.250000000000007 59.250000000000007 3.3500000000000001 63.750000000000007 0.1220664105841148 -1.0000000180025095e-35 11.500000000000002 7.5500000000000007 0.53583099906629328 -38.249999999999993 -17.249999999999996 57.750000000000007 54.750000000000007 -1.0000000180025095e-35 0.76752353320438449 -9.7499999999999982 -12.749999999999998 -13.749999999999998 9.9500000000000011 -0.1276789815180194 0.51620405101275335 -12.249999999999998 62.750000000000007 -7.2499999999999991 -23.749999999999996 64.750000000000014 70.750000000000014 0.72333333333333338 6.6500000000000012 7.3500000000000005 0.48579499596448755 3.7500000000000004 0.4878637916813951 5.6500000000000012 2.5680271493212676 4.4500000000000011 1.4049183632332194 1.0000000180025095e-35 9.5000000000000018
decision_type=2 2 2 2 2 2 2 2 2 2 2 2 2 2 2 2 2 2 2 2 2 2 2 2 2 2 2 2 2 2 2 2 2 2 2 2 10 2 2 2 2 2 2 2 2 2 2 2 2 2 2 2 2 2 2 2 2 2 2 2 2 2
left_child=21 2 23 -3 5 6 7 -4 9 14 12 13 -11 -12 15 16 24 18 19 27 -20 22 60 -2 56 26 -26 -13 -10 -14 -15 32 -6 -25 35 37 -37 38 39 -35 -36 54 44 -40 -38 46 -34 48 -47 -18 -44 -52 -53 -54 -42 -56 57 58 -7 -23 -1 -62
right_child=1 3 4 -5 31 8 -8 -9 28 10 11 17 29 30 -16 -17 49 -19 20 -21 -22 59 -24 33 25 -27 -28 -29 -30 -31 -32 -33 45 34 40 36 42 -39 43 -41 41 -43 50 -45 -46 47 -48 -49 -50 -51 51 52 53 -55 55 -57 -58 -59 -60 -61 61 -63
leaf_value=-0.064473992482266512 -0.26059909479028381 0.020300580046688489 -0.014946558180727168 0.054125870840832174 -0.20870973847584048 0.19406654014527974 -0.091476946927653041 0.27846946882443729 0.33101776335194999 0.19761366588716917 0.50833220282100489 0.069485124952284247 -0.28467017421834462 0.10304162242050825 0.30563833371621291 -0.09535847320093549 0.40382069162315815 0.17183344157100089 -0.26645095434278748 0.25528242032412285 0.061749988063169059 -0.024525873538635459 -0.026366322890199759 -0.029714487789324118 -0.013243978028453288 -0.0081729761343202444 0.37258458044682152 -0.18097639334368315 0.097795707317383421 0.0022659512778944119 0.38444757389118439 -0.15530249460375947 -0.0041837691534190825 -0.12542023910640207 0.11864286028519944 0.18536226803656489 0.12604420633403965 0.0035566067777953203 -0.11495533100315068 0.25736872876925326 -0.28568037497574716 -0.46050433503781885 0.2430094187662816 -0.35820410983339601 -0.16333793927589924 0.15019115826746982 -0.36180518356891184 0.089335166386392648 -0.21499024648039222 0.12070981590438259 -0.02006285918333367 0.40649603847706439 -0.051007209660047563 0.11144623570386099 -0.21183154078089964 0.083072160271354223 0.037948055424424379 0.48553555350957645 -0.15936774536244835 -0.05643477211351277 0.081289253338401687 0.0062906306998604588
leaf_weight=1994 257 31344 1156 34577 334 340 2511 377 324 448 412 770 450 467 218 1347 229 805 420 479 267 57202 40896 16980 347 10895 338 376 1878 297 304 742 1671 345 221 1144 210 21634 521 269 267 204 330 403 616 223 270 2109 369 515 2120 254 731 1510 235 392 1357 269 225 15468 4060 25077
leaf_count=1994 257 31344 1156 34577 334 340 2511 377 324 448 412 770 450 467 218 1347 229 805 420 479 267 57202 40896 16980 347 10895 338 376 1878 297 304 742 1671 345 221 1144 210 21634 521 269 267 204 330 403 616 223 270 2109 369 515 2120 254 731 1510 235 392 1357 269 225 15468 4060 25077
internal_value=-0.000286855 0.0196552 0.00490518 0.0380432 0.0246851 0.0350692 -0.035061 0.0573457 0.046998 0.0382916 0.0886445 0.122337 -0.032594 0.317079 0.0210801 0.0171502 0.0275969 0.0483487 0.00529772 0.0663472 -0.138993 -0.0206983 -0.00998302 -0.00873314 0.0178211 0.0028188 0.177401 -0.0127769 0.132246 -0.170737 0.214352 -0.0258364 -0.00650364 -0.00739001 0.00468052 0.010269 0.0593772 -0.00438786 -0.116067 0.0424295 -0.122706 -0.171347 0.0343751 -0.22132 -0.0897028 0.00808726 -0.0540909 0.0527734 -0.0774091 0.208275 0.0551147 0.0416294 0.0940362 0.0584558 -0.104924 -0.0276192 0.0970747 0.193119 0.0532855 -0.0313184 0.0115395 0.0167435
internal_weight=292800 148103 82182 65921 33539 27821 4044 1533 23777 21575 5495 4300 1195 1183 16080 15862 14515 3117 2312 1625 687 144697 72027 48643 13771 11580 685 1146 2202 747 771 5718 4976 48386 31406 30087 6915 23172 1538 614 1319 1098 5771 924 826 4642 1941 2701 592 744 4945 4615 2495 2241 894 627 2191 834 565 72670 31131 29137
internal_count=292800 148103 82182 65921 33539 27821 4044 1533 23777 21575 5495 4300 1195 1183 16080 15862 14515 3117 2312 1625 687 144697 72027 48643 13771 11580 685 1146 2202 747 771 5718 4976 48386 31406 30087 6915 23172 1538 614 1319 1098 5771 924 826 4642 1941 2701 592 744 4945 4615 2495 2241 894 627 2191 834 565 72670 31131 29137
is_linear=0
shrinkage=0.05


Tree=57
num_leaves=63
num_cat=0
split_feature=12 11 13 16 20 13 31 5 27 29 5 26 0 29 31 13 29 31 26 12 27 28 13 5 26 9 27 13 27 13 31 29 9 31 26 12 8 13 28 28 28 28 29 29 13 6 13 0 8 28 13 13 13 13 28 13 10 11 9 27 29 24
split_gain=46122.3 12155.8 11606.5 9172.15 13700.6 7345.4 7951.44 6983.86 5952.28 5987.42 7104.18 5398.96 5075.84 5395.01 5414.94 5057.37 6412.56 9814.5 5866.54 4919.39 4551.26 5134.92 4334.15 5676.27 5644.65 5718.17 5459.99 6774.01 5396.36 5351.52 5383.35 5041.83 5936.62 4155.67 4712.16 4124.34 4025.39 4845.1 4024.86 4325.39 3827.15 3745.37 3685.09 10219.3 7846.13 3507.2 4352.6 3458.21 3421.55 4400.5 3412.57 3403.01 3289.23 6034.91 3710.31 6001.72 3917.68 3521.63 3204.09 3115.59 3856.73 3108
threshold=37.322430555555563 0.98729166666666635 7.7500000000000009 1.0000000180025095e-35 0.54500000000000015 8.2500000000000018 3.5700236176715761 -9.4999999999999982 0.47765947333396713 5.1500000000000012 13.500000000000002 1.2999961405906844 570.50000000000011 7.9500000000000011 4.2434195825504046 7.2500000000000009 2.8500000000000001 1.065737792201207 0.97082469327977383 51.745069444444447 0.49257407543562975 0.57381706408345756 4.2500000000000009 11.500000000000002 1.0098232042685877 5.5000000000000009 0.43490542864161147 3.7500000000000004 0.51928389290267762 5.2500000000000009 2.0296501068376074 4.6500000000000012 12.500000000000002 1.4617536630036632 1.2945647686930679 67.23819444444446 16.500000000000004 -9.2499999999999982 0.5143682906688688 0.46517846039049876 0.48136574074074079 0.47922830374753461 17.950000000000003 17.250000000000004 -10.249999999999998 -6.779226830157036 10.750000000000002 1242.5000000000002 12.500000000000002 0.47839423846359036 -27.749999999999996 16.750000000000004 -3.7499999999999996 -4.2499999999999991 0.4415914035203376 -2.7499999999999996 20.500000000000004 0.30527777777777793 5.5000000000000009 0.5718253968253969 6.4500000000000011 118.50000000000001
decision_type=2 2 2 2 2 2 2 2 2 2 2 2 2 2 2 2 2 2 2 2 2 2 2 2 2 2 2 2 2 2 2 2 2 2 2 2 2 2 2 2 2 2 2 2 2 2 2 2 2 2 2 2 2 2 2 2 2 2 2 2 2 2
left_child=1 8 3 4 50 6 -4 20 11 -10 12 -1 -11 14 58 16 17 18 -9 -6 47 -22 23 24 26 -26 -18 28 -28 31 -31 -24 -33 -17 61 45 37 -13 39 -20 -19 -12 43 52 -44 46 -7 -3 -47 -50 -2 -51 53 -15 55 -54 57 -56 -14 -60 -61 -35
right_child=2 7 5 -5 19 35 -8 15 9 10 41 36 13 42 -16 33 22 40 38 -21 21 -23 29 -25 25 -27 27 -29 -30 30 -32 32 -34 34 -36 -37 -38 -39 -40 -41 -42 -43 44 -45 -46 48 -48 -49 49 51 -52 -53 54 -55 56 -57 -58 -59 59 60 -62 -63
leaf_value=-0.034152288645431177 -0.027723316121312083 -0.021628629695803148 0.075940516572973515 0.0038297901908716093 0.061347773587298073 -0.11544638596205402 0.49965025846025735 -0.098324644513268153 -0.031789011014651841 -0.021414263709598574 -0.0016418434478212966 0.35067156437117464 0.11121124119733801 0.009791543183378295 0.27349234399508754 -0.015515150551365731 -0.05624582550619181 0.092880509210990211 0.12357650833692375 0.13095219893532745 -0.046535786008906461 0.1032197418377951 -0.30796770484868807 0.13761045269296013 0.10747462628754467 -0.073634011054282952 0.1346330063949589 0.30081160330371554 -0.054851848975038878 0.15820114481950268 -0.029784911007978865 0.032771641198646083 -0.16811628987364782 0.059899851747067002 0.20556362231138603 0.2190456431065434 0.0072596325295603316 0.015090332904319263 0.2306681578333529 -0.12669112465213658 0.36898277008206137 -0.046616137843748226 0.10240421185034317 0.27490051232082563 -0.25977365013584491 0.060371563294435729 0.03820940332078343 0.034292866867255398 0.0050203322551467203 0.26467355371844181 0.024785144940815074 0.042503838761685758 -0.11377360775010792 0.18923066936954705 -0.17931102855426789 0.13021493495504477 -0.021870651177591738 0.040064100687718623 0.023495568052170523 0.02213903255985563 0.263203123648104 -0.0086226248809549051
leaf_weight=66030 3585 5266 246 39652 8789 567 201 639 25718 9023 8150 228 1522 9460 264 2522 802 201 437 3571 10064 606 283 845 517 2749 890 341 649 419 4084 667 818 10017 497 405 898 203 354 284 337 10715 248 351 374 10777 2443 5818 384 666 22572 233 380 492 887 744 2549 230 7765 351 314 1982
leaf_count=66030 3585 5266 246 39652 8789 567 201 639 25718 9023 8150 228 1522 9460 264 2522 802 201 437 3571 10064 606 283 845 517 2749 890 341 649 419 4084 667 818 10017 497 405 898 203 354 284 337 10715 248 351 374 10777 2443 5818 384 666 22572 233 380 492 887 744 2549 230 7765 351 314 1982
internal_value=-0.000208406 -0.013848 0.0286364 0.0207104 0.0380878 0.0675457 0.267158 0.00690535 -0.0212069 -0.0119444 -0.00246096 -0.0321437 0.0108846 0.0221238 0.050408 0.0224094 0.00219265 0.0800963 0.0215621 0.0814666 -0.0147137 -0.0380216 -0.0112417 0.0164282 -0.000807732 -0.0449408 0.052932 0.0995119 0.0547431 -0.0412126 -0.0122617 -0.1149 -0.0779245 0.0430258 0.0548411 0.061763 0.0676005 0.193014 0.0928501 0.0249578 0.266193 -0.0271876 0.00373478 0.00865326 -0.115436 0.0575218 0.00923621 0.00772505 0.0695714 0.146741 0.0175877 0.207204 0.00229582 0.0186807 -0.0317431 0.0476999 -0.0561068 -0.134144 0.0444633 0.0324005 0.136189 0.0485815
internal_weight=293075 198984 94091 78169 38517 15922 447 52088 146896 79537 53819 67359 34954 25931 10216 30334 15316 2252 1714 12360 21754 10670 13064 6793 5948 3266 2682 1880 1539 6271 4503 1768 1485 15018 12496 15475 1329 431 1075 721 538 18865 15715 15093 622 15070 3010 11084 12060 1283 26157 899 14742 9952 4790 1124 3666 1117 9952 8430 665 11999
internal_count=293075 198984 94091 78169 38517 15922 447 52088 146896 79537 53819 67359 34954 25931 10216 30334 15316 2252 1714 12360 21754 10670 13064 6793 5948 3266 2682 1880 1539 6271 4503 1768 1485 15018 12496 15475 1329 431 1075 721 538 18865 15715 15093 622 15070 3010 11084 12060 1283 26157 899 14742 9952 4790 1124 3666 1117 9952 8430 665 11999
is_linear=0
shrinkage=0.05


Tree=58
num_leaves=63
num_cat=0
split_feature=12 13 24 19 16 8 29 29 13 28 29 31 31 13 16 19 26 13 26 29 29 27 17 13 9 13 27 13 13 19 19 27 5 26 28 21 24 7 19 31 29 13 28 5 23 29 29 12 4 26 27 29 29 9 13 19 29 29 29 13 13 29
split_gain=40873.2 14337 9506.86 6243.77 8146.53 5926.9 7053.78 5869.61 6389.17 8088.33 9196.13 5256.12 5164.81 5380.39 5148.12 9563.77 4609.19 4582.45 4901.31 6798.27 6461.26 6150.47 4504.23 4047.79 4008.89 4007.07 4701.72 6157.11 4645.51 3972.29 4111.88 3873.94 4309.62 3590.51 3557.83 3544.56 3531.44 3418.71 3402.51 3333.56 4907.31 4266.85 3953.02 3576 3279.52 4772.9 3356.7 3200.41 3389.91 7412.87 3183.06 3157.83 3108.11 3966.85 3063.91 3042.71 3004.84 5776.76 14455.6 7434.61 7792.98 22466.4
threshold=23.924027777777781 -11.249999999999998 52.500000000000007 22.500000000000004 1.0000000180025095e-35 20.500000000000004 15.15 17.850000000000005 6.2500000000000009 0.52280154486036856 4.6500000000000012 2.7800368551679973 7.9312803268384675 4.2500000000000009 1.0000000180025095e-35 30.500000000000004 1.0820150341949131 -46.249999999999993 1.1891770716668015 2.8500000000000001 1.2500000000000002 0.58542904081890568 2.5000000000000004 33.250000000000007 26.500000000000004 5.2500000000000009 0.45478595478595479 6.7500000000000009 6.2500000000000009 1.0000000180025095e-35 7.5000000000000009 0.42333527383457975 -10.499999999999998 1.1440199410607217 0.50120772946859915 -2.4999999999999996 29.500000000000004 -1.4779673510481464 1.0000000180025095e-35 2.4187597930524762 2.0500000000000003 20.250000000000004 0.49319696408737507 -8.4999999999999982 2.5000000000000004 2.1500000000000008 2.7500000000000004 47.53819444444445 27.500000000000004 0.72384313594337546 0.40511785246617199 0.65000000000000002 6.2500000000000009 23.500000000000004 -16.749999999999996 61.500000000000007 12.350000000000003 10.450000000000001 10.250000000000002 -17.749999999999996 -19.249999999999996 5.6500000000000012
decision_type=2 2 2 2 2 2 2 2 2 2 2 2 2 2 2 2 2 2 2 2 2 2 2 2 2 2 2 2 2 2 2 2 2 2 2 10 2 2 2 2 2 2 2 2 10 2 2 2 2 2 2 2 2 2 2 2 2 2 2 2 2 2
left_child=14 17 3 4 38 6 11 8 12 10 -10 25 13 -7 15 29 -8 -2 31 20 -20 56 37 24 47 -4 -27 28 33 -1 -31 -19 -33 -28 -12 -13 -22 -17 -3 40 -29 42 -42 -44 45 -34 -47 48 49 -5 -49 -46 53 -37 -23 -39 57 58 59 60 -21 -62
right_child=1 2 5 23 -6 7 16 -9 9 -11 34 35 -14 -15 -16 22 -18 18 19 21 36 54 -24 -25 -26 26 27 39 -30 30 -32 32 44 -35 -36 52 -38 55 -40 -41 41 -43 43 -45 51 46 -48 50 -50 -51 -52 -53 -54 -55 -56 -57 -58 -59 -60 -61 61 -63
leaf_value=-0.061366099627536419 -0.089154898311959815 -0.021703332829154768 -0.039801557526758014 0.37298771216745541 0.026720818571335354 0.034324232788748812 -0.0078268941429689362 0.30123583799419562 0.39732494348005121 -0.075011724847732927 0.037413643721271275 -0.12430714922753183 -0.23141089607845641 -0.14683534690153063 -0.03230018739001158 -0.056264886401098536 -0.15603044560881119 -0.053863508144625219 0.067926407789818913 0.034997515661066285 -0.049973744754829713 0.074039423018663869 -0.046445034806788077 0.24168744743293291 -0.17037626823213528 -0.061088615892217563 0.18878697177685341 -0.053711337373989809 0.30908658862097221 0.086129504595613735 0.01751448101086046 0.12146767991927282 0.086016191723460173 -0.094219004738577972 0.24231540940079085 0.11905779729251507 -0.23763719467059718 0.012874000507570073 0.12987975588163955 -0.10414549631436015 0.11902984663674472 0.24077974278425829 -0.17078923418934719 0.059781291519105439 -0.12428923417154956 -0.19245986564972895 -0.033698181795588672 0.1824605220973349 0.01804675206779438 0.050392013217014524 0.043258226093908697 0.005450325802294714 0.018017937057408395 -0.094462262874505695 0.33433507245003447 -0.02041109758076352 0.094748677657558081 -0.067908998167849843 0.39558371674576392 -0.036796897259371873 0.65358347566889641 0.032141754015689854
leaf_weight=1248 1561 401 8631 206 4603 8002 958 213 363 393 666 410 200 431 61080 3915 1159 4755 501 5743 464 212 14042 228 245 1521 251 1036 333 2764 10385 652 824 201 310 1487 546 11853 4778 519 828 344 304 374 478 343 10409 417 30781 1278 23772 22494 18568 254 243 16316 1445 1665 266 3425 203 507
leaf_count=1248 1561 401 8631 206 4603 8002 958 213 363 393 666 410 200 431 61080 3915 1159 4755 501 5743 464 212 14042 228 245 1521 251 1036 333 2764 10385 652 824 201 310 1487 546 11853 4778 519 828 344 304 374 478 343 10409 417 30781 1278 23772 22494 18568 254 243 16316 1445 1665 266 3425 203 507
internal_value=0.000106139 0.0158503 0.026037 0.0382289 0.0751296 0.00900613 -0.000389886 0.0420268 0.0366715 0.124285 0.182792 0.0049628 0.0190816 0.0250491 -0.0220595 -0.0117242 -0.0889997 -0.00470161 -0.0023107 0.0218338 -0.0787872 0.0329291 -0.0228283 0.0318869 0.031039 -0.018305 0.0141838 0.0415163 0.167655 0.023851 0.0319432 -0.0115083 -0.0057854 0.0630068 0.102677 0.0210693 -0.151558 -0.012491 0.118141 0.0123951 0.0333818 0.0821567 0.0457883 -0.0437006 -0.00819041 -0.0298904 -0.0387803 0.0319161 0.0216071 0.0953938 0.0456654 0.00274542 0.0240101 0.0878703 0.213483 -0.00640538 0.0267152 0.018383 0.0325519 0.022737 0.054336 0.210491
internal_weight=292804 171201 114465 66709 9782 47756 37178 10578 10365 1732 1339 35061 8633 8433 121603 60523 2117 56736 55175 15220 1511 13709 46126 56927 56699 14342 5711 4190 785 14397 13149 39955 35200 452 976 20719 1010 32084 5179 3405 2886 1850 1506 678 34548 11576 10752 56454 32265 1484 24189 22972 20309 1741 455 28169 13254 11809 10144 9878 6453 710
internal_count=292804 171201 114465 66709 9782 47756 37178 10578 10365 1732 1339 35061 8633 8433 121603 60523 2117 56736 55175 15220 1511 13709 46126 56927 56699 14342 5711 4190 785 14397 13149 39955 35200 452 976 20719 1010 32084 5179 3405 2886 1850 1506 678 34548 11576 10752 56454 32265 1484 24189 22972 20309 1741 455 28169 13254 11809 10144 9878 6453 710
is_linear=0
shrinkage=0.05


Tree=59
num_leaves=63
num_cat=0
split_feature=12 13 16 19 26 12 5 27 29 31 16 19 27 25 12 18 17 13 17 13 29 29 27 29 31 31 5 17 19 12 29 29 31 7 13 11 27 17 19 13 19 26 10 23 7 29 29 31 27 13 29 31 13 29 9 29 29 13 29 10 31 29
split_gain=37253.8 14377.7 10304.5 12123 5414.54 5332.83 4951.92 7684.31 4609.71 5800.6 4604.65 9103.54 4270.99 4460.11 4266.16 4228.22 4155.96 3977.4 3817.86 3526.43 3609.88 6614.11 5263.01 5685.49 6610.97 4901.44 3402.65 3274.53 3321.11 3258.31 3173.25 4107.9 4561.63 5580.85 5290.4 5594.82 3799.2 3162.6 4535.4 3118.76 3026.25 2924.14 4037.14 2891.04 2886.93 2839.18 5945.21 4385.08 3792.04 3391.6 5277.91 6636.7 4966.68 26876 6697.68 4273.19 7531.48 5061.12 8476.86 6350.19 5277.03 5029.33
threshold=23.924027777777781 -11.249999999999998 1.0000000180025095e-35 57.500000000000007 1.12980121840467 50.757291666666674 -10.499999999999998 0.45318120503597131 0.65000000000000002 0.66942403885674873 1.0000000180025095e-35 30.500000000000004 0.42333527383457975 2.2572366558802153 64.000833333333347 10.500000000000002 3.5000000000000004 -35.249999999999993 2.5000000000000004 -45.249999999999993 2.8500000000000001 1.2500000000000002 0.58234803171512051 7.6500000000000012 3.1529554367201427 1.4962926310773914 -22.499999999999996 1.0000000180025095e-35 7.5000000000000009 48.046805555555558 20.050000000000004 18.450000000000003 7.9312803268384675 -0.13394993164730004 -3.7499999999999996 1.3519444444444446 0.46006134969325158 1.0000000180025095e-35 8.5000000000000018 -34.249999999999993 72.500000000000014 1.2085436228389668 6.5000000000000009 2.5000000000000004 2.4356608950704897 12.350000000000003 11.050000000000002 7.2429095928226372 0.51227040048178274 -17.749999999999996 10.050000000000002 4.8150120192307702 -19.249999999999996 5.6500000000000012 6.5000000000000009 4.3500000000000005 3.9500000000000006 -14.249999999999998 5.0500000000000007 6.5000000000000009 2.8008939974457223 8.9500000000000011
decision_type=2 2 2 2 2 2 2 2 2 2 2 2 2 2 2 2 2 2 2 2 2 2 2 2 2 2 2 2 2 2 2 2 2 2 2 2 2 2 2 2 2 2 2 10 2 2 2 2 2 2 2 2 2 2 2 2 2 2 2 2 2 2
left_child=10 4 3 5 6 16 7 -2 -8 -10 11 27 -11 17 26 29 37 -14 40 -6 21 -21 25 24 -24 -22 -4 -1 -29 -5 31 32 36 -34 -35 -36 -28 -3 -39 -19 -13 -23 -43 -15 -12 46 49 -47 -49 52 51 55 -27 -54 -55 56 -51 59 -59 -57 -61 -60
right_child=1 2 14 15 19 -7 8 -9 9 12 44 18 13 43 -16 -17 -18 39 -20 20 22 41 23 -25 -26 45 30 28 -30 -31 -32 -33 33 34 35 -37 -38 38 -40 -41 -42 42 -44 -45 -46 47 -48 48 -50 50 -52 -53 53 54 -56 57 -58 58 61 60 -62 -63
leaf_value=-0.050647161031586375 -0.12495836790139769 -0.037680354407075012 -0.066472063600616568 0.014132341734996022 -0.088251609246932039 0.11045683165253882 -0.15017044896850021 0.25260514098233616 0.13766791354171842 -0.069073582688092203 -0.025747257605138643 -0.0023113086541574012 -0.061310837936766907 -0.051883133756984681 0.095933534353697378 -0.032735091029062219 -0.0055196809863373181 0.22255801910837297 -0.043649333028910053 0.082325581250524901 0.20690362121920686 0.0055562166526977042 0.069358192882979314 -0.039932018863078261 0.45923733188365612 0.024418494089398429 -0.011277242062312337 0.080360806769925741 0.018380198502240482 0.055393764127030856 -0.11769939350780384 0.16548942972391542 -0.23324833689987956 -0.17040955686377457 0.2856595795963015 -0.023550020888115395 0.020460079767531131 0.13099052575177841 0.056365265355938859 0.02397933563558902 -0.035867850847840388 -0.011397566097725626 -0.23230676947152573 -0.012260838920931376 -0.05553167194277734 0.13776424295988912 -0.086094107260026115 0.12277399819681678 -0.090093998467616218 -0.0014768470443639878 0.1566804499345385 -0.27761253672449487 0.6060329915470436 -0.13516437027071831 0.16346103184019115 0.06565377853859064 0.35248497565708514 -0.22585854897904928 0.11450048865472391 -0.026056512754054413 -0.22537725640849265 -0.098591165835851757
leaf_weight=1341 203 782 1477 18420 806 4987 665 397 592 3923 51375 22491 1438 7309 1426 3655 2643 202 13976 665 343 381 213 226 222 8426 12412 2734 10308 6463 478 429 407 372 200 537 39235 2293 18164 7637 9580 310 621 12438 9667 1127 1480 333 559 563 418 252 237 423 336 462 204 292 1235 543 855 356
leaf_count=1341 203 782 1477 18420 806 4987 665 397 592 3923 51375 22491 1438 7309 1426 3655 2643 202 13976 665 343 381 213 226 222 8426 12412 2734 10308 6463 478 429 407 372 200 537 39235 2293 18164 7637 9580 310 621 12438 9667 1127 1480 333 559 563 418 252 237 423 336 462 204 292 1235 543 855 356
internal_value=0.000395234 0.0154304 0.0256353 0.0405857 -0.00515882 0.0634301 -0.0174126 0.124867 -0.0199121 -0.0173249 -0.0207791 -0.0109947 -0.020114 -0.0134943 0.0105704 0.017475 0.0536059 0.015101 -0.0218407 0.0143258 0.0182515 -0.0460506 0.0249076 0.163426 0.268928 0.0199348 0.00837732 0.0237277 0.0313784 0.0248512 0.0104231 0.0115681 0.0103229 -0.0751354 -0.0169505 0.0606337 0.0128328 0.0609634 0.0647359 0.0291242 -0.0123359 -0.111133 -0.158841 -0.0269282 -0.0304649 0.0163806 0.00936209 0.0722534 -0.010578 0.0190424 -0.0134552 -0.0284192 0.0369083 0.14244 -0.00292543 -0.0144368 0.0930032 -0.0364719 0.0213105 -0.0949489 -0.148033 0.0667874
internal_weight=292544 171072 114380 57407 56692 28869 34804 600 34204 33539 121472 60430 32947 29024 56973 28538 23882 9277 46047 21888 21082 1977 19105 661 435 18444 55547 14383 13042 24883 54070 53592 53163 1516 1109 737 51647 21239 20457 7839 32071 1312 931 19747 61042 18101 16082 2019 892 14602 5180 4762 9422 996 759 4510 767 3743 1883 1860 1398 1591
internal_count=292544 171072 114380 57407 56692 28869 34804 600 34204 33539 121472 60430 32947 29024 56973 28538 23882 9277 46047 21888 21082 1977 19105 661 435 18444 55547 14383 13042 24883 54070 53592 53163 1516 1109 737 51647 21239 20457 7839 32071 1312 931 19747 61042 18101 16082 2019 892 14602 5180 4762 9422 996 759 4510 767 3743 1883 1860 1398 1591
is_linear=0
shrinkage=0.05


Tree=60
num_leaves=63
num_cat=0
split_feature=12 14 12 16 19 16 19 19 13 17 19 19 19 17 17 29 13 7 7 13 10 17 26 7 13 18 19 13 5 29 13 29 26 29 14 14 13 29 14 28 28 14 13 14 5 5 26 29 27 29 14 26 29 14 14 14 29 29 5 27 27 13
split_gain=32443.6 10339.5 9700.32 8707.12 13913.1 7306.61 12549.4 6912.35 5183.97 4977.63 4192.53 3730.51 3666.2 3633.52 3318.81 3278.6 3168.87 2848.25 4516.32 6148.62 3422.76 2727.69 2653.15 2644.14 2431.52 2559.32 2427.06 2425.61 2422.05 2400.87 4074.28 3184.33 3641.2 2913.99 4823.37 6240.96 4535.01 4001.33 3133.77 2985.59 3364.82 3794.11 3851.28 3798.16 7138.97 2598.67 2640.22 5453.25 2597.36 3675.86 3086.06 3217.64 2857.74 2952.82 3467.91 2865.41 2888.32 2707.51 2546.89 3366.05 3096.31 2524.98
threshold=37.100833333333348 85.750000000000014 15.248263888888891 1.0000000180025095e-35 64.500000000000014 1.0000000180025095e-35 34.500000000000007 19.500000000000004 -8.7499999999999982 2.5000000000000004 1.0000000180025095e-35 64.500000000000014 8.5000000000000018 3.5000000000000004 1.0000000180025095e-35 20.050000000000004 14.750000000000002 7.0636583400483497 -0.070134426975148614 -4.2499999999999991 12.500000000000002 2.5000000000000004 0.66787069806726118 0.99391175682379307 -13.249999999999998 11.500000000000002 62.500000000000007 -8.2499999999999982 19.500000000000004 12.250000000000002 9.7500000000000018 17.650000000000002 1.1366116830303368 10.250000000000002 67.750000000000014 58.250000000000007 -6.2499999999999991 1.1500000000000001 68.250000000000014 0.44836473515819414 0.53352059925093642 66.250000000000014 1.2500000000000002 64.750000000000014 -1.4999999999999998 10.500000000000002 1.2945647686930679 5.4500000000000011 0.48397370043147736 3.2500000000000004 50.250000000000007 1.1329004908417688 5.8500000000000005 55.250000000000007 57.250000000000007 54.250000000000007 4.2500000000000009 5.1500000000000012 -6.4999999999999991 0.5306692509405998 0.50797894915541986 9.2500000000000018
decision_type=2 2 2 2 2 2 2 2 2 2 2 2 2 2 2 2 2 2 2 2 2 2 2 2 2 2 2 2 2 2 2 2 2 2 2 2 2 2 2 2 2 2 2 2 2 2 2 2 2 2 2 2 2 2 2 2 2 2 2 2 2 2
left_child=2 3 17 4 7 6 10 14 -5 26 -4 28 -12 16 -2 22 -9 18 -1 -20 -21 -14 -10 -22 -6 -26 -8 -24 -7 33 31 32 -31 34 35 37 -35 61 58 -37 41 43 -43 45 -45 46 -41 -48 -39 50 -50 -52 55 -54 -55 -51 -57 -58 60 -60 -38 -29
right_child=1 -3 5 8 24 11 9 13 15 -11 12 -13 21 -15 -16 -17 -18 -19 19 20 23 -23 27 -25 25 -27 -28 29 -30 30 -32 -33 -34 36 -36 39 38 48 -40 40 -42 42 -44 44 -46 -47 47 -49 49 52 51 -53 53 54 -56 56 57 -59 59 -61 -62 -63
leaf_value=-0.037051545003703688 -0.011371993767318461 0.33896870152845693 -0.056144244625014106 -0.011644687781274008 -0.01751855347680753 -0.019838805471787489 0.02491517622745432 0.050254612054328324 0.089160706995141031 -0.028979083909208028 0.10633154541117068 0.00035976524966211776 0.060736096886068264 -0.0088584296922354835 0.12287416248108077 -0.17044441608542749 0.12576230611446101 -0.057383996174209834 -0.026017973768099025 0.20625109421334456 0.030992772669176112 0.0074930992085016886 0.17233640025802999 -0.011426130828960691 0.026795304258767073 -0.044416744072848541 -0.0035576464822790394 -0.1520412493313513 -0.057573787476009136 -0.014952656974809112 0.075523829126988004 0.099917351229573195 -0.13783209289091819 -0.11355071934807147 -0.041647045260679062 -0.015434229197516173 0.10993685189728873 -0.028118004898531071 0.26419978892175305 0.065411598375798227 0.0010527220300758156 0.3518246274338761 0.088832509203348314 0.18533494635886247 -0.1354497587665765 0.27095712473945754 0.29549031890568817 0.036681416704185052 -0.0092107066647912749 0.013578251478538734 0.083945246794096692 0.31516812873237277 0.012882314940916826 0.18452890046828199 -0.015840813558049668 -0.23951507366043245 0.062375156006926218 -0.17100030796834129 0.074148990607862855 0.25993203767861656 -0.10467510381635683 0.042763378638444483
leaf_weight=30153 505 259 875 19477 6687 30844 12293 17236 1451 13228 2929 24250 7363 2411 5191 219 1511 6295 26732 227 7805 3573 257 6939 12075 1408 19131 633 4932 1390 860 317 1064 289 2921 1038 315 2811 247 2690 1204 271 287 266 494 208 413 401 298 1279 339 271 2427 634 327 271 290 216 1163 308 358 225
leaf_count=30153 505 259 875 19477 6687 30844 12293 17236 1451 13228 2929 24250 7363 2411 5191 219 1511 6295 26732 227 7805 3573 257 6939 12075 1408 19131 633 4932 1390 860 317 1064 289 2921 1038 315 2811 247 2690 1204 271 287 266 494 208 413 401 298 1279 339 271 2427 634 327 271 290 216 1163 308 358 225
internal_value=0.000113699 0.0240896 -0.0114408 0.0232271 0.0385128 -0.00247805 0.00995552 0.0620828 0.00822952 -0.00324999 0.0499566 -0.0147803 0.056656 0.0489165 0.110972 0.0218345 0.0563469 -0.0251359 -0.0223101 -0.0116507 0.0140033 0.0433429 0.0233319 0.0110297 0.00713067 0.019356 0.0075813 0.0197623 -0.0250423 0.0182775 -0.0194908 -0.0489959 -0.0682649 0.0242682 0.0177709 0.0278091 0.0732495 0.00222013 0.0958661 0.0630662 0.0761374 0.0941062 0.216959 0.078732 -0.0230791 0.0995776 0.08933 0.168195 0.0118922 0.0295998 0.122677 0.187017 0.0140559 0.0422716 0.116403 -0.0324374 -0.108103 -0.0373884 0.076359 0.113199 -0.00421115 -0.100966
internal_weight=292781 95212 197569 94953 47024 119418 59392 26854 47929 44652 14740 60026 13865 21158 5696 28452 18747 78151 71856 41703 14971 10936 28233 14744 20170 13483 31424 26782 35776 26525 3631 2771 2454 22894 20214 17293 2680 10021 2391 7272 6234 5030 558 4472 760 3712 3504 814 9163 6352 908 610 5444 3388 961 2056 777 506 2144 1471 673 858
internal_count=292781 95212 197569 94953 47024 119418 59392 26854 47929 44652 14740 60026 13865 21158 5696 28452 18747 78151 71856 41703 14971 10936 28233 14744 20170 13483 31424 26782 35776 26525 3631 2771 2454 22894 20214 17293 2680 10021 2391 7272 6234 5030 558 4472 760 3712 3504 814 9163 6352 908 610 5444 3388 961 2056 777 506 2144 1471 673 858
is_linear=0
shrinkage=0.05


Tree=61
num_leaves=63
num_cat=0
split_feature=12 11 12 31 29 13 26 29 27 13 28 14 29 27 13 13 29 14 14 14 14 14 29 31 31 28 14 27 13 5 29 29 27 29 28 27 29 14 29 14 14 29 25 29 13 13 29 29 14 13 14 31 28 14 29 25 29 14 14 29 13 29
split_gain=29431.4 10857.1 6850.28 5915.05 8641.36 11409.8 9132.34 8607.75 8409.58 8301.82 6550.42 10254.8 11919 11560.3 10708.4 9642.37 7373.29 7070.31 10508.2 13634.3 9711.83 7644.4 8134.6 6690.83 6474.28 6207.4 5995.53 10955.3 7739.25 6677.15 5891.94 10255.4 6807.11 6576.29 5735.85 5689.99 6419.81 7898.04 15458 12647.5 21308.1 9431.33 8986.82 8858.11 13390.2 7323.96 6497.79 6365.33 7874.45 7818.65 6366.71 6257.49 6246.22 8782.03 6086.92 7643.46 6538.59 11507 11312.7 10880.1 10426.4 9728.05
threshold=23.924027777777781 2.5002777777777783 62.921666666666674 2.7049835230832024 7.9500000000000011 -10.249999999999998 1.227077415060237 8.1500000000000004 0.55183609493954333 -15.749999999999998 0.49456457520973657 59.250000000000007 8.6500000000000004 0.50882383473476611 -7.2499999999999991 -33.249999999999993 8.4500000000000011 60.250000000000007 63.250000000000007 64.750000000000014 68.250000000000014 71.750000000000014 10.050000000000002 5.2627669172932334 3.8818016700476483 0.51736194839643124 50.250000000000007 0.38110119047619051 -10.249999999999998 -8.4999999999999982 18.550000000000004 17.350000000000005 0.58355855855855865 17.650000000000002 0.54295175023651854 0.45318120503597131 0.8500000000000002 52.250000000000007 4.8500000000000005 60.750000000000007 59.750000000000007 5.0500000000000007 2.5856525705237439 4.2500000000000009 12.750000000000002 23.250000000000004 0.35000000000000003 13.550000000000002 50.250000000000007 4.7500000000000009 50.250000000000007 7.6564615384615395 0.428932178932179 50.250000000000007 15.15 2.5651501566665558 8.7500000000000018 67.250000000000014 75.250000000000014 8.4500000000000011 8.7500000000000018 5.7500000000000009
decision_type=2 2 2 2 2 2 2 2 2 2 2 2 2 2 2 2 2 2 2 2 2 2 2 2 2 2 2 2 2 2 2 2 2 2 2 2 2 2 2 2 2 2 2 2 2 2 2 2 2 2 2 2 2 2 2 2 2 2 2 2 2 2
left_child=-1 2 3 -2 5 6 -5 8 9 -6 11 -9 14 -14 16 -12 -13 -15 23 -20 -21 22 -22 -19 -8 -11 29 28 -28 -17 31 32 -29 -33 -7 -3 46 47 42 40 41 -40 43 -39 -45 -44 -37 49 -49 50 -38 -50 53 -51 56 -56 57 61 -58 60 -59 -41
right_child=1 35 -4 4 7 34 24 10 -10 25 15 12 13 17 -16 26 -18 18 19 20 21 -23 -24 -25 -26 -27 27 30 -30 -31 -32 33 -34 -35 -36 36 37 38 39 54 -42 -43 45 44 -46 -47 -48 48 51 52 -52 -53 -54 -55 55 -57 58 59 -60 -61 -62 -63
leaf_value=-0.019010410373231725 -0.011620931710788091 -0.0018320102060831176 0.071039269126791038 -0.019776567908887887 -0.21679963775616723 0.079203379883172997 0.048738430354637999 -0.043983290080581522 -0.38784833385919537 0.089555339520539234 -0.084713956061452558 0.15720672563803512 -0.067085710200363233 0.24926773822939233 -0.051625770473204526 0.23532170773446559 0.56078407201588654 0.050602021828383748 0.38902787595321348 -0.09699287131241352 0.039611103244794485 -0.01896150779788091 0.42378583456287661 -0.19924441211892108 0.25872120600544352 -0.1073028684304706 0.054997946081575766 0.029946769605301071 0.36331631735320202 -0.0289597773520219 0.21364818662742147 -0.38648038956936515 0.21812674983127442 -0.021839845853846993 -0.014951289470109735 -0.0070568698460678307 0.15590835542209783 0.02062456553550486 -0.26562991405740316 0.21438691115147679 0.32587228261901635 0.06514199545282949 0.16310287119604677 0.51703058785498746 0.017189985634062162 0.43858083040544704 -0.26737477683198096 0.015594406311072737 0.46398067267942222 0.00043727712850778202 -0.08498820028899956 0.10072050613267879 -0.042674745857781693 0.31960518037931901 0.1092724638792994 -0.23988083885318143 0.03468190225078318 -0.23809216865598787 0.36670628995235477 -0.41772610672830046 0.025404605552231202 -0.013575125495544394
leaf_weight=121722 42714 9087 3854 10767 630 11845 2700 13088 218 853 2049 217 2764 472 226 249 238 496 357 675 233 395 337 581 424 753 381 17722 437 5433 441 235 493 260 1873 2272 1175 2280 220 594 802 8713 3271 246 293 260 267 727 230 800 357 245 6492 294 220 540 3067 607 279 271 981 2192
leaf_count=121722 42714 9087 3854 10767 630 11845 2700 13088 218 853 2049 217 2764 472 226 249 238 496 357 675 233 395 337 581 424 753 381 17722 437 5433 441 235 493 260 1873 2272 1175 2280 220 594 802 8713 3271 246 293 260 267 727 230 800 357 245 6492 294 220 540 3067 607 279 271 981 2192
internal_value=-0.000214634 0.0131497 0.00542818 0.00333011 0.0115342 0.0340047 0.00206197 -0.000816435 -0.0921244 -0.0631322 0.00387511 -0.0178692 0.031019 0.00955558 0.229589 0.019637 0.369076 0.0692972 0.0415914 0.109462 0.048405 0.150103 0.26709 -0.0842403 0.0773117 -0.00275426 0.0279756 0.0408696 0.219953 -0.0173389 0.0332093 0.0289451 0.0350517 -0.195382 0.0663477 0.0336834 0.0422448 0.0477901 0.0630663 0.0399432 0.0791515 0.056967 0.130365 0.0637607 0.245853 0.183506 -0.0345263 0.011024 0.119127 -0.00323839 0.0997537 0.27722 -0.0240482 0.0864235 -0.00367787 -0.138799 0.00918889 -0.0291959 0.0624684 -0.125502 -0.0754013 0.0350879
internal_weight=292914 171192 124410 120556 77842 27609 13891 50233 2454 2236 47779 20079 6991 6310 681 27700 455 3546 3074 1997 1640 965 570 1077 3124 1606 25651 19969 818 5682 19151 18710 18215 495 13718 46782 37695 35156 24836 18486 9735 8933 6350 2819 539 3531 2539 10320 1202 9118 1532 475 7586 1094 8751 760 7991 4645 3346 1859 1588 2786
internal_count=292914 171192 124410 120556 77842 27609 13891 50233 2454 2236 47779 20079 6991 6310 681 27700 455 3546 3074 1997 1640 965 570 1077 3124 1606 25651 19969 818 5682 19151 18710 18215 495 13718 46782 37695 35156 24836 18486 9735 8933 6350 2819 539 3531 2539 10320 1202 9118 1532 475 7586 1094 8751 760 7991 4645 3346 1859 1588 2786
is_linear=0
shrinkage=0.05


Tree=62
num_leaves=63
num_cat=0
split_feature=12 11 14 14 16 20 5 20 13 16 20 14 17 19 13 14 13 17 27 13 6 29 9 13 6 29 29 6 29 29 29 13 14 14 31 5 14 27 17 17 29 17 27 14 31 5 29 29 20 31 31 29 12 6 11 11 12 31 14 29 14 14
split_gain=28100.5 9068.83 8767.69 8448.67 7719.94 14879 5774.82 5225.61 5168.92 5267.38 8173.96 4746.44 4416.62 4165.92 3795.64 5312.73 3734.79 3701.26 3588.53 4487.85 3296.64 4496.89 4915.43 5104.19 4854.86 3758.46 7440.95 4340.57 3685.5 5575.84 4162.5 5289.36 3408.65 5765.25 3328.22 4545.08 3369.8 3776.54 3218.98 3212.07 3093.92 3003.82 2930.82 4866.92 2811.35 2804.04 2922.28 2755.48 2751.34 2741.49 6304.27 2697.23 2667.83 2663.65 2514.09 2505.58 2503.78 2368.01 9177.23 3949.53 4930.89 8006.34
threshold=35.994513888888896 0.98729166666666635 85.750000000000014 36.250000000000007 1.0000000180025095e-35 0.76500000000000012 -26.499999999999996 0.35500000000000004 -38.749999999999993 1.0000000180025095e-35 0.69500000000000006 61.250000000000007 1.0000000180025095e-35 8.5000000000000018 24.250000000000004 50.250000000000007 -8.7499999999999982 3.5000000000000004 0.50729965899403251 27.250000000000004 2.1764841658443079 8.2500000000000018 23.500000000000004 4.2500000000000009 14.118880184558309 2.6500000000000008 3.8500000000000001 7.8656867313192045 2.4500000000000006 2.8500000000000001 0.25000000000000006 9.2500000000000018 38.250000000000007 39.750000000000007 8.2499910714285729 5.5000000000000009 52.750000000000007 0.51928389290267762 1.0000000180025095e-35 2.5000000000000004 20.050000000000004 2.5000000000000004 0.5182149966821501 50.750000000000007 2.4187597930524762 15.500000000000002 7.7500000000000009 5.8500000000000005 0.29500000000000004 1.7379946784657241 1.1737287200504416 6.9500000000000011 52.40645833333334 4.660770083819382 -8.7261805555555529 3.5940972222222225 26.230833333333337 7.7825425352392292 55.250000000000007 9.2500000000000018 48.750000000000007 52.750000000000007
decision_type=2 2 2 2 2 2 2 2 2 2 2 2 2 2 2 2 2 2 2 2 2 2 2 2 2 2 2 2 2 2 2 2 2 2 2 2 2 2 2 2 2 2 2 2 2 2 2 2 2 2 2 2 2 2 2 2 2 2 2 2 2 2
left_child=1 3 4 -1 5 7 11 54 -5 10 17 49 -12 -14 20 -16 -6 48 19 -17 32 22 23 25 34 -22 -27 -28 30 -30 -25 -32 -8 -34 35 56 -37 53 -7 52 -18 -9 -31 47 -11 46 -46 -44 -10 50 -3 -51 -40 -38 -2 -45 -23 59 -59 -35 -61 -62
right_child=2 6 -4 8 16 38 14 41 9 44 12 -13 13 -15 15 18 40 -19 -20 -21 21 24 -24 28 -26 26 27 -29 29 42 31 -33 33 57 -36 36 37 -39 39 -41 -42 -43 43 55 45 -47 -48 -49 -50 51 -52 -53 -54 -55 -56 -57 -58 58 -60 60 61 -63
leaf_value=-0.23493356479488733 -0.016124503895524698 -0.047430434649934988 0.30830897532851625 -0.070514163732064553 -0.0093495699942805592 -0.014317865728956172 0.15243119711490805 0.053875227053354027 -0.026527504932049941 -0.03979618689328019 -0.05680981127546391 -0.11227774677623215 0.084679699466267688 0.020369274848348887 0.28055925829703421 0.25823415514205522 0.019730968747848618 -0.050285578699585089 -0.041408630078754005 0.024029012732346519 0.23456246517259968 -0.022981645832307468 0.26379604366977855 0.037559011321614627 -0.23743049514733153 -0.15449281814475579 0.060826388178521408 0.25052431386923701 0.2912113354435929 -0.0058758680081202668 -0.33651489478386482 0.0047822875149165084 -0.25351333609668891 -0.0070985033490723985 0.1499422894319962 -0.098748263171355766 -0.076369824881477685 -0.11018705798567019 0.1103302445243106 0.059398492534964126 -0.16088666056271128 0.013320136119825963 -0.14774023672715494 0.065313882578464474 0.0083580831324929425 -0.038696910779414409 -0.021518490949387854 0.1050009173626537 -0.00080900583816139414 -0.095744579944429239 0.30943647568615584 0.0059061423234525144 0.19633426358414596 0.11036267530700138 0.019268838913910666 0.28769559814588902 0.16992589794720869 0.06471066241541322 -0.19940334940985058 -0.022121246783954093 0.14336765607236449 0.020922665500449873
leaf_weight=444 8038 305 265 4329 20498 569 372 14422 15722 21383 1413 1665 3327 10353 288 330 29964 6325 657 536 494 261 281 447 216 285 871 461 211 2176 242 213 221 20917 361 1266 252 439 3474 2193 238 6682 223 210 12671 12200 23113 207 30711 980 207 1949 1221 780 13348 321 471 677 638 2924 1870 4662
leaf_count=444 8038 305 265 4329 20498 569 372 14422 15722 21383 1413 1665 3327 10353 288 330 29964 6325 657 536 494 261 281 447 216 285 871 461 211 2176 242 213 221 20917 361 1266 252 439 3474 2193 238 6682 223 210 12671 12200 23113 207 30711 980 207 1949 1221 780 13348 321 471 677 638 2924 1870 4662
internal_value=0.000265997 -0.0109673 0.0216253 -0.0174104 0.0208674 0.0348189 0.00737154 0.0233851 -0.0167264 -0.015029 -0.00512374 -0.0430026 0.0273213 0.0360147 0.0131162 0.0840032 0.00712273 -0.014406 0.0466747 0.113471 0.0101267 0.034194 0.0595039 0.0504391 -0.00735956 0.113971 0.0770074 0.126619 0.0188632 0.0430309 -0.0707899 -0.177083 0.00215737 0.000400729 0.00567431 -0.00937776 -0.0389791 0.0124928 0.0999567 0.109397 0.0183024 0.0410358 0.0262504 0.0989247 -0.0247176 -0.0179974 -0.0109394 -0.0261105 -0.00951755 -0.00945944 0.0971717 -0.0281258 0.132734 0.0647354 0.005966 0.200036 0.101206 0.00217953 -0.063484 0.00502443 0.0318387 0.0559932
internal_weight=292789 191877 100912 141991 100647 49947 49886 42490 141547 137218 67851 5106 15093 13680 44780 1811 50700 52758 1523 866 42969 10688 6642 6361 4046 2111 1617 1332 4250 3348 902 455 32281 31909 3830 3469 2737 1471 7457 6888 30202 21104 3137 961 69367 47984 35784 430 46433 3441 512 2929 4695 1032 21386 531 732 31688 1315 30373 9456 6532
internal_count=292789 191877 100912 141991 100647 49947 49886 42490 141547 137218 67851 5106 15093 13680 44780 1811 50700 52758 1523 866 42969 10688 6642 6361 4046 2111 1617 1332 4250 3348 902 455 32281 31909 3830 3469 2737 1471 7457 6888 30202 21104 3137 961 69367 47984 35784 430 46433 3441 512 2929 4695 1032 21386 531 732 31688 1315 30373 9456 6532
is_linear=0
shrinkage=0.05


Tree=63
num_leaves=63
num_cat=0
split_feature=0 10 13 14 14 16 19 13 7 13 13 7 31 7 17 27 14 31 13 19 27 10 14 13 19 27 14 14 13 13 14 13 31 31 30 13 5 13 27 31 31 13 25 25 24 13 31 13 13 31 14 14 14 8 8 13 31 5 13 21 31 14
split_gain=25960.5 11750.5 10398.9 8769.33 8054.24 7773.72 16807.5 6286.9 5659 7868.59 5235.09 5100.21 4925.69 4914.28 4804.04 4750.52 4790.93 5526.91 5391.07 4313.67 4271.96 4267.2 4183.39 4856.06 4011.23 3929.17 3794.28 6995.31 5980.57 5502.81 4547.48 4376.91 12497 5595.07 4236.48 3764.6 7587.14 4921.46 3866.77 3484.79 3372.54 3371.05 3821.57 3772.55 3335.93 3312.31 7203.42 6528.2 3778.3 5847.72 4227.7 3950.28 3271.16 3236.17 3064.18 3548.71 3426.34 3784.87 3398.41 3169.15 3171.17 5079.69
threshold=1855.5000000000002 2.5000000000000004 14.750000000000002 46.250000000000007 85.750000000000014 1.0000000180025095e-35 45.500000000000007 18.750000000000004 -0.9904687135034127 5.2500000000000009 4.2500000000000009 1.7111018466627483 4.2229893838978905 0.13136802616163659 2.5000000000000004 0.47765947333396713 57.750000000000007 8.093901148942134 -3.7499999999999996 20.500000000000004 0.51928389290267762 13.500000000000002 50.750000000000007 -17.249999999999996 64.500000000000014 0.5718253968253969 52.250000000000007 53.250000000000007 23.750000000000004 15.750000000000002 54.250000000000007 18.250000000000004 4.5285826061697616 3.9688494564838881 1.0000000180025095e-35 -2.2499999999999996 6.5000000000000009 -1.0000000180025095e-35 0.52010101010101029 0.55053539253539274 4.3126171593366989 2.7500000000000004 3.2680203919707203 2.1819719609401038 18.500000000000004 22.250000000000004 6.2404892407244326 17.750000000000004 26.750000000000004 3.2471711803781305 63.750000000000007 58.750000000000007 58.250000000000007 20.500000000000004 13.500000000000002 9.7500000000000018 0.81869123988779491 13.500000000000002 8.2500000000000018 1.0000000180025095e-35 2.0675754504504509 56.750000000000007
decision_type=2 2 2 2 2 2 2 2 2 2 2 2 2 2 2 2 2 2 2 2 2 2 2 2 2 2 2 2 2 2 2 2 2 2 2 2 2 2 2 2 2 2 2 2 2 2 2 2 2 2 2 2 2 2 2 2 2 2 2 10 2 2
left_child=1 -1 4 7 5 6 19 12 -3 10 11 15 -4 26 -8 41 20 35 -19 44 22 -15 23 -17 -7 39 28 -28 31 -29 -31 32 -5 -33 45 -18 37 -37 -38 -22 -30 42 53 -43 -2 46 47 -32 49 51 52 -47 -50 -10 55 58 57 -56 -11 60 61 -58
right_child=2 8 3 13 -6 24 14 -9 9 54 -12 -13 -14 21 -16 16 17 18 -20 -21 25 -23 -24 -25 -26 -27 27 29 40 30 34 33 -34 -35 -36 36 38 -39 -40 -41 -42 43 -44 -45 -46 48 -48 -49 50 -51 -52 -53 -54 -55 56 -57 59 -59 -60 -61 -62 -63
leaf_value=0.34998834693521874 0.15521561712932153 -0.036988812216224291 -0.033633913827722121 -0.14666444230470807 0.31610369933468685 -0.01084622804739791 0.016497468421982103 0.45616190272516444 -0.045393444352280793 -0.018630607765373095 -0.088903864016261769 -0.033833617818050707 0.29857282596071383 -0.18976805257499219 -0.02009846939593685 -0.080022715702241384 0.0158121349867048 -0.22426239748766952 0.085976613073860508 0.042433008588084055 -0.1542596953226224 0.055263840001539367 -0.014687196822515632 0.072377925088399256 0.014471835461746477 0.047097780692153007 0.27558240590270522 0.22828351449665041 0.25259823495257849 -0.14874582846191206 0.097262278883863476 -0.021145893296423725 0.2527247124021838 -0.37294869946936771 -0.087596234829100061 0.14679869561421427 0.26717707493294079 -0.017314621408910501 0.066547405883914446 -0.03347943938116868 -0.013122744298544689 0.20027720986383404 0.16653100743212484 0.0096741392379323578 0.073228112624126748 -0.098107554478200062 0.31431071644863201 -0.055980661653602229 0.025539602990928202 0.30221735891305235 -0.085676673856180385 0.20682084203151568 0.24734923953913179 -0.013171127413460527 -0.0011717261569895623 0.019008123819169911 0.026684628101170872 -0.20073719986583655 -0.13527201018016216 -0.013121664641978529 0.038994171949503421 0.19428525829073545
leaf_weight=220 1535 24303 225 499 216 39733 30145 223 14940 2673 2429 25987 220 374 12764 610 15124 429 207 13191 629 337 5928 3621 25803 1458 429 486 295 265 1391 245 321 209 429 616 615 1759 395 11512 200 283 252 3024 6484 210 225 1387 350 557 339 213 316 16288 1275 5317 885 291 814 2257 7932 924
leaf_count=220 1535 24303 225 499 216 39733 30145 223 14940 2673 2429 25987 220 374 12764 610 15124 429 207 13191 629 337 5928 3621 25803 1458 429 486 295 265 1391 245 321 209 429 616 615 1759 395 11512 200 283 252 3024 6484 210 225 1387 350 557 339 213 316 16288 1275 5317 885 291 814 2257 7932 924
internal_value=-0.000110361 -0.0143371 0.0154798 0.0652924 0.0117416 0.0112321 0.0236096 0.240005 -0.014864 -0.0106784 -0.0163598 -0.0146594 0.130904 0.0524098 0.00561118 -0.00824532 0.00288797 0.0215002 -0.123312 0.0600194 -0.0121107 -0.0737133 0.0124192 0.050392 -0.000877867 -0.0304351 0.0631361 0.0805705 -0.00188959 0.0669645 0.0531286 -0.0591968 0.00979919 -0.183563 0.0630299 0.0264826 0.0741391 0.0252951 0.188856 -0.039749 0.145426 -0.0219758 -0.0270206 0.0260408 0.0889396 0.0759997 0.0428503 0.0207585 0.126103 0.195919 0.0578967 0.0555636 0.130996 -0.0285878 0.0162716 -0.00669844 0.0311801 -0.0383602 -0.0458902 0.0402591 0.0526275 0.112352
internal_weight=292613 152997 139616 9745 129871 129655 64119 668 152777 128474 106106 103677 445 9077 42909 77690 42903 19145 636 21210 23758 711 10159 4231 65536 13599 8366 6597 1769 6168 5682 1274 820 454 5417 18509 3385 2375 1010 12141 495 34787 31480 3307 8019 4988 3003 2778 1985 980 1005 423 666 31228 22368 8804 13564 1566 3487 11998 9741 1809
internal_count=292613 152997 139616 9745 129871 129655 64119 668 152777 128474 106106 103677 445 9077 42909 77690 42903 19145 636 21210 23758 711 10159 4231 65536 13599 8366 6597 1769 6168 5682 1274 820 454 5417 18509 3385 2375 1010 12141 495 34787 31480 3307 8019 4988 3003 2778 1985 980 1005 423 666 31228 22368 8804 13564 1566 3487 11998 9741 1809
is_linear=0
shrinkage=0.05


Tree=64
num_leaves=63
num_cat=0
split_feature=12 11 13 27 13 5 16 19 13 8 29 29 13 29 31 29 13 13 17 19 12 11 10 25 29 6 8 27 29 13 31 13 29 29 11 25 17 8 31 13 13 29 13 6 31 10 8 31 13 26 29 29 13 13 13 13 31 8 13 31 7 29
split_gain=24133.6 7878.71 7787.27 5596.78 6905.56 5306.52 5001.78 9477.36 4463.34 4190.37 4415.45 5810.69 4198.49 5627.8 4834.28 7188.85 4290.83 4037.56 3967.27 3786.02 3763.28 4432.98 4090.99 4030.74 3836.06 5493.33 3996.28 4829.79 4631.57 3907.72 3726.02 5277.65 3811.24 6556.89 6201.14 5642.18 3561.7 3535.35 4237.84 3473 3344.23 7591.24 3339.89 3315.13 3233.18 3208.76 3317.6 3174.5 3119.76 3093.85 3070.66 4302.4 5542.16 6026.75 4593.05 4110.53 4629.93 4035.94 3756.26 3682.84 3653.15 3600.82
threshold=35.994513888888896 1.8820833333333336 6.2500000000000009 0.5182149966821501 -38.249999999999993 -26.499999999999996 1.0000000180025095e-35 34.500000000000007 5.7500000000000009 12.500000000000002 0.8500000000000002 4.1500000000000012 21.750000000000004 9.5500000000000025 1.0249736842105266 3.9500000000000006 26.750000000000004 24.250000000000004 1.0000000180025095e-35 9.5000000000000018 52.065833333333337 3.8343055555555559 13.500000000000002 2.528485606713327 12.050000000000002 -2.6497379242392962 20.500000000000004 0.52010101010101029 12.950000000000001 -2.7499999999999996 2.7600200228832961 -19.249999999999996 7.8500000000000005 10.15 0.41500000000000015 3.0790714907288019 2.5000000000000004 4.5000000000000009 1.7379946784657241 -30.249999999999996 26.750000000000004 6.9500000000000011 -6.2499999999999991 -23.243764960716955 3.9688494564838881 21.500000000000004 8.5000000000000018 3.2657579087579092 3.2500000000000004 1.12980121840467 3.9500000000000006 2.9500000000000006 -1.2499999999999998 -9.2499999999999982 2.2500000000000004 -32.749999999999993 2.0675754504504509 2.5000000000000004 -31.749999999999996 1.6145520810946346 0.70482941104315988 0.95000000000000007
decision_type=2 2 2 2 2 2 2 2 2 2 2 2 2 2 2 2 2 2 2 2 2 2 2 2 2 2 2 2 2 2 2 2 2 2 2 2 2 2 2 2 2 2 2 2 2 2 2 2 2 2 2 2 2 2 2 2 2 2 2 2 2 2
left_child=1 6 3 8 -5 37 7 18 50 12 -11 -12 45 14 -14 -16 -15 48 -1 -20 21 24 23 -23 30 29 27 42 -29 -26 39 -32 -33 35 -35 -34 -9 38 -3 -6 41 -19 -27 -39 -42 -4 -47 -40 -7 -10 51 61 53 -53 -54 -52 57 -57 -58 -55 -60 -2
right_child=2 5 9 4 20 17 -8 36 49 10 11 -13 13 16 15 -17 -18 40 19 -21 -22 22 -24 -25 25 26 -28 28 -30 -31 31 32 33 34 -36 -37 -38 43 47 -41 44 -43 -44 -45 -46 46 -48 -49 -50 -51 55 52 54 59 -56 56 58 -59 60 -61 -62 -63
leaf_value=-0.050979351614694871 -0.055600731312401057 0.1690700051470688 0.036397024250700814 -0.073002777806912209 0.106651851509944 0.13467622348421426 -0.024167275063959243 -0.0082497650253544764 -0.042904704714338278 -0.10740897655850504 0.31283114220853153 0.093595688360249341 -0.053612150886113312 0.14430997633387019 0.44818772892157233 0.13450588521255635 -0.12077744175617025 0.0019877833170281601 0.071923011580435237 0.0177880851724618 0.051210093217593879 0.062000349497823265 -0.04375900471541308 0.30031730501957021 -0.29778325560823532 -0.011878455352097375 0.1896424101787757 -0.11835856695516477 0.13733754651495694 -0.054098531794633066 -0.018317503677552291 0.091552807842990191 0.019140764494254014 0.063902535526642171 0.30573142072209308 -0.14264019844977238 -0.035297272144915848 -0.27662057520991024 -0.12583859517112347 -0.011049901779948605 0.13634867177715002 0.34027766083876865 -0.1579042212183559 -0.066910546253307765 -0.037698539177888644 -0.10424109752284981 0.062602684195325137 0.022867010542284256 0.011026110188068688 -0.30145130315290886 -0.055388802250614093 -0.10522706285265529 -0.41418265423709805 0.22832121035312047 -0.09450959634159517 0.28959051854762946 0.2214480729908615 0.060267469151695445 0.0094250948002110053 -0.0038210541869819065 -0.18495014329730977 0.033272762846066749
leaf_weight=1632 1794 329 15550 1714 676 518 78820 39708 270 204 376 1533 269 236 209 1420 428 316 4210 13865 13266 343 267 368 298 911 243 240 668 367 3036 4427 2957 1599 317 658 17551 208 543 8439 467 348 686 1934 620 842 460 1054 29852 202 2362 1525 201 236 255 255 206 769 25965 612 243 3121
leaf_count=1632 1794 329 15550 1714 676 518 78820 39708 270 204 376 1533 269 236 209 1420 428 316 4210 13865 13266 343 267 368 298 911 243 240 668 367 3036 4427 2957 1599 317 658 17551 208 543 8439 467 348 686 1934 620 842 460 1054 29852 202 2362 1525 201 236 255 255 206 769 25965 612 243 3121
internal_value=-2.25265e-05 -0.0104322 0.0197589 0.0125347 0.0252353 0.0105837 -0.0153142 -0.00624761 -0.00132341 0.0464351 0.11329 0.136918 0.0391532 0.0987768 0.142589 0.175001 -0.0264843 0.0173976 0.0236588 0.0304004 0.0294713 0.0185872 0.123001 0.185597 0.0145814 -0.0347486 -0.00352354 -0.02233 0.0696968 -0.163582 0.0221978 0.0393883 0.0569817 0.0292996 0.104051 -0.0103378 -0.0165408 -0.0432106 0.0059479 -0.00230999 0.0912029 0.179529 -0.0746642 -0.0873941 0.0371327 0.0300834 -0.0452919 -0.0277419 0.0131395 -0.153957 0.000599535 -0.0274489 -0.0765604 -0.0458326 -0.236016 0.00788904 0.0133381 0.117601 0.00929184 0.0609774 0.00761586 0.000828774
internal_weight=292998 191975 101023 79496 41480 36189 155786 76966 38016 21527 2113 1909 19414 2562 1898 1629 664 32121 19707 18075 39766 26500 978 711 25522 3413 2748 2505 908 665 22109 12994 9958 5531 1916 3615 57259 4068 1926 9115 1751 664 1597 2142 1087 16852 1302 1597 30370 472 37544 7744 2829 2373 456 29800 27438 1024 26414 848 26208 4915
internal_count=292998 191975 101023 79496 41480 36189 155786 76966 38016 21527 2113 1909 19414 2562 1898 1629 664 32121 19707 18075 39766 26500 978 711 25522 3413 2748 2505 908 665 22109 12994 9958 5531 1916 3615 57259 4068 1926 9115 1751 664 1597 2142 1087 16852 1302 1597 30370 472 37544 7744 2829 2373 456 29800 27438 1024 26414 848 26208 4915
is_linear=0
shrinkage=0.05


Tree=65
num_leaves=63
num_cat=0
split_feature=12 11 14 14 14 14 16 20 5 7 13 27 13 29 29 29 14 14 9 13 8 29 14 29 26 13 28 14 7 29 14 8 29 9 14 29 29 29 29 8 27 29 29 29 9 29 14 14 13 13 14 9 29 28 13 27 26 14 14 27 14 9
split_gain=21673.3 8441.7 10022.9 6766.57 7121.04 6630.9 6566.57 11052.7 5357.42 5352.94 6661.73 5110.91 6048.96 4716.21 6413.4 11986.2 8808.1 19000.1 6520.32 6852.03 5184.8 7660.83 4354.31 4359.35 4319.39 4503.37 6839.65 5630.76 5525 5088.51 8022.56 6440.23 4317.41 4126.56 4076.08 6598.75 9239.6 6083.07 6660.63 5697.07 8895.74 5215.56 10557.6 5174.24 4940.5 4650.51 4185.48 7707.18 4551.98 4021.14 7475.44 12793.5 6136.46 5433.53 8327.1 5188.65 5068.55 4017.22 3988.85 8321.27 4754.29 4166.73
threshold=39.775277777777788 2.0184722222222229 36.250000000000007 38.250000000000007 39.750000000000007 85.750000000000014 1.0000000180025095e-35 0.54500000000000015 -26.499999999999996 -0.9904687135034127 -26.249999999999996 0.46579596698715225 -25.749999999999996 5.3500000000000005 7.1500000000000012 6.7500000000000009 56.750000000000007 54.750000000000007 6.5000000000000009 -9.7499999999999982 11.500000000000002 6.4500000000000011 61.250000000000007 3.8500000000000001 1.1891770716668015 -3.2499999999999996 0.51620405101275335 60.250000000000007 -0.1481220289400825 2.5500000000000003 52.750000000000007 11.500000000000002 4.4500000000000011 6.5000000000000009 63.250000000000007 17.450000000000003 17.250000000000004 17.850000000000005 14.750000000000002 20.500000000000004 0.56267076502732249 9.7500000000000018 9.0500000000000025 13.15 1.0000000180025095e-35 7.5500000000000007 41.750000000000007 40.250000000000007 -10.249999999999998 -3.7499999999999996 47.750000000000007 1.5000000000000002 14.550000000000002 0.5345681119836122 -6.7499999999999991 0.53871128871128882 1.0600282157419036 58.750000000000007 49.750000000000007 0.51734161988773064 55.250000000000007 14.500000000000002
decision_type=2 2 2 2 2 2 2 2 2 2 2 2 2 2 2 2 2 2 2 2 2 2 2 2 2 2 2 2 2 2 2 2 2 2 2 2 2 2 2 2 2 2 2 2 2 2 2 2 2 2 2 2 2 2 2 2 2 2 2 2 2 2
left_child=1 2 -1 -3 -5 6 7 -2 22 -4 -11 24 -13 32 15 20 17 18 -17 -20 21 -15 23 -6 25 28 -27 29 -12 30 -28 -31 -14 57 35 36 39 38 43 46 45 42 -42 -36 -37 -41 47 -16 -49 53 56 -52 55 -48 -55 58 -51 -30 59 -53 -60 -62
right_child=5 3 9 4 8 -7 -8 -9 -10 10 11 12 13 14 34 16 -18 -19 19 -21 -22 -23 -24 -25 -26 26 27 -29 33 31 -32 -33 -34 -35 37 44 -38 -39 -40 40 41 -43 -44 -45 -46 -47 49 48 -50 50 51 52 -54 54 -56 -57 -58 -59 60 -61 61 -63
leaf_value=-0.22860901007034082 0.017300607649942696 0.22927475384726984 -0.037920535064280947 -0.26648854249765797 0.14458586569487994 0.28131061017407272 0.0072029454871427234 0.073103894715659964 0.018047119339572096 -0.036024452533932841 -0.086213623452214061 0.18876881164494252 -0.0035284937933599985 0.12450207570427151 -0.049368548653860006 0.31214669288492503 0.020178172194423763 0.65140049184002169 -0.06377934651778365 0.18677829102681467 -0.0032944961421975715 -0.062907182561314084 -0.11444791380317361 -0.032706630127718975 0.028078870414006387 -0.024244537280578481 -0.0038659279834326005 -0.07331975251526654 -0.065192042621574728 0.1341229189157517 0.40423524941414679 0.00096464985223843741 -0.049137280164290718 -0.011273814378511101 0.03175543232055382 -0.29166873038314239 0.26809406752380222 0.28172394500723408 -0.12818855565990536 -0.14223101697678447 0.052723880241788236 -0.004061589930483024 0.49955574299269057 0.23342027538304921 -0.06378829170014963 -0.03379632056954962 0.012929624508530475 0.052664189562776832 0.32240001532741658 -0.05500024250676562 0.27969955201611746 0.29757276845858027 -0.16531263569391752 0.033975896127583415 0.30973293087279707 -0.12155532897652493 -0.23941194019916151 0.039139767838935545 -0.055351391675410512 -0.072969206079638513 0.15314362626409969 -0.024132526248307876
leaf_weight=537 26953 355 18407 230 410 245 40839 13228 35918 20309 4217 433 19749 2066 465 404 1087 206 483 625 8506 740 1388 2216 4700 9829 218 823 7785 1438 268 2461 7037 18459 5164 305 311 242 623 1089 387 599 200 338 1072 10667 8832 258 398 1195 397 367 596 833 407 666 541 1046 1506 257 742 598
leaf_count=537 26953 355 18407 230 410 245 40839 13228 35918 20309 4217 433 19749 2066 465 404 1087 206 483 625 8506 740 1388 2216 4700 9829 218 823 7785 1438 268 2461 7037 18459 5164 305 311 242 623 1089 387 599 200 338 1072 10667 8832 258 398 1195 397 367 596 833 407 666 541 1046 1506 257 742 598
internal_value=0.000164338 -0.00827169 -0.0131368 0.0122475 0.0103235 0.0221099 0.0213226 0.035673 0.0119245 -0.0124562 -0.00937113 -0.00525874 0.00260722 0.00159674 0.0102155 0.0390971 0.131599 0.202044 0.140432 0.077596 0.01615 0.0750736 -0.0428528 -0.00498127 -0.0175986 -0.0222116 0.000301318 0.0466222 -0.0329557 0.0691451 0.221545 0.0500969 -0.0155119 -0.0247232 -0.000224867 -0.00735409 -0.00264124 0.0363718 0.0266335 -0.00536589 -0.0306838 0.0997731 0.205557 0.0441843 -0.114438 -0.0438523 0.0127799 0.106303 0.216557 0.00658405 -0.0229236 0.00743623 -0.0154601 0.0266965 0.124663 0.0061685 -0.112574 -0.0528313 0.0307106 0.145089 0.00559037 0.0740718
internal_weight=292670 211405 170888 40517 40162 81265 81020 40181 39932 170351 151944 131635 80391 79958 53172 14117 2805 1718 1512 1108 11312 2806 4014 2626 51244 46544 15037 5208 31507 4385 486 3899 26786 27290 39055 32688 31311 6367 6125 31000 12942 1186 587 5502 1377 11756 18058 1121 656 16937 6865 5129 4732 10072 1240 4136 1736 8831 3470 624 2846 1340
internal_count=292670 211405 170888 40517 40162 81265 81020 40181 39932 170351 151944 131635 80391 79958 53172 14117 2805 1718 1512 1108 11312 2806 4014 2626 51244 46544 15037 5208 31507 4385 486 3899 26786 27290 39055 32688 31311 6367 6125 31000 12942 1186 587 5502 1377 11756 18058 1121 656 16937 6865 5129 4732 10072 1240 4136 1736 8831 3470 624 2846 1340
is_linear=0
shrinkage=0.05


Tree=66
num_leaves=63
num_cat=0
split_feature=12 16 19 17 19 19 10 20 19 12 19 16 9 12 12 7 24 17 12 12 17 7 29 23 27 27 29 31 14 28 29 29 9 28 29 8 14 10 7 14 25 28 27 29 29 7 12 28 28 25 29 31 9 31 14 24 25 29 28 4 29 14
split_gain=18669.3 9443.18 15244.5 6422.77 5255.38 5079.13 4168.7 4035.23 4354.93 3585.51 3582.48 4294.95 3212.74 3180.8 3044.55 2598.79 2379.99 2288.24 2258.77 2236.49 2267.86 2061.24 1996.25 1906.05 1820.12 1810.16 1808.83 3078.16 1840.38 1929.39 1918.21 1838.35 1726.24 1668.98 1625.14 1951.76 1766.88 1600.34 1905.47 1578.15 1519.46 1514.01 2262.82 1847.62 1754.11 1622.51 1494.92 2045.13 1493.04 1467.11 1512.8 2151.72 1644.62 2083.45 1816.72 1466.47 1441.2 1426.3 1461.35 1425.45 1403.18 1523.88
threshold=22.684722222222224 1.0000000180025095e-35 34.500000000000007 3.5000000000000004 64.500000000000014 64.500000000000014 5.5000000000000009 0.99500000000000011 6.5000000000000009 2.7151388888888905 13.500000000000002 1.0000000180025095e-35 3.5000000000000004 54.670069444444451 65.450694444444466 -0.028456262919584231 14.500000000000002 2.5000000000000004 58.139444444444457 67.23819444444446 3.5000000000000004 2.3243509888453109 20.450000000000003 2.5000000000000004 0.46174749163879608 0.4746299077451191 8.9500000000000011 5.7521263057929728 57.250000000000007 0.51863425925925932 10.750000000000002 8.7500000000000018 20.500000000000004 0.54259442520204526 8.8500000000000032 44.500000000000007 40.750000000000007 8.5000000000000018 -0.60367957625966617 43.250000000000007 3.0667067548606943 0.43944219262690604 0.35058240728343826 6.7500000000000009 7.3500000000000005 -0.3878892405768673 48.046805555555558 0.5208957085828344 0.40942239602600017 2.9366185917455128 8.2500000000000018 2.6870607182524995 8.5000000000000018 2.1092317653276962 64.750000000000014 16.500000000000004 2.3789384250771364 8.9500000000000011 0.45429975429975439 23.500000000000004 0.8500000000000002 58.250000000000007
decision_type=2 2 2 2 2 2 2 2 2 2 2 2 2 2 2 2 2 2 2 2 2 2 2 8 2 2 2 2 2 2 2 2 2 2 2 2 2 2 2 2 2 2 2 2 2 2 2 2 2 2 2 2 2 2 2 2 2 2 2 2 2 2
left_child=6 2 7 4 16 14 -1 8 48 -8 11 -11 -12 17 22 26 -4 56 49 20 23 25 24 -7 37 34 31 28 29 -28 32 -14 -31 -29 40 36 -36 46 -39 -38 -17 -40 -43 45 -45 -44 47 -3 -2 -6 51 52 -51 54 -54 -15 -10 -52 -59 -26 61 -18
right_child=1 5 3 -5 18 19 9 -9 13 10 12 -13 15 55 -16 21 60 -19 -20 -21 -22 -23 -24 -25 59 -27 27 33 -30 30 -32 -33 -34 -35 35 -37 39 38 41 -41 -42 42 43 44 -46 -47 -48 -49 -50 50 57 -53 53 -55 -56 -57 -58 58 -60 -61 -62 -63
leaf_value=0.1589557931364021 0.011030305477791748 -0.09288078452078119 0.067186394874741345 -0.033892590196592576 -0.0061111630601778447 -0.013149353020929134 -0.037645512109247298 -0.032891738120692744 0.091632861488260664 0.049631198797865768 -0.043802939310800523 -0.018213377152801549 -0.029434010031166385 0.15929175239273433 0.078393918038726015 -0.0025086111205095511 -0.080832592848095464 0.01844741576523732 0.047676527166648469 0.12257638189536722 0.051054490428869649 -0.025925723235653422 -0.1323542881825461 0.014679873359836428 0.037712140360001242 0.011142739753474391 0.016385042065492485 -0.046579509987090768 -0.023511306260773201 -0.067952399388864493 0.21253712652646667 -0.12899900601316197 0.10644640313009156 0.03826094485595654 -0.17071424438307684 0.10217284878751694 0.094415705736679179 -0.12320661499657787 -0.052321023850992465 -0.037707409032786202 0.118323049774526 0.10493037333117652 -0.16724152557019678 0.11219855619489194 0.0021079103109546463 -0.02779954173562494 -0.0019261908458219361 0.063537704805113795 0.12841608482234018 -0.03016238953358116 -0.11561832394353821 0.093818793217294874 0.22765781785262396 -0.060373131512645999 0.022507397679435971 0.065717368435870158 0.048695209854527494 0.12907849863082882 -0.013428886630535276 -0.0086761474890906277 0.028515034199374609 0.037610565501956461
leaf_weight=339 299 2218 4080 7416 26151 8254 16899 1135 2659 4812 9186 4526 21367 960 930 10180 623 4922 2528 459 3307 9092 346 24161 1732 19279 3784 4672 2170 206 258 473 451 661 239 259 235 411 1966 5372 266 455 223 406 3260 3051 872 230 2900 1048 282 1307 234 203 200 746 7393 209 1254 37307 21306 480
leaf_count=339 299 2218 4080 7416 26151 8254 16899 1135 2659 4812 9186 4526 21367 960 930 10180 623 4922 2528 459 3307 9092 346 24161 1732 19279 3784 4672 2170 206 258 473 451 661 239 259 235 411 1966 5372 266 455 223 406 3260 3051 872 230 2900 1048 282 1307 234 203 200 746 7393 209 1254 37307 21306 480
internal_value=-0.000137717 0.0100031 0.0216034 0.00999818 0.0154322 -0.00143499 -0.0158646 0.05878 0.0640154 -0.0163841 -0.0126982 0.0167494 -0.0158179 0.0537607 -0.0112339 -0.0125618 0.0320653 0.0463848 0.00224647 0.0130291 0.0116182 -0.00466542 -0.0128237 0.00759339 -0.0120279 0.000730033 -0.0229815 -0.00756111 0.0145661 0.0321515 0.097265 -0.0315961 0.0517441 -0.0360587 -0.0113989 -0.031891 -0.037847 -0.0281603 -0.0179675 -0.032154 0.000579313 -0.0133342 -0.00296368 -0.0100515 0.0143274 -0.0373454 -0.0581472 -0.0781647 0.117451 -0.00147314 0.0241273 0.0457007 0.00834348 0.0716418 0.133388 0.118436 0.0600613 -0.0128676 0.00700357 -0.00661718 0.025668 -0.0293015
internal_weight=292649 177923 88335 67321 59905 89588 114726 21014 19879 114387 97488 9338 88150 16680 53407 78964 26489 14974 33416 36181 35722 44922 52477 32415 52131 35830 34042 12202 6869 4699 915 21840 657 5333 16551 6105 5846 13092 9772 5607 10446 9361 7395 6940 3666 3274 3320 2448 3199 30888 4737 2992 1685 637 434 1706 10052 1745 1463 39039 22409 1103
internal_count=292649 177923 88335 67321 59905 89588 114726 21014 19879 114387 97488 9338 88150 16680 53407 78964 26489 14974 33416 36181 35722 44922 52477 32415 52131 35830 34042 12202 6869 4699 915 21840 657 5333 16551 6105 5846 13092 9772 5607 10446 9361 7395 6940 3666 3274 3320 2448 3199 30888 4737 2992 1685 637 434 1706 10052 1745 1463 39039 22409 1103
is_linear=0
shrinkage=0.05


Tree=67
num_leaves=63
num_cat=0
split_feature=12 7 13 14 14 13 13 27 26 7 28 9 14 13 29 14 13 14 29 29 13 13 29 13 29 29 27 13 29 25 13 13 29 13 31 13 13 13 13 28 9 26 29 28 22 31 13 13 14 14 13 13 13 29 29 13 13 13 13 29 29 31
split_gain=18365.9 6699.08 10121.2 10399.4 5771.44 5674.95 4422.16 4588.69 6116.62 4859.39 4681.21 4410.94 5131.35 7384.43 5062.21 6268.51 5041.31 4314.8 6351.28 8761.24 6699.93 6214.35 6209.42 14504.3 12094.8 11020.4 7164.32 5882.27 6864.25 6040.41 5850.22 5688.97 8927.3 13180.5 5652.77 5569.25 6304.48 5760.33 13792 5240.06 10360 5088.15 4714.04 5052.95 4591.83 4554.04 5670.02 4954.03 4353.83 4262.57 4225.7 6513.53 6469.48 4068.72 11157.6 4015.98 6354.24 3951.75 15967.3 15121.1 11768.3 7199.97
threshold=40.231180555555561 -0.85736162765259227 -2.2499999999999996 36.750000000000007 85.750000000000014 -23.749999999999996 -38.749999999999993 0.47765947333396713 1.1891770716668015 -0.1608271167513107 0.39083377093179306 21.500000000000004 58.250000000000007 -23.249999999999996 0.8500000000000002 50.750000000000007 -22.249999999999996 64.750000000000014 11.350000000000003 12.350000000000003 -21.249999999999996 -22.249999999999996 3.2500000000000004 10.750000000000002 4.7500000000000009 4.9500000000000011 0.56765475152571943 -15.749999999999998 2.9500000000000006 2.3028735881575808 1.7500000000000002 -14.749999999999998 7.5500000000000007 -19.249999999999996 5.7120449438202252 24.250000000000004 20.250000000000004 1.2500000000000002 -2.7499999999999996 0.53753612716763011 5.5000000000000009 1.4683899120679713 10.250000000000002 0.45954339432600305 2.5000000000000004 0.55053539253539274 -6.2499999999999991 24.250000000000004 61.750000000000007 70.750000000000014 3.2500000000000004 8.7500000000000018 -3.7499999999999996 5.4500000000000011 5.9500000000000011 24.750000000000004 26.750000000000004 9.7500000000000018 5.2500000000000009 5.8500000000000005 7.9500000000000011 1.5291602826012942
decision_type=2 2 2 2 2 2 2 2 2 2 2 2 2 2 2 2 2 2 2 2 2 2 2 2 2 2 2 2 2 2 2 2 2 2 2 2 2 2 2 2 2 2 2 2 10 2 2 2 2 2 2 2 2 2 2 2 2 2 2 2 2 2
left_child=1 -1 3 -3 5 -2 -5 8 9 -8 -9 12 14 -14 15 -7 -16 18 20 30 48 -19 23 27 41 -26 31 -23 29 -29 -20 32 -27 -34 45 36 37 38 39 42 -41 50 43 -33 -44 46 -22 57 -15 -40 52 -52 -24 -10 -55 -4 -57 58 -47 -60 -61 -59
right_child=4 2 55 6 -6 11 7 10 53 -11 -12 -13 13 17 16 -17 -18 21 19 -21 34 22 24 -25 25 26 -28 28 -30 -31 -32 35 33 -35 -36 -37 -38 -39 49 40 -42 -43 44 -45 -46 47 -48 -49 -50 -51 51 -53 -54 54 -56 56 -58 61 59 60 -62 -63
leaf_value=-0.030371636106664653 -0.012132692716804233 -0.29678574695811838 0.0098901497564984255 -0.058194073334829677 0.26573894195229514 0.094321878441933585 -0.071115390816959015 -0.056048410807241655 -0.028304734627902534 -0.020864483288252498 0.0024609179452867135 -0.093173937305527824 0.29044034597511587 0.048101058480206807 -0.12343178769873563 -0.13324866053209231 0.020167653336738839 0.26880709176604084 -0.23697014043609485 0.047651363805194892 -0.052990772592150459 -0.34807719123634429 0.14553574811118614 0.19886031119658096 -0.29189474545991362 -0.26182669325632618 0.1972791824110775 0.130168685724282 -0.34596658979275841 -0.090857754708817962 0.025979950779931857 -0.19528102430430327 0.31011180910444913 -0.11151196294807292 0.32707687688461684 -0.22343048698830981 0.28024171637485223 -0.023695540627462826 0.33518813393110392 -0.28300896157127092 0.09499277953291313 0.33561592601912477 -0.056234187272969971 0.033217167460127844 0.18004403337252636 0.04662782410988834 0.2346374707686299 0.27155441343851333 -0.2598441339776929 0.088587050170658529 0.41769494502535781 0.078429412298072834 -0.1107693631002221 0.41182837436885339 0.03941611235497381 0.26856202528454542 0.031831423958383454 -0.2666672157480362 0.44117403883049139 -0.103775682936496 0.2586867207743499 0.028129061057956685
leaf_weight=27383 11597 320 65131 4926 239 407 5465 3624 1895 40166 60039 770 292 211 623 1172 29810 246 578 1896 218 219 670 482 292 469 534 385 212 1552 333 274 256 664 217 221 244 3756 514 373 351 298 263 2012 935 9586 794 277 250 267 241 342 388 214 3122 382 1092 234 518 392 520 1745
leaf_count=27383 11597 320 65131 4926 239 407 5465 3624 1895 40166 60039 770 292 211 623 1172 29810 246 578 1896 218 219 670 482 292 469 534 385 212 1552 333 274 256 664 217 221 244 3756 514 373 351 298 263 2012 935 9586 794 277 250 267 241 342 388 214 3122 382 1092 234 518 392 520 1745
internal_value=0.000338519 -0.00727966 -0.00388676 -0.0125757 0.0209155 0.0201705 -0.0118119 -0.00981636 -0.0210134 -0.0268842 -0.000870539 0.0257368 0.0271144 0.0404857 0.0126942 -0.0745679 0.017224 0.038345 0.0554304 -0.0135804 0.0683775 0.0198985 0.0161057 -0.0508858 0.0303951 0.010794 0.0187585 -0.101783 -0.0765339 -0.0468818 -0.14093 0.00974649 -0.0845434 0.00601876 0.0743453 0.0239744 0.0300812 0.02307 0.0582755 0.0224356 -0.099873 0.145824 0.0478735 0.00575596 0.12817 0.0704832 0.172687 0.0626777 -0.119098 0.251104 0.111175 0.21915 0.0515252 0.0301938 0.0634221 0.0117379 0.0933227 0.0582047 0.0698904 0.225689 0.102948 -0.00684518
internal_weight=292898 213759 186376 119771 79139 78900 119451 114525 50862 45631 63663 67303 66533 34521 32012 1579 30433 34229 17769 2807 14962 16460 16214 2850 13364 11425 11133 2368 2149 1937 911 10599 1389 920 14501 9210 8989 8745 4989 4208 724 1939 3484 2286 1198 14284 1012 13272 461 781 1641 583 1058 5231 3336 66605 1474 12995 11016 1430 912 1979
internal_count=292898 213759 186376 119771 79139 78900 119451 114525 50862 45631 63663 67303 66533 34521 32012 1579 30433 34229 17769 2807 14962 16460 16214 2850 13364 11425 11133 2368 2149 1937 911 10599 1389 920 14501 9210 8989 8745 4989 4208 724 1939 3484 2286 1198 14284 1012 13272 461 781 1641 583 1058 5231 3336 66605 1474 12995 11016 1430 912 1979
is_linear=0
shrinkage=0.05


Tree=68
num_leaves=63
num_cat=0
split_feature=11 0 5 13 10 11 13 27 29 31 13 25 5 13 27 29 13 13 14 14 29 29 14 31 31 29 25 13 13 14 29 29 13 26 31 29 14 29 29 29 8 5 29 14 26 14 13 13 13 29 11 13 13 14 13 14 29 13 31 9 29 13
split_gain=14396 7597.17 6838.68 6300.85 6044.99 10022.6 5569.41 5525.7 5245.63 7771.08 5858.54 6265.71 4974.66 4802.51 7907.5 7032.19 8671.51 8240.71 8985.03 23741.9 10920.6 12175.1 9995.93 7847.75 10485.2 7601.05 6860.21 6724.31 15612.2 13002 9765.55 11741 9103.66 9831.29 8953.8 8151.82 8446.88 6762.99 16320.5 8410.46 6718.77 5933.55 5874.05 5798.63 13172.7 5711.41 5642.92 5465.37 5376.88 5289.69 5357.97 6968.32 6625.81 5749.82 6695.62 6690.87 5345.46 8162.08 5209.84 5024.86 5529.66 6371.61
threshold=2.6797222222222232 2475.5000000000005 -8.4999999999999982 5.7500000000000009 2.5000000000000004 -2.7838888888888884 13.250000000000002 0.487244565924769 3.8500000000000001 1.0249736842105266 16.750000000000004 2.5111210052438908 -35.499999999999993 7.2500000000000009 0.51928389290267762 8.9500000000000011 26.750000000000004 24.750000000000004 60.250000000000007 62.250000000000007 4.1500000000000012 0.8500000000000002 59.250000000000007 1.4321728151075979 2.9186463126605768 15.65 2.9049143564557376 8.7500000000000018 11.750000000000002 45.250000000000007 8.0500000000000025 6.3500000000000005 12.750000000000002 1.0835419450469015 1.6675345496813834 4.8500000000000005 50.750000000000007 7.2500000000000009 6.1500000000000012 7.1500000000000012 6.5000000000000009 1.5000000000000002 9.1500000000000004 60.750000000000007 1.0950293466823289 61.250000000000007 9.7500000000000018 30.750000000000004 16.750000000000004 15.050000000000002 9.8321527777777806 8.2500000000000018 7.7500000000000009 49.750000000000007 14.750000000000002 65.750000000000014 11.750000000000002 17.750000000000004 3.5513247863247863 7.5000000000000009 12.65 9.7500000000000018
decision_type=2 2 2 2 2 2 2 2 2 2 2 2 2 2 2 2 2 2 2 2 2 2 2 2 2 2 2 2 2 2 2 2 2 2 2 2 2 2 2 2 2 2 2 2 2 2 2 2 2 2 2 2 2 2 2 2 2 2 2 2 2 2
left_child=1 4 3 -2 5 -1 7 -5 9 -8 -11 -12 -10 14 -4 17 25 18 22 23 21 41 27 -20 45 42 -27 34 29 -29 31 -31 33 -30 -15 -36 -37 38 -34 48 -24 -21 -17 44 -19 -25 -26 -18 -40 50 51 52 -44 54 -52 56 -55 -58 -33 60 -53 -62
right_child=2 -3 13 6 -6 -7 8 -9 12 10 11 -13 -14 15 -16 16 47 43 19 20 -22 -23 40 24 46 26 -28 28 32 30 -32 58 37 -35 35 36 -38 -39 39 -41 -42 -43 49 -45 -46 -47 -48 -49 -50 -51 53 59 -54 55 -56 -57 57 -59 -60 -61 61 -63
leaf_value=-0.051974915146345883 0.14585829738608105 0.0090038276417366576 -0.029041522659886951 0.01075604067010236 -0.011651925116398525 0.35035940714967334 -0.0045397235189852956 -0.079882877582659009 -0.11927541444686028 0.025993772265753029 0.08345610692470086 0.43806788888844583 0.010577391086415958 -0.32335240394608583 0.049545258150525656 0.2998707212526121 -0.22615064589739764 0.085518536388463684 0.051543745673797305 0.041843951567982436 -0.061139709145395772 0.18470918805028541 0.017367771381082444 0.66857235413274652 -5.6663750400466303e-05 0.052910029715207807 -0.2100799195381029 -0.18457539292540767 -0.33951448732132627 0.18549889412698795 0.44206921855995163 -0.18207468602272736 -0.018119987125399761 0.061453552500510558 0.25616710399983872 0.05305801196996629 -0.26619814334358632 -0.10696733745302044 0.5236314552934731 -0.0059635012846876376 -0.30082701381312082 -0.31160891540528501 0.10577587035899932 0.010555598582206321 0.57104291834004295 0.31987183200552111 0.34183667308445709 0.09354509485593919 0.18374262560039351 0.30591415982801939 0.089568680713409218 0.025528374796938383 0.43999378787160953 0.14562068499012956 0.43645474426672087 0.31629683439142681 0.086892214118008404 -0.28663053097141289 0.091814149127150912 0.087424838432043503 -0.36018736568085541 0.00048653625167045464
leaf_weight=316 681 64956 6604 2811 170237 302 958 4183 816 295 201 329 7585 330 6210 404 356 378 338 278 2224 1298 259 242 247 908 340 327 435 1807 256 376 3331 235 206 448 384 1210 254 221 460 206 554 356 221 234 235 213 217 308 240 1108 202 885 332 323 417 224 321 1686 239 250
leaf_count=316 681 64956 6604 2811 170237 302 958 4183 816 295 201 329 7585 330 6210 404 356 378 338 278 2224 1298 259 242 247 908 340 327 435 1807 256 376 3331 235 206 448 384 1210 254 221 460 206 554 356 221 234 235 213 217 308 240 1108 202 885 332 323 417 224 321 1686 239 250
internal_value=-0.000100693 -0.00555127 0.0224498 -0.00318899 -0.0110849 0.144883 -0.00910593 -0.0434573 0.0144873 0.0923549 0.204739 0.303993 -0.00204807 0.0341491 0.00904458 0.0463691 0.0822546 0.0277561 0.0194262 0.0729471 0.0127459 0.10494 -0.00619583 0.258879 0.3319 0.0950227 -0.0188487 0.00632573 0.0220437 0.11314 0.148466 0.118285 -0.0256065 -0.198994 -0.0969074 -0.0246743 -0.0944337 -0.00337318 0.0278037 0.248569 -0.186341 -0.108925 0.114837 0.170451 0.265305 0.498182 0.166997 -0.106521 0.367758 0.103749 0.0940648 0.0587867 0.195541 0.152871 0.291318 0.109908 0.0660439 -0.0438799 -0.0559857 0.0272454 -0.0363028 -0.176169
internal_weight=292807 235811 56996 17859 170855 618 17178 6994 10184 1783 825 530 8401 39137 12814 26323 8989 17334 16379 5302 4006 1782 11077 1296 958 8420 1248 10358 8990 3087 2760 2504 5903 670 1368 1038 832 5233 4023 692 719 484 7172 955 599 476 482 569 471 6768 6460 4039 756 2421 572 1849 1526 641 697 3283 1597 489
internal_count=292807 235811 56996 17859 170855 618 17178 6994 10184 1783 825 530 8401 39137 12814 26323 8989 17334 16379 5302 4006 1782 11077 1296 958 8420 1248 10358 8990 3087 2760 2504 5903 670 1368 1038 832 5233 4023 692 719 484 7172 955 599 476 482 569 471 6768 6460 4039 756 2421 572 1849 1526 641 697 3283 1597 489
is_linear=0
shrinkage=0.05


Tree=69
num_leaves=63
num_cat=0
split_feature=12 16 19 14 17 16 19 17 19 19 7 17 17 17 24 24 11 19 28 14 19 11 24 6 7 4 17 19 23 28 24 8 14 14 17 11 29 12 14 9 4 6 11 11 11 29 29 12 29 7 31 14 29 29 29 11 28 6 10 31 0 26
split_gain=14875 6047.14 12170.1 5746.8 5525.98 4868.69 10400.9 4858.74 6670.2 4176.59 3482.74 2860.55 2835.18 2830.08 2640.46 2581.24 2334.88 2250.91 2103.9 2064.06 2073.78 2062.78 2533.76 2073.45 2021.78 2659.56 1961.65 1905.9 1814.98 1686.88 1965.3 1862.94 1648.59 1632.3 1621.84 1944.19 1592.35 1576.88 1573.16 1515.99 1510.63 1451.36 1377.23 1322.47 2038.29 1288.66 2245.58 1288.17 1214.26 1200.83 1589.11 1548.63 1817.44 3637.19 3316.75 1489.44 2238.75 2040.11 1605.05 3179.76 1540.66 1470.34
threshold=38.235555555555557 1.0000000180025095e-35 54.500000000000007 85.750000000000014 3.5000000000000004 1.0000000180025095e-35 45.500000000000007 1.0000000180025095e-35 8.5000000000000018 64.500000000000014 -0.9904687135034127 3.5000000000000004 2.5000000000000004 2.5000000000000004 13.500000000000002 31.500000000000004 -14.337291666666665 64.500000000000014 0.5208957085828344 58.250000000000007 5.5000000000000009 -9.0638194444444427 96.500000000000014 -6.5672165467470238 0.93347164591977883 1.0000000180025095e-35 3.5000000000000004 75.500000000000014 2.5000000000000004 0.46070357079828234 65.500000000000014 8.5000000000000018 36.750000000000007 58.250000000000007 2.5000000000000004 9.4526388888888899 0.8500000000000002 19.965416666666673 62.250000000000007 6.5000000000000009 27.500000000000004 -6.5672165467470238 19.489583333333339 -1.2324305555555553 3.2627083333333338 17.950000000000003 17.350000000000005 6.1247222222222222 6.8500000000000005 -0.028456262919584231 7.7825425352392292 54.250000000000007 2.9500000000000006 2.3500000000000001 3.3500000000000001 -0.98548611111111095 0.41824123588829476 9.9398118893904464 34.500000000000007 6.0045903010033461 1458.5000000000002 0.84536729271523847
decision_type=2 2 2 2 2 2 2 2 2 2 2 2 2 2 2 2 2 2 2 2 2 2 2 2 2 2 2 2 8 2 2 2 2 2 2 2 2 2 2 2 2 2 2 2 2 2 2 2 2 2 2 2 2 2 2 2 2 2 2 2 2 2
left_child=1 2 4 5 7 6 11 -1 -9 24 -10 15 14 16 -4 19 -8 21 -19 41 -21 22 23 48 25 28 47 36 -3 30 31 -23 -27 -29 35 -12 -18 -16 -33 -15 -31 -2 -38 -20 -45 46 49 -11 -7 50 -34 52 53 -51 -54 56 -53 58 59 -57 -60 -56
right_child=3 9 12 -5 -6 17 13 8 10 26 34 -13 -14 39 37 -17 27 18 43 20 -22 29 -24 -25 -26 32 -28 33 -30 40 -32 38 45 -35 -36 -37 42 -39 -40 -41 -42 -43 -44 44 -46 -47 -48 -49 -50 51 -52 55 54 -55 61 57 -58 -59 60 -61 -62 -63
leaf_value=-0.0463772799428026 0.19320446089926091 -0.013560656353274917 0.1724496348917775 0.25550201840639586 -0.026417242614972487 0.16856178163240354 -0.0093987392131113807 0.086315711788966867 -0.018321801634534163 -0.029789484231658881 0.032376882236117004 0.00024370505085980602 -0.033303548845407045 -0.026826054615310759 -0.019610879745144218 0.045212189361575283 -0.032578210250847804 0.02640411424938165 -0.044606115266170726 0.25258981745811149 0.10876588949281894 -0.034935881875679406 0.13526808704589924 -0.031111228134394348 -0.041198040597796318 -0.14975778215540278 0.030501024593801815 -0.036870916194435069 0.13211253443597604 0.1288033567974344 -0.17640163414994059 0.155477632090676 -0.026069298870437005 0.031706036107865938 0.0078918512878425728 0.1171074072581704 0.040304373200541629 0.00086289057460652106 -0.023883933011914188 0.019802025342258188 0.011457693773753726 0.061292518778506638 0.13504503147502991 0.1131393507387134 -0.021644805601750028 -0.080471011001185241 0.13673227104641822 -0.0030897433893981485 -0.00071000795503821943 -0.015279613305643883 -0.11935079838623903 -0.080404188145006689 -0.20819222351464514 0.16424286895288298 0.051512391060717366 -0.045724954222993053 -0.00040358601396385193 0.16041940471778315 0.028726381329793455 0.16212485562307094 0.15212557107701274 -0.031882200860750484
leaf_weight=2206 219 384 201 251 5749 206 4874 4621 4563 5291 22708 1629 15361 6012 17822 5670 730 14822 1916 276 2714 2352 248 9412 13508 246 3859 1743 481 279 205 262 22774 1726 7287 697 11547 19911 228 2454 13413 4095 396 408 892 871 229 30869 217 1254 465 1005 259 363 558 1393 6690 269 1359 211 310 9737
leaf_count=2206 219 384 201 251 5749 206 4874 4621 4563 5291 22708 1629 15361 6012 17822 5670 730 14822 1916 276 2714 2352 248 9412 13508 246 3859 1743 481 279 205 262 22774 1726 7287 697 11547 19911 228 2454 13413 4095 396 408 892 871 229 30869 217 1254 465 1005 259 363 558 1393 6690 269 1359 211 310 9737
internal_value=4.02437e-05 -0.00742184 0.00125054 0.0170658 0.0195597 0.01639 0.0281903 0.0258413 0.0298376 -0.0159875 0.0224326 0.0626966 -0.0151816 0.0110971 -0.00784257 0.0705375 0.0209291 0.00479324 0.0184502 0.0901884 0.122122 -0.00439153 -0.0222561 -0.0262416 -0.0240769 -0.0193426 -0.00338062 0.0300865 0.0675028 0.00637018 -0.0272709 -0.0164555 -0.0209092 -0.00275117 0.0284919 0.034905 0.0390747 -0.00880752 0.0721409 -0.0133094 0.0138581 0.0680322 0.0434568 -0.0182048 0.0207111 -0.0202423 -0.0191215 -0.00699722 0.0819281 -0.0198895 -0.0279409 -0.0118954 -0.024252 0.025098 -0.0318146 0.00148915 -0.0108611 0.0283156 0.0174126 -0.0182991 0.0517239 -0.0273576
internal_weight=292707 203511 101126 89196 47831 88945 44085 42082 39876 102385 35255 14603 53295 29482 37934 12974 21016 44860 18038 7304 2990 26822 10083 9835 62366 48858 40019 16142 865 16739 3047 2842 47993 3469 30692 23405 12673 37733 490 8466 13692 4314 11943 3216 1300 47747 46876 36160 423 46647 23239 23408 12171 1617 10554 11237 7695 3542 3273 1604 1669 10295
internal_count=292707 203511 101126 89196 47831 88945 44085 42082 39876 102385 35255 14603 53295 29482 37934 12974 21016 44860 18038 7304 2990 26822 10083 9835 62366 48858 40019 16142 865 16739 3047 2842 47993 3469 30692 23405 12673 37733 490 8466 13692 4314 11943 3216 1300 47747 46876 36160 423 46647 23239 23408 12171 1617 10554 11237 7695 3542 3273 1604 1669 10295
is_linear=0
shrinkage=0.05


Tree=70
num_leaves=63
num_cat=0
split_feature=12 14 11 14 14 28 27 27 9 8 29 11 14 29 29 29 14 29 31 28 29 29 25 14 29 29 11 29 14 8 31 14 28 12 29 29 14 14 14 25 7 19 29 25 9 14 14 29 29 6 29 14 31 29 29 29 28 29 14 6 29 27
split_gain=13356.6 7063.93 6016.25 5306.24 8370.77 10709.8 7314.26 6995.51 5894.49 5561.39 6070.18 5479.55 5050.17 4809.21 9214.06 7662.8 6895.95 8996.62 10928.2 8007.01 9079.57 9779.33 12321.5 12687.6 9379.93 9924.81 7822.44 5984.43 6964.21 5831.67 5085.15 4840.71 7133.55 7734.19 5142.88 6866.1 4549.84 5429.82 4516.06 5159.66 7539.89 4485.38 4446.83 4383.07 4305.04 4264.11 20629.3 7327.03 10675.1 6361.93 4556.11 7462.63 5997.86 4818.79 4846.26 4342.44 4292.49 4231.5 4178.19 4768.68 4096.31 4070.62
threshold=23.102847222222227 85.750000000000014 2.5002777777777783 69.250000000000014 70.750000000000014 0.50552503052503062 0.45318120503597131 0.51227040048178274 13.500000000000002 2.5000000000000004 6.2500000000000009 5.7109027777777781 46.250000000000007 0.8500000000000002 1.3500000000000003 0.35000000000000003 52.250000000000007 12.850000000000003 6.2957191338073697 0.44599455570678598 1.6500000000000001 3.7500000000000004 2.9441393736580284 55.750000000000007 4.0500000000000007 4.8500000000000005 8.4512500000000035 13.550000000000002 50.250000000000007 6.5000000000000009 7.6564615384615395 48.250000000000007 0.45103367433930103 36.86236111111112 4.6500000000000012 4.0500000000000007 47.750000000000007 47.250000000000007 66.750000000000014 2.2413422957907057 -0.2097568780123594 19.500000000000004 4.0500000000000007 2.7055955618936758 16.500000000000004 60.750000000000007 59.750000000000007 5.9500000000000011 6.2500000000000009 0.71170764240453044 9.7500000000000018 54.250000000000007 4.8712685475444104 10.350000000000003 11.050000000000002 11.750000000000002 0.50689687975646891 13.050000000000002 53.250000000000007 -3.0354617053576911 8.4500000000000011 0.55891487029594455
decision_type=2 2 2 2 2 2 2 2 2 2 2 2 2 2 2 2 2 2 2 2 2 2 2 2 2 2 2 2 2 2 2 2 2 2 2 2 2 2 2 2 2 2 2 2 2 2 2 2 2 2 2 2 2 2 2 2 2 2 2 2 2 2
left_child=-1 2 41 6 5 -5 9 -7 -6 57 -11 12 -12 15 -15 -8 27 18 19 -18 -21 22 23 -22 -23 26 29 31 -29 -26 -30 34 33 44 35 -16 37 -36 39 -25 -41 -2 -10 -19 -33 46 47 -27 -49 -47 52 -52 56 -53 -55 -56 -50 -4 -14 -60 -44 -34
right_child=1 -3 3 4 8 7 13 -9 42 10 11 -13 58 14 16 -17 17 43 -20 20 21 24 -24 38 25 45 -28 28 30 -31 -32 32 61 -35 36 -37 -38 -39 -40 40 -42 -43 60 -45 -46 49 -48 48 50 -51 51 53 -54 54 55 -57 -58 -59 59 -61 -62 -63
leaf_value=-0.013273245152482838 0.026702059948902651 0.25054535518997534 -0.04509283569786695 0.019100505381506816 0.093322166783346039 -0.082247249434157371 0.0025058175097198861 -0.45089630288442217 0.12909498426886479 -0.04877056709043346 -0.22631126587818329 0.1157714217095049 0.13763508231666832 0.29861199355657614 0.044423651284184955 -0.27640120491619541 -0.0061511749861662317 0.029877394123238622 0.32732129308930602 -0.17504659533433187 -0.17865588220683012 -0.13814314086489546 0.34129083478111405 0.033055440596472301 0.50897214471847385 -0.078079406252062666 0.079917696348822842 0.015524580156461935 0.41987609917052676 0.20225568722532269 0.09589409948399169 -0.10259592922152896 -0.085268155847911739 0.25308625411617663 0.061691330936933825 -0.22293396469977936 0.20815069789189297 -0.18322853869702443 -0.0081017759950158079 0.06709883348084987 0.37306159256061 -0.0011721184667420267 -0.19544487682093559 -0.098589069002376101 0.1649751187127276 -0.014074998418822499 0.35747640809526271 0.33433773432052627 -0.02515990455901412 0.13484742376386624 0.36091621571678006 0.28273335868593863 -0.20393868729344194 -0.15863567257285802 0.22548520017415286 -0.041526106117922124 0.096731440258308071 -0.21989437027050937 0.081477147479269429 -0.12807282231408723 -0.014273996863262249 0.10636143870574111
leaf_weight=117060 16589 300 2464 465 1222 211 2099 331 273 2303 227 1840 546 349 579 278 3407 1442 399 344 329 538 763 316 266 873 610 757 242 375 243 510 3657 386 2484 409 467 248 306 307 587 110964 551 1229 212 3179 625 377 1243 925 286 220 261 261 319 290 1722 402 502 589 718 299
leaf_count=117060 16589 300 2464 465 1222 211 2099 331 273 2303 227 1840 546 349 579 278 3407 1442 399 344 329 538 763 316 266 873 610 757 242 375 243 510 3657 386 2484 409 467 248 306 307 587 110964 551 1229 212 3179 625 377 1243 925 286 220 261 261 319 290 1722 402 502 589 718 299
internal_value=-0.000191953 0.00853266 0.00811686 0.0232734 -0.0336365 -0.156977 0.0281636 -0.307797 0.0113405 -0.012384 0.0149593 0.0545864 -0.0058405 0.0384378 0.0434381 -0.030216 0.0406712 0.0567012 0.068704 0.0631772 0.0785925 0.0844291 0.172406 0.102417 0.0658682 0.0751555 0.208285 0.00736679 0.110375 0.33013 0.258082 -0.00647304 -0.0393573 0.07273 0.033299 -0.0663672 0.0640917 0.0393996 0.163492 0.206858 0.268186 0.00245326 -0.0536465 -0.0292483 -0.0239098 0.0593973 0.0846606 0.0554675 0.0788941 0.0195153 0.0578999 0.134042 0.0253912 0.0742371 0.0212499 0.0984773 0.0456404 -0.0696796 0.0248513 -0.0316666 -0.0930304 -0.0707613
internal_weight=292575 175515 175215 47662 3771 1007 43891 542 2764 8873 6007 3704 1864 35018 32641 2377 32292 21799 19128 18729 15322 14978 2608 1845 12370 11832 1251 10493 1242 641 485 9251 5064 1108 4187 988 3199 2732 1516 1210 894 127553 1542 2671 722 10581 6477 5852 4979 4104 4602 1376 3226 1090 870 609 2965 2866 1637 1091 1269 3956
internal_count=292575 175515 175215 47662 3771 1007 43891 542 2764 8873 6007 3704 1864 35018 32641 2377 32292 21799 19128 18729 15322 14978 2608 1845 12370 11832 1251 10493 1242 641 485 9251 5064 1108 4187 988 3199 2732 1516 1210 894 127553 1542 2671 722 10581 6477 5852 4979 4104 4602 1376 3226 1090 870 609 2965 2866 1637 1091 1269 3956
is_linear=0
shrinkage=0.05


Tree=71
num_leaves=63
num_cat=0
split_feature=0 19 16 20 14 13 29 29 29 23 5 4 29 13 25 9 29 31 11 13 27 27 15 14 29 13 13 14 29 11 13 29 31 14 13 29 29 31 13 14 14 27 31 13 14 29 31 29 29 13 27 28 14 29 14 28 13 5 13 14 31 11
split_gain=12916.7 6101.94 7241.92 6404.77 6037.3 5447.47 5494.56 6469.82 7539.73 4902.96 5232.01 4906.74 4802.43 6545.3 4391.01 4283.27 4145.02 3859.89 3773.54 3682.87 3897.38 3480.43 4143.76 3791.93 5195.73 5113.67 4865 3920.38 5442.15 4888.2 7921.06 3395.24 4939.93 3375.48 3422.02 4150.03 3320.1 3708.89 5135.2 10367.3 5522.94 4894.96 6344.56 6607.2 4976.39 3564.49 3507.32 3301.06 4826.56 4661.08 3552.5 3292.37 4333.42 3250.63 7672.56 5073.13 3916.65 3192.83 3191.7 3339.3 4481.08 3121.44
threshold=2655.5000000000005 15.500000000000002 1.0000000180025095e-35 0.99500000000000011 58.250000000000007 9.2500000000000018 1.1500000000000001 2.6500000000000008 3.8500000000000001 2.5000000000000004 15.500000000000002 1.0000000180025095e-35 5.0500000000000007 5.2500000000000009 2.0535968951185728 7.5000000000000009 3.5500000000000003 1.23424025974026 0.87097222222222237 -11.749999999999998 0.37905861269238883 0.55583900226757377 34.883541666666673 47.250000000000007 8.0500000000000025 9.7500000000000018 10.750000000000002 44.250000000000007 7.4500000000000011 0.36305555555555558 4.2500000000000009 15.350000000000003 7.0659211485977798 56.750000000000007 -9.7499999999999982 0.25000000000000006 4.8500000000000005 1.065737792201207 9.2500000000000018 55.750000000000007 63.250000000000007 0.45105410585286748 1.7611927132361214 19.250000000000004 55.250000000000007 3.8500000000000001 1.4962926310773914 7.3500000000000005 6.7500000000000009 -26.249999999999996 0.51524446923219946 0.51090923516344033 49.250000000000007 0.25000000000000006 63.750000000000007 0.55364521841794578 -4.7499999999999991 1.0000000180025095e-35 13.750000000000002 60.750000000000007 8.7030259740259748 0.69277777777777794
decision_type=2 2 2 2 2 2 2 2 2 8 2 2 2 2 2 2 2 2 2 2 2 2 2 2 2 2 2 2 2 2 2 2 2 2 2 2 2 2 2 2 2 2 2 2 2 2 2 2 2 2 2 2 2 2 2 2 2 2 2 2 2 2
left_child=1 2 3 -1 5 6 33 17 16 -3 11 14 13 53 -11 47 -9 -8 -17 -6 -21 23 -23 24 27 -26 -27 -14 29 -29 -31 32 -25 34 -2 -36 37 -15 39 45 -41 44 43 46 -40 -39 -43 48 -10 -49 -50 -51 -53 54 55 -13 -56 -24 59 -33 -61 -18
right_child=4 9 -4 -5 19 -7 7 8 15 10 -12 12 21 36 -16 18 61 -19 -20 20 -22 22 57 31 25 26 -28 28 -30 30 -32 58 -34 -35 35 -37 -38 38 41 40 -42 42 -44 -45 -46 -47 -48 49 50 51 -52 52 -54 -55 56 -57 -58 -59 -60 60 -62 -63
leaf_value=0.058683837454825652 0.05481145024056825 -0.020611966821059178 -0.011143335512265 -0.044929781326062006 0.010690483601875472 0.046719493008272071 0.057216608248490355 -0.037518449991022773 0.0066281358909264414 0.24866102231527376 -0.022564190542433221 -0.053272741078557874 0.017599048446972833 -0.015879345055848048 0.046081926460537291 0.017476261271664635 -0.10560037396868927 0.24436427284639237 0.15610238657349687 0.26611088622009282 0.04478659966592733 0.030121879159066889 0.063586667864751131 -0.00019533223331100929 -0.013323125880662071 0.31043977563325642 0.048722442535279124 0.014647902535730097 0.28475560898019053 0.36242453911063721 0.034232838182655462 -0.032992716996088488 0.099643733493912104 -0.23549117271788422 -0.055660759754564006 -0.28983156418355255 -0.086555728064340129 -0.10807450059595902 0.020060975037107843 0.34888495665836744 0.091972826889824263 -0.019599352992372587 -0.010520575882423271 0.37500928422299828 -0.23526305998672511 0.10653390509997616 0.19399133753772319 -0.091360710995821284 0.01737323473925096 -0.031375542878440583 0.15429501369647955 -0.029194702443186837 0.040630959355986269 -0.041441319602706111 0.016110337880563062 0.2086064298746779 0.26455251911711231 0.2821631392755638 0.078058927910792275 -0.2247061359439595 0.01743813391230787 -0.30425474879461051
leaf_weight=10449 513 68357 11724 1739 10768 6902 2161 2209 10510 334 28774 1979 1516 2999 1331 1178 718 315 841 200 19545 3589 360 45057 5513 231 759 1050 416 334 408 2075 1273 299 1050 230 684 407 438 518 352 423 1590 245 337 367 351 1738 859 6945 1056 3591 5825 16668 264 203 397 312 429 609 278 273
leaf_count=10449 513 68357 11724 1739 10768 6902 2161 2209 10510 334 28774 1979 1516 2999 1331 1178 718 315 841 200 19545 3589 360 45057 5513 231 759 1050 416 334 408 2075 1273 299 1050 230 684 407 438 518 352 423 1590 245 337 367 351 1738 859 6945 1056 3591 5825 16668 264 203 397 312 429 609 278 273
internal_value=-0.000588977 -0.00690052 0.0169118 0.0438976 0.0168807 0.00567782 -0.00135027 0.00296946 -0.00244597 -0.00987821 -0.00390651 0.00179908 0.000266196 -0.0169242 0.0868443 0.00475601 -0.0756664 0.0811148 0.0752687 0.0342142 0.0470418 0.00782211 0.0514804 0.00471815 0.0324439 0.00547161 0.110041 0.07953 0.122024 0.0841095 0.182252 -0.000985242 0.00255002 -0.0802316 -0.0542238 -0.0979317 0.0191111 0.0281249 0.0543696 0.126838 0.245164 0.0191364 0.0519114 0.149242 -0.0911239 -0.00630957 0.0773869 8.96625e-05 0.0199339 -0.0135338 0.092918 -0.00526133 0.0140011 -0.0330129 0.0163983 -0.0288247 0.1655 0.165337 -0.0492727 -0.0677349 -0.14888 -0.160577
internal_weight=292865 215139 23912 12188 77726 47213 40311 38219 35743 191227 122870 94096 92431 28222 1665 32543 3200 2476 2019 30513 19745 64209 4261 59948 10227 6503 990 3724 2208 1792 742 49721 46330 2092 1793 1280 8711 8027 5028 1644 870 3384 2609 1019 775 774 774 30524 12425 18099 1915 16361 9416 19511 2843 2182 661 672 3391 2962 887 991
internal_count=292865 215139 23912 12188 77726 47213 40311 38219 35743 191227 122870 94096 92431 28222 1665 32543 3200 2476 2019 30513 19745 64209 4261 59948 10227 6503 990 3724 2208 1792 742 49721 46330 2092 1793 1280 8711 8027 5028 1644 870 3384 2609 1019 775 774 774 30524 12425 18099 1915 16361 9416 19511 2843 2182 661 672 3391 2962 887 991
is_linear=0
shrinkage=0.05


Tree=72
num_leaves=63
num_cat=0
split_feature=0 16 19 12 17 10 17 19 13 13 9 14 14 14 13 14 28 13 13 14 19 14 29 14 29 7 6 13 13 28 29 28 13 13 31 13 14 26 14 13 13 27 28 27 31 14 5 8 10 13 13 29 29 29 27 14 13 29 29 29 13 29
split_gain=12680.5 5729.52 11254 5219.83 5069.26 4827.36 4456.23 7885.99 4436.62 3656.44 4422.1 3812.97 4042.96 3747.94 5884.37 5776.93 5462.07 6739 3963.4 4564.24 3629.86 3407.37 5008.89 4144.26 3323.35 3270.81 3242.07 3795.55 4054.36 3352.6 3051.07 2974 2773.58 7051.43 3087.28 2900.64 4462.98 4330.66 3866.74 5791.07 2871.74 4247.64 3578.69 5154.46 4172.47 3230.33 5880.05 3148.24 2862.34 2748.25 2703.71 2691.97 5067.36 4207.58 4092.87 2996.86 6508.44 4121.28 6463.58 3381.32 2839.1 2800.93
threshold=2673.5000000000005 1.0000000180025095e-35 63.500000000000007 70.215277777777786 3.5000000000000004 2.5000000000000004 1.0000000180025095e-35 8.5000000000000018 32.000000000000007 -3.2499999999999996 7.5000000000000009 40.750000000000007 41.750000000000007 69.250000000000014 -2.2499999999999996 65.750000000000014 0.48579499596448755 1.2500000000000002 3.7500000000000004 66.750000000000014 64.500000000000014 64.750000000000014 11.65 65.250000000000014 4.8500000000000005 -0.9904687135034127 6.5333971082210018 11.250000000000002 3.2500000000000004 0.51620405101275335 8.7500000000000018 0.57381706408345756 24.750000000000004 26.750000000000004 4.2900045899632815 -2.7499999999999996 51.750000000000007 1.0015492614845642 64.250000000000014 6.2500000000000009 1.2500000000000002 0.45722996515679448 0.45592045108198725 0.43681185722928018 3.5910197704081637 59.750000000000007 -1.0000000180025095e-35 2.5000000000000004 2.5000000000000004 6.2500000000000009 14.750000000000002 9.7500000000000018 12.250000000000002 11.65 0.51928389290267762 48.250000000000007 4.7500000000000009 7.3500000000000005 4.5500000000000007 9.3500000000000032 2.7500000000000004 10.550000000000002
decision_type=2 2 2 2 2 2 2 2 2 2 2 2 2 2 2 2 2 2 2 2 2 2 2 2 2 2 2 2 2 2 2 2 2 2 2 2 2 2 2 2 2 2 2 2 2 2 2 2 2 2 2 2 2 2 2 2 2 2 2 2 2 2
left_child=1 2 4 8 6 -4 -1 -8 9 10 11 -2 -13 15 -15 21 -17 -18 -19 -20 -3 31 23 -23 -21 -9 27 28 -16 -30 -29 32 35 -34 -35 36 37 -11 40 -40 42 48 -37 -44 -45 51 -47 50 -42 -27 -48 55 53 54 -53 56 57 58 -43 -57 -54 -56
right_child=3 20 5 -5 -6 -7 7 25 -10 13 -12 12 -14 14 26 16 17 18 19 24 -22 22 -24 -25 -26 49 -28 30 29 -31 -32 -33 33 34 -36 38 -38 -39 39 -41 41 45 43 44 -46 46 47 -49 -50 -51 -52 52 60 -55 61 59 -58 -59 -60 -61 -62 -63
leaf_value=-0.049552812569021387 -0.11979258526896391 -0.021212175188169369 0.19905273068681767 0.12695286725535748 -0.022690815793400744 -0.018284228773297356 0.08467594432462977 -0.01806217092029402 0.21639736079310568 0.0570142248462642 0.075128919366786936 0.18831351595315138 0.0025107107469175684 -0.2884534271600101 0.052850335474471793 -0.027719789786146323 0.35157185131789481 -0.090711067096772291 0.3094071148157822 0.21260974875696312 -0.0024577847669500375 -0.11274684964537551 -0.28532454168387489 0.11484718081639261 -0.011840057433462885 0.016277489392076613 0.17745075245552205 -0.029031058729197534 -0.030966778877509166 -0.27042504914687998 0.21469844878749914 0.12729270904087506 0.34812684411301897 0.12936873386125464 -0.13455057593218506 0.084994791585831703 0.022501480549625641 0.31350504154010733 0.36414622266809293 -0.0095493635225521283 -0.10878078592883177 0.073888116459874684 0.15640074800669415 0.0013488623943904007 -0.11222079744278707 -0.015430186675406668 0.03705315184906665 0.2078997163453932 -0.00032628451267977616 0.048001205605005384 0.23435166978944927 0.17641998005984058 -0.1298972050885579 0.25756381759113972 0.11718684888609654 0.0029991745100662148 -0.0034817994633123033 -0.021474519606192406 0.37077995425496024 -0.15466274490021692 0.031116625251929347 -0.064988477940313358
leaf_weight=2144 632 66387 256 1080 7494 43810 4859 5601 275 320 2176 294 38830 212 298 520 352 216 296 268 42201 433 203 370 426 34499 203 314 248 356 216 756 234 243 202 680 1025 339 200 214 802 377 304 1532 1712 986 841 832 2510 8511 218 630 316 425 355 7172 1620 236 357 356 2007 517
leaf_count=2144 632 66387 256 1080 7494 43810 4859 5601 275 320 2176 294 38830 212 298 520 352 216 296 268 42201 433 203 370 426 34499 203 314 248 356 216 756 234 243 202 680 1025 339 200 214 802 377 304 1532 1712 986 841 832 2510 8511 218 630 316 425 355 7172 1620 236 357 356 2007 517
internal_value=0.000373442 -0.00582912 0.00237227 0.0178589 0.0159112 -0.0170171 0.0211132 0.0239476 0.0162958 0.015561 0.00574185 0.00194223 0.00391172 0.0279438 -0.0412587 0.0320153 0.112558 0.159365 0.103021 0.145338 -0.0139237 0.0263041 -0.0640815 -0.00786546 0.0750163 0.0178757 -0.00904981 -0.0355935 -0.0979515 -0.172318 0.0705175 0.0295172 0.0268308 0.126562 0.00953409 0.0243072 0.0878218 0.189232 0.0200594 0.171422 0.0175242 0.0252427 -0.0200006 -0.0401421 -0.0586029 0.0352029 0.0835555 0.135149 -0.0266134 0.0225561 0.0778507 0.0255158 0.0589044 0.118827 0.0794248 0.0114867 0.0578678 0.160226 0.218597 -0.00447623 0.00916728 0.00922622
internal_weight=292298 215762 107174 76536 63108 44066 55614 53470 75456 75181 41932 39756 39124 33249 1847 31402 2078 1558 1206 990 108588 29324 1006 803 694 48611 1635 1432 902 604 530 28318 27562 679 445 26883 1684 659 25199 414 24785 20557 4228 3548 3244 17245 2877 1891 3312 43010 1059 14368 4250 1927 1502 10118 2590 970 734 7528 2323 872
internal_count=292298 215762 107174 76536 63108 44066 55614 53470 75456 75181 41932 39756 39124 33249 1847 31402 2078 1558 1206 990 108588 29324 1006 803 694 48611 1635 1432 902 604 530 28318 27562 679 445 26883 1684 659 25199 414 24785 20557 4228 3548 3244 17245 2877 1891 3312 43010 1059 14368 4250 1927 1502 10118 2590 970 734 7528 2323 872
is_linear=0
shrinkage=0.05


Tree=73
num_leaves=63
num_cat=0
split_feature=3 16 19 18 23 13 7 12 19 13 10 6 9 31 29 31 29 13 13 29 13 28 31 31 10 28 28 25 7 9 21 13 27 29 9 29 13 29 29 29 26 31 11 31 29 31 27 29 19 19 13 7 31 13 7 2 12 29 13 31 25 29
split_gain=10843 6710.13 11858.6 3916.69 3592.69 4697.88 4056.72 3506.12 3016.84 2947.96 3478.08 3259.47 4272.63 3693.55 6319.07 3082.32 7538.71 4528.32 4725.26 3699.9 3517.24 3220.55 3251.74 3016.89 3052.15 2801.97 2880.55 2712.63 2511.45 2300.78 2299.64 4304.37 2297.02 2288.24 2272.33 2785.49 2583.98 3806.25 3619.81 3450.2 2664.16 2578.95 2255.48 2237.51 4395.91 2319.93 2372.1 2197.06 2196.18 3704.87 2180.89 2113.63 2103.59 2354.87 2083.78 2197.93 2078.82 2077.03 2054.28 2016.58 2793.79 2772.01
threshold=2.5000000000000004 1.0000000180025095e-35 48.500000000000007 11.500000000000002 2.5000000000000004 -12.749999999999998 -0.93833848731194092 50.757291666666674 64.500000000000014 6.2500000000000009 5.5000000000000009 0.50263194267799494 8.5000000000000018 0.81869123988779491 2.7500000000000004 2.8600229621125153 8.3500000000000032 -4.2499999999999991 -3.7499999999999996 8.5500000000000025 3.7500000000000004 0.55364521841794578 5.2995382907880133 4.4793446963343362 19.500000000000004 0.54295175023651854 0.58260071859949558 2.9366185917455128 -0.041775468310634958 18.500000000000004 -1.0000000180025095e-35 3.2500000000000004 0.35058240728343826 8.7500000000000018 6.5000000000000009 20.450000000000003 -9.7499999999999982 12.750000000000002 13.350000000000003 14.850000000000003 1.0283821170511136 7.0659211485977798 -1.425138888888889 8.7030259740259748 18.950000000000003 7.9312803268384675 0.49216704842931941 7.5500000000000007 1.0000000180025095e-35 8.5000000000000018 8.7500000000000018 -0.11838906442841259 7.7825425352392292 9.2500000000000018 0.045977038491530363 540.50000000000011 2.7151388888888905 7.9500000000000011 -3.2499999999999996 2.494743421052632 3.0667067548606943 4.8500000000000005
decision_type=2 2 2 2 8 2 2 2 2 2 2 2 2 2 2 2 2 2 2 2 2 2 2 2 2 2 2 2 2 2 10 2 2 2 2 2 2 2 2 2 2 2 2 2 2 2 2 2 2 2 2 2 2 2 2 2 2 2 2 2 2 2
left_child=1 2 3 7 28 59 -7 48 34 10 -8 -11 23 -14 -15 30 17 29 -19 -18 25 33 -23 50 -25 51 -27 32 -2 -17 31 -12 -4 42 35 36 39 -38 -39 -3 41 -40 -21 45 -45 -35 -47 -31 -1 -50 -13 -20 53 -29 55 -30 -56 -49 -34 61 -61 -6
right_child=4 8 27 -5 5 6 9 -9 -10 11 15 12 13 14 -16 16 19 18 20 21 -22 22 -24 24 -26 26 -28 52 54 47 -32 -33 58 43 -36 -37 37 38 40 -41 -42 -43 -44 44 -46 46 -48 57 49 -51 -52 -53 -54 -55 56 -57 -58 -59 -60 60 -62 -63
leaf_value=-0.031377280317055875 -0.037903696477509706 -0.040485057190563063 0.10211711602623036 -0.017815869181361563 -0.030540323234024724 -0.022456152636763045 0.20907272749872352 0.088348865865035639 0.011110120795168181 0.010844324409909855 -0.0015058311148121468 -0.062419597627367922 -0.057917287876087478 0.36052048080279653 0.088829538309795925 -0.015859448609649402 -0.14959106031152733 0.26205663183046618 0.046773628820641809 0.21490901611198529 -0.032282326392903328 -0.097664716494788098 0.12599816323604668 0.018424974498108471 -0.24847697962612303 -0.11605897666946535 0.11957998620555006 0.023497210904590719 0.077531606005673867 0.013279474850809939 -0.024724476705053365 0.16156184878175578 -0.013270729974312718 -0.013960375245201734 0.0022445500265749446 -0.20489452508471834 0.0089626636177261333 -0.23194469438257445 -0.073414916104131742 0.10686502728387443 -0.096098895605973678 0.15601546104333144 0.0080056949603666896 0.21323212555663029 -0.026745560223636368 0.012256132985839226 -0.18115649603335804 0.22199266415082095 0.096379104890397263 0.036415459225829561 0.10194360646782888 0.13537656031370734 -0.080719285309492975 0.097780818763304966 -0.039497374555090101 -0.030353999903259571 -0.0067277147892906564 0.036755506218021101 0.010537190224840912 -0.016683441656110021 0.069715143670043445 -0.11431468661684772
leaf_weight=974 16004 11154 526 2253 8415 13503 200 5040 30299 9256 2874 327 368 231 2787 2767 450 339 995 217 722 202 817 201 228 309 222 7467 1238 979 13895 470 21026 13235 22267 201 10317 296 222 411 767 271 333 313 486 253 423 319 3034 17055 524 2089 417 1244 6983 762 15764 288 15920 19838 981 1118
leaf_count=974 16004 11154 526 2253 8415 13503 200 5040 30299 9256 2874 327 368 231 2787 2767 450 339 995 217 722 202 817 201 228 309 222 7467 1238 979 13895 470 21026 13235 22267 201 10317 296 222 411 767 271 333 313 486 253 423 319 3034 17055 524 2089 417 1244 6983 762 15764 288 15920 19838 981 1118
internal_value=-2.54209e-06 0.00931276 0.0199346 0.045429 -0.00993805 -0.00488062 0.00218977 0.0508882 -0.00113512 0.00801638 0.00156758 0.0280241 0.0620942 0.0915046 0.109737 0.000597533 0.0115493 0.0483661 0.0825253 -0.00832325 0.0684351 -0.00440924 0.0816084 -0.0157163 -0.123673 0.0885541 -0.0175037 0.00442068 -0.0224691 0.0116617 -0.0157659 0.0214548 -0.00153351 -0.0101581 -0.00921732 -0.0200136 -0.0184194 -0.00203386 -0.0749048 -0.0352397 -0.0378583 0.0527625 0.0898803 -0.0139044 0.0674122 -0.0185794 -0.108859 0.0596559 0.0419208 0.045476 0.0387873 0.106815 0.0288612 0.0341155 -0.0124863 0.0364326 -0.0167888 0.134309 -0.00301191 -0.0213313 -0.0126092 -0.0403761
internal_weight=292886 151161 74956 28356 141725 100974 70622 26103 76205 57119 43197 13922 4666 3386 3018 42997 25758 9029 4676 16729 4337 16279 1019 1280 429 3615 531 46600 40751 4353 17239 3344 37472 15260 45906 23639 23438 11873 1556 11565 1260 493 550 14710 799 13911 676 1586 21063 20089 851 3084 9128 8711 24747 2000 22747 607 36946 30352 20819 9533
internal_count=292886 151161 74956 28356 141725 100974 70622 26103 76205 57119 43197 13922 4666 3386 3018 42997 25758 9029 4676 16729 4337 16279 1019 1280 429 3615 531 46600 40751 4353 17239 3344 37472 15260 45906 23639 23438 11873 1556 11565 1260 493 550 14710 799 13911 676 1586 21063 20089 851 3084 9128 8711 24747 2000 22747 607 36946 30352 20819 9533
is_linear=0
shrinkage=0.05


Tree=74
num_leaves=63
num_cat=0
split_feature=12 14 19 16 13 17 5 13 14 13 31 14 13 14 13 14 8 25 31 14 31 27 31 14 13 26 25 31 31 7 14 13 27 13 14 10 6 13 13 21 27 13 21 12 31 9 31 7 13 13 31 31 8 26 13 14 31 13 13 14 14 31
split_gain=10892 6415.81 5724.62 8037.94 4134.89 3916.55 3866.78 4540.96 3934.78 6408.78 6874.23 7294.82 6747.63 14118 5969.59 9878.59 5808.93 5747.07 6255.01 5530.45 11555.8 7618.34 6827.96 6679.48 10767.4 11326.1 8267 6022.73 8073.82 7614.69 7218.44 6444.45 5824.97 5389.71 5386.63 5284.9 5006.28 4970.85 5861.96 4892.45 4714.09 6368.55 4632.8 5210.05 6164.23 4386.25 4230.83 6113.54 4448.66 19636.1 9358.58 14485 8309.96 6619.16 4692.98 4764.73 4334.32 7731.86 9811.97 8694.21 6040.75 12341.1
threshold=23.310555555555563 85.750000000000014 19.500000000000004 1.0000000180025095e-35 -26.249999999999996 1.0000000180025095e-35 -22.499999999999996 33.250000000000007 58.250000000000007 9.2500000000000018 0.47318420730513128 50.750000000000007 11.750000000000002 45.250000000000007 12.250000000000002 42.750000000000007 8.5000000000000018 3.3299975682272382 7.9312803268384675 64.750000000000014 0.55053539253539274 0.36177211646136626 0.40692330287911199 65.250000000000014 -6.7499999999999991 1.186625560117607 2.9675289341093429 5.2315778438267886 5.7120449438202252 -0.1608271167513107 67.250000000000014 -5.7499999999999991 0.51524446923219946 -2.2499999999999996 51.750000000000007 13.500000000000002 -1.8496621004453464 -2.7499999999999996 6.7500000000000009 -1.4999999999999998 0.47719845513963172 10.750000000000002 -1.4999999999999998 34.025208333333346 4.1547643097643103 6.5000000000000009 7.9312803268384675 -0.075741640213663766 5.2500000000000009 8.2500000000000018 3.0590067656045403 3.5513247863247863 15.500000000000002 1.1151679624489625 15.250000000000002 62.750000000000007 2.4750326614408364 -18.749999999999996 -10.749999999999998 61.250000000000007 64.250000000000014 5.2315778438267886
decision_type=2 2 2 2 2 2 2 2 2 2 2 2 2 2 2 2 2 2 2 2 2 2 2 2 2 2 2 2 2 2 2 2 2 2 2 2 2 2 2 10 2 2 10 2 2 2 2 2 2 2 2 2 2 2 2 2 2 2 2 2 2 2
left_child=-1 2 3 5 -4 -2 -6 8 9 10 11 -8 13 -11 -14 -16 40 18 -17 20 22 -21 37 24 25 -23 36 -25 32 -30 31 -31 -29 45 -19 -33 -26 -10 -39 -22 41 -15 43 -12 -45 -13 48 -48 56 50 53 -52 54 -50 -51 -56 57 59 -59 -41 -58 -62
right_child=1 -3 4 -5 6 -7 7 -9 19 12 42 33 14 16 15 17 -18 34 -20 21 39 23 -24 27 26 -27 -28 28 29 30 -32 35 -34 -35 -36 -37 -38 38 -40 46 -42 -43 -44 44 -46 -47 47 -49 49 52 51 -53 -54 -55 55 -57 60 58 -60 -61 61 -63
leaf_value=-0.011667758357268352 -0.026177765634570239 0.23273240636669879 -0.019312712418572998 0.0020711881136478028 -0.054517531663624254 0.072166660012465772 0.020303293754826202 0.21378326338451747 0.004512494452372443 -0.20557199728314171 0.019329154149167676 -0.15793012289137637 -0.1923075390658755 -0.14868266345310674 0.35328554621442809 -0.012055619996281183 0.24187636510446084 0.0056361504021761044 0.25238936108363658 0.25138183543614845 -0.080410514506714326 -0.048852738007139664 0.40104559763009107 -0.0078590530707079668 0.049519131694836335 0.3923253308015584 -0.36260568971533008 0.032785921689879143 -0.12708062210210389 -0.051564142986132599 0.0091035252576061789 0.11167612731597334 0.28875868408772376 -0.25107392762174296 0.27977827335963701 0.41803440756507615 -0.17049512856262838 0.30671058918358857 0.05324396144116627 0.024400718852983921 0.13050161621764081 0.17779530932716395 -0.0045120453086021544 0.32144362923412312 0.020933708153612351 0.018383555577587821 -0.26868335500072976 0.010256891461996848 0.22221565313765038 -0.05741077998071973 -0.25912602227090337 0.20413834660022956 0.19162296067806894 0.54502531418085964 0.097457839912729327 -0.098667356861456321 0.027204211966584454 0.16725381423106755 -0.024103014950563696 -0.28608736847417265 0.27597342251002788 -0.1746296684484725
leaf_weight=118075 1129 316 16769 11529 2505 9762 1241 267 597 355 1678 777 348 406 214 6992 811 353 230 297 1066 526 245 17026 398 200 380 366 681 204 1988 264 566 658 363 303 735 494 424 402 1674 235 60342 369 317 645 285 627 378 2339 204 955 575 276 1316 404 13687 811 3827 512 624 200
leaf_count=118075 1129 316 16769 11529 2505 9762 1241 267 597 355 1678 777 348 406 214 6992 811 353 230 297 1066 526 245 17026 398 200 380 366 681 204 1988 264 566 658 363 303 735 494 424 402 1674 235 60342 369 317 645 285 627 378 2339 204 955 575 276 1316 404 13687 811 3827 512 624 200
internal_value=5.97585e-05 0.00799668 0.00758756 0.03117 0.00410279 0.0619705 0.00701229 0.00817633 0.00775943 0.000570037 -0.00553493 -0.0756276 0.034212 0.0928363 0.0101956 0.0188627 0.12678 0.00980369 -0.00360003 0.0181101 0.0323193 0.000151709 0.156619 -0.00301551 -0.0851639 0.0730564 -0.161083 0.00558374 0.0579242 0.0225353 0.0594974 0.189256 0.18838 -0.132846 0.144818 0.275839 -0.0932331 0.116853 0.189826 0.0246348 0.0863714 -0.0289005 -0.00182158 0.0668265 0.182811 -0.0779999 0.0287211 -0.0771107 0.0323647 0.0684945 0.207953 0.122444 0.0138997 0.359071 -0.0113176 0.0513607 0.020752 -0.0168171 0.00938645 -0.14965 0.0351264 0.166525
internal_weight=292542 174467 174151 22420 151731 10891 134962 132457 132190 78008 66027 3321 11981 3481 8500 8152 3126 7938 7222 54182 30248 23934 1760 23637 2239 726 1513 21398 4372 3440 2759 771 932 2080 716 567 1133 1515 918 28488 2315 641 62706 2364 686 1422 27422 912 26510 6447 1813 1159 4634 654 4059 1720 20063 5552 4638 914 14511 824
internal_count=292542 174467 174151 22420 151731 10891 134962 132457 132190 78008 66027 3321 11981 3481 8500 8152 3126 7938 7222 54182 30248 23934 1760 23637 2239 726 1513 21398 4372 3440 2759 771 932 2080 716 567 1133 1515 918 28488 2315 641 62706 2364 686 1422 27422 912 26510 6447 1813 1159 4634 654 4059 1720 20063 5552 4638 914 14511 824
is_linear=0
shrinkage=0.05


Tree=75
num_leaves=63
num_cat=0
split_feature=0 19 16 14 17 28 23 10 27 13 21 13 9 13 14 14 27 14 31 14 31 13 14 13 7 13 31 31 13 27 26 28 27 14 13 13 13 10 0 12 14 31 7 26 13 14 28 14 14 31 31 14 31 31 14 31 13 28 14 31 14 13
split_gain=9134.95 5598.83 7315.55 4697.36 4502.4 4475.18 4458.15 5207.18 4627.1 4061.42 4025.12 3808.27 4558.8 5606.68 4124.02 4935.93 3464.31 3992.6 4110.18 4541.63 3361.92 3292.73 3882.17 4335.44 3274.69 3145.7 3118.59 5374.06 4296.79 4049.07 3390.57 3304.62 7748.22 3063.11 2992.55 2938.65 7687.34 6702.04 4764.36 3853.25 3642.22 5246.08 2928.38 2944.6 2901.3 5066.82 2929.85 3006.66 4201.12 3342.21 4040 2885.92 2853.92 4469.35 4052.9 3199.32 2840.61 5577.66 4504.21 3122.52 4141.29 4581.83
threshold=2695.5000000000005 21.500000000000004 1.0000000180025095e-35 58.250000000000007 1.0000000180025095e-35 0.57381706408345756 2.5000000000000004 2.5000000000000004 0.4677890963969063 -22.749999999999996 -1.4999999999999998 9.2500000000000018 7.5000000000000009 6.2500000000000009 54.750000000000007 56.750000000000007 0.48579499596448755 49.750000000000007 2.5328902759153351 51.750000000000007 1.6145520810946346 19.750000000000004 60.750000000000007 24.250000000000004 -0.77901006511065984 6.7500000000000009 2.8404439293945112 3.4680184811187749 6.2500000000000009 0.55458365164247525 0.99958342764820618 0.46274824225977557 0.52280154486036856 56.750000000000007 -40.249999999999993 11.750000000000002 12.750000000000002 30.500000000000004 1936.5000000000002 29.461458333333336 46.750000000000007 3.0013950209082956 -0.14390954679710649 1.3857558610147926 11.750000000000002 46.250000000000007 0.51604323953328768 56.250000000000007 48.750000000000007 3.1148669090056291 5.3592902930402948 50.750000000000007 0.47318420730513128 1.3754335839598999 50.750000000000007 1.9628851284584981 -17.749999999999996 0.52185857620640241 59.750000000000007 2.1519397958613653 64.750000000000014 2.2500000000000004
decision_type=2 2 2 2 2 2 8 2 2 2 10 2 2 2 2 2 2 2 2 2 2 2 2 2 2 2 2 2 2 2 2 2 2 2 2 2 2 2 2 2 2 2 2 2 2 2 2 2 2 2 2 2 2 2 2 2 2 2 2 2 2 2
left_child=1 2 4 5 -1 10 42 8 -8 -9 -2 12 13 52 20 -16 17 -13 -19 -20 -15 34 -23 -24 -11 26 28 31 56 -29 -31 32 -28 -30 -5 37 39 -27 -39 -37 41 -38 43 -3 45 -18 47 48 -46 -50 -51 -10 54 -54 -12 -55 57 -26 -59 60 61 -58
right_child=3 6 -4 21 -6 -7 7 9 51 24 11 16 -14 14 15 -17 44 18 19 -21 -22 22 23 -25 25 35 27 29 33 30 -32 -33 -34 -35 -36 36 40 38 -40 -41 -42 -43 -44 -45 46 -47 -48 -49 49 50 -52 -53 53 55 -56 -57 59 58 -60 -61 -62 -63
leaf_value=-0.037398229579496546 0.13725413097762493 -0.036996085760754027 -0.0096345467974470449 -0.053317402993963862 0.045895597727845898 0.11030632848874949 -0.068372563676713002 -0.026609230023205751 0.072255089648330731 -0.022161778929381495 0.022562029253290969 0.07406783234247398 0.067957339653561974 -0.2388647820809629 -0.34081390805116007 -0.038802391335740691 -0.10270517127144906 -0.21431084683621698 -0.2160692031534843 0.058718707909655027 -0.024653342087389018 0.29408230252563955 0.16774377746456012 -0.062266841895504778 -0.0013191337549042974 0.0061890728233807701 0.05847437412442838 -0.0064259580325938294 -0.022149353847592413 -0.069027696878557823 0.081353760722174276 0.019543520306176426 0.3301480832164882 0.19309193443740338 0.030821498035774986 -0.05742868109958274 -0.030603765557520091 0.07944397806133012 0.2791659154272807 -0.26916813002193746 0.009338013869279781 0.25928714147959298 -0.011837230047228572 0.11095240734972343 -0.019386049652541128 0.16522315367144222 -0.013590943819770235 -0.065022725101665291 0.31378840912525763 -0.010451174263718976 0.24755926651813623 0.30278258354876136 0.064627058418598823 -0.0595371660744142 -0.14220134375530274 -0.00083414899035553049 -0.012851681014043763 0.33981001092685209 0.027144144936926198 -0.045922773800411112 -0.066533156610390415 0.058985400502388333
leaf_weight=1818 548 20429 16930 1099 15027 987 218 16572 240 14237 659 692 2021 204 296 249 209 372 202 579 1723 239 460 368 2133 4590 2867 31644 271 447 2299 5676 288 422 26969 618 274 2992 331 329 6949 361 44660 341 404 1112 1581 283 291 331 279 314 2427 2544 859 26372 10425 240 221 8883 2603 2819
leaf_count=1818 548 20429 16930 1099 15027 987 218 16572 240 14237 659 692 2021 204 296 249 209 372 202 579 1723 239 460 368 2133 4590 2867 31644 271 447 2299 5676 288 422 26969 618 274 2992 331 329 6949 361 44660 341 404 1112 1581 283 291 331 279 314 2427 2544 859 26372 10425 240 221 8883 2603 2819
internal_value=1.154e-05 -0.00514064 0.0135768 0.0151486 0.0369044 0.00506157 -0.00856357 -0.00280967 0.126541 -0.00365349 0.00271095 0.00102024 -0.00505932 -0.00923758 -0.0818407 -0.203154 0.0368632 -0.0208094 -0.077767 -0.0125386 -0.0474428 0.0308052 0.116979 0.065565 7.93353e-05 0.00369086 -0.000859346 0.00756341 -0.0138527 -0.00137129 0.0568581 0.0423535 0.0833705 0.10901 0.0275253 0.0234019 0.00304398 0.0453466 0.099416 -0.131196 0.0198214 0.134349 -0.0190513 -0.0345619 0.060561 0.122788 0.0345913 0.0825395 0.114565 0.174582 0.107769 0.203225 -0.00377362 -0.000529818 -0.0707059 -0.00600066 -0.0169727 0.0327958 0.190303 -0.0221941 -0.00889104 0.00244222
internal_weight=292827 218468 33775 74359 16845 45224 184693 119263 772 118491 44237 43689 37354 35333 2472 545 6335 1845 1153 781 1927 29135 1067 828 101919 87682 71238 43221 28017 34390 2746 8831 3155 693 28068 16444 8531 7913 3323 947 7584 635 65430 20770 4490 1321 3169 1588 1305 901 610 554 32861 31343 1518 28916 27324 2594 461 24730 15847 13244
internal_count=292827 218468 33775 74359 16845 45224 184693 119263 772 118491 44237 43689 37354 35333 2472 545 6335 1845 1153 781 1927 29135 1067 828 101919 87682 71238 43221 28017 34390 2746 8831 3155 693 28068 16444 8531 7913 3323 947 7584 635 65430 20770 4490 1321 3169 1588 1305 901 610 554 32861 31343 1518 28916 27324 2594 461 24730 15847 13244
is_linear=0
shrinkage=0.05


Tree=76
num_leaves=63
num_cat=0
split_feature=0 12 19 13 9 14 13 14 28 11 13 14 14 29 16 19 31 5 11 14 29 25 29 29 14 13 29 14 14 14 13 29 13 14 14 7 11 5 14 31 29 13 13 13 13 14 14 13 29 14 13 29 31 29 13 13 25 27 6 7 13 27
split_gain=8933.33 5173 4647.03 4302.53 5436.17 5185.39 6602.73 5868.48 6545.14 6197.4 12742.6 5617 4733.2 4567.64 4090.48 4225.31 4043.94 5233.08 4437.12 4014 3980.46 5005.02 4950.19 4202.86 6435.91 7270.08 6885.27 4413.52 4211.71 3952.93 5288.5 4240.26 4224.92 4811.95 8684.5 3712.76 3653.33 4005.68 4180.95 4029.41 3642.23 3442.91 3282.05 4645.45 4241.05 3607.58 5491.46 5132.77 5018.89 3262.07 5740.37 11216.8 5202.6 3827.95 3419.2 3159.02 3108.05 3105.46 5234.97 3098.04 5753.34 4309.2
threshold=2475.5000000000005 70.215277777777786 14.500000000000002 -3.2499999999999996 12.500000000000002 69.250000000000014 13.250000000000002 65.750000000000014 0.46440092165898622 1.0362500000000001 3.2500000000000004 66.750000000000014 71.750000000000014 4.8500000000000005 1.0000000180025095e-35 1.0000000180025095e-35 1.9161508221583656 -6.4999999999999991 2.0990972222222228 53.250000000000007 12.750000000000002 2.7908943686443184 13.750000000000002 11.15 60.750000000000007 5.7500000000000009 11.850000000000003 49.250000000000007 53.250000000000007 52.250000000000007 -21.249999999999996 6.0500000000000007 -4.2499999999999991 40.750000000000007 41.250000000000007 -0.080631616587384991 3.5940972222222225 -26.499999999999996 61.250000000000007 1.7379946784657241 6.9500000000000011 7.2500000000000009 24.750000000000004 27.250000000000004 32.000000000000007 65.250000000000014 64.750000000000014 8.7500000000000018 6.4500000000000011 50.250000000000007 -6.2499999999999991 7.7500000000000009 0.72333333333333338 4.7500000000000009 -13.749999999999998 -7.2499999999999991 5.0018953752843069 0.51928389290267762 -2.5977554215952012 -0.10449928311570654 -7.2499999999999991 0.57910783055198978
decision_type=2 2 2 2 2 2 2 2 2 2 2 2 2 2 2 2 2 2 2 2 2 2 2 2 2 2 2 2 2 2 2 2 2 2 2 2 2 2 2 2 2 2 2 2 2 2 2 2 2 2 2 2 2 2 2 2 2 2 2 2 2 2
left_child=2 3 14 4 19 7 16 20 -9 -10 -11 -12 -8 -13 15 -1 -7 -18 -19 29 23 22 41 42 25 26 28 -27 -25 32 -31 -32 33 -2 -35 -6 59 38 39 -38 -41 -22 45 -44 -45 46 -5 -47 -48 56 52 -52 -51 54 -54 -33 -36 -29 -59 -4 -61 -62
right_child=1 -3 36 5 35 6 12 8 9 10 11 13 -14 -15 -16 -17 17 18 -20 -21 21 -23 -24 24 -26 27 -28 57 -30 30 31 55 -34 34 49 -37 37 -39 -40 40 -42 -43 43 44 -46 47 48 -49 -50 50 51 -53 53 -55 -56 -57 -58 58 -60 60 61 -63
leaf_value=-0.034156336892850303 -0.1387639950454595 0.12227633731437303 -0.021937797298970704 0.021101792010223903 0.035361843634315812 -0.24474212056247266 -0.062575832547248036 -0.079228283818458076 0.29167940696693867 -0.2574606517427846 0.29801655009468186 0.21509992877110615 0.20759255321064618 -0.0034647666998417533 -0.0066814293143529387 0.05107305527563874 -0.25369387045777597 0.13915357676248044 -0.084378953353790476 0.0087813886444541682 -0.17383464034915586 -0.092882099078761216 0.054709243620427644 0.21548369600296879 -0.082415607157955942 -0.11446602789134207 0.10390164767420701 -0.011494867979056392 0.50671470816609121 0.019615951215429171 -0.24599173381398401 -0.13393001630516535 -0.10566000789803061 0.32350835283874602 -0.027460048346545491 0.17228280022077047 0.19682635215077815 0.018597580868320716 -0.13324196669101174 -0.14362317357794382 0.024954867694421609 0.033239595348737681 0.2854290628386168 -0.064766962910732612 0.21842907481795348 0.32887838536997638 -0.26998474333220374 -0.015611356546719107 0.044668057670590483 -0.22972878283416889 0.4448993904723062 -0.022178378231315451 0.040972067526687951 -0.0040718496592126096 0.25121446323835034 0.09337350499973586 0.10897948304848887 -0.0021132527232178649 0.32964914508693777 -0.016343760179550006 0.0043747168771416127 0.10419339020753327
leaf_weight=1730 641 1063 48406 25889 1724 386 297 421 493 227 422 388 355 620 10185 9100 270 343 625 30434 484 1574 2271 277 469 354 680 381 228 750 591 506 1127 205 8490 694 223 18861 920 479 963 342 282 365 206 224 311 208 213 211 233 285 521 2632 307 218 438 217 262 64990 44739 1107
leaf_count=1730 641 1063 48406 25889 1724 386 297 421 493 227 422 388 355 620 10185 9100 270 343 625 30434 484 1574 2271 277 469 354 680 381 228 750 591 506 1127 205 8490 694 223 18861 920 479 963 342 282 365 206 224 311 208 213 211 233 285 521 2632 307 218 438 217 262 64990 44739 1107
internal_value=-0.000316995 0.0126732 -0.00618757 0.0113786 0.00159574 0.0235829 -0.0496984 0.0279956 0.100909 0.136203 0.0897963 0.145062 0.0846177 0.0807951 0.0160656 0.0374565 -0.103642 -0.0594862 -0.00511083 -0.00212095 0.0226729 -0.0203122 0.0165884 0.0292422 0.0868506 0.119962 0.208009 0.0339182 0.347712 -0.0214617 -0.0863259 -0.146718 -0.0125802 -0.00506043 0.00138277 0.0747151 -0.0087758 0.0105972 -0.0477608 -0.000476307 -0.0311037 -0.0881604 0.0232741 0.119773 0.0376051 0.0202035 0.017856 0.16336 -0.142241 -0.00367587 0.0327211 0.188369 0.0107129 0.0254378 0.119133 -0.0654534 -0.020755 0.0950592 0.17966 -0.0113849 -0.00677595 0.00678716
internal_weight=292857 91154 201703 90091 50007 40084 2276 37808 2571 2150 1657 1430 652 1008 21015 10830 1624 1238 968 47589 35237 4671 3097 30566 2868 2399 1185 1214 505 17155 2065 1315 15090 13963 13322 2418 180688 21446 2585 1665 1442 826 27698 853 571 26845 26413 432 524 13117 4189 518 3671 3460 828 724 8928 860 479 159242 110836 45846
internal_count=292857 91154 201703 90091 50007 40084 2276 37808 2571 2150 1657 1430 652 1008 21015 10830 1624 1238 968 47589 35237 4671 3097 30566 2868 2399 1185 1214 505 17155 2065 1315 15090 13963 13322 2418 180688 21446 2585 1665 1442 826 27698 853 571 26845 26413 432 524 13117 4189 518 3671 3460 828 724 8928 860 479 159242 110836 45846
is_linear=0
shrinkage=0.05


Tree=77
num_leaves=63
num_cat=0
split_feature=11 14 14 27 14 29 29 29 31 14 14 29 14 14 29 14 11 29 29 29 11 29 29 28 14 28 29 28 11 14 29 29 28 29 29 27 29 14 14 6 14 29 27 5 14 14 29 14 29 14 10 29 5 28 31 27 28 29 14 29 29 29
split_gain=8101.04 6194.17 6118.08 6104.52 5972.58 8996.98 7375.4 15751.9 7586.97 7043.53 6808.61 6367.55 9027.81 8265.84 8901.29 13179.4 11300.9 10604.9 10070.2 12056.1 8472.95 7587.62 10436.6 7589.66 7111.01 5951.25 6363.83 8103.71 6725.47 5888.52 7539.95 10631.2 7149.21 6056.94 5670.57 5534.07 5525.51 6340.85 5467.34 5308.59 5272.79 6014.93 6549.79 4950.36 5075.35 10323.2 11372.8 20110.5 8721.17 7006.59 6718.94 4924.48 4792.52 5827.51 4779.33 4769.13 4768.45 5178.85 4767.72 4751.41 4674.68 11375.8
threshold=4.3848611111111113 36.250000000000007 38.250000000000007 0.47949210926860536 58.750000000000007 0.8500000000000002 11.050000000000002 9.9500000000000011 5.3299148846629327 59.250000000000007 56.750000000000007 1.0000000180025095e-35 81.250000000000014 72.250000000000014 2.8500000000000001 64.750000000000014 0.52034722222222241 2.1500000000000008 3.3500000000000001 3.2500000000000004 -3.0874999999999986 5.2500000000000009 5.4500000000000011 0.52011560693641623 75.250000000000014 0.61128803963198874 11.550000000000002 0.53583099906629328 1.0362500000000001 70.750000000000014 8.7500000000000018 8.0500000000000025 0.53972763347763364 6.3500000000000005 1.0500000000000003 0.50882383473476611 1.8500000000000003 60.250000000000007 63.750000000000007 15.200365488287757 72.250000000000014 11.350000000000003 0.5286169244767972 -8.4999999999999982 50.250000000000007 49.750000000000007 6.4500000000000011 49.250000000000007 9.3500000000000032 47.250000000000007 12.500000000000002 7.7500000000000009 -3.4999999999999996 0.38905522288755828 6.6966284643343945 0.50797894915541986 0.44904069412196018 8.8500000000000032 67.250000000000014 8.4500000000000011 2.9500000000000006 3.3500000000000001
decision_type=2 2 2 2 2 2 2 2 2 2 2 2 2 2 2 2 2 2 2 2 2 2 2 2 2 2 2 2 2 2 2 2 2 2 2 2 2 2 2 2 2 2 2 2 2 2 2 2 2 2 2 2 2 2 2 2 2 2 2 2 2 2
left_child=1 -1 -2 -3 5 10 7 8 11 54 -5 24 13 14 15 16 17 34 19 20 -16 35 23 38 -6 26 40 28 -28 32 31 -31 33 -24 -13 -20 37 -36 -23 51 41 42 -11 55 45 46 -45 49 -47 50 -48 -34 56 -54 -8 -4 -35 59 -53 -58 -7 -62
right_child=2 3 43 4 6 60 9 -9 -10 25 -12 12 -14 -15 18 -17 -18 -19 21 -21 -22 22 29 -25 -26 -27 27 -29 -30 30 -32 -33 39 52 36 -37 -38 -39 -40 -41 -42 -43 -44 44 -46 48 47 -49 -50 -51 -52 58 53 -55 -56 -57 57 -59 -60 -61 61 -63
leaf_value=-0.16422916892074957 0.28731298916102777 -0.01253043556444495 0.022882221275642715 -0.047942154498483852 0.1052832360026514 0.035178144996511257 -0.37293737773333901 0.11951124454493012 0.26504953664616487 -0.15735740624572267 -0.21954259149005695 0.23422721255884832 0.26443349365362823 -0.061936008783543731 0.17840331516097085 -0.14794495762427054 0.24455307325192704 -0.17398245930105827 0.051791687671705555 0.48541648326260334 -0.09340097299845837 0.40484092183371284 -0.02169202887024764 -0.031890636913274949 -0.1833420818834868 0.24458706806811137 0.046332086868628775 -0.1137055189585654 -0.083622502620565739 0.067287952804845341 -0.060627710708748485 0.4810050951132735 0.034365858196198737 -0.10061454731102348 0.11586999423412914 -0.039582620458746276 0.12706817810186277 -0.1963971188027801 0.13917628743627289 -0.19407036561717297 0.039785171536511163 -0.27719977267315321 0.17692779262644659 -0.065217484175862456 0.042898753502704924 -0.055078641692877683 0.034283145963005766 0.51721647106421498 -0.40454483254795726 -0.065856831026646745 0.22997170938091038 -0.049485130112163281 0.30719145923015106 0.061975910426938619 -0.057854300420287823 -0.039538099377339188 0.030408078597821266 -0.082057069849183636 -0.30155585578556632 0.22079179233554136 -0.12129288347109697 -0.0018942018830665113
leaf_weight=597 213 102345 6347 3596 2815 7963 231 3935 301 501 688 331 341 3992 877 2000 466 789 2114 225 425 373 3787 292 230 217 5354 1316 1222 361 294 272 1790 891 248 7653 509 468 405 506 457 579 206 2480 21116 510 1415 239 274 1010 635 1084 248 9092 251 5907 1173 663 226 454 2048 75561
leaf_count=597 213 102345 6347 3596 2815 7963 231 3935 301 501 688 331 341 3992 877 2000 466 789 2114 225 425 373 3787 292 230 217 5354 1316 1222 361 294 272 1790 891 248 7653 509 468 405 506 457 579 206 2480 21116 510 1415 239 274 1010 635 1084 248 9092 251 5907 1173 663 226 454 2048 75561
internal_value=-0.000185249 -0.00349918 0.020679 -0.003118 0.00331186 -0.00484339 0.0155324 0.023534 0.0152665 -0.0228947 -0.0755456 0.0136045 0.00858204 0.00649892 0.0136866 -0.0498687 0.0199394 -0.0247811 0.0228962 0.148268 0.0896771 0.0168483 0.0331857 0.185408 0.0834293 -0.0137538 -0.0195969 -0.00049565 0.0221739 0.0253619 0.148478 0.24554 0.0196236 0.033711 0.0509374 -0.019802 0.00126113 -0.0882268 0.266901 -0.0440779 -0.106034 -0.157844 -0.0598437 0.0192497 0.0309628 -0.00744088 0.0156666 0.076472 -0.177573 0.0418901 0.0949814 -0.0195406 0.0504682 0.0685192 -0.209318 -0.00720806 -0.00253762 0.0356497 -0.093169 0.083636 -0.00130298 -0.0050465
internal_weight=292908 252762 40146 252165 149820 89856 59964 49630 45695 10334 4284 45394 42349 42008 38016 4811 2811 2345 33205 1527 1302 31678 21911 1070 3045 9852 9635 7892 6576 20841 927 633 19914 16308 1556 9767 1225 716 778 3606 1743 1286 707 39933 27679 6563 5779 3299 784 3060 2050 3100 12521 9340 482 12254 3181 2290 1310 1627 85572 77609
internal_count=292908 252762 40146 252165 149820 89856 59964 49630 45695 10334 4284 45394 42349 42008 38016 4811 2811 2345 33205 1527 1302 31678 21911 1070 3045 9852 9635 7892 6576 20841 927 633 19914 16308 1556 9767 1225 716 778 3606 1743 1286 707 39933 27679 6563 5779 3299 784 3060 2050 3100 12521 9340 482 12254 3181 2290 1310 1627 85572 77609
is_linear=0
shrinkage=0.05


Tree=78
num_leaves=63
num_cat=0
split_feature=12 16 19 18 17 11 24 14 5 5 10 13 31 6 14 19 14 14 14 19 14 28 14 31 5 23 28 10 14 13 5 25 14 4 26 11 13 28 11 25 25 24 13 31 26 14 26 13 25 6 8 31 24 28 13 25 28 11 8 11 6 31
split_gain=7760.25 5679.72 9126.78 4599.57 3202.41 3170.98 2986.54 2918.92 2822.41 3305.66 4609.41 3573.71 3589.79 4921.9 3208.35 2717.23 2657.21 2581.48 2521.59 2369.65 2046.49 3481.8 3034.89 2114.89 2697.31 2845.46 2847.53 2756.11 2336.74 2972.82 2493.88 2151.89 2453.52 1926.94 2169.82 1882.93 1881.07 4214.92 1880.39 1761.91 1759.18 1751.15 1735.18 1772.49 2101.63 1996.96 1778.64 1691.13 1670.33 1667.89 1848.16 2031.53 1775.24 1657.83 1978.84 1611.3 1532.48 1628.03 1530.45 1726.17 1521.94 1479.1
threshold=23.102847222222227 1.0000000180025095e-35 45.500000000000007 11.500000000000002 3.5000000000000004 7.8409027777777789 30.500000000000004 46.750000000000007 31.500000000000004 -1.0000000180025095e-35 5.5000000000000009 -4.2499999999999991 8.2499910714285729 3.0605917755051975 65.750000000000014 64.500000000000014 58.250000000000007 40.250000000000007 41.750000000000007 75.500000000000014 44.750000000000007 0.47383632491633715 43.750000000000007 4.0724395666876152 15.500000000000002 2.5000000000000004 0.51810350209126665 20.500000000000004 58.250000000000007 -2.7499999999999996 3.5000000000000004 2.8264335859643785 62.750000000000007 23.500000000000004 0.80486252474085629 2.4170833333333341 -1.7499999999999998 0.4447222222222223 17.248958333333338 2.3333809932322951 2.3571727102654942 130.50000000000003 -37.749999999999993 7.7825425352392292 1.2029281694717808 57.750000000000007 0.85125267675387972 -11.749999999999998 2.5893838941606062 13.139317587403246 20.500000000000004 4.577144426621472 13.500000000000002 0.5208957085828344 3.7500000000000004 2.3756625627506525 0.55754894073478156 2.2500694444444451 48.500000000000007 -1.8310416666666665 -19.122975552802981 7.6564615384615395
decision_type=2 2 2 2 2 2 2 2 2 2 2 2 2 2 2 2 2 2 2 2 2 2 2 2 2 8 2 2 2 2 2 2 2 2 2 2 2 2 2 2 2 2 2 2 2 2 2 2 2 2 2 2 2 2 2 2 2 2 2 2 2 2
left_child=5 2 3 6 19 8 16 -7 9 56 -11 14 17 -14 42 33 35 -13 -19 38 21 22 -20 24 25 -22 28 -28 36 -30 48 32 -32 34 -3 -2 37 -27 49 -8 -29 -16 -12 44 46 -45 47 -44 -31 50 52 -52 -4 54 -42 -37 -1 -58 -48 -60 -35 -41
right_child=1 15 4 -5 -6 7 39 -9 -10 10 11 12 13 -15 41 -17 -18 18 20 -21 23 -23 -24 -25 -26 26 27 40 29 30 31 -33 -34 60 -36 55 -38 -39 -40 61 53 -43 43 45 -46 -47 58 -49 -50 -51 51 -53 -54 -55 -56 -57 57 -59 59 -61 -62 -63
leaf_value=-0.021168035846096021 0.022581455220702623 0.18948044473016001 0.034916157715662269 -0.029525007492768984 -0.029543377716619048 0.23416693477097139 0.062812582702661504 0.031879910385342922 -0.036387316775670038 0.2075451539942261 -0.088976736424635536 -0.096745563020165709 -0.00088692607634658293 0.25539318927311389 0.070462844539321515 0.0082773314352212746 0.10604692035604008 0.13850991133581467 0.12884122562880193 -0.011957636820571318 0.002622069020097454 -0.11588709201373333 -0.063745619181677426 -0.0086960561627208461 -0.021364720330173975 0.19316335197329879 0.27379537803727555 -0.011615148122342284 -0.074297885125790677 0.13184659825156217 0.22154102527093694 0.30956678536995025 0.019224042545475467 -0.10016168569381156 0.019683968901208982 0.14596048241491741 -0.0080091594482101548 -0.04478255638413664 0.091438072520239 0.029010297757740416 0.094233081729350548 0.0033954301467022923 0.0052775151499122085 -0.035346620072159371 0.032268370392787619 -0.19049041506521741 -0.02000881928645178 0.14102231345128222 -0.046445482208857643 -0.016482142985144329 0.073813767999287502 -0.009420735347370356 0.0058598340802961044 0.059553527063083006 0.26607471495401119 0.049717464346826563 -0.0018808514206401995 0.094472027103839035 0.1621379801897499 -0.0069828748379064639 -0.010792385055373882 -0.044636918399702769
leaf_weight=41875 3048 205 6708 2316 6331 230 4007 784 9870 263 797 550 393 357 1659 35822 3075 391 397 11390 3876 820 420 6363 2421 397 217 371 245 231 304 206 295 480 2176 705 2620 349 766 14714 401 2353 743 737 2442 288 28392 331 302 4435 2565 1026 24287 766 289 1137 2176 548 245 390 49873 714
leaf_count=41875 3048 205 6708 2316 6331 230 4007 784 9870 263 797 550 393 357 1659 35822 3075 391 397 11390 3876 820 420 6363 2421 397 217 371 245 231 304 206 295 480 2176 705 2620 349 766 14714 401 2353 743 737 2442 288 28392 331 302 4435 2565 1026 24287 766 289 1137 2176 548 245 390 49873 714
internal_value=-7.22294e-05 0.00657071 0.0156267 0.0381261 0.0040002 -0.0100436 0.0438452 0.0779491 -0.0108129 -0.00843619 -0.000932103 -0.00182907 0.0137641 0.12128 -0.0111667 -0.00234915 0.0696307 0.0101316 0.0128472 0.0081503 0.0105329 -0.0431632 0.0298801 0.0150075 0.0263562 0.0369867 0.0560308 0.105666 0.0355135 0.0855927 0.114904 0.170398 0.122101 -0.00956769 0.0343766 0.0467138 0.0119433 0.0819346 0.0139068 0.0332745 0.085558 0.0311391 -0.0161066 -0.0143738 -0.0123334 -0.0790814 -0.0159527 0.0472055 0.0309278 0.0123826 0.0160843 0.0500365 0.0121492 0.110309 0.166488 0.0866124 -0.0188041 0.0175305 -0.0182911 0.0584208 -0.0116463 0.0255993
internal_weight=292884 175780 87224 29716 57508 117104 27400 1014 116090 106220 61621 61358 22981 750 38377 88556 7965 22231 21681 51177 21290 1637 817 19653 13290 10869 6993 2044 4949 1583 1338 805 599 52734 2381 4890 3366 746 39787 19435 1827 4012 34365 33568 32543 1025 30101 1074 533 39021 34586 3591 30995 1456 690 1842 44599 2724 29027 635 50353 15428
internal_count=292884 175780 87224 29716 57508 117104 27400 1014 116090 106220 61621 61358 22981 750 38377 88556 7965 22231 21681 51177 21290 1637 817 19653 13290 10869 6993 2044 4949 1583 1338 805 599 52734 2381 4890 3366 746 39787 19435 1827 4012 34365 33568 32543 1025 30101 1074 533 39021 34586 3591 30995 1456 690 1842 44599 2724 29027 635 50353 15428
is_linear=0
shrinkage=0.05


Tree=79
num_leaves=63
num_cat=0
split_feature=16 20 17 17 20 20 17 12 24 7 12 17 20 7 14 29 18 5 13 25 20 2 7 31 26 14 13 29 31 13 29 29 29 14 14 14 13 26 25 31 28 13 27 6 29 21 14 29 29 14 14 27 29 20 0 7 13 13 0 6 29 31
split_gain=6996.13 12748.3 6472.29 6415.56 5367.24 4853.62 4567.07 3297.45 3045.66 2499.67 2445.92 2441.23 2488.45 2221.58 2139.04 2010.44 1982.02 1957.14 1838.91 2178.18 1800.12 1774.14 1678.82 2721.77 4858.76 2022.67 2452.21 2769.43 1942.87 2073.85 1794.78 3560.89 2338.17 1999.41 2572.94 2054.49 3078.5 1816.09 1782.7 2503.84 2048.58 1903.34 2832.91 2659.02 2820.25 2548.95 2464.08 3704.7 3005.97 2244.29 2039.01 1703.51 3091.86 2468.51 2291.77 3180.33 1703.13 1617.46 1592.36 1568.8 1567.68 1718.89
threshold=1.0000000180025095e-35 0.50500000000000012 2.5000000000000004 1.0000000180025095e-35 0.93500000000000016 0.35500000000000004 2.5000000000000004 51.745069444444447 11.500000000000002 0.76574523475161593 38.645763888888901 3.5000000000000004 0.34500000000000003 -0.9904687135034127 82.250000000000014 20.450000000000003 4.5000000000000009 -22.499999999999996 -11.249999999999998 8.0178571428571441 0.35500000000000004 1.0000000180025095e-35 -0.099979175343606827 8.7030259740259748 1.1609404439422597 49.250000000000007 17.750000000000004 6.0500000000000007 7.9312803268384675 -10.749999999999998 12.750000000000002 11.250000000000002 14.850000000000003 44.750000000000007 43.750000000000007 48.250000000000007 -2.7499999999999996 1.2592766085527165 2.4885188075377793 7.7825425352392292 0.41514950899260733 -4.2499999999999991 0.56534679089026929 -2.5253987582424928 12.550000000000002 1.0000000180025095e-35 69.250000000000014 4.9500000000000011 8.4500000000000011 58.250000000000007 51.250000000000007 0.48157843707581932 6.6500000000000012 0.65500000000000014 2850.5000000000005 0.24227274968254817 15.250000000000002 2.7500000000000004 1848.5000000000002 -10.630772922984765 8.9500000000000011 6.7620483870967751
decision_type=2 2 2 2 2 2 2 2 2 2 2 2 2 2 2 2 2 2 2 2 2 2 2 2 2 2 2 2 2 2 2 2 2 2 2 2 2 2 2 2 2 2 2 2 2 10 2 2 2 2 2 2 2 2 2 2 2 2 2 2 2 2
left_child=1 6 3 -3 7 11 8 13 10 14 -1 12 -2 -5 15 17 -4 -7 19 59 -10 -20 28 25 -25 30 38 -28 29 -23 31 33 -32 34 -24 37 -37 -35 40 41 -27 43 46 -40 45 50 48 -48 49 -43 -45 53 -53 -42 55 -54 -31 -49 -6 -19 -50 -62
right_child=5 2 16 4 58 9 -8 -9 20 -11 -12 -13 -14 -15 -16 -17 -18 18 21 -21 -22 22 23 24 -26 26 27 -29 -30 56 32 -33 -34 35 -36 36 -38 -39 39 -41 51 42 -44 44 -46 -47 47 57 60 -51 -52 52 54 -55 -56 -57 -58 -59 -60 -61 61 -63
leaf_value=0.20511327265994625 -0.0050602934750544571 -0.035998653284901858 0.021782707945845633 -0.0091346520736935687 0.069313456868097756 -0.047796714154418107 -0.02221947139962652 0.084734266416703105 -0.0066930563022205907 -0.033062762636792191 0.030641780534159248 0.03549054747391725 0.022032838886884291 0.035872333748191175 0.14258417146325739 -0.11011548795924318 -0.011591795005855082 0.10208336539709797 0.11377319458199053 0.10705559068860092 0.012633599126097734 0.1393637202233243 -0.021701179421889209 0.26591847030772964 -0.060623853892032613 -0.037105199962926411 -0.19845245321742211 0.0015315864002332091 -0.099136393107193757 -0.019414676259623415 -0.14143512852385967 0.13239090525431141 0.04664338142899549 0.0061480744991234178 -0.14926321393146702 0.059254586351942584 -0.1410316878191705 0.13759021118864964 0.15098540243451242 -0.13521978354831113 -0.028956499740665966 0.012250548404464007 0.14681445005300797 0.072276337715468819 0.10314008054719058 0.051636943090235511 -0.24081227117822623 0.087130597275629482 -0.13651830998452671 0.084121443232184401 -0.068999932448193038 0.022104042535516882 0.22762332862068702 0.066646947890190156 0.050435049196117021 0.021701138845451599 0.02536065803063306 -0.086584490460090924 0.1349003079062838 -0.024683447581067022 0.010243594897068867 -0.13531078928487097
leaf_weight=207 41949 2776 7358 3049 2005 3404 25069 3196 38181 15557 5904 5476 10620 27184 225 512 11247 246 319 325 17602 222 1095 261 201 930 296 415 664 17460 617 391 225 2071 618 300 529 300 215 327 1553 2290 417 277 371 631 227 266 283 2066 3166 1956 648 1193 759 264 2417 268 1725 20743 1481 234
leaf_count=207 41949 2776 7358 3049 2005 3404 25069 3196 38181 15557 5904 5476 10620 27184 225 512 11247 246 319 325 17602 222 1095 261 201 930 296 415 664 17460 617 391 225 2071 618 300 529 300 215 327 1553 2290 417 277 371 631 227 266 283 2066 3166 1956 648 1193 759 264 2417 268 1725 20743 1481 234
internal_value=0.00015118 0.00792725 0.0259656 0.0373131 0.0427908 -0.00753107 -0.00421558 0.036441 0.0030768 -0.0148516 0.0365843 0.00372314 0.000413382 0.0313332 -0.0110059 -0.0114783 0.00160778 -0.0107845 -0.00897198 -0.0212019 -0.000594526 -0.00356617 -0.00434991 0.00383696 0.124027 0.00175106 0.00928327 -0.0818866 -0.0150513 -0.0122686 -0.0234105 -0.0126369 -0.0911809 -0.0242035 -0.067782 -0.000861512 -0.0685677 0.0228303 0.0125574 0.00110432 0.0321878 0.00477144 0.0203097 -0.0203421 -0.0286611 -0.040686 0.0128758 -0.07209 0.0230617 0.0463496 -0.0576161 0.0423038 0.0647923 0.0125876 0.114718 0.168103 -0.0139691 -5.11373e-05 0.0996732 -0.0231929 -0.027708 -0.00968358
internal_weight=292783 145503 58540 39935 37159 147280 86963 33429 61894 89235 6111 58045 52569 30233 73678 73453 18605 72941 69537 21314 55783 48223 47904 27141 462 26679 20533 711 20763 20099 6146 5304 842 4913 1713 3200 829 2371 19822 12519 7303 12192 7532 4660 4445 4074 7115 761 6354 4356 3443 6373 3627 2746 1671 912 19877 534 3730 20989 1998 1715
internal_count=292783 145503 58540 39935 37159 147280 86963 33429 61894 89235 6111 58045 52569 30233 73678 73453 18605 72941 69537 21314 55783 48223 47904 27141 462 26679 20533 711 20763 20099 6146 5304 842 4913 1713 3200 829 2371 19822 12519 7303 12192 7532 4660 4445 4074 7115 761 6354 4356 3443 6373 3627 2746 1671 912 19877 534 3730 20989 1998 1715
is_linear=0
shrinkage=0.05


Tree=80
num_leaves=63
num_cat=0
split_feature=16 20 17 17 20 20 0 17 17 0 17 5 6 27 4 20 23 12 20 23 7 13 12 5 13 13 8 28 18 28 6 7 27 7 26 12 13 13 12 28 6 27 31 29 29 13 11 11 29 28 13 13 26 29 29 31 28 6 8 13 13 29
split_gain=6986.78 12398.1 7967.37 5461.39 6786.62 4214.12 3188.29 2801.61 2617.78 2522.62 2386.13 2287.64 1999.16 1991.6 2143.63 1887.55 1872.53 1798.33 1766.13 1727.71 1596.52 2327.82 1594.49 1472.39 1531.15 1422.85 1392.56 1732.34 1389.28 1358.47 1327.34 1346.02 1327.1 1314.35 1298.13 2190.34 1245.93 1600.49 1789.87 1351.35 1323.45 1498.52 1235.17 2095.98 4161.67 2538.43 3867.15 1986.72 1940.88 2902.93 2076.01 1847.19 1510.92 1686.15 2056 1509.36 1505.68 1555.46 1594.45 1505.2 2623.12 2167.25
threshold=1.0000000180025095e-35 0.35500000000000004 2.5000000000000004 1.0000000180025095e-35 0.80500000000000016 0.35500000000000004 2390.5000000000005 3.5000000000000004 2.5000000000000004 2800.5000000000005 3.5000000000000004 15.500000000000002 8.4514709407233699 0.43597197376267149 27.500000000000004 0.34500000000000003 2.5000000000000004 2.7151388888888905 0.92500000000000016 2.5000000000000004 -0.74272477586260954 -4.7499999999999991 65.450694444444466 -22.499999999999996 -38.249999999999993 6.2500000000000009 11.500000000000002 0.57381706408345756 3.5000000000000004 0.52395295467584635 2.459928847639139 0.19069059210925035 0.34627953745600809 1.5218842514657227 0.27759412925106536 47.028055555555561 -16.749999999999996 -19.249999999999996 23.735277777777778 0.51863425925925932 7.8656867313192045 0.35058240728343826 2.7049835230832024 7.0500000000000007 6.7500000000000009 -6.2499999999999991 -0.60499999999999954 2.0990972222222228 6.4500000000000011 0.47839423846359036 -3.2499999999999996 26.750000000000004 0.98149381295344662 15.350000000000003 16.150000000000002 7.1508441558441564 0.49319696408737507 -12.458954832719394 10.500000000000002 17.250000000000004 13.750000000000002 14.850000000000003
decision_type=2 2 2 2 2 2 2 2 2 2 2 2 2 2 2 2 8 2 2 8 2 2 2 2 2 2 2 2 2 2 2 2 2 2 2 2 2 2 2 2 2 2 2 2 2 2 2 2 2 2 2 2 2 2 2 2 2 2 2 2 2 2
left_child=1 8 3 -3 6 7 17 15 16 28 18 13 26 36 19 33 30 -5 -4 -15 -18 -22 23 -16 -25 -24 27 -8 -6 -11 -1 -32 -23 -2 35 -34 37 -7 -39 -38 41 -41 -26 44 48 -46 -47 -48 -44 50 -50 52 55 56 -55 -45 57 -54 -59 60 61 -58
right_child=5 2 10 4 9 11 12 -9 -10 29 -12 -13 -14 14 22 -17 20 -19 -20 -21 21 32 25 24 42 -27 -28 -29 -30 -31 31 -33 34 -35 -36 -37 39 38 -40 40 -42 -43 43 51 45 46 47 -49 49 -51 -52 -53 53 54 -56 -57 59 58 -60 -61 -62 -63
leaf_value=-0.03652252362173377 -0.0027332500484971924 -0.03633044426099339 0.0042320303262709793 -0.024518697331470024 0.091530517297090691 -0.037311138111840274 0.043472726830313113 0.036976045025535573 -0.026709841654488076 0.096183203281200558 -0.021748957902020416 -0.032903946128858733 -0.0031893129252380742 0.0026553997258696727 -0.047909223192885049 0.018185171016579679 -0.03852073351960944 0.019328324207380395 0.063731336179075809 0.079889215748272457 -0.0070427440104131322 0.14429353080275986 0.023115029434818333 -0.072946230121363961 -0.017630311283454759 0.17276487026014942 0.11293904888337446 0.15580150852411312 0.045818828746330198 0.19397674094981643 0.051129093383238705 -0.01408286226316488 0.22269909472429547 -0.034815423238270159 0.015332735113674112 0.033549157314449553 -0.033975284292633488 -0.048991693843200755 -0.22778213892640664 0.074879432375679886 0.11153020003162251 -0.017466190224189115 0.019963324926182621 0.005856785236621284 0.031568025969754887 0.3502372321177547 -0.020946750898747687 0.18380825530780789 -0.050424938754928032 -0.092134316445424455 0.13372695105551166 -0.12832299086306267 0.10575378080745312 -0.15136272710319443 -0.02959913522898951 0.08440381113952701 0.001960956278428955 -0.051597437817824825 -0.0061117605095851908 0.12032595410195204 -0.12648824168216732 0.15897074190082239
leaf_weight=6078 38516 2925 15954 2555 2171 1618 11476 5467 16459 1776 10047 14057 1941 1771 2475 10638 2142 27491 1352 1224 15479 215 732 905 19041 202 854 353 7108 445 962 4437 202 3480 12496 624 7720 291 270 501 254 3517 5018 5385 672 204 218 258 296 1062 315 317 219 451 1491 689 9482 3893 3814 268 390 224
leaf_count=6078 38516 2925 15954 2555 2171 1618 11476 5467 16459 1776 10047 14057 1941 1771 2475 10638 2142 27491 1352 1224 15479 215 732 905 19041 202 854 353 7108 445 962 4437 202 3480 12496 624 7720 291 270 501 254 3517 5018 5385 672 204 218 258 296 1062 315 317 219 451 1491 689 9482 3893 3814 268 390 224
internal_value=0.000107212 0.00787738 0.0199429 0.0302698 0.0337385 -0.00756788 0.0249192 0.00291191 -0.00977311 0.0679907 -0.00236832 -0.0143906 0.0440656 -0.0109289 -0.00700691 -0.000626903 -0.0032343 0.015599 0.00888372 0.0342355 0.00312543 0.00620102 -0.00913636 -0.010197 -0.00848702 0.0556306 0.0512972 0.0468377 0.0565227 0.115856 -0.0204986 -0.002456 0.0213441 -0.00539251 0.0193492 0.0800195 -0.0278141 -0.0625877 -0.135293 -0.0214908 0.00107269 -0.00593595 -0.0073995 -0.00177967 0.020587 0.100564 0.168602 0.0901866 0.00441403 -0.0422086 0.0445776 -0.00853731 -0.00708901 -0.0136546 -0.0579402 0.0147791 -0.00894954 -0.0253527 -0.0290914 0.00359623 0.000486012 0.00560051
internal_weight=292887 145542 86448 59095 56170 147345 44670 58101 59094 11500 27353 89244 14624 75187 61016 52634 42635 30046 17306 2995 31158 29016 58021 57087 54612 934 12683 11829 9279 2221 11477 5399 13537 41996 13322 826 14171 2179 561 11992 4272 4018 53707 34666 8043 1352 680 476 6691 1673 611 26623 26306 20232 1942 6074 18290 7926 7707 10364 10096 9706
internal_count=292887 145542 86448 59095 56170 147345 44670 58101 59094 11500 27353 89244 14624 75187 61016 52634 42635 30046 17306 2995 31158 29016 58021 57087 54612 934 12683 11829 9279 2221 11477 5399 13537 41996 13322 826 14171 2179 561 11992 4272 4018 53707 34666 8043 1352 680 476 6691 1673 611 26623 26306 20232 1942 6074 18290 7926 7707 10364 10096 9706
is_linear=0
shrinkage=0.05


Tree=81
num_leaves=63
num_cat=0
split_feature=0 13 12 23 5 31 29 29 10 7 13 13 29 25 7 13 14 13 14 13 26 13 8 14 29 14 6 14 29 28 27 29 27 14 14 14 13 13 27 14 14 13 8 25 28 13 29 21 29 13 31 13 13 13 13 14 10 8 27 13 26 14
split_gain=6703.37 4271.51 3842.96 3765.47 4102.79 3997.36 3814.94 8412.88 4587 4495.89 6406.78 10444 5005.32 3852.4 3705.02 3557.83 4784.81 9474.43 7423.99 5565.21 5663.02 4168.36 3933.54 3966.91 3801.18 3877.29 5753.21 3682.89 3435.24 3371.28 6941.18 4580.47 3781.68 3670.32 3581.39 3503.23 5160.79 4407.34 3456.38 3263.5 3888.68 3634.51 3197.94 3016.86 6145.52 3336.12 3626.2 3108.36 3575.01 2983.06 2942.58 2913.12 3650.1 4989.87 2891.5 4000.21 2899.35 2768.24 2736.4 3973.66 2703.82 2610.95
threshold=2673.5000000000005 32.000000000000007 65.450694444444466 2.5000000000000004 19.500000000000004 2.8008939974457223 7.1500000000000012 6.7500000000000009 2.5000000000000004 -0.14041344000801151 -4.7499999999999991 -3.2499999999999996 6.8500000000000005 2.9114240664636117 -0.1608271167513107 3.2500000000000004 67.750000000000014 -4.2499999999999991 65.750000000000014 1.0000000180025095e-35 1.1402356701485685 -5.2499999999999991 23.500000000000004 55.750000000000007 1.7500000000000002 61.750000000000007 0.62815867510645906 65.250000000000014 3.0500000000000003 0.45722996515679448 0.52478758514149304 6.4500000000000011 0.40750805152979069 61.250000000000007 54.250000000000007 51.250000000000007 6.7500000000000009 -1.0000000180025095e-35 0.49216704842931941 54.750000000000007 51.250000000000007 -4.2499999999999991 20.500000000000004 2.737829013406738 0.54061910747957265 26.750000000000004 15.350000000000003 -1.4999999999999998 7.2500000000000009 -32.749999999999993 2.6520204081632657 -8.7499999999999982 -1.2499999999999998 3.7500000000000004 -3.2499999999999996 69.750000000000014 31.500000000000004 13.500000000000002 0.38903903903903908 5.7500000000000009 1.227077415060237 50.250000000000007
decision_type=2 2 2 8 2 2 2 2 2 2 2 2 2 2 2 2 2 2 2 2 2 2 2 2 2 2 2 2 2 2 2 2 2 2 2 2 2 2 2 2 2 2 2 2 2 2 2 10 2 2 2 2 2 2 2 2 2 2 2 2 2 2
left_child=3 2 49 14 5 15 7 13 -8 -9 12 -12 -11 29 -1 16 18 60 27 20 21 -20 50 28 -25 26 -26 -5 -24 30 57 34 -33 39 35 36 37 -31 -37 40 -34 -41 -29 44 54 46 47 -45 -49 -2 58 -48 -53 -54 56 -56 -10 -7 59 -17 -18 -16
right_child=1 -3 -4 4 -6 6 8 9 43 10 11 -13 -14 -15 61 22 17 -19 19 -21 -22 -23 23 24 25 -27 -28 42 -30 31 -32 32 33 -35 -36 38 -38 -39 -40 41 -42 -43 -44 45 -46 -47 51 48 -50 -51 -52 52 53 -55 55 -57 -58 -59 -60 -61 -62 -63
leaf_value=-0.029256664771902082 -0.031064036730474667 0.20485015011735311 0.064557707592873867 -0.01564114385853025 -0.017905284954451962 -0.077239383437172474 0.16378692995846336 0.025551897726004764 -0.025307931447987514 0.2588006161127801 0.55333486292154743 0.15338915784906346 0.027043989948712661 0.080723233068615979 -0.025183304973449817 0.25863686804175379 -0.054903084653858826 -0.23736608798842662 0.15024108495078894 -0.13973143350996889 0.018266515600568443 0.41853468919357467 0.13299649418295587 -0.048607307165165356 0.080483367475972054 0.08227766394553282 0.42324150151312151 -0.30013016180644903 -0.090243453782425057 -0.02420209014196615 0.2844433969811655 0.11884994946488864 -0.050832126444064707 -0.24007464214349997 -0.029021553966787836 0.27901484863896825 -0.22112743902483567 0.19929220795048991 0.06340464018356777 -0.099158991336599056 -0.28140421007273547 0.12434855150578637 -0.044259505348986594 -0.086283281225121924 0.077428426407193121 -0.16811208900216285 0.071721632481808684 -0.13944939172457593 0.0096321500946517664 0.012050431401527005 -0.088638196785069082 -0.25132599809383793 0.13339842273138805 -0.13214691996416386 0.015973997095626507 0.17978177189875982 0.018105200578599222 0.078003712193922436 0.00063723047209005338 0.031136380322277547 0.1054792057596526 0.00040610284848262171
leaf_weight=24827 4259 287 3317 23918 24933 501 457 1318 10381 291 208 752 1154 1663 13226 249 1019 721 422 201 497 221 257 256 223 631 272 211 518 631 290 216 488 381 2532 289 206 338 520 372 292 354 289 1015 3307 342 250 415 12063 68917 844 352 240 665 19423 379 6108 670 11578 828 353 40460
leaf_count=24827 4259 287 3317 23918 24933 501 457 1318 10381 291 208 752 1154 1663 13226 249 1019 721 422 201 497 221 257 256 223 631 272 211 518 631 290 216 488 381 2532 289 206 338 520 372 292 354 289 1015 3307 342 250 415 12063 68917 844 352 240 665 19423 379 6108 670 11578 828 353 40460
internal_value=-3.70957e-05 0.012651 0.0119272 -0.00455111 0.000443104 0.00451439 0.0120102 0.0358787 0.00620762 0.0998006 0.140463 0.24053 0.0738628 0.0114451 -0.0132849 -0.00734969 -0.0180693 -0.0907545 -0.0121602 0.102338 0.145104 0.242961 0.0117205 0.074401 0.125149 0.164661 0.269301 -0.0184522 -0.0161382 -0.0028217 0.0658956 -0.0179972 -0.0789301 -0.10162 0.0103891 0.0606746 0.00551952 0.0538808 0.140677 -0.0664571 -0.137399 0.00984516 -0.15262 0.00489389 0.0121868 -0.0139289 -0.0104026 -0.00218412 0.00466314 0.00954069 0.00170004 -0.0839369 -0.114928 -0.0616565 0.00623977 0.0191181 -0.00922634 0.0115754 0.00773149 0.0839251 -0.0135918 -0.00589842
internal_weight=292597 76780 76493 215817 137304 112371 68863 13466 55397 3723 2405 960 1445 9743 78513 43508 27852 2093 25759 1341 1140 643 15656 2157 1382 1126 495 24418 775 8080 1461 6619 2103 1887 4516 1984 1175 969 809 1506 780 726 500 54940 39598 15342 15000 13493 12478 73176 13499 1507 1257 905 36291 19802 16489 1171 12655 1077 1372 53686
internal_count=292597 76780 76493 215817 137304 112371 68863 13466 55397 3723 2405 960 1445 9743 78513 43508 27852 2093 25759 1341 1140 643 15656 2157 1382 1126 495 24418 775 8080 1461 6619 2103 1887 4516 1984 1175 969 809 1506 780 726 500 54940 39598 15342 15000 13493 12478 73176 13499 1507 1257 905 36291 19802 16489 1171 12655 1077 1372 53686
is_linear=0
shrinkage=0.05


Tree=82
num_leaves=63
num_cat=0
split_feature=27 13 9 13 14 14 16 19 17 29 14 27 27 29 29 14 31 29 31 12 13 28 13 0 13 13 27 28 14 13 29 13 5 14 17 29 31 24 7 11 14 11 31 14 12 29 29 14 14 14 11 13 13 5 29 13 5 14 31 14 13 14
split_gain=5909.29 6100.7 5336.27 5615.5 5294.57 4957.45 4345 8317.85 4136.98 3806.4 3853.66 5944.46 4652.88 3454.93 4251.83 4762.32 3913.1 3325.99 7258.75 2817.59 2744.42 3432.47 3243.55 5027.37 2670.32 2604.91 3359.19 4437.72 6752.4 3246.97 4488.42 6665.13 3166.22 2615.01 2604.38 2576.95 2547.98 2545.76 2506.09 2499.67 2637.34 3205.3 2551.92 2499.48 2652.41 2456.51 5178.67 5627.2 5574.34 5769.34 8903.43 5646.48 5653.69 5352.87 5688.36 4812.52 5881.98 4197.39 3896.54 5425.02 5265.27 6143.55
threshold=0.46579596698715225 -37.249999999999993 26.500000000000004 33.250000000000007 36.250000000000007 85.750000000000014 1.0000000180025095e-35 46.500000000000007 3.5000000000000004 10.850000000000003 57.750000000000007 0.52567765567765579 0.54061910747957265 9.0500000000000025 10.850000000000003 48.250000000000007 5.098587828301425 20.250000000000004 8.7030259740259748 55.051388888888901 20.250000000000004 0.54849910394265244 -6.2499999999999991 1700.5000000000002 -48.749999999999993 -33.249999999999993 0.34627953745600809 0.4894360958190746 61.250000000000007 -36.749999999999993 3.7500000000000004 -38.749999999999993 -11.499999999999998 56.750000000000007 2.5000000000000004 7.5500000000000007 8.9983315295815327 79.500000000000014 0.47876319838701126 3.4935416666666668 56.750000000000007 0.62972222222222229 4.8427937433722175 55.250000000000007 16.376388888888894 3.9500000000000006 2.5500000000000003 63.750000000000007 53.250000000000007 56.750000000000007 2.9556944444444451 3.2500000000000004 -1.2499999999999998 -5.4999999999999991 2.4500000000000006 -9.2499999999999982 5.5000000000000009 48.750000000000007 1.8946830436720143 46.750000000000007 10.250000000000002 61.750000000000007
decision_type=2 2 2 2 2 2 2 2 2 2 2 2 2 2 2 2 2 2 2 2 2 2 2 2 2 2 2 2 2 2 2 2 2 2 2 2 2 2 2 2 2 2 2 2 2 2 2 2 2 2 2 2 2 2 2 2 2 2 2 2 2 2
left_child=17 9 3 4 -3 6 7 8 -6 10 11 -2 24 20 16 -16 -15 18 19 25 22 -22 23 -4 35 29 27 -27 32 30 31 -1 -29 -31 -9 -12 -17 -24 -8 40 41 42 -34 44 -19 46 53 48 -48 50 -50 52 55 57 -55 -51 -57 -28 59 -47 61 -61
right_child=1 2 13 -5 5 -7 38 34 -10 -11 12 -13 -14 14 15 36 -18 43 -20 -21 21 -23 37 -25 -26 26 45 28 -30 33 -32 -33 39 -35 -36 -37 -38 -39 -40 -41 -42 -43 -44 -45 -46 58 47 -49 49 51 -52 -53 -54 54 -56 56 -58 -59 -60 60 -62 -63
leaf_value=-0.01131898427542833 -0.13173426032657493 -0.20799171118412874 -0.0089001970545115761 0.26653282160700209 0.04566214867962904 0.23249116271138193 0.0058619104748367729 0.012863931397581794 -0.011449131623255063 -0.14022427858928904 -0.14023013827499825 0.047207431615414949 -0.13195060161931232 0.019407562351088092 0.12473450065044611 -0.019841926561398535 0.14246518684277706 -0.073736622513804057 0.20707383909373706 0.056792190410073135 0.0077091429129079033 0.22792000124056644 -0.11911863986207823 0.21223120109732047 0.055300662065214223 -0.012129180872931038 0.063477483040148774 0.19230247292453395 0.28199651854816377 -0.023010477630117338 -0.061073127113087558 0.29302182618423878 -0.069418794014691768 -0.16800569445517155 -0.011677313737108541 0.079643693373666391 -0.15159363632504055 -0.038544706447924695 -0.016052074700755498 -0.14587926440837504 0.16460995843377557 0.16205253597916103 0.084595812041642154 0.0050185064193866563 -0.32301717770864591 -0.13040781860597103 -0.026279709268403097 0.050293703760849545 -0.13082312425995543 -0.15227822496553456 -0.42436830640469608 0.11741115068288406 -0.34557682761044889 0.0093712745173022746 0.2064260097506368 -0.11086977413075852 0.20486454161041429 -0.091670739809306623 -0.010032040076972627 0.19680778264336177 -0.091562913612100727 -0.036426295325102123
leaf_weight=648 1565 278 3564 212 26362 249 65865 37607 3604 865 384 659 517 1893 545 4110 980 223 385 1543 1380 202 1074 276 2284 3382 540 312 339 495 2037 248 881 837 15171 203 402 11171 16268 200 344 288 386 251 205 317 2831 983 1268 710 324 357 207 5783 390 306 283 2248 63782 1055 313 385
leaf_count=648 1565 278 3564 212 26362 249 65865 37607 3604 865 384 659 517 1893 545 4110 980 223 385 1543 1380 202 1074 276 2284 3382 540 312 339 495 2037 248 881 837 15171 203 402 11171 16268 200 344 288 386 251 205 317 2831 983 1268 710 324 357 207 5783 390 306 283 2248 63782 1055 313 385
internal_value=0.000141569 0.00506803 0.0066847 0.00996848 0.00963803 0.0100057 0.00966827 0.017755 0.0387932 -0.0426525 -0.0275911 -0.0787141 0.00598121 -0.0145614 0.0128557 -0.0147405 0.0614183 -0.0101008 -0.00930708 -0.0101953 -0.0268678 0.0359533 -0.0330483 0.00704474 0.0308568 -0.0113136 -0.00946809 0.0262269 0.0733852 -0.0494732 -0.0200582 0.073151 0.0439485 -0.11418 0.00580948 -0.0641859 -0.0316114 -0.0456209 0.00152129 0.0218158 0.0395446 0.0117895 -0.0224675 -0.120285 -0.19361 -0.012135 -0.0295577 -0.0609135 -0.0783093 -0.120922 -0.190794 -0.0611438 -0.10352 -0.00411852 0.0218523 -0.0647118 0.0409229 -0.0616085 -0.00784058 0.0596562 0.0940808 0.134468
internal_weight=292776 197690 191213 165616 165404 165126 164877 82744 29966 6477 5612 2224 3388 25597 7930 5057 2873 95086 94407 94022 17667 1582 16085 3840 2871 92479 88214 6132 2750 4265 2933 896 2411 1332 52778 587 4512 12245 82133 2099 1899 1555 1267 679 428 82082 16230 7269 6286 3455 1592 1863 1506 8961 6173 1299 589 2788 65852 2070 1753 1440
internal_count=292776 197690 191213 165616 165404 165126 164877 82744 29966 6477 5612 2224 3388 25597 7930 5057 2873 95086 94407 94022 17667 1582 16085 3840 2871 92479 88214 6132 2750 4265 2933 896 2411 1332 52778 587 4512 12245 82133 2099 1899 1555 1267 679 428 82082 16230 7269 6286 3455 1592 1863 1506 8961 6173 1299 589 2788 65852 2070 1753 1440
is_linear=0
shrinkage=0.05


end of trees

feature_importances:
pregame_spread=961
pregame_total=673
wind_mph=593
total_decayed=481
spread_decayed=329
wind_x_pass_rate=243
yardline_100=184
home_pass_rate=180
has_ball_home=177
away_pass_rate=165
score_diff_per_min=160
expected_remaining_total=112
score_diff=110
score_diff_x_sqrt_time=103
home_score=78
away_score=74
field_pos_value=74
plays_per_min=74
pace_ratio=72
down=61
seconds_remaining=53
total_points_so_far=52
plays_run=38
away_timeouts=18
half_seconds_remaining=17
timeout_diff=15
period=14
sqrt_seconds_remaining=12
clock_seconds=8
distance=6
home_timeouts=6
is_dome=3

parameters:
[boosting: gbdt]
[objective: regression]
[metric: l2]
[tree_learner: serial]
[device_type: cpu]
[data_sample_strategy: bagging]
[data: ]
[valid: ]
[num_iterations: 700]
[learning_rate: 0.05]
[num_leaves: 63]
[num_threads: 0]
[seed: 7]
[deterministic: 0]
[force_col_wise: 0]
[force_row_wise: 0]
[histogram_pool_size: -1]
[max_depth: -1]
[min_data_in_leaf: 200]
[min_sum_hessian_in_leaf: 0.001]
[bagging_fraction: 0.85]
[pos_bagging_fraction: 1]
[neg_bagging_fraction: 1]
[bagging_freq: 1]
[bagging_seed: 17422]
[bagging_by_query: 0]
[feature_fraction: 0.85]
[feature_fraction_bynode: 1]
[feature_fraction_seed: 7040]
[extra_trees: 0]
[extra_seed: 6516]
[early_stopping_round: 0]
[early_stopping_min_delta: 0]
[first_metric_only: 0]
[max_delta_step: 0]
[lambda_l1: 0]
[lambda_l2: 1]
[linear_lambda: 0]
[min_gain_to_split: 0]
[drop_rate: 0.1]
[max_drop: 50]
[skip_drop: 0.5]
[xgboost_dart_mode: 0]
[uniform_drop: 0]
[drop_seed: 15215]
[top_rate: 0.2]
[other_rate: 0.1]
[min_data_per_group: 100]
[max_cat_threshold: 32]
[cat_l2: 10]
[cat_smooth: 10]
[max_cat_to_onehot: 4]
[top_k: 20]
[monotone_constraints: ]
[monotone_constraints_method: basic]
[monotone_penalty: 0]
[feature_contri: ]
[forcedsplits_filename: ]
[refit_decay_rate: 0.9]
[cegb_tradeoff: 1]
[cegb_penalty_split: 0]
[cegb_penalty_feature_lazy: ]
[cegb_penalty_feature_coupled: ]
[path_smooth: 0]
[interaction_constraints: ]
[verbosity: -1]
[saved_feature_importance_type: 0]
[use_quantized_grad: 0]
[num_grad_quant_bins: 4]
[quant_train_renew_leaf: 0]
[stochastic_rounding: 1]
[linear_tree: 0]
[max_bin: 255]
[max_bin_by_feature: ]
[min_data_in_bin: 3]
[bin_construct_sample_cnt: 200000]
[data_random_seed: 61]
[is_enable_sparse: 1]
[enable_bundle: 1]
[use_missing: 1]
[zero_as_missing: 0]
[feature_pre_filter: 1]
[pre_partition: 0]
[two_round: 0]
[header: 0]
[label_column: ]
[weight_column: ]
[group_column: ]
[ignore_column: ]
[categorical_feature: ]
[forcedbins_filename: ]
[precise_float_parser: 0]
[parser_config_file: ]
[objective_seed: 15521]
[num_class: 1]
[is_unbalance: 0]
[scale_pos_weight: 1]
[sigmoid: 1]
[boost_from_average: 1]
[reg_sqrt: 0]
[alpha: 0.9]
[fair_c: 1]
[poisson_max_delta_step: 0.7]
[tweedie_variance_power: 1.5]
[lambdarank_truncation_level: 30]
[lambdarank_norm: 1]
[label_gain: ]
[lambdarank_position_bias_regularization: 0]
[eval_at: ]
[multi_error_top_k: 1]
[auc_mu_weights: ]
[num_machines: 1]
[local_listen_port: 12400]
[time_out: 120]
[machine_list_filename: ]
[machines: ]
[gpu_platform_id: -1]
[gpu_device_id: -1]
[gpu_device_id_list: ]
[gpu_use_dp: 0]
[num_gpu: 1]

end of parameters

pandas_categorical:[]
