tree
version=v4
num_class=1
num_tree_per_iteration=1
label_index=0
max_feature_idx=32
objective=regression
feature_names=seconds_remaining sqrt_seconds_remaining half_seconds_remaining period clock_seconds score_diff score_diff_x_sqrt_time score_diff_per_min home_score away_score total_points_so_far spread_decayed total_decayed pregame_spread pregame_total expected_remaining_total has_ball_home has_ball_away down distance yardline_100 field_pos_value timeout_diff home_timeouts away_timeouts plays_run plays_per_min pace_ratio home_pass_rate away_pass_rate wind_mph is_dome wind_x_pass_rate
feature_infos=[0:3600] [0:60] [0:1800] [1:4] [0:900] [-49:49] [-28.303003374200415:30.198385718445284] [-45.230769230769234:44] [0:57] [0:59] [0:105] [-22:18] [0:63.5] [-22:18] [32:63.5] [0:63.5] [0:1] [0:1] [1:4] [0:46] [1:99] [0.01:0.98999999999999999] [-3:3] [0:3] [0:3] [0:171] [0:6.486486486486486] [0:4] [0.27702702702702703:0.7944444444444444] [0.176056338028169:0.78804347826086951] [0:71] [0:1] [0:44.411239281339327]
tree_sizes=5528 5735 5729 5729 5720 5764 5747 5767 5765 5747 5772 5767 5789 5755 5754 5728 5789 5760 5763 5744 5734 5802 5766 5747 5778 5797 5761 5794 5758 5768 5743 5814 5783 5772 5780 5789 5748 5825 5734 5783 5786 5808 5712 5792 5766 5788 5747 5801 5807 5785 5751 5745 5817 5803 5755 5818 5755 5772 5794 5738 5760 5767 5790

Tree=0
num_leaves=63
num_cat=0
split_feature=12 12 12 11 11 12 12 12 13 12 11 12 13 12 11 5 13 7 7 7 11 12 13 7 5 11 7 30 11 12 8 12 11 32 13 16 7 30 0 14 20 16 7 6 30 29 28 20 8 20 25 29 11 12 10 6 5 16 29 28 14 32
split_gain=3.97693e+06 566107 537758 173603 90931 86465.8 53239.4 52183.5 40509.7 33638.5 26923.2 22867.2 21616.7 18883.4 15984.7 13501.3 12057.1 11628.3 10184.5 8936.8 14601.2 8265.01 7693.9 7605.77 7525.96 7472.36 7299.45 6533.6 6166.86 6164.39 6030.1 5570.35 5478.4 5036.29 4699.58 4333.11 4128.65 3945.68 3871.39 3862.67 3593.63 3583.71 3512.99 3451.43 3522.3 3340.16 3335.17 3285.56 3179.7 3062.54 3007.4 2975.33 2911.09 2852.53 2821.59 2778.7 2758.04 2750.35 2686.84 3271.1 2677.49 3095.86
threshold=22.800277777777779 10.09263888888889 33.434444444444452 -2.1540972222222217 -1.8206944444444442 16.367222222222225 41.105694444444445 4.4255555555555555 5.7500000000000009 28.035277777777782 -1.2755555555555551 39.515625000000007 5.7500000000000009 27.667777777777783 -5.2163888888888872 4.5000000000000009 -6.7499999999999991 0.1331501652827442 0.7450093929676086 0.39438934345597004 -0.72159722222222211 47.027222222222228 5.7500000000000009 1.622214319582741 1.0000000180025095e-35 -6.3481249999999987 0.097422370564879721 10.500000000000002 -0.3634722222222222 46.501041666666673 2.5000000000000004 44.119166666666679 -3.2536111111111108 6.1444878472222229 -6.7499999999999991 1.0000000180025095e-35 0.05627638092813949 10.500000000000002 1825.5000000000002 43.750000000000007 30.500000000000004 1.0000000180025095e-35 0.099695382888064732 -2.0338113905426281 14.500000000000002 0.57241609458428688 0.61617524916943534 23.500000000000004 2.5000000000000004 14.500000000000002 63.500000000000007 0.5621778350515465 -3.4911805555555548 25.937638888888895 14.500000000000002 -5.6867291899074015 -6.4999999999999991 1.0000000180025095e-35 0.60631648936170224 0.58295107033639149 45.750000000000007 3.0827720342522977
decision_type=2 2 2 2 2 2 2 2 2 2 2 2 2 2 2 2 2 2 2 2 2 2 2 2 2 2 2 8 2 2 2 2 2 8 2 2 2 8 2 2 8 2 2 2 8 2 2 8 2 8 2 2 2 2 2 2 2 2 2 2 2 8
left_child=1 7 4 6 9 19 14 23 11 17 15 58 13 47 24 32 26 34 28 20 43 25 42 35 -4 -8 -11 36 -9 -13 -18 51 45 55 50 -1 -16 -32 -19 -38 -37 -15 -12 44 -3 -7 53 57 -36 -43 -2 -10 -17 -14 -26 -27 -34 -6 59 -5 61 -28
right_child=2 5 3 8 12 10 21 18 31 16 22 29 46 41 27 52 30 38 -20 -21 -22 -23 -24 -25 54 33 60 -29 -30 -31 37 -33 56 -35 48 40 39 -39 -40 -41 -42 49 -44 -45 -46 -47 -48 -49 -50 -51 -52 -53 -54 -55 -56 -57 -58 -59 -60 -61 -62 -63
leaf_value=11.569066264030782 12.437038856885879 12.040944969222608 12.75050782000201 12.367076605468991 12.141600147884681 12.197617974145384 12.86506456371097 11.797505778705647 12.15977394267872 12.598320192598644 12.02730254478411 12.537264391412943 11.959385038637192 12.230972836685826 12.622039778649816 12.087210216137269 12.495036590824677 12.0887492479456 11.650327900361498 11.805996730480809 11.833051770286117 12.917681785510249 11.877283062061233 11.53082386408583 12.630318832979693 12.933947211855772 12.648388642180189 12.434037557913552 11.707720545502193 12.687938451704824 12.370453045951832 12.401187856872232 12.191339831833947 12.58634797576639 12.416122981032208 11.715489460334551 12.332946448526227 12.220202280891089 12.226575318597373 12.551480421705525 11.611939966700232 12.491779673544881 11.951794071839135 11.92156788109048 11.82288765221219 12.376395865700831 12.226932793536244 12.124443008131975 12.24668532708335 12.298817607613426 12.286103886765368 12.277732137575851 11.993550803795729 12.066061287248107 12.426141660898427 12.739703269182606 12.086117596563032 12.302448562636899 12.503002191869475 12.472232339289796 12.335143680848997 12.407914662964838
leaf_weight=4489 1141 1522 2120 3082 543 991 1534 3497 905 1362 3670 3379 1002 2431 2193 1334 810 671 4095 4714 4945 1409 1757 6136 1334 217 212 997 4291 864 2071 602 944 540 337 1175 257 557 2115 1016 3159 231 2658 2386 210 355 223 5443 1567 1920 471 1311 2194 1672 201 1929 1826 521 648 986 484 380
leaf_count=4489 1141 1522 2120 3082 543 991 1534 3497 905 1362 3670 3379 1002 2431 2193 1334 810 671 4095 4714 4945 1409 1757 6136 1334 217 212 997 4291 864 2071 602 944 540 337 1175 257 557 2115 1016 3159 231 2658 2386 210 355 223 5443 1567 1920 471 1311 2194 1672 201 1929 1826 521 648 986 484 380
internal_value=12.0927 11.8022 12.4094 12.5727 12.2501 11.9533 12.6934 11.636 12.4318 12.35 12.0334 12.4838 12.1632 12.1949 12.6113 12.1007 12.4361 12.2697 11.7143 11.8619 11.891 12.8117 11.9698 11.5738 12.6891 12.7761 12.5212 12.5476 11.748 12.5681 12.3756 12.2664 12.1622 12.7251 12.3302 11.6038 12.5801 12.3387 12.1934 12.5076 11.6399 12.2727 11.9956 11.9606 12.0144 12.2449 12.0416 12.1402 12.2768 12.3197 12.3931 12.2296 12.029 12.0261 12.6038 12.7597 12.122 12.2205 12.4079 12.3927 12.4233 12.4948
internal_weight=108036 56348 51688 25524 26164 29506 13747 26842 11777 12178 15729 8959 13986 11089 8118 7644 5876 6302 11883 13777 9063 5629 8085 14959 3655 4220 2438 4463 7788 4243 3438 2818 4116 2686 3516 8823 3466 2628 2786 1273 4334 4582 6328 4118 1732 1346 2897 6507 1904 2151 1612 2216 3528 2674 1535 2146 2770 1064 4716 4068 1076 592
internal_count=108036 56348 51688 25524 26164 29506 13747 26842 11777 12178 15729 8959 13986 11089 8118 7644 5876 6302 11883 13777 9063 5629 8085 14959 3655 4220 2438 4463 7788 4243 3438 2818 4116 2686 3516 8823 3466 2628 2786 1273 4334 4582 6328 4118 1732 1346 2897 6507 1904 2151 1612 2216 3528 2674 1535 2146 2770 1064 4716 4068 1076 592
is_linear=0
shrinkage=1


Tree=1
num_leaves=63
num_cat=0
split_feature=0 12 12 11 11 12 12 12 12 13 12 11 12 13 13 7 13 7 12 7 8 13 7 12 7 13 11 12 14 16 20 11 13 30 30 32 12 30 8 16 12 11 7 29 7 12 29 20 14 11 16 20 7 29 7 8 8 25 20 16 12 13
split_gain=3.61063e+06 511764 485043 154797 102122 69435.5 46952.6 43689.6 36881.3 36756.4 30025.7 19562.3 18215.4 16212.6 15276.1 12334.5 10659.3 9521.11 8936.63 8531.24 7733.8 7732.36 7243.25 6962.75 6610.13 6218.88 6005.09 5329.79 5245.08 5216.36 5228.73 5090.08 4895.56 4748.22 4698.65 4402.36 4347.82 4307.77 4706.03 4266.87 4188.85 4080.51 5331.46 4058.26 4025.83 3792.89 3523.18 3338.54 3185.06 3121.17 3061.83 3047.83 2942.8 2919.94 2874.34 2865.98 2778.08 2681.73 2570 2775.51 2457.78 2426.23
threshold=1809.5000000000002 34.210555555555565 10.09263888888889 -2.2584027777777771 -1.8523611111111109 16.367222222222225 4.2378472222222232 41.35958333333334 28.210416666666667 5.7500000000000009 26.094722222222227 -1.0809722222222218 41.584027777777784 5.7500000000000009 -6.7499999999999991 0.31114254282571119 -6.2499999999999991 1.1216894918062497 13.877500000000003 0.1175757012777368 1.0000000180025095e-35 4.2500000000000009 0.025651992717860984 47.027222222222228 2.843922844029827 -6.2499999999999991 -6.3481249999999987 31.01270833333334 48.750000000000007 1.0000000180025095e-35 34.500000000000007 -0.38611111111111113 5.7500000000000009 10.500000000000002 10.500000000000002 4.8971779419329229 37.8182638888889 10.500000000000002 5.5000000000000009 1.0000000180025095e-35 48.401597222222229 -0.69638888888888884 0.38284648915942449 0.5563948205361201 0.053499778265808949 20.671180555555559 0.54086270871985176 34.500000000000007 43.750000000000007 -3.9646527777777769 1.0000000180025095e-35 33.500000000000007 -0.099716086621776043 0.55901702786377727 0.27470730708140784 2.5000000000000004 2.5000000000000004 43.500000000000007 45.500000000000007 1.0000000180025095e-35 41.35958333333334 -5.2499999999999991
decision_type=2 2 2 2 2 2 2 2 2 2 2 2 2 2 2 2 2 2 2 2 2 2 2 2 2 2 2 2 2 2 8 2 2 8 8 8 2 8 2 2 2 2 2 2 2 2 2 8 2 2 2 10 2 2 2 2 2 2 10 2 2 2
left_child=2 4 6 7 8 18 24 14 19 12 21 15 36 27 20 45 22 31 29 25 -3 50 57 26 39 43 -9 58 53 -4 -31 54 -13 44 -28 49 -5 38 -18 -1 -14 42 -20 -2 -16 -7 -22 -41 -46 -21 -6 -52 -45 -11 -8 -55 -27 -10 59 -12 -30 -58
right_child=1 3 5 9 10 11 17 23 16 28 13 32 40 -15 33 -17 37 -19 41 35 46 -23 -24 -25 -26 56 34 -29 60 30 -32 -33 -34 -35 -36 -37 -38 -39 -40 47 -42 -43 -44 52 48 -47 -48 -49 -50 -51 51 -53 -54 55 -56 -57 61 -59 -60 -61 -62 -63
leaf_value=-0.50340187766879374 0.23608304639766248 0.67606415058855429 -0.28892434158899333 0.28702928913884412 -0.015125298838224392 -0.0019809201302004821 -0.26288560812673906 0.74053602788165573 0.537069484793255 0.040724145398966197 0.11834283383601968 -0.10095136645723424 0.45269998448195442 -0.0009287770572992955 0.51375950699316197 -0.09329657885299722 0.39749326592072465 -0.43686738291042826 -0.073653968596497185 0.21911449509733344 0.42010394680610236 -0.10434086097033619 0.33869690566932409 0.79146105536633182 -0.54421969576654183 0.27649921117931286 0.646676307502553 0.22330777478173036 0.17086401788442868 -0.12191116567106307 -0.24530028237649995 -0.37111473506982856 -0.19909712810380686 0.34404530156878194 0.47339975562027459 0.032469050589244576 0.37552016903732 0.17580081462286987 0.25856163509898383 -0.37450580336153511 0.60918338704988051 -0.21843531796113444 -0.21349470498363893 0.52254965244448137 0.23539541246891021 0.085251914269847781 0.57233367054921458 -0.46614227047711942 0.44003924923244253 0.098363903156756097 0.14907274867497247 0.024635373310510397 0.30294152260769774 0.21520883906384311 -0.34911100188276123 0.037282848015035452 0.017302995446225766 0.37876201451678448 0.09531509958242497 0.2329292015316404 0.35177254552965043 0.16644123689269436
leaf_weight=5202 1276 1424 4386 3030 2915 2761 2581 1483 996 680 1151 5173 2514 1900 2061 2815 974 3225 1768 1030 621 1667 1708 1398 4766 371 1980 2447 322 1189 3120 4919 1686 957 506 1078 2607 779 1661 1495 528 2180 1110 256 249 2270 1056 3172 862 1119 698 1664 394 899 1574 303 392 383 2348 983 461 897
leaf_count=5202 1276 1424 4386 3030 2915 2761 2581 1483 996 680 1151 5173 2514 1900 2061 2815 974 3225 1768 1030 621 1667 1708 1398 4766 371 1980 2447 322 1189 3120 4919 1686 957 506 1078 2607 779 1661 1495 528 2180 1110 256 249 2270 1056 3172 862 1119 698 1664 394 899 1574 303 392 383 2348 983 461 897
internal_value=-0.000601275 0.294298 -0.282915 0.465505 0.153369 -0.138967 -0.434998 0.586165 0.255337 0.331477 0.0672876 -0.063429 0.381353 0.128462 0.50577 -0.00950521 0.340533 -0.362914 -0.219722 0.174004 0.58983 -0.0105005 0.407946 0.694353 -0.495547 0.227086 0.659958 0.163937 0.168966 -0.250479 -0.211289 -0.336585 -0.125102 0.442511 0.611612 0.114966 0.328014 0.279476 0.310048 -0.471989 0.480052 -0.16681 -0.127644 0.288238 0.4721 0.0373879 0.516246 -0.436874 0.394427 0.156314 0.0191577 0.0614557 0.390103 0.123609 -0.295626 0.170426 0.156004 0.493408 0.131481 0.17121 0.277689 0.121135
internal_weight=108420 53028 55392 23941 29087 28458 26934 12597 13314 11344 15773 14705 8679 8829 7230 7846 6501 12299 13753 6813 3101 6944 3087 5367 14635 3586 3969 6929 2665 8695 4309 9074 6859 4129 2486 3227 5637 3414 2635 9869 3042 5058 2878 1926 3172 5031 1677 4667 1111 2149 5277 2362 650 1882 4155 1202 1660 1379 4482 2134 783 1289
internal_count=108420 53028 55392 23941 29087 28458 26934 12597 13314 11344 15773 14705 8679 8829 7230 7846 6501 12299 13753 6813 3101 6944 3087 5367 14635 3586 3969 6929 2665 8695 4309 9074 6859 4129 2486 3227 5637 3414 2635 9869 3042 5058 2878 1926 3172 5031 1677 4667 1111 2149 5277 2362 650 1882 4155 1202 1660 1379 4482 2134 783 1289
is_linear=0
shrinkage=0.05


Tree=2
num_leaves=63
num_cat=0
split_feature=12 12 12 11 11 12 12 12 13 12 11 12 12 13 13 5 7 11 7 13 7 8 12 11 7 12 13 11 12 7 30 14 5 11 8 11 0 32 30 16 12 14 20 9 30 14 5 25 5 10 0 32 13 11 16 20 12 31 32 5 20 5
split_gain=3.24155e+06 480440 423384 144702 78529.6 57400.8 45090.3 44126.6 34922.4 33312.4 20144.9 18887.1 18518.9 13238.3 10419.5 10231.9 10066.8 9063.47 9029.84 8435.2 7948.87 7387.07 6995.36 6623.73 10430.7 6512.65 5999.22 5923.58 5879.68 5345.08 5030.04 4991.19 4813.84 4406.98 5276.01 4351.92 4296.34 4035.39 3688.97 3552.24 3543.93 3387.76 3214.55 3202.54 3022.1 3019.59 2921.02 2879.21 2876.76 2848.94 2796.11 2707.94 2687.62 2592.55 2555.51 3127.98 2541.62 2528.8 4519.75 2515.95 2534.01 2495.56
threshold=22.269097222222229 33.434444444444452 11.000416666666668 -2.1540972222222217 -1.6700694444444444 5.4335416666666676 41.105694444444445 16.367222222222225 5.7500000000000009 28.210416666666667 -1.2755555555555551 38.661041666666669 27.667777777777783 -6.7499999999999991 4.2500000000000009 4.5000000000000009 0.12960963122950167 -4.704097222222221 1.8248909990001159 5.7500000000000009 0.6221384438161065 9.5000000000000018 46.501041666666673 -0.59993055555555541 0.45811814571716641 46.501041666666673 5.7500000000000009 -0.38611111111111113 1.636180555555556 0.15509243240276524 10.500000000000002 48.750000000000007 1.0000000180025095e-35 -3.6005555555555548 2.5000000000000004 -6.3481249999999987 1965.5000000000002 5.8340857198141114 6.5000000000000009 1.0000000180025095e-35 24.21298611111111 44.750000000000007 30.500000000000004 6.5000000000000009 9.5000000000000018 48.750000000000007 -6.4999999999999991 63.500000000000007 1.0000000180025095e-35 2.5000000000000004 2358.5000000000005 6.1020444194627013 -6.7499999999999991 -3.6738194444444443 1.0000000180025095e-35 25.500000000000004 41.35958333333334 1.0000000180025095e-35 2.3231375606375608 1.0000000180025095e-35 34.500000000000007 -6.4999999999999991
decision_type=2 2 2 2 2 2 2 2 2 2 2 2 2 2 2 2 2 2 2 2 2 2 2 2 2 2 2 2 2 2 8 2 2 2 2 2 2 8 8 2 2 2 10 2 8 2 2 2 2 2 2 10 2 2 2 8 2 2 8 2 10 2
left_child=2 4 5 6 9 18 13 23 11 16 15 -5 19 21 54 37 33 29 28 40 27 38 -13 24 46 35 48 -7 -1 44 41 57 -19 47 -35 -8 51 53 45 -30 -6 49 -41 -37 50 -3 -4 -2 -12 -15 -11 -18 -38 -9 -14 -56 -33 58 -10 60 -40 -55
right_child=1 3 7 8 12 20 25 10 31 17 26 22 14 30 -16 -17 36 32 -20 -21 -22 -23 -24 -25 -26 -27 -28 -29 39 -31 -32 56 -34 34 -36 43 52 -39 59 42 -42 -43 -44 -45 -46 -47 -48 -49 -50 -51 -52 -53 -54 61 55 -57 -58 -59 -60 -61 -62 -63
leaf_value=-0.48031124800281266 0.29599766872217714 0.66424463533529321 -0.048309085690880202 0.27641598079340074 -0.011463170052859068 -0.23935141728439532 0.68899092652418359 0.17481794333880415 -0.092999122281735014 0.33274377215937651 -0.063359594079074114 0.39387030544630397 0.1289375925040962 0.45755163297686458 0.021520942155225778 -0.065478356066218407 0.06831967215131711 0.31996479483018669 -0.50656150232436847 -0.093096572931896771 -0.37127822187050419 0.36301841189285416 0.55175965138789818 -0.23795687973655333 -0.24248477065755086 0.73759968250043462 -0.20782748754756339 -0.32773093559015126 -0.43895273128675094 0.28335120595251756 0.32004210132323041 0.15840155704172104 0.2055212594947308 0.33181056001399822 0.12632064601745951 0.55406575222597432 0.22375269935472863 -0.036030907574357521 0.70151373823982421 -0.28328849701389752 0.061671383404665082 0.48512709769701162 -0.39523918742453212 0.7146546730830482 0.33103225043836682 0.47784117929292746 -0.14025147920029968 0.15179607029361974 -0.13394991349353702 0.31991450879908867 0.53625857549198896 -0.08400311072420498 0.086317703491638503 0.13531561923262322 0.3334786223011928 0.17563454669971879 0.33573436358603104 0.21977230451211402 0.12324762801442182 0.42583631392442983 0.51071685388971755 0.020178249183123276
leaf_weight=3899 1414 1227 1254 4138 2885 3633 1432 648 295 222 3076 3962 2061 736 1781 3183 1707 1790 6413 1732 4247 487 862 4965 2453 1660 1531 4009 3411 787 1094 363 1908 369 2029 2171 714 871 258 884 3888 2080 2474 379 417 280 2786 463 2724 800 804 351 712 721 402 1455 464 433 1319 519 621 1353
leaf_count=3899 1414 1227 1254 4138 2885 3633 1432 648 295 222 3076 3962 2061 736 1781 3183 1707 1790 6413 1732 4247 487 862 4965 2453 1660 1531 4009 3411 787 1094 363 1908 369 2029 2171 714 871 258 884 3888 2080 2474 379 417 280 2786 463 2724 800 804 351 712 721 402 1455 464 433 1319 519 621 1353
internal_value=0.00135146 0.27798 -0.26988 0.434476 0.134441 -0.40075 0.544842 -0.12157 0.306283 0.219905 -0.062361 0.354922 0.0520772 0.469132 0.121813 -0.000210412 0.151691 0.309148 -0.459486 0.00533987 -0.316333 0.544625 0.422192 -0.194455 -0.161159 0.65346 -0.119799 -0.285752 -0.431141 0.388858 0.41466 0.154544 0.260989 0.203104 0.158066 0.618208 0.0885649 0.0576119 0.574934 -0.402752 0.0305222 0.44319 -0.365861 0.578204 0.446164 0.629951 -0.111732 0.260527 -0.0965301 0.38612 0.49259 0.0423122 0.15524 0.0875784 0.167386 0.209965 0.258182 0.112569 0.0836899 0.51522 0.567452 0.0602502
internal_weight=108006 53471 54535 25580 27891 28970 13744 25565 11836 13687 14107 8962 14204 8102 5699 6776 7759 5928 17081 8505 11889 3392 4824 11458 6493 5642 7331 7642 10668 2230 4710 2874 3698 4275 2398 3982 3484 3593 2905 6769 6773 3616 3358 2550 1443 1507 4040 1877 5800 1536 1026 2058 1426 2722 3918 1857 827 2047 1614 1398 879 2074
internal_count=108006 53471 54535 25580 27891 28970 13744 25565 11836 13687 14107 8962 14204 8102 5699 6776 7759 5928 17081 8505 11889 3392 4824 11458 6493 5642 7331 7642 10668 2230 4710 2874 3698 4275 2398 3982 3484 3593 2905 6769 6773 3616 3358 2550 1443 1507 4040 1877 5800 1536 1026 2058 1426 2722 3918 1857 827 2047 1614 1398 879 2074
is_linear=0
shrinkage=0.05


Tree=3
num_leaves=63
num_cat=0
split_feature=0 12 15 11 11 12 12 15 13 12 12 11 12 6 13 13 6 13 12 30 14 6 12 12 17 8 12 20 6 11 14 11 6 13 13 11 30 17 30 20 30 6 11 17 11 10 6 32 14 29 14 6 14 30 30 12 20 13 14 6 6 9
split_gain=2.923e+06 416636 399693 141469 68298 54392.9 41759.5 37432.5 34921.3 21613.3 21099.8 15081.7 13692.4 13585.7 10814.2 10812.1 10447.4 9912.92 7893.92 7165.61 6663.87 6613.23 6442.75 6308.06 6185.52 5177.01 5103.25 4928.76 4927.51 4209.86 3950.64 3760.04 5469.67 3755.81 3718.36 3677.36 4470.81 3646.43 3565.74 3527.98 3481.44 3454.42 4508.72 3332.63 3230.39 3204.23 3140.69 3067.27 3452.17 3052.61 2964.36 4484.62 2926.63 2887.67 3690.13 2855.34 2606.41 2593.47 3109.98 2567.12 2529.99 2476.59
threshold=1809.5000000000002 32.423055555555557 10.094097222222224 -2.4043055555555553 -1.6021527777777773 16.367222222222225 42.074513888888895 5.0368055555555564 5.7500000000000009 26.094722222222227 38.454444444444455 -1.0809722222222218 24.585625000000004 0.74002626985996056 5.7500000000000009 -6.7499999999999991 2.8833574098634718 -6.2499999999999991 13.072500000000002 9.5000000000000018 55.750000000000007 -2.3650228967801552 45.641111111111123 2.4881249999999993 1.0000000180025095e-35 2.5000000000000004 40.186041666666675 34.500000000000007 3.5002380790433443 -5.6331944444444435 41.750000000000007 -0.6726388888888889 3.5002380790433443 5.7500000000000009 5.7500000000000009 -6.6808333333333323 10.500000000000002 1.0000000180025095e-35 10.500000000000002 14.500000000000002 10.500000000000002 3.8767110891001813 -0.452083333333333 1.0000000180025095e-35 -3.7499305555555549 13.500000000000002 1.4237567600969947 6.1875831854480934 43.750000000000007 0.60631648936170224 47.250000000000007 2.6524098052593357 50.750000000000007 8.5000000000000018 1.5000000000000002 20.825138888888894 29.500000000000004 -5.2499999999999991 47.250000000000007 2.9212582896611501 8.2334767181507065 20.500000000000004
decision_type=2 2 2 2 2 2 2 2 2 2 2 2 2 2 2 2 2 2 2 8 2 2 2 2 2 2 2 8 2 2 2 2 2 2 2 2 10 2 10 8 8 2 2 2 2 2 2 8 2 2 2 2 2 8 10 2 10 2 2 2 2 2
left_child=2 4 7 6 9 18 13 23 10 19 49 16 34 15 37 52 55 21 41 28 35 -11 43 -1 27 -19 -10 -9 44 45 -23 32 -20 -13 -6 -8 50 39 -27 -14 57 42 -4 -12 -2 -15 -25 48 -31 -5 -37 -52 53 54 -3 56 -7 -17 -59 -26 -32 -35
right_child=1 3 5 8 12 11 20 24 26 17 22 33 14 29 -16 40 -18 25 31 -21 -22 30 -24 46 59 38 -28 -29 -30 47 60 -33 -34 61 -36 36 -38 -39 -40 -41 -42 -43 -44 -45 -46 -47 -48 -49 -50 -51 51 -53 -54 -55 -56 -57 -58 58 -60 -61 -62 -63
leaf_value=-0.46588291113623087 0.28873813396413101 0.55179515586014816 -0.16076197646248758 0.24439455405596014 -0.012717742269586541 0.09831062718495677 0.68897599467998805 -0.20551638476457015 0.08337111676520742 0.44187252110437597 0.41201221787073367 -0.090436030386390906 0.30247317686664998 0.47455775017554624 -0.031474167708820451 0.39248399039069026 -0.071448805299339113 0.32178804205594452 -0.070511142777629973 0.037526087803339742 0.91206662000611771 0.42734724261129947 0.49919456156211955 -0.37153432961546284 -0.33050781284548725 0.19668628894215276 0.21353568696795711 -0.31223126301423054 0.095497561426290983 0.21824376836838333 0.28661129081780362 -0.19991427952188884 -0.19047839492903174 -0.21393524841839967 -0.1275679012815428 0.53108823668675542 0.4303136181929943 0.065974754716121978 0.04772372775362612 0.12512466339228598 0.34688767140846283 -0.28528020973467677 -0.25920914369035153 0.32218084691772636 0.16243616467070354 0.29659407057312376 -0.44380392901809684 0.20362992040979361 0.39630973170466188 0.35312064972623913 0.69215215724259838 0.4817364355910283 0.40947925440776045 0.51764464462931092 0.71752459348581654 0.091715723648718994 -0.021991124944625819 0.46427576494472594 0.6240165590396467 -0.40310366634582478 0.16537367397757197 -0.074017591615425746
leaf_weight=9925 837 643 2382 4700 3508 601 1466 1512 1780 833 2185 5168 310 1244 1880 765 3654 738 2106 1659 214 381 1242 3697 3173 2727 1307 3885 1579 350 1517 2942 1733 1210 881 770 392 3051 472 2919 776 2198 2288 2017 1296 326 2621 402 1296 755 1373 324 233 739 770 1802 1785 1220 423 2040 608 430
leaf_count=9925 837 643 2382 4700 3508 601 1466 1512 1780 833 2185 5168 310 1244 1880 765 3654 738 2106 1659 214 381 1242 3697 3173 2727 1307 3885 1579 350 1517 2942 1733 1210 881 770 392 3051 472 2919 776 2198 2288 2017 1296 326 2621 402 1296 755 1373 324 233 739 770 1802 1785 1220 423 2040 608 430
internal_value=-0.00028671 0.265215 -0.254986 0.399001 0.11806 -0.123861 0.513044 -0.393162 0.28705 0.200056 0.329099 -0.056946 0.0354138 0.451629 0.0737146 0.500733 -0.00967424 0.256217 -0.195675 0.123943 0.637222 0.319628 0.398773 -0.440898 -0.320049 0.20237 0.138533 -0.282378 0.162545 0.37593 0.278833 -0.157358 -0.124702 -0.111388 -0.0357953 0.623415 0.589568 0.105204 0.174729 0.142239 0.440075 -0.233477 -0.20904 0.368979 0.21211 0.437817 -0.401581 0.328297 0.358602 0.259505 0.614688 0.652286 0.581493 0.599919 0.642551 0.0442278 0.00833969 0.469949 0.505757 -0.358989 0.252017 -0.177317
internal_weight=108060 52908 55152 27712 25196 28299 13726 26853 13986 12647 10899 14650 12549 9187 8160 5569 7842 7276 13649 5371 4539 3339 5444 16243 10610 3937 3087 5397 3712 3618 2506 6781 3839 6808 4389 4325 2859 6280 3199 3229 3184 6868 4670 4202 2133 1570 6318 2048 1646 5455 2467 1697 2385 2152 1413 4188 2386 2408 1643 5213 2125 1640
internal_count=108060 52908 55152 27712 25196 28299 13726 26853 13986 12647 10899 14650 12549 9187 8160 5569 7842 7276 13649 5371 4539 3339 5444 16243 10610 3937 3087 5397 3712 3618 2506 6781 3839 6808 4389 4325 2859 6280 3199 3229 3184 6868 4670 4202 2133 1570 6318 2048 1646 5455 2467 1697 2385 2152 1413 4188 2386 2408 1643 5213 2125 1640
is_linear=0
shrinkage=0.05


Tree=4
num_leaves=63
num_cat=0
split_feature=0 12 15 11 11 12 12 12 13 12 12 11 12 7 13 13 13 7 12 12 32 12 5 11 7 12 7 32 5 11 16 20 5 11 6 6 11 28 13 12 12 16 16 20 9 28 13 7 9 20 32 14 13 25 14 24 29 32 14 14 32 14
split_gain=2.66762e+06 372078 356221 129192 59915.6 47921.5 35580.4 35359.2 31335.4 21170.3 17956.7 13632.6 13063.6 10276.3 9592.96 8823.09 8130.92 8025.34 7677.3 7388.58 6835.63 5750.5 5625 5531.5 5452.82 5398.69 5300.17 4618.43 4567.33 4501.95 4427.84 4578.24 4123.01 4458.58 4047.81 3940.01 3732.51 3651.73 3624.62 3454.18 3417.57 3385.94 3330.32 4291.46 3217.31 3193.44 3190.83 3166.82 2833.67 2739.21 2664.45 2750.16 2589.44 2553.56 2531.05 2501.89 2483.41 2482.35 3446.23 2473.89 2411.48 2285.49
threshold=1809.5000000000002 32.423055555555557 10.094097222222224 -2.4873611111111109 -1.6021527777777773 16.572777777777784 39.515625000000007 4.2378472222222232 5.7500000000000009 41.845902777777788 26.794791666666672 -1.216458333333333 24.585625000000004 0.31114254282571119 5.7500000000000009 -6.7499999999999991 -6.7499999999999991 0.8002668445630422 47.027222222222228 13.877500000000003 4.9290981624758237 42.380069444444452 10.500000000000002 -6.1859722222222215 0.025651992717860984 35.805486111111115 2.4701609457342264 6.1444878472222229 1.0000000180025095e-35 -0.3634722222222222 1.0000000180025095e-35 34.500000000000007 -13.499999999999998 -3.8121527777777771 0.85610548850443002 -4.5430655333932766 1.5005555555555559 0.59769353128313896 5.7500000000000009 48.401597222222229 29.195486111111116 1.0000000180025095e-35 1.0000000180025095e-35 58.500000000000007 6.5000000000000009 0.62221672439386455 5.7500000000000009 0.38284648915942449 6.5000000000000009 27.500000000000004 3.5121984394856836 45.750000000000007 -3.2499999999999996 35.500000000000007 45.750000000000007 2.5000000000000004 0.5621778350515465 5.2987072669977087 46.250000000000007 43.250000000000007 2.3000305250305253 46.250000000000007
decision_type=2 2 2 2 2 2 2 2 2 2 2 2 2 2 2 2 2 2 2 2 8 2 2 2 2 2 2 10 2 2 2 8 2 2 2 2 2 2 2 2 2 2 2 8 2 2 2 2 2 8 8 2 2 2 2 2 2 8 2 2 10 2
left_child=2 4 7 6 10 19 15 26 9 25 20 13 38 35 40 24 22 29 23 30 32 55 57 -8 53 -5 41 44 -18 -9 -4 -32 -2 48 -17 -7 47 59 -6 -11 -14 -1 -27 -44 -25 46 -13 52 -34 -43 51 -26 -21 -3 -24 -10 -57 58 -12 -36 -58 -50
right_child=1 3 5 8 12 11 18 17 21 39 16 45 14 -15 -16 34 28 -19 -20 36 -22 -23 54 27 50 42 -28 -29 -30 -31 31 -33 33 -35 37 -37 -38 -39 -40 -41 -42 49 43 -45 -46 -47 -48 -49 61 -51 -52 -53 -54 -55 -56 56 60 -59 -60 -61 -62 -63
leaf_value=-0.43181586834389735 0.37263912522109044 0.55379701748433929 -0.2488629131068609 0.22297039760569637 -0.010512833498532865 0.11920434940931834 0.60797680184772518 -0.24079643531412739 -0.027329807875063939 0.39981327388548188 0.44728599877279862 -0.09651969604556089 0.07604669074928111 -0.085209990422479259 -0.024825715266112811 0.39752987325215894 0.26093441495904079 -0.36733413922952085 0.68252754068571675 -0.043368969055422979 0.054814821403395247 0.24390759472824475 0.28446415956282328 0.50418261018672239 0.58529620832980489 0.26477316863713946 -0.46655000300212451 0.35545302196882655 0.15288753568221281 -0.31534984187788062 -0.0928708249069497 -0.20897214820975105 0.1457350159488883 0.10985626173898343 0.12229899876567235 0.01240514208975306 -0.2405763383047321 0.46201794577762484 -0.12552701248078491 0.53667371709172318 0.15262502835110545 -0.3025548284466697 0.41062966481546948 0.27525923970479432 0.6553857893524585 -0.012687964463989258 -0.18206666302807789 -0.17974403541907669 0.32674606721848254 -0.39379490365366265 0.32746852770027979 0.38474661629521445 -0.13450529977782974 0.37216317731679255 0.06109833185852484 0.054649897415862431 0.076381242696041005 0.26471702697534455 0.28702602766650659 0.29224617782200329 0.23452334868335967 0.14039861048804597
leaf_weight=4960 230 1518 4342 3302 3463 1155 2224 3707 360 2613 955 4838 4046 2591 1885 2099 1876 4144 1330 1425 2019 886 247 2231 291 2433 5136 458 2057 4530 1175 3084 731 2278 298 3415 779 239 853 573 2280 1112 1284 1097 434 853 1409 1599 652 3410 709 444 1723 232 261 870 408 549 530 780 593 223
leaf_count=4960 230 1518 4342 3302 3463 1155 2224 3707 360 2613 955 4838 4046 2591 1885 2099 1876 4144 1330 1425 2019 886 247 2231 291 2433 5136 458 2057 4530 1175 3084 731 2278 298 3415 779 239 853 573 2280 1112 1284 1097 434 853 1409 1599 652 3410 709 444 1723 232 261 870 408 549 530 780 593 223
internal_value=-0.000231273 0.253911 -0.242691 0.380281 0.114605 -0.119024 0.492763 -0.372711 0.276603 0.315313 0.191549 -0.054361 0.0371536 -0.00568111 0.0741692 0.410386 0.249627 -0.310477 0.57424 -0.184292 0.130202 0.136186 0.319373 0.547182 0.470283 0.272369 -0.425397 0.503707 0.204478 -0.281831 -0.213288 -0.176971 0.167177 0.154918 0.354261 0.0394172 -0.13913 0.28505 -0.0332677 0.424588 0.103667 -0.40306 0.3062 0.348402 0.529043 -0.103451 -0.115841 -0.122435 0.218726 -0.37143 0.397662 0.464835 -0.0932776 0.529944 0.170049 0.0933158 0.116531 0.356565 0.39032 0.245423 0.170206 0.279469
internal_weight=108228 52841 55387 27706 25135 28388 13287 26999 14419 11302 12608 14261 12527 7161 8211 6610 6475 12381 6677 14127 6133 3117 2542 5347 3194 8116 14618 3123 3933 8237 8601 4259 4114 3884 3416 4570 5526 1317 4316 3186 6326 9482 4814 2381 2665 7100 6247 4747 1606 4522 1444 735 3148 1750 508 2231 1871 2034 1485 1078 1001 875
internal_count=108228 52841 55387 27706 25135 28388 13287 26999 14419 11302 12608 14261 12527 7161 8211 6610 6475 12381 6677 14127 6133 3117 2542 5347 3194 8116 14618 3123 3933 8237 8601 4259 4114 3884 3416 4570 5526 1317 4316 3186 6326 9482 4814 2381 2665 7100 6247 4747 1606 4522 1444 735 3148 1750 508 2231 1871 2034 1485 1078 1001 875
is_linear=0
shrinkage=0.05


Tree=5
num_leaves=63
num_cat=0
split_feature=12 12 12 13 13 12 12 12 12 13 12 12 13 13 7 13 17 20 7 13 6 8 14 16 13 12 20 7 5 12 13 13 8 8 28 29 32 12 29 16 13 7 13 6 12 18 32 7 13 14 32 20 14 8 0 32 32 28 20 32 13 7
split_gain=2.38622e+06 340073 325708 95755.9 56816.5 44283.2 36497.5 31868.6 30507.5 25221.9 15884.4 14492.8 13556.6 10638.3 10417.2 8198.43 8029.75 8040.14 7847.06 7736.88 7416.55 7399.12 6983.9 5497.01 5461.01 5300.04 5070.55 4695.23 4391.45 4151 3921.84 3757.59 3562.27 3516.78 3463.09 3544.9 3443.03 3244.24 3190.98 3180.67 3105.62 4139.57 3101.37 3066.78 2944.16 2915.53 2904.16 2865.59 2836.36 3211.66 3162.61 2771.12 2705.05 2680.12 2676.83 2641.44 2577.6 2425.85 2353.51 2215.16 2208.51 2206.2
threshold=22.800277777777779 11.198402777777778 34.210555555555565 -2.7499999999999996 -2.2499999999999996 6.0184722222222247 18.036180555555557 28.998958333333338 42.380069444444452 5.7500000000000009 27.667777777777783 41.845902777777788 -2.7499999999999996 -6.7499999999999991 0.2201546362010271 -6.7499999999999991 1.0000000180025095e-35 32.500000000000007 1.4712464866360944 5.7500000000000009 -1.876647415292011 1.0000000180025095e-35 55.750000000000007 1.0000000180025095e-35 -6.7499999999999991 2.1020833333333333 34.500000000000007 0.15509243240276524 -13.499999999999998 40.186041666666675 5.7500000000000009 5.7500000000000009 2.5000000000000004 9.5000000000000018 0.58098171701112888 0.5953463203463204 5.9812281468531472 14.286875000000004 0.54836823020236303 1.0000000180025095e-35 -1.0000000180025095e-35 0.42573410667065253 -6.7499999999999991 4.3059390490884519 47.027222222222228 1.0000000180025095e-35 4.7407620754394957 0.053499778265808949 -6.7499999999999991 45.750000000000007 4.3603496206174785 34.500000000000007 43.750000000000007 9.5000000000000018 1965.5000000000002 5.638998363459522 7.734431367243868 0.61869703389830522 32.500000000000007 2.9585076441573155 1.0000000180025095e-35 0.56751140548773749
decision_type=2 2 2 2 2 2 2 2 2 2 2 2 2 2 2 2 2 8 2 2 2 2 2 2 2 2 10 2 2 2 2 2 2 2 2 2 8 2 2 2 2 2 2 2 2 10 8 2 2 2 8 10 2 2 2 8 10 2 10 10 2 2
left_child=1 5 4 8 7 18 16 14 13 11 31 33 20 21 24 27 17 45 25 53 55 46 32 61 54 -1 -25 -9 -26 -11 -14 57 -10 34 35 60 47 -18 -23 -27 41 -19 -22 56 -13 -3 -4 -15 49 50 -16 -41 -49 58 -2 -8 -17 -6 -12 -55 -5 -7
right_child=2 6 3 9 10 23 12 15 22 29 19 44 30 36 48 43 37 40 -20 -21 42 38 -24 26 28 39 -28 -29 -30 -31 -32 -33 -34 -35 -36 -37 -38 -39 -40 51 -42 -43 -44 -45 -46 -47 -48 52 -50 -51 -52 -53 -54 59 -56 -57 -58 -59 -60 -61 -62 -63
leaf_value=-0.40411647048265947 0.17077406493719213 -0.17938581087464997 0.61382444000266201 0.2946163514188927 0.0021525924687152871 -0.27277886979503124 0.1390198247461068 0.40409608987713075 0.59477700332510242 0.079180532423186401 0.22450554173465331 0.37243860083576341 -0.0658896188886849 0.42835668755089867 0.29927012803267222 0.28085082824089153 -0.22410036653759666 -0.079648173216787133 -0.43092971243748757 0.0083777291730267236 0.027859043958831903 0.34035609019693952 0.86527044748718096 -0.15683141273363488 0.29841328305633447 -0.36957193551831868 -0.26076167555466745 0.25318223217104968 0.12014366739139939 0.20401114759143968 -0.16254335685427918 -0.076290039660398365 0.46511132914426645 0.13452145054573769 0.35490792016406308 0.35445816451680612 0.29286581584265536 -0.15644883037192125 0.47566310737581069 -0.22442277044935344 -0.19389197461654428 -0.20109542102012787 -0.054439469738891633 0.17089729114759267 0.48118481342940345 -0.0026800046851222876 0.47306677116760731 0.18327275227847328 0.011948882876425964 0.044088700512068327 0.065117980021022967 -0.32803838167362082 0.36974423172062604 0.13261479849067345 0.28072036230792458 -0.0037533655384933196 0.09794145817604831 0.12995695144180028 0.13296185859043849 -0.0031212893151766675 0.20538398736893981 -0.33712765089755981
leaf_weight=4735 997 270 1080 1036 4127 3367 1331 1555 3222 1334 1018 2301 4647 2399 333 2389 3387 2361 7293 1550 2129 781 219 1718 379 3169 3746 782 3871 1333 1356 1560 661 451 1208 768 1064 3749 1033 916 2058 999 2474 1268 878 1684 591 242 1616 800 255 2274 1060 702 1265 428 211 407 2289 525 2156 2262
leaf_count=4735 997 270 1080 1036 4127 3367 1331 1555 3222 1334 1018 2301 4647 2399 333 2389 3387 2361 7293 1550 2129 781 219 1718 379 3169 3746 782 3871 1333 1356 1560 661 451 1208 768 1064 3749 1033 916 2058 999 2474 1268 878 1684 591 242 1616 800 255 2274 1060 702 1265 428 211 407 2289 525 2156 2262
internal_value=-0.000557074 -0.225631 0.244697 0.380501 0.128753 -0.3429 -0.0969775 0.191551 0.4771 0.276397 0.0476766 0.317231 -0.0338557 0.421571 0.134042 0.27971 -0.150769 -0.114143 -0.390511 0.104821 0.0169993 0.488122 0.58865 -0.263954 0.169571 -0.363905 -0.228118 0.353728 0.136108 0.141626 -0.0877459 -0.00938153 0.57283 0.268861 0.280556 0.257791 0.372806 -0.188586 0.417628 -0.333903 -0.145497 -0.115806 -0.0163766 0.23491 0.402615 -0.0271761 0.564354 0.395702 0.0569926 0.109389 0.198008 -0.298365 0.335252 0.137782 0.232357 0.104298 0.26605 0.0136512 0.161201 0.0745818 0.234429 -0.298693
internal_weight=108069 56353 51716 23817 27899 29480 26873 15721 12352 11465 12178 8798 12365 8250 9516 6205 14508 7372 18387 6084 6362 3485 4102 11093 6512 11094 5464 2337 4250 2667 6003 6094 3883 5619 5168 3960 4765 7136 1814 6359 5418 3360 4603 3868 3179 1954 1671 3701 3004 1388 588 3190 1302 4534 2262 1759 2600 4534 3307 1227 3192 5629
internal_count=108069 56353 51716 23817 27899 29480 26873 15721 12352 11465 12178 8798 12365 8250 9516 6205 14508 7372 18387 6084 6362 3485 4102 11093 6512 11094 5464 2337 4250 2667 6003 6094 3883 5619 5168 3960 4765 7136 1814 6359 5418 3360 4603 3868 3179 1954 1671 3701 3004 1388 588 3190 1302 4534 2262 1759 2600 4534 3307 1227 3192 5629
is_linear=0
shrinkage=0.05


Tree=6
num_leaves=63
num_cat=0
split_feature=12 15 12 11 11 12 12 12 12 13 11 12 12 11 7 7 7 11 13 13 7 11 8 13 13 32 16 32 20 11 32 7 12 28 7 0 27 20 12 20 11 32 8 20 6 13 28 29 32 13 32 29 7 29 32 0 29 28 6 13 12 32
split_gain=2.18576e+06 320914 282038 90879.6 55802.4 50427.8 24841.7 24553.2 20073.8 18800 16114.8 14768.2 10155.6 9801.74 9496.22 8828.22 8103.74 7511.78 7282.64 6815.27 6502.42 9370.49 5287.23 5811.9 4871.81 4691.63 4496.77 4165.01 3980.06 3810.91 3771.86 3655.57 3575.11 3421.96 3161.34 3094.27 3066.24 3023.19 3003.85 2982.28 2870.52 2860.81 2831.54 2764.82 2690.42 2934.29 2589.37 2581.56 2568.92 2557.47 4281.7 2540.45 2534.43 3079.7 3304.88 2438.3 2424.25 2411.14 2298.42 2290.66 2269.83 2254.93
threshold=23.039305555555561 9.7106250000000021 34.825486111111111 -2.1540972222222217 -1.7447222222222221 16.367222222222225 29.991666666666671 3.3668055555555561 42.93909722222223 5.7500000000000009 -1.3017361111111108 29.195486111111116 42.639513888888892 -6.0198611111111102 0.21482826540227076 0.16930932850719091 1.2740727149220581 -4.8039583333333322 5.7500000000000009 4.2500000000000009 0.39438934345597004 -0.6726388888888889 1.0000000180025095e-35 -6.7499999999999991 5.7500000000000009 5.165722480334904 1.0000000180025095e-35 5.8681222251052301 34.500000000000007 -3.2536111111111108 4.796771638872614 0.40361406229758967 50.363750000000003 0.58295107033639149 2.4701609457342264 1850.5000000000002 1.0400176843395486 33.500000000000007 42.380069444444452 23.500000000000004 -3.4263888888888885 5.6718972719353831 1.0000000180025095e-35 18.500000000000004 -3.3972210826450895 -6.7499999999999991 0.61052101967799655 0.55366743471582192 2.8731142558801905 -3.7499999999999996 4.3002850833223745 0.57241609458428688 0.032546788399089956 0.56833748443337495 6.4549305555555563 2453.5000000000005 0.49152298850574716 0.5380090809025867 -2.8277641257977959 5.7500000000000009 47.027222222222228 7.2424801806618175
decision_type=2 2 2 2 2 2 2 2 2 2 2 2 2 2 2 2 2 2 2 2 2 2 2 2 2 8 2 8 10 2 8 2 2 2 2 2 2 8 2 8 2 10 2 8 2 2 2 2 8 2 8 2 2 2 10 2 2 2 2 2 2 8
left_child=1 7 4 8 6 20 14 34 13 12 15 19 46 42 22 29 26 30 33 31 21 44 25 35 52 -2 -9 37 -28 51 55 39 49 -13 -1 -24 -32 -15 -11 -6 -17 -19 -4 -16 61 -46 -5 -44 60 58 -51 57 53 -12 -55 -8 -54 -7 -10 -23 -14 -3
right_child=2 5 3 9 11 10 17 16 32 38 24 18 48 27 43 40 -18 41 -20 -21 -22 59 23 -25 -26 -27 28 -29 -30 -31 36 -33 -34 -35 -36 -37 -38 -39 -40 -41 -42 -43 47 -45 45 -47 -48 -49 -50 50 -52 -53 56 54 -56 -57 -58 -59 -60 -61 -62 -63
leaf_value=-0.37184271611960468 0.37593212636145479 -0.015673421770717563 0.53455929583000938 0.25011610433122761 0.14109877934697704 0.2179798065164075 0.28075928310505471 -0.3053076648757112 0.72213134637291221 0.10205493533931929 -0.080714157662240188 0.13727274123734864 0.38398998440008802 0.47731285927743139 0.19750106862386463 0.0052376638550019443 -0.35866902960467467 0.26237975063029689 0.025622251809410818 -0.048628543908825567 -0.21750787763443619 -0.17261706420866552 0.11043230863568304 0.11875681671833012 -0.16253326048993155 0.13694082190764775 -0.16955391626124366 0.29641722819809291 -0.26656086861466116 0.023508085699205969 0.33237232716706022 -0.062903540946829775 0.68402700565289709 0.24678552884357396 -0.42451730226275591 0.26159924343747343 0.10966515389995442 0.37676993044052387 0.21589331888256105 0.046963647896691121 -0.084069181518057992 0.14348810908768458 0.35683835821294768 0.051376831217367691 -0.054986631151443678 -0.15912607192466272 0.37473983375822528 0.50187268123254791 0.32952144164510977 0.53892202268440081 0.33275889627312139 0.23570134536425275 0.041382676557722417 0.048287413819475745 -0.14229033916989076 0.44405914710630495 -0.11699935564605046 0.040919395958178874 0.55015567522967979 -0.24821656811391077 0.52623414391869905 -0.19515415432282013
leaf_weight=7838 617 1311 1671 4876 1016 253 298 4909 226 1632 2176 3255 833 1011 377 1505 3597 2753 1295 2332 4961 3702 431 2789 1853 310 1504 1242 3623 2810 561 636 479 916 4611 1614 215 3110 901 4886 2236 625 597 2265 1057 1885 460 668 1148 827 372 374 263 1212 279 1094 2908 794 2130 1385 443 201
leaf_count=7838 617 1311 1671 4876 1016 253 298 4909 226 1632 2176 3255 833 1011 377 1505 3597 2753 1295 2332 4961 3702 431 2789 1853 310 1504 1242 3623 2810 561 636 479 916 4611 1614 215 3110 901 4886 2236 625 597 2265 1057 1885 460 668 1148 827 372 374 263 1212 279 1094 2908 794 2130 1385 443 201
internal_value=0.000783483 -0.211183 0.23913 0.370708 0.133867 -0.102879 0.205061 -0.340586 0.462261 0.260975 -0.0435402 0.0645852 0.299586 0.417656 0.150822 0.00780035 -0.294172 0.287199 0.129224 0.0247423 -0.171053 -0.146877 0.186816 0.165775 -0.0906289 0.296244 -0.271023 0.377259 -0.238143 0.0572701 0.359923 0.0509159 0.5539 0.161376 -0.391385 0.229809 0.270889 0.401546 0.142617 0.0631897 -0.0481493 0.240431 0.491292 0.0722949 -0.0938883 -0.121742 0.260928 0.433762 0.384543 0.536179 0.475289 0.12397 -0.0711229 -0.0427981 0.0125545 0.409326 -0.103854 0.0838719 0.566952 -0.193245 0.433748 -0.0396462
internal_weight=108158 57247 50911 22626 28285 31165 13949 26082 12333 10293 16663 14336 7760 8299 8403 7972 13633 5546 5466 8870 14502 9541 5761 4834 8691 927 10036 5363 5127 4231 2168 6538 4034 4171 12449 2045 776 4121 2533 5902 3741 3378 2936 2642 4454 2942 5336 1265 2424 3555 1199 1421 6838 3667 1491 1392 3171 1047 2356 5087 1276 1512
internal_count=108158 57247 50911 22626 28285 31165 13949 26082 12333 10293 16663 14336 7760 8299 8403 7972 13633 5546 5466 8870 14502 9541 5761 4834 8691 927 10036 5363 5127 4231 2168 6538 4034 4171 12449 2045 776 4121 2533 5902 3741 3378 2936 2642 4454 2942 5336 1265 2424 3555 1199 1421 6838 3667 1491 1392 3171 1047 2356 5087 1276 1512
is_linear=0
shrinkage=0.05


Tree=7
num_leaves=63
num_cat=0
split_feature=0 15 15 13 13 15 15 15 15 13 15 13 13 13 7 15 13 16 20 15 7 14 7 8 17 32 17 13 16 20 20 13 8 28 8 13 15 17 6 15 28 13 32 6 32 18 7 10 20 29 29 13 7 32 14 14 20 28 13 32 14 32
split_gain=1.96883e+06 278482 258917 72059.2 59782.5 35047.2 33952.8 27876.9 22757.2 18272.9 17067.2 9603.61 9229.74 8342.4 7884.07 7883.18 7265.51 7194.06 9134.86 6729.8 6538.1 5998.11 5528.21 4976.41 4829.8 4590.14 4404.73 4400.11 4326.27 4811.34 4088.13 3983.99 3892.46 3642.03 3439.77 3498.63 3227.47 3193.09 3180.21 3117.55 2759.65 2758.87 2692.93 2906.92 2672.23 2607.16 2601.78 2588.08 2525.96 2521.03 2464.7 2451.05 3005.51 2444.84 2727.68 2994.66 2349.23 2322.92 2557.01 2299.21 2271.75 3362.71
threshold=1809.5000000000002 35.805486111111115 11.000416666666668 -2.7499999999999996 -2.7499999999999996 28.799166666666668 6.0184722222222229 18.036180555555561 27.667777777777783 4.2500000000000009 42.380069444444452 5.7500000000000009 -2.7499999999999996 -6.7499999999999991 0.14522403124000946 42.639513888888892 -6.7499999999999991 1.0000000180025095e-35 34.500000000000007 1.6361805555555557 0.33788087055695853 55.750000000000007 0.025651992717860984 1.0000000180025095e-35 1.0000000180025095e-35 5.2987072669977087 1.0000000180025095e-35 5.7500000000000009 1.0000000180025095e-35 34.500000000000007 55.500000000000007 -6.7499999999999991 2.5000000000000004 0.58295107033639149 2.5000000000000004 -10.749999999999998 45.641111111111123 1.0000000180025095e-35 0.90928845976456329 14.287638888888891 0.60733486943164372 -6.2499999999999991 5.8340857198141114 -4.5430655333932766 5.2624491016922095 1.0000000180025095e-35 -0.37290466066756695 29.500000000000004 57.500000000000007 0.60262133699633702 0.5621778350515465 -1.2499999999999998 0.35563967845135153 5.5764183826683835 43.750000000000007 41.750000000000007 53.500000000000007 0.63583601717659699 6.2500000000000009 4.7676282051282062 45.750000000000007 4.4643790818947915
decision_type=2 2 2 2 2 2 2 2 2 2 2 2 2 2 2 2 2 2 8 2 2 2 2 2 2 8 2 2 2 10 10 2 2 2 2 2 2 2 2 2 2 2 8 2 10 10 2 2 8 2 2 2 2 8 2 2 8 2 2 8 2 8
left_child=2 4 6 10 5 14 19 17 27 15 16 33 20 22 25 24 23 39 45 -1 42 38 44 59 48 34 30 37 -21 -30 -8 47 -15 49 -2 -36 50 56 -12 -4 53 -27 43 -9 -7 -19 -37 -16 -5 -10 -11 52 -20 54 55 -34 -6 58 -14 -3 61 -24
right_child=1 3 7 9 8 13 26 12 11 36 21 -13 57 32 31 -17 -18 18 51 28 -22 -23 60 -25 -26 41 -28 -29 29 -31 -32 -33 40 -35 35 46 -38 -39 -40 -41 -42 -43 -44 -45 -46 -47 -48 -49 -50 -51 -52 -53 -54 -55 -56 -57 -58 -59 -60 -61 -62 -63
leaf_value=-0.39197193679119752 0.3042765956886701 0.57240207726476455 -0.20701535403032587 0.37284058024068323 0.093765304780325076 0.43914236831784453 -0.17325934971592322 0.15372911841136716 0.1081000289502479 0.066057603174870444 0.53517892063324368 0.015141059468960626 -0.073716145581498041 0.30453824762917098 0.10155033408306186 0.37965344621399905 0.35496210689494306 -0.15891789127127981 -0.073732039400455349 -0.35744210629892104 -0.067150875393598805 0.78779500593775764 0.40819042637171049 0.39074703893877472 0.21477203331516229 0.16786461123738045 -0.27352179794353965 -0.079013059931289709 -0.22220622378888955 -0.32729739077481362 -0.26223701377374031 0.019381825172946357 0.2243415266186406 0.21390580074425111 0.32974296944693055 0.32717458562545698 0.27174149052732804 -0.027517520154164407 0.40658446208916327 -0.14264104471671277 0.31941702889553902 0.031032158639705317 -0.028981484637363886 0.039868126174455953 0.26827397265125058 0.004578947162151098 0.14221052284475927 0.28939743086713671 0.26588548178359439 0.20801620941334265 0.17231693841655693 -0.17951904425027643 -0.17879709112484643 0.092784284725422994 0.23867385711928188 -0.0030875788617048426 0.0075357113281306195 0.030197416341931828 -0.16218326911402631 0.43851876489019825 0.20729351481189645 0.21834857164938964
leaf_weight=6943 607 956 3682 1129 1465 1172 3244 749 4300 839 3398 1913 3985 1200 1638 2516 3704 280 1957 6247 1927 218 529 1312 2155 659 5186 1642 1577 3598 2158 1890 292 1406 323 205 530 2585 581 3873 415 835 927 2224 292 1843 2591 206 1113 741 1570 2245 1045 616 1634 286 1713 422 1028 517 758 425
leaf_count=6943 607 956 3682 1129 1465 1172 3244 749 4300 839 3398 1913 3985 1200 1638 2516 3704 280 1957 6247 1927 218 529 1312 2155 659 5186 1642 1577 3598 2158 1890 292 1406 323 205 530 2585 581 3873 415 835 927 2224 292 1843 2591 206 1113 741 1570 2245 1045 616 1634 286 1713 422 1028 517 758 425
internal_value=0.000171642 0.218158 -0.208865 0.36214 0.126707 0.19301 -0.311905 -0.0949341 0.0569979 0.264552 0.452078 0.113531 -0.0355415 0.271833 0.125916 0.308959 0.401098 -0.139745 -0.104572 -0.353029 0.00817462 0.530784 0.333778 0.462309 0.26843 0.165596 -0.240547 -0.00683265 -0.329325 -0.295322 -0.208846 0.0704143 0.227487 0.142719 0.19529 0.173989 0.160032 0.0137432 0.516509 -0.174038 0.198891 0.0914606 0.0454008 0.0685956 0.405268 -0.0170491 0.155884 0.122681 0.319887 0.122826 0.135352 -0.139975 -0.110353 0.181098 0.205638 0.111996 0.047303 -0.0824035 -0.0918865 0.525741 0.272442 0.323934
internal_weight=108016 52876 55140 20538 32338 16573 28953 26187 15765 9852 10686 8360 11262 7619 8954 6913 6489 14925 7370 18365 5827 4197 3176 2785 4397 5220 10588 7405 11422 5175 5402 3734 4443 6447 3726 3119 2939 5763 3979 7555 3243 1494 3900 2973 1464 2123 2796 1844 2242 5041 2409 5247 3002 2828 2212 578 3178 5435 5013 1473 1712 954
internal_count=108016 52876 55140 20538 32338 16573 28953 26187 15765 9852 10686 8360 11262 7619 8954 6913 6489 14925 7370 18365 5827 4197 3176 2785 4397 5220 10588 7405 11422 5175 5402 3734 4443 6447 3726 3119 2939 5763 3979 7555 3243 1494 3900 2973 1464 2123 2796 1844 2242 5041 2409 5247 3002 2828 2212 578 3178 5435 5013 1473 1712 954
is_linear=0
shrinkage=0.05


Tree=8
num_leaves=63
num_cat=0
split_feature=12 12 12 11 11 12 12 12 12 13 12 12 11 7 7 7 11 13 7 11 13 13 14 7 32 14 32 12 32 5 11 13 30 13 13 16 20 30 7 7 6 6 7 11 32 30 7 16 5 16 29 28 25 13 30 20 7 14 11 7 7 30
split_gain=1.75835e+06 276347 215551 76209.5 45041.6 31965.7 23851.1 18441.8 17768.9 17616.7 11233.6 10952.8 10776.6 8830.71 7082.33 6204.87 6087.59 5730.61 5497.6 6019.53 5210.46 5175.02 5118.39 5021.71 4856.73 4432.18 3868.58 3732.19 3575.4 3506.85 3477.38 3466.71 5670.42 3432.27 3287.52 3166.29 3422.53 3156.4 3028.07 2976.35 2955.98 2867.04 2822.72 2811.12 2573.13 2560.34 2481.42 2453.19 2419.37 2414.62 2395.25 2351.78 2346.58 2338.98 2306.9 2370.86 2231 2213.39 2186.98 2227.19 2129.3 2440.29
threshold=21.854722222222225 33.434444444444452 9.2956944444444467 -2.1540972222222217 -1.7081249999999999 14.900763888888891 40.186041666666675 25.465138888888895 3.3668055555555561 5.7500000000000009 38.661041666666669 26.960555555555562 -1.0809722222222218 0.31114254282571119 0.10304114542921276 1.2740727149220581 -5.2163888888888872 4.2500000000000009 -0.055718930293125891 -0.59993055555555541 5.7500000000000009 -6.2499999999999991 56.250000000000007 0.041536868943438554 4.8302887390460212 48.750000000000007 4.2439889756066238 45.641111111111123 5.9432523997741393 1.0000000180025095e-35 -4.2122222222222208 -3.7499999999999996 7.5000000000000009 5.7500000000000009 -5.2499999999999991 1.0000000180025095e-35 54.500000000000007 10.500000000000002 0.041536868943438554 0.1331501652827442 -6.2053404418188718 -6.4388361609007818 2.843922844029827 -2.9462499999999996 2.2364455552335882 3.5000000000000004 0.1175757012777368 1.0000000180025095e-35 6.5000000000000009 1.0000000180025095e-35 0.60822072072072075 0.61052101967799655 44.500000000000007 -4.2499999999999991 9.5000000000000018 64.500000000000014 -0.085156713195950071 45.750000000000007 -4.3047222222222219 -0.13446454642623004 -0.072043228820751662 12.500000000000002
decision_type=2 2 2 2 2 2 2 2 2 2 2 2 2 2 2 2 2 2 2 2 2 2 2 2 8 2 8 2 8 2 2 2 10 2 2 2 10 8 2 2 2 2 2 2 8 10 2 2 2 2 2 2 2 2 8 10 2 2 2 2 2 8
left_child=2 4 8 6 7 18 16 24 42 10 -5 20 13 28 21 35 29 48 19 -4 44 52 23 31 39 49 34 -12 43 -3 -16 41 -33 38 -23 -10 -37 58 -14 -2 -36 -8 47 -7 45 -6 -26 -1 50 -11 60 -19 54 -28 55 -9 -46 -41 -18 -60 -13 -62
right_child=1 3 5 9 11 12 22 14 15 25 27 17 33 -15 30 -17 37 51 -20 -21 -22 26 -24 -25 46 -27 53 -29 -30 -31 -32 32 -34 -35 40 36 -38 -39 -40 57 -42 -43 -44 -45 56 -47 -48 -49 -50 -51 -52 -53 -54 -55 -56 -57 -58 -59 59 -61 61 -63
leaf_value=-0.36153869184347492 0.15854732179813602 0.43405620622849511 -0.066227877186729761 0.19981101395812373 0.040180667072110765 0.10122120266805711 0.69172566015725945 0.43386996388031068 -0.27785935792176164 0.026470386363773659 0.28785036940179565 0.068653517421143659 -0.054246121460179014 -0.091161601963192618 0.20093921361679074 -0.32671102864991025 0.24266994668752406 -0.0063958843730298033 -0.19758300428507861 -0.17549347426457787 -0.081010757636480191 0.10051459426366437 0.71172511449484066 0.36580217978223012 0.074502174611891223 0.21642624526307463 0.2207913646186456 0.39155829436430856 -0.056547807451014301 0.32742784205282277 0.10484059435569551 0.47800920977580658 0.27120337536970168 -0.16615590633182176 0.42059334856249503 -0.18132338966792455 -0.26671768144792263 0.21156692893028595 -0.12614158980685206 0.12412777730910858 0.236586725841127 0.4993224971190442 -0.38603325542627487 0.011280352529085109 0.039460487730489636 0.22282022420281114 -0.049975120995991995 -0.30606592722732778 0.053745636572207878 0.13564287623001059 0.23660193422576881 0.17312609686933716 0.23780543991584505 0.065438259738720542 0.23315827343515136 0.2579558073893084 -0.037309059595217658 0.0044676638343772992 0.46838725427022343 0.32346403708902338 0.18595748502941939 0.031493873747822365
leaf_weight=4332 1815 1825 2161 4075 2491 1298 213 644 4511 1066 3656 1257 3294 2914 1728 3416 726 1800 7206 3030 1720 358 213 1153 764 815 366 1152 1232 1374 2077 1263 456 1739 267 2660 2119 884 2640 769 1240 3224 4318 2624 1506 207 839 3817 1255 965 496 202 1085 717 380 281 2543 776 311 2044 1297 319
leaf_count=4332 1815 1825 2161 4075 2491 1298 213 644 4511 1066 3656 1257 3294 2914 1728 3416 726 1800 7206 3030 1720 358 213 1153 764 815 366 1152 1232 1374 2077 1263 456 1739 267 2660 2119 884 2640 769 1240 3224 4318 2624 1506 207 839 3817 1255 965 496 202 1085 717 380 281 2543 776 311 2044 1297 319
internal_value=-9.14094e-05 0.199304 -0.20436 0.319856 0.0943671 -0.109259 0.400015 0.1586 -0.310654 0.226295 0.260982 0.0343281 -0.0619587 -0.0216089 0.20072 -0.268987 0.336927 0.0824714 -0.169308 -0.130028 -0.00335262 0.237891 0.469252 0.460955 0.0809804 0.117976 0.193429 0.312775 0.0177253 0.388375 0.148524 0.482158 0.423339 -0.104377 0.237089 -0.247728 -0.219235 0.29533 -0.0862478 0.115136 0.269445 0.511444 -0.353095 0.0410648 0.0164537 0.0542708 0.00936101 -0.335596 0.113062 0.0783833 0.135136 0.0117951 0.292631 0.118095 0.337996 0.380766 -0.00875242 0.0640684 0.319287 0.342793 0.117542 0.155505
internal_weight=107925 54614 53311 25415 29199 28138 13686 14106 25173 11729 8883 15093 15741 8068 9143 12706 7164 6626 12397 5191 8467 5338 6522 6309 4963 2846 2948 4808 5154 3199 3805 5156 1719 7673 1865 9290 4779 3965 5934 3360 1507 3437 12467 3922 6747 2698 1603 8149 4624 2031 3369 2002 2390 1083 1305 925 4049 1545 3081 2355 2873 1616
internal_count=107925 54614 53311 25415 29199 28138 13686 14106 25173 11729 8883 15093 15741 8068 9143 12706 7164 6626 12397 5191 8467 5338 6522 6309 4963 2846 2948 4808 5154 3199 3805 5156 1719 7673 1865 9290 4779 3965 5934 3360 1507 3437 12467 3922 6747 2698 1603 8149 4624 2031 3369 2002 2390 1083 1305 925 4049 1545 3081 2355 2873 1616
is_linear=0
shrinkage=0.05


Tree=9
num_leaves=63
num_cat=0
split_feature=12 12 15 11 11 12 12 13 12 12 12 11 5 12 7 5 12 13 7 7 13 32 14 11 7 20 32 12 11 11 13 9 13 28 20 16 20 13 7 31 32 20 16 17 20 11 13 32 16 13 16 10 27 20 14 16 30 14 8 30 20 32
split_gain=1.61089e+06 267397 179055 82457.2 33218.5 29548.9 25100.7 21130.4 14971 12913.4 12901.3 9627.8 8348.59 7742.2 6917.08 6783.48 5911.05 5610 4958.79 4636.41 4579.58 4130.56 4062.4 3553.81 5860.51 3517.69 3348.33 3132.67 3103.59 3092.45 3085.85 2995.56 2938.1 2910.56 2823.58 2813.46 3826.18 2795.35 2764.7 2730.11 4703.53 2715.77 2726.25 2654.59 3869.03 2629.66 2549.48 2468.34 2467.16 2453.22 2429.74 2399.84 2369.2 2352.55 2027.21 1987.91 1954.36 2000.82 1946.59 2471.15 1911.07 1894.03
threshold=21.450138888888894 31.605833333333337 8.6873611111111124 -2.4873611111111109 -1.4297222222222219 13.877500000000003 39.515625000000007 5.7500000000000009 38.661041666666669 3.3668055555555561 26.794791666666672 -1.0809722222222218 4.5000000000000009 25.013611111111114 0.1331501652827442 1.0000000180025095e-35 46.049166666666672 -6.7499999999999991 0.83223000141669579 0.11250879043600563 4.2500000000000009 7.7877498780531873 48.750000000000007 -0.59993055555555541 0.23335278101905876 28.500000000000004 5.106690730743594 45.251666666666672 -3.5299305555555556 -6.3481249999999987 5.7500000000000009 6.5000000000000009 -6.2499999999999991 0.63974541429475018 30.500000000000004 1.0000000180025095e-35 46.500000000000007 -5.7499999999999991 0.32523715562426692 1.0000000180025095e-35 2.2855168708360201 41.500000000000007 1.0000000180025095e-35 1.0000000180025095e-35 14.500000000000002 -8.5165277777777764 7.7500000000000009 4.2439889756066238 1.0000000180025095e-35 8.2500000000000018 1.0000000180025095e-35 29.500000000000004 1.0391735838081351 29.500000000000004 52.250000000000007 1.0000000180025095e-35 10.500000000000002 43.250000000000007 2.5000000000000004 8.5000000000000018 51.500000000000007 6.696107792925015
decision_type=2 2 2 2 2 2 2 2 2 2 2 2 2 2 2 2 2 2 2 2 2 8 2 2 2 10 8 2 2 2 2 2 2 2 8 2 8 2 2 2 8 10 2 2 8 2 2 8 2 2 2 2 2 10 2 2 10 2 2 8 10 10
left_child=2 4 9 6 10 23 15 8 35 38 14 12 25 30 21 17 29 60 48 32 43 34 39 24 -4 -7 45 -10 51 58 -6 56 -12 41 50 -5 -37 -28 55 40 -9 42 -13 44 -15 -17 -24 -34 -11 -41 -2 -16 -23 -50 -21 -1 57 -31 59 -8 -3 -30
right_child=1 3 5 7 13 11 16 22 27 18 19 33 -14 20 28 26 -18 -19 -20 54 -22 52 46 -25 -26 -27 37 -29 61 31 -32 -33 47 -35 -36 36 -38 -39 -40 49 -42 -43 -44 -45 -46 -47 -48 -49 53 -51 -52 -53 -54 -55 -56 -57 -58 -59 -60 -61 -62 -63
leaf_value=-0.34095229006547151 0.12731636700559745 0.46937984857872855 -0.09704639565805713 0.15737245517582163 -0.011604512973831239 0.09135492143438452 0.54976470299799451 -0.13942608834125356 0.27860850785828783 -0.26776574757840044 0.2702650584963206 -0.12094237936116869 -0.08618907007941029 0.31601430385815149 0.055711233999164347 0.41278829982231607 0.52611963344595336 0.3028642348133897 -0.30559204383629623 0.1438989171786865 -0.013032416797062947 0.071659503730844301 0.24676685892107486 -0.20550006470483267 -0.19494319495975246 -0.012076754131290985 0.24068928741363763 0.3649389718603524 0.0057241557357007302 0.26445251893869026 -0.099236269871619098 0.50241003071511303 0.2189636908739884 0.010587129866083463 0.12060344673301913 0.28532492916645275 0.17576436701855894 0.064760723470974321 -0.35937745493266615 0.071058820756053548 0.070842631717501145 -0.14129387945385327 -0.027137019018741149 0.036300960494297728 0.092490470992852222 0.26769290684926522 0.069368389943399542 0.10612518163029008 -0.14089371697219508 0.2977538892139609 0.29759027659352022 0.21798904539539468 -0.13748156057012764 -0.23202588550372211 0.010378467119916017 -0.28368199175808978 0.260083172988051 0.40372970116373036 0.38113077883082891 0.41178257871818336 0.36601907128960098 -0.15592984251014078
leaf_weight=3042 375 972 2834 3362 4411 1105 902 320 4075 3484 1460 1835 3946 212 1498 385 1776 2287 4218 2020 2119 414 600 5435 3328 3201 702 1437 1759 310 1300 477 1325 473 3115 1398 1873 334 6300 282 1551 4687 1341 2197 2155 1753 307 769 951 207 481 268 200 2846 331 3137 389 1811 495 538 885 201
leaf_count=3042 375 972 2834 3362 4411 1105 902 320 4075 3484 1460 1835 3946 212 1498 385 1776 2287 4218 2020 2119 414 600 5435 3328 3201 702 1437 1759 310 1300 477 1325 473 3115 1398 1873 334 6300 282 1551 4687 1341 2197 2155 1753 307 769 951 207 481 268 200 2846 331 3137 389 1811 495 538 885 201
internal_value=-0.00025796 0.185875 -0.200218 0.289733 0.0710121 -0.114768 0.377503 0.209894 0.240259 -0.300651 0.123171 -0.0719546 -0.0336628 0.01118 0.0830055 0.313393 0.447489 0.355598 -0.262362 0.179679 0.0477082 0.12412 0.0969727 -0.175995 -0.149942 0.0144808 0.258195 0.301177 0.0323925 0.419016 -0.0315661 0.386676 0.21573 -0.109852 0.142777 0.189598 0.222663 0.184088 -0.335909 0.0623611 0.0348248 -0.117097 -0.081356 0.0759058 0.112635 0.294002 0.186864 0.177595 -0.23728 0.167434 0.223232 0.0804472 0.0034226 -0.209244 0.125113 -0.311927 0.36449 0.383508 0.468713 0.498535 0.420344 -0.0109247
internal_weight=108201 56038 52163 29428 26610 28185 14016 15412 12145 23978 14216 16588 8252 12394 8311 7318 6698 4144 11499 5905 6683 4585 3267 11597 6162 4306 3174 5512 3726 4922 5711 2987 3554 8336 3971 6633 3271 1036 12479 2360 1871 7863 3176 4564 2367 2138 907 2094 7281 489 856 1766 614 3797 2351 6179 2510 2121 1935 1440 1857 1960
internal_count=108201 56038 52163 29428 26610 28185 14016 15412 12145 23978 14216 16588 8252 12394 8311 7318 6698 4144 11499 5905 6683 4585 3267 11597 6162 4306 3174 5512 3726 4922 5711 2987 3554 8336 3971 6633 3271 1036 12479 2360 1871 7863 3176 4564 2367 2138 907 2094 7281 489 856 1766 614 3797 2351 6179 2510 2121 1935 1440 1857 1960
is_linear=0
shrinkage=0.05


Tree=10
num_leaves=63
num_cat=0
split_feature=12 12 12 11 11 12 12 12 13 12 12 11 13 13 11 6 12 12 11 11 5 5 17 20 11 17 30 5 14 5 20 6 30 16 20 17 20 20 17 5 20 5 13 14 14 32 13 30 11 5 29 17 28 14 32 5 6 11 6 32 11 29
split_gain=1.44907e+06 200803 195720 51640.3 46878.9 31887.9 19240.1 18901.5 11926.7 11395.8 11295.8 8455.68 7482.52 6085.08 6048.37 7224.63 5732.7 5157.37 5098.5 5063.99 4836.05 4819.17 4262.19 3764.82 3435.68 3200.69 3150.38 3123.57 3106.26 3068.56 3047.92 2995.06 2877.17 2873.91 3689.56 2784.77 3426.03 2731.56 2602.68 2584.31 2544.36 2542.47 3110.31 2392.67 2327.32 2484.33 2429.92 2387.17 2297.71 2268.85 2340.94 2145.18 2136.81 2084.95 2084.02 2047.11 2043.25 2037.72 2008.76 2003.25 2030.12 2663.49
threshold=22.800277777777779 11.751666666666667 35.805486111111115 -2.0820833333333328 -1.8523611111111109 6.0184722222222247 28.799166666666668 18.852777777777778 5.7500000000000009 42.380069444444452 27.667777777777783 -3.0781944444444442 4.2500000000000009 -6.7499999999999991 -0.84763888888888872 -0.6061032073695175 45.251666666666672 2.1020833333333333 2.3692361111111118 -6.0198611111111102 4.5000000000000009 10.500000000000002 1.0000000180025095e-35 51.500000000000007 2.7102083333333336 1.0000000180025095e-35 10.500000000000002 1.0000000180025095e-35 55.750000000000007 1.0000000180025095e-35 30.500000000000004 -2.1868610175552328 10.500000000000002 1.0000000180025095e-35 29.500000000000004 1.0000000180025095e-35 14.500000000000002 28.500000000000004 1.0000000180025095e-35 2.5000000000000004 33.500000000000007 -13.499999999999998 -6.2499999999999991 44.750000000000007 45.750000000000007 6.6594717089697406 -6.7499999999999991 6.5000000000000009 -2.4873611111111109 -1.0000000180025095e-35 0.55671097770154387 1.0000000180025095e-35 0.61052101967799655 53.250000000000007 6.8949612015675337 6.5000000000000009 3.5791448254303075 -0.20756944444444447 -2.6163747117235769 6.9736897416981387 -0.475486111111111 0.56960594315245483
decision_type=2 2 2 2 2 2 2 2 2 2 2 2 2 2 2 2 2 2 2 2 2 2 2 10 2 2 8 2 2 2 8 2 10 2 8 2 8 10 2 2 8 2 2 2 2 8 2 8 2 2 2 2 2 2 8 2 2 2 2 10 2 2
left_child=1 5 4 9 6 17 20 14 16 19 18 31 35 21 15 54 38 -1 25 49 41 37 23 -7 29 30 43 -19 39 59 -6 -9 56 -16 -35 36 -12 51 40 -11 -5 -2 -43 -21 46 -46 47 -22 -17 -4 -51 -8 -14 -10 -3 57 -15 -24 -45 60 -13 -62
right_child=2 7 3 8 10 22 13 11 53 28 12 24 52 32 33 48 -18 27 -20 26 44 -23 55 -25 -26 -27 -28 -29 -30 -31 -32 -33 -34 34 -36 -37 -38 -39 -40 -41 -42 42 -44 58 45 -47 -48 -49 -50 50 -52 -53 -54 -55 -56 -57 -58 -59 -60 -61 61 -63
leaf_value=-0.3314762934171096 0.28683543250887494 0.016513317944100863 0.51756953848316589 0.35553203025600311 0.16275645199048572 -0.13617963669170674 0.45606237568077629 0.17567002840365104 0.10660522316406502 0.45044520922859466 0.328972754467034 0.051076258363643462 0.0085490049062272363 0.23873568768039949 -0.17325778100381567 -0.066889062011498315 0.34898242409031999 -0.24832967548592721 -0.055839654155528828 0.27671921435703306 0.26317860078242122 0.14021988620921247 -0.1678295807897138 -0.21379967752401333 -0.12445304065248219 -0.0047972927734037532 0.23094806727049708 -0.30531097286344683 0.62538813530103021 -0.065354815765812452 0.044299170913105125 0.033781820586933679 0.10967852985278806 -0.015534173708325877 -0.13753180005511667 0.09144386520085751 0.14312741374288759 0.27879239854664134 0.1981478647672498 0.3378904552975302 0.24123540411420447 0.18289247913126275 0.089634541345146909 0.44343850396107887 0.056537725049477155 -0.10661722736814892 0.039249553646116209 0.091551919358167297 -0.13448668271557374 0.31496539579706573 0.4238996435155542 0.27904749634481379 0.1668755152504495 0.25771773797279413 -0.11628888725656375 -0.26445263035601396 0.16046647357538013 -0.24371623421226229 0.33397075625693423 -0.10447665150959054 -0.084376003425950641 0.053667030733546783
leaf_weight=8655 326 1954 355 632 675 3515 479 456 2031 3650 273 1696 2289 2526 3586 2004 1328 4630 2030 1248 381 493 1818 2826 1179 2747 1005 5107 229 3522 2768 2002 829 805 2696 2913 2696 1928 2734 612 2215 1992 1628 595 1329 282 599 435 3388 860 1222 277 234 257 347 2492 1260 1749 1545 402 876 580
leaf_count=8655 326 1954 355 632 675 3515 479 456 2031 3650 273 1696 2289 2526 3586 2004 1328 4630 2030 1248 381 493 1818 2826 1179 2747 1005 5107 229 3522 2768 2002 829 805 2696 2913 2696 1928 2734 612 2215 1992 1628 595 1329 282 599 435 3388 860 1222 277 234 257 347 2492 1260 1749 1545 402 876 580
internal_value=0.000129659 -0.175594 0.190674 0.310758 0.112171 -0.261523 0.17701 -0.0717969 0.222709 0.382262 0.0545837 -0.0212244 0.0953383 0.231004 -0.10845 -0.0777324 0.255479 -0.303311 0.0129053 0.341448 0.116641 0.284312 -0.199523 -0.170801 -0.0454632 0.0354555 0.309186 -0.278244 0.444243 -0.0322863 0.0675632 0.0601652 0.194252 -0.141778 -0.109493 0.126232 0.160321 0.310717 0.233172 0.434366 0.266724 0.153107 0.140989 0.332319 0.0690529 0.0279296 0.11582 0.17191 -0.10938 0.399454 0.379076 0.391658 0.0232936 0.123684 -0.0035556 -0.229549 0.212737 -0.205097 0.3646 0.000493702 0.0139103 -0.0293872
internal_weight=108192 56285 51907 20518 31389 30792 14764 25493 9197 11321 16625 10713 8405 7792 14780 7693 6909 18392 8220 6830 6972 3177 12400 6341 8255 6190 4393 9737 4491 7076 3443 2458 4615 7087 3501 5882 2969 2684 5581 4262 2847 3946 3620 3388 3026 1611 1415 816 5392 2437 2082 756 2523 2288 2301 6059 3786 3567 2140 3554 3152 1456
internal_count=108192 56285 51907 20518 31389 30792 14764 25493 9197 11321 16625 10713 8405 7792 14780 7693 6909 18392 8220 6830 6972 3177 12400 6341 8255 6190 4393 9737 4491 7076 3443 2458 4615 7087 3501 5882 2969 2684 5581 4262 2847 3946 3620 3388 3026 1611 1415 816 5392 2437 2082 756 2523 2288 2301 6059 3786 3567 2140 3554 3152 1456
is_linear=0
shrinkage=0.05


Tree=11
num_leaves=63
num_cat=0
split_feature=1 12 12 11 11 12 12 12 11 12 12 11 12 6 12 17 21 11 11 17 21 6 32 5 32 16 21 11 27 32 11 32 14 12 17 21 14 32 14 12 11 27 28 8 2 29 11 28 11 6 16 29 29 12 6 32 6 32 5 18 6 11
split_gain=1.30202e+06 187409 173428 49402.8 44544.9 27101.4 17047.3 14689.3 12672.8 11453.2 9492.92 7845.78 6076.52 5815.36 5513.99 5425.24 6788.19 5400.86 5119.72 4970.13 4250.61 3818.83 3809.57 3560.45 3556.67 3475.35 3604.99 3343.98 3015.61 2976.19 2969.57 2748.63 2697.06 2603.33 2583.03 3188.48 2510.54 3561.55 3469.36 2495.85 2416.93 2743.99 2640.34 2376.75 2360.6 2318.76 2299.59 2281.23 2256.62 2505.88 2224.79 2153.83 2130.28 2110.56 2109.96 2044.81 2037.05 1994.15 1992.44 1974.9 1939.87 2159.09
threshold=42.725869982515327 11.751666666666667 35.805486111111115 -2.7340277777777775 -1.9107638888888887 6.4269444444444437 18.245416666666667 30.204027777777782 4.0002777777777787 29.585694444444446 42.639513888888892 -0.53097222222222207 39.07972222222223 5.5830596945653497 1.8559027777777781 1.0000000180025095e-35 0.67500000000000016 2.4979166666666672 4.1937500000000005 1.0000000180025095e-35 0.70500000000000007 -5.8659563962070171 5.5764183826683835 1.0000000180025095e-35 7.1805183146628231 1.0000000180025095e-35 0.48500000000000004 -5.893958333333333 1.0438437787423431 10.158713939989974 -5.0011805555555551 5.3375143020594971 46.250000000000007 25.779027777777781 1.0000000180025095e-35 0.51500000000000012 49.750000000000007 4.5115467133363945 48.750000000000007 45.641111111111123 -2.1540972222222217 0.9448096129034631 0.58295107033639149 9.5000000000000018 1137.5000000000002 0.59685648452929574 -3.0781944444444442 0.63506756756756766 1.7367361111111115 -0.99763608515135893 1.0000000180025095e-35 0.5621778350515465 0.55366743471582192 48.401597222222229 4.9631699004568208 8.9101147280392592 5.7069645558804156 2.1471175194287144 -1.0000000180025095e-35 3.5000000000000004 -5.7713251875089968 -9.9547916666666634
decision_type=2 2 2 2 2 2 2 2 2 2 2 2 2 2 2 2 10 2 2 2 10 2 8 2 10 2 8 2 2 8 2 8 2 2 2 10 2 8 2 2 2 2 2 2 2 2 2 2 2 2 2 2 2 2 2 8 2 8 2 8 2 2
left_child=1 5 4 10 7 14 15 19 12 17 21 13 -5 -8 -1 16 48 24 43 20 33 -4 30 50 34 -7 -27 44 29 -24 32 54 -9 -2 35 -6 38 52 40 51 41 -14 -42 45 -23 -11 -15 -13 49 -3 -16 -10 -38 60 -21 -19 -29 -45 -17 -37 -12 -62
right_child=2 6 3 8 9 25 11 22 39 18 53 47 36 46 23 58 -18 55 -20 31 -22 27 28 -25 -26 26 -28 56 -30 -31 -32 -33 -34 -35 -36 59 37 -39 -40 -41 42 -43 -44 57 -46 -47 -48 -49 -50 -51 -52 -53 -54 -55 -56 -57 -58 -59 -60 -61 61 -63
leaf_value=-0.31784557311597966 0.089261393908810244 -0.047117871319539185 0.45989663168630096 0.19798587998671369 0.039681658676150484 -0.21524137396927517 0.03978322010540819 0.34451583945358033 0.042902965052633961 0.12919761533770066 0.56974087790364314 -0.081974281198863852 0.28567153686721108 0.00073816680253666143 -0.26726479450181279 -0.10294230022772251 0.0076764345404179441 -0.061848697767476181 0.020909033260984759 0.15078552013968288 0.25159766987759813 0.26775973683905596 0.14959073191384265 -0.28972136726610626 -0.057417676532019526 -0.20359519609153734 -0.12340047792200566 0.30818087967853558 0.039151350247927687 0.31434668120753051 0.22139377712409136 0.016570518236026111 0.206355823962284 0.17912145269437207 0.018269078675603005 0.16608283980915012 0.27905694605621101 0.21454943188000472 0.13135228883289859 0.22913068402888698 0.23667821406505707 0.51502534926276311 0.37121872410017698 0.14120691281817929 0.39142574350201587 0.23094655268759259 -0.096784890051944544 0.040342635129051035 -0.1905230622461454 -0.12293250335161302 -0.20309622986116993 0.14454577668474861 0.42429396442950029 0.51329122847206399 0.060009461895901485 0.069894169425756186 0.20063391092915894 0.0069325172072116654 -0.15957354238842125 0.038730045313069839 0.5203830692606668 0.39034562966463482
leaf_weight=7771 1577 1862 586 3005 2128 5889 4908 1236 801 3069 209 4730 336 1069 2611 2514 1836 2208 1421 1496 1041 493 890 6034 840 2598 3059 2091 373 398 2840 1063 503 1656 3160 1181 368 437 439 535 2052 219 448 486 1962 687 1390 414 661 2634 2854 1497 872 822 1122 339 568 640 4101 411 383 2301
leaf_count=7771 1577 1862 586 3005 2128 5889 4908 1236 801 3069 209 4730 336 1069 2611 2514 1836 2208 1421 1496 1041 493 890 6034 840 2598 3059 2091 373 398 2840 1063 503 1656 3160 1181 368 437 439 535 2052 219 448 486 1962 687 1390 414 661 2634 2854 1497 872 822 1122 339 568 640 4101 411 383 2301
internal_value=-0.000896983 -0.165415 0.182087 0.295039 0.107095 -0.248928 -0.0668768 0.172096 0.223088 0.0514044 0.379138 -0.0247459 0.254671 0.00834119 -0.285232 -0.105607 -0.0748831 0.0188303 0.104453 0.12702 0.163701 0.338445 0.229531 -0.263166 0.0396593 -0.188319 -0.16026 0.324441 0.164472 0.200706 0.253089 0.0843964 0.304695 0.13533 0.0515183 0.0797498 0.287568 0.338113 0.263219 0.131881 0.282119 0.376937 0.260927 0.128761 0.366711 0.147865 -0.0544057 -0.072124 -0.104272 -0.0915516 -0.233797 0.109151 0.381451 0.441466 0.111919 -0.0442935 0.285291 0.0649614 -0.13807 0.13325 0.420887 0.409089
internal_weight=108124 56935 51189 20424 30765 30816 26119 14195 11009 16570 9415 12511 8176 7367 19270 13608 6993 10267 6303 7955 4274 5700 6240 11499 7720 11546 5657 5114 1661 1288 4579 3681 1739 3233 6880 3720 5171 1677 3494 2833 3055 555 2500 4882 2455 3756 2459 5144 5157 4496 5465 2298 1240 3715 2618 2547 2659 1126 6615 1592 2893 2684
internal_count=108124 56935 51189 20424 30765 30816 26119 14195 11009 16570 9415 12511 8176 7367 19270 13608 6993 10267 6303 7955 4274 5700 6240 11499 7720 11546 5657 5114 1661 1288 4579 3681 1739 3233 6880 3720 5171 1677 3494 2833 3055 555 2500 4882 2455 3756 2459 5144 5157 4496 5465 2298 1240 3715 2618 2547 2659 1126 6615 1592 2893 2684
is_linear=0
shrinkage=0.05


Tree=12
num_leaves=63
num_cat=0
split_feature=12 12 12 11 11 12 12 12 13 8 11 13 12 12 11 7 6 14 13 17 21 7 11 32 11 7 11 11 28 30 9 6 14 11 17 21 6 17 21 9 14 32 14 23 30 30 21 13 6 32 28 14 18 32 13 5 28 32 26 32 7 29
split_gain=1.18369e+06 184921 138044 41972.9 36100.9 27791.1 17886.9 13035.6 12120.7 8070.32 8009.13 7664.57 6971.98 6687.81 6302.33 5369.38 5362.48 5340.71 8561.35 4790.44 4856.59 4646.19 4244.06 4139.88 3855.14 3707.62 3658.4 3470.05 3461.68 3454.3 3253.82 3004.49 2982.4 3571.62 2885.81 4646.87 2874.32 2863.74 2822.88 2502.04 3642.83 2502.66 2433.84 2402.44 2718.97 2374.11 2344.98 2291.07 2564.99 2537.32 2223.6 2214.46 2184.57 2100.5 2010.49 2967.08 1993.93 1895.96 1914.36 1884.66 1881.66 1850.74
threshold=23.549722222222226 12.112916666666669 35.805486111111115 -2.6861805555555551 -1.8523611111111109 6.8340277777777789 19.613194444444449 29.991666666666671 5.2500000000000009 2.5000000000000004 -3.3098611111111107 5.7500000000000009 29.585694444444446 42.639513888888892 -2.367916666666666 1.8248909990001159 -5.1958182864810381 47.250000000000007 -6.7499999999999991 1.0000000180025095e-35 0.70500000000000007 0.36389414891685889 -4.8039583333333322 4.7676282051282062 -3.8121527777777771 0.56751140548773749 -0.53097222222222207 -0.14027777777777772 0.61617524916943534 10.500000000000002 6.5000000000000009 8.5286364026626575 50.250000000000007 -5.893958333333333 1.0000000180025095e-35 0.41500000000000004 6.0641478225181986 1.0000000180025095e-35 0.66500000000000015 6.5000000000000009 46.250000000000007 7.6361081275768141 41.750000000000007 2.5000000000000004 1.5000000000000002 8.5000000000000018 0.48500000000000004 5.7500000000000009 -0.77091211076520549 5.8340857198141114 0.58295107033639149 46.250000000000007 1.0000000180025095e-35 6.771669781428983 4.7500000000000009 -1.0000000180025095e-35 0.54361413043478268 4.8618244888023385 2.2525895258793667 5.9432523997741393 -0.15923416273714827 0.48816526610644262
decision_type=2 2 2 2 2 2 2 2 2 2 2 2 2 2 2 2 2 2 2 2 10 2 2 8 2 2 2 2 2 10 2 2 2 2 2 10 2 2 10 2 2 8 2 2 10 8 8 2 2 8 2 2 10 8 2 2 2 8 2 8 2 2
left_child=1 5 4 9 7 15 14 16 13 17 30 12 37 34 21 27 -2 18 23 20 -16 57 31 -4 39 26 59 -1 43 60 -8 46 33 -11 35 -5 50 38 -6 41 -41 42 -18 44 -13 51 -9 48 -12 -50 -14 -32 -22 -26 55 -21 -34 58 -3 -7 -24 -45
right_child=2 6 3 8 11 25 10 22 -10 32 47 28 36 -15 19 -17 24 -19 -20 54 52 -23 29 -25 53 -27 -28 -29 -30 -31 45 -33 56 -35 -36 -37 -38 -39 -40 40 -42 -43 -44 61 -46 -47 -48 -49 49 -51 -52 -53 -54 -55 -56 -57 -58 -59 -60 -61 -62 -63
leaf_value=-0.21721302700981182 0.22886070412422566 0.12213003759143629 0.48896264250164878 0.1774980347370729 0.048143040340346555 -0.092457900994372705 -0.00043367239025328505 0.23712549733399887 0.11846620043002826 0.32462430293309219 0.015184800777209734 0.029067106573804985 0.11894592180059359 0.30542734669946914 -0.1002707894557134 -0.30521585356009012 0.24928084367667053 0.44512751255743277 0.28350556886429423 -0.076775549627818448 -0.14621002034564476 -0.095463702197268255 0.30979951640576808 0.32983273595239621 0.083332663451427619 -0.21152164155304576 -0.18302806895830981 -0.27068716934296683 0.16922453408172022 0.080133324137132603 0.20158156403750396 0.14423992132409666 0.47516551646067928 0.19744801724878935 0.1735136140571393 0.30600067605452452 0.032223292452112855 0.0081778166416500292 0.14833699092273978 0.27947957151706926 0.11151918811818179 -0.028141682995419928 0.097016644190813017 -0.1344766782010805 -0.1470986233696909 0.028109357807150365 0.33942936875996993 -0.092116069113568788 -0.021207825355149951 -0.10438232954080549 0.20971768374699398 0.022123602764714544 0.029783782449830931 -0.026670663733120804 -0.20303493065971165 -0.15606284028205136 0.31516911071930692 -0.048575205066535843 -0.0040840340260963537 -0.18017738905216368 0.19237872682618418 0.021713353791217638
leaf_weight=4881 1005 621 1152 1333 2937 2597 961 1094 2609 1065 3087 322 3027 2779 4932 6965 339 2512 2142 1908 205 1437 392 650 2560 3977 4211 8168 240 648 777 420 290 1162 2734 1504 748 3198 924 656 639 293 1164 212 682 497 1180 1290 3414 1253 871 221 1223 522 1020 3106 638 584 581 803 2777 1730
leaf_count=4881 1005 621 1152 1333 2937 2597 961 1094 2609 1065 3087 322 3027 2779 4932 6965 339 2512 2142 1908 205 1437 392 650 2560 3977 4211 8168 240 648 777 420 290 1162 2734 1504 748 3198 924 656 639 293 1164 212 682 497 1180 1290 3414 1253 871 221 1223 522 1020 3106 638 584 581 803 2777 1730
internal_value=-0.000277982 -0.151812 0.180758 0.279527 0.109663 -0.234004 -0.0560212 0.168271 0.212606 0.355805 -0.00869735 0.0557776 0.0744912 0.242002 -0.0908667 -0.269688 0.121771 0.387897 0.351343 -0.107063 -0.0767646 -0.0285686 0.219507 0.431778 0.104302 -0.172354 -0.151863 -0.250703 -0.0129759 0.185486 0.0713566 0.267623 0.290034 0.258385 0.210315 0.245706 0.122052 0.0431752 0.0721533 0.143757 0.196752 0.105457 0.131503 -0.0278715 -0.0906266 0.117474 0.290338 -0.0304424 -0.0201714 -0.0435562 0.139277 0.161904 0.00443393 0.0646987 -0.138981 -0.125913 0.365626 0.0252778 0.0611704 -0.113222 0.206997 0.00460231
internal_weight=107869 58719 49150 20570 28580 31602 27117 13689 10959 9611 11500 14891 11705 8350 15617 20014 7178 6456 3944 12394 6360 3223 6511 1802 6173 11588 7611 13049 3186 3817 2456 2694 3155 2227 5571 2837 4646 7059 3861 3091 1295 1796 1503 2946 1004 1495 2274 9044 7754 4667 3898 998 1428 3082 6034 5014 928 1786 1202 3400 3169 1942
internal_count=107869 58719 49150 20570 28580 31602 27117 13689 10959 9611 11500 14891 11705 8350 15617 20014 7178 6456 3944 12394 6360 3223 6511 1802 6173 11588 7611 13049 3186 3817 2456 2694 3155 2227 5571 2837 4646 7059 3861 3091 1295 1796 1503 2946 1004 1495 2274 9044 7754 4667 3898 998 1428 3082 6034 5014 928 1786 1202 3400 3169 1942
is_linear=0
shrinkage=0.05


Tree=13
num_leaves=63
num_cat=0
split_feature=12 12 12 11 11 12 11 13 7 12 13 12 12 12 32 12 6 20 12 11 1 32 11 13 16 20 13 7 16 6 16 20 6 14 30 17 20 6 7 11 6 13 16 20 29 11 28 13 11 10 29 20 11 23 32 29 30 28 29 14 29 7
split_gain=1.08376e+06 184052 114500 36830.6 31213.1 30490.5 16594.1 10656.7 9993.88 9974.35 8912.42 7073.25 6896.29 5655.37 4837.2 4743.73 4303.9 4260.53 4142.79 4115.67 3954.11 3873.61 3688.29 3432.29 3387.49 3669.28 3292.77 3203.05 3143.93 3071.04 2993.75 2900.13 2846.3 3008.84 2830.24 2817.78 4064.91 2642.79 2507.56 2868.3 2407.19 2374.67 2335.8 3803.66 2133.59 2993.58 2109.11 2170.94 2081.02 2248.61 2078.83 2062.18 2037.07 1990.16 1962.34 1895.75 1830.16 1747.14 1728.06 1695.38 1704.37 1694.11
threshold=24.21298611111111 12.875555555555557 36.40368055555556 -2.6861805555555551 -1.9107638888888887 7.0402777777777779 -1.2755555555555551 5.2500000000000009 0.23335278101905876 30.394652777777782 5.7500000000000009 44.917638888888895 29.790138888888894 2.4881249999999993 5.9432523997741393 42.380069444444452 -5.2966053050022213 29.500000000000004 19.613194444444449 -6.0198611111111102 37.020264104895368 5.7052002844731478 -5.2163888888888872 -13.249999999999998 1.0000000180025095e-35 34.500000000000007 -6.7499999999999991 0.025651992717860984 1.0000000180025095e-35 -7.345387819704599 1.0000000180025095e-35 14.500000000000002 2.5790017334756565 47.250000000000007 6.5000000000000009 1.0000000180025095e-35 29.500000000000004 6.1293012093425885 0.56751140548773749 -0.42854166666666665 10.476547883102706 2.2500000000000004 1.0000000180025095e-35 32.500000000000007 0.53015151515151526 -9.4295138888888861 0.62440476190476202 5.7500000000000009 -3.4263888888888885 30.500000000000004 0.60903263403263408 23.500000000000004 0.60875000000000001 2.5000000000000004 4.624508055560784 0.5751344086021507 1.5000000000000002 0.5894189765458423 0.6140272427077601 52.250000000000007 0.56047544409613381 0.13459381854928157
decision_type=2 2 2 2 2 2 2 2 2 2 2 2 2 2 8 2 2 10 2 2 2 10 2 2 2 10 2 2 2 2 2 8 2 2 8 2 8 2 2 2 2 2 2 8 2 2 2 2 2 2 2 10 2 2 10 2 10 2 2 2 2 2
left_child=1 5 4 11 9 13 8 15 14 16 12 19 40 -1 22 42 -2 30 35 44 -10 26 23 -3 -15 -26 27 -11 -18 55 -7 -30 33 -21 48 36 -8 50 39 -19 51 -39 58 -44 45 -4 47 -20 49 -22 52 -6 -14 56 -46 -24 -12 61 -5 -17 -61 -28
right_child=2 6 3 7 10 17 18 -9 20 21 53 -13 37 24 -16 59 28 38 46 32 34 -23 29 -25 25 -27 57 -29 31 -31 -32 -33 -34 -35 -36 -37 -38 41 -40 -41 -42 -43 43 -45 54 -47 -48 -49 -50 -51 -52 -53 -54 -55 -56 -57 -58 -59 -60 60 -62 -63
leaf_value=-0.28247692219190451 0.22797786700925649 0.053927466807116832 0.43329525969301663 0.15679299562526738 0.11139863434902116 -0.15521424694572844 0.018192741928158465 0.11773998126880102 -0.11416679565591528 0.34058741817666172 0.02778485758466355 0.42232654262516489 0.18598515062474466 -0.25638705701742953 -0.036567624730194287 0.26625175926256328 0.076183112582081783 -0.12171637574826107 -0.041347022132170431 0.27617114586877911 0.031314398118941655 0.13903916215883769 0.08992946645954536 0.30895465152924539 -0.13360800519698499 -0.22774702550935927 0.20881000704955222 0.218640472415217 0.29934554748778819 0.029559087430660286 -0.065841156284891247 0.13235066404601445 0.21569272958335689 0.38780841028656104 -0.068470274739970069 -0.13239201830137495 -0.099796341146702189 -0.040631719245342542 -0.21303194041905316 -0.1905074514222507 -0.054233736407346501 0.13489744747207771 0.35275145737609781 0.20519393188402046 0.41774885668405093 0.19854299541694498 0.042017632093041671 -0.11271994926447618 -0.026779786567979802 0.22252367229282277 0.229982384038044 0.043298064068650742 0.10540063562563265 0.018167082463758671 0.31857297293762882 0.26829913348248863 -0.11446607426744333 0.28214512176350265 0.29333550359143784 0.23435273687199257 0.40719876705389846 0.11907085798308759
leaf_weight=9946 915 259 209 2129 1479 1952 931 2445 1785 1109 338 2348 1139 5647 1752 2208 3012 2956 4531 1846 608 1370 545 269 1484 3465 1894 1065 293 4397 1806 2309 1041 913 1775 4058 3375 399 3011 3129 497 371 586 1747 1637 395 576 1393 1049 205 613 4478 2539 2060 748 205 680 550 261 208 493 735
leaf_count=9946 915 259 209 2129 1479 1952 931 2445 1785 1109 338 2348 1139 5647 1752 2208 3012 2956 4531 1846 608 1370 545 269 1484 3465 1894 1065 293 4397 1806 2309 1041 913 1775 4058 3375 399 3011 3129 497 371 586 1747 1637 395 576 1393 1049 205 613 4478 2539 2060 748 205 680 550 261 208 493 735
internal_value=0.000376105 -0.138508 0.180725 0.274613 0.115931 -0.217553 -0.0432494 0.208657 -0.00163469 0.171481 0.0654778 0.347323 0.0856784 -0.25535 0.0360404 0.237764 0.127428 -0.157135 -0.0792202 0.321325 -0.0532387 0.214238 0.0584586 0.184195 -0.229863 -0.199551 0.233455 0.280976 0.111002 0.0455268 -0.112293 0.151263 0.286582 0.313241 -0.0233127 -0.102491 -0.0742876 0.129372 -0.175646 -0.157115 0.051401 0.0440067 0.206725 0.242393 0.365384 0.280355 -0.0492651 -0.0581462 0.0197486 0.0797424 0.144676 0.0602219 0.1304 -0.0100974 0.386791 0.138976 -0.0672545 0.200878 0.171821 0.288071 0.356319 0.183776
internal_weight=108168 61109 47059 19214 27845 33396 27713 10077 12849 13252 14593 9137 11515 20542 7427 7632 6529 12854 14864 6789 5422 6723 5675 528 10596 4949 5353 2174 5614 5147 3758 2602 3800 2759 3637 8364 4306 5061 9096 6085 6454 770 4723 2333 2989 604 6500 5924 1862 813 4291 5957 3678 3078 2385 750 1018 3179 2390 2909 701 2629
internal_count=108168 61109 47059 19214 27845 33396 27713 10077 12849 13252 14593 9137 11515 20542 7427 7632 6529 12854 14864 6789 5422 6723 5675 528 10596 4949 5353 2174 5614 5147 3758 2602 3800 2759 3637 8364 4306 5061 9096 6085 6454 770 4723 2333 2989 604 6500 5924 1862 813 4291 5957 3678 3078 2385 750 1018 3179 2390 2909 701 2629
is_linear=0
shrinkage=0.05


Tree=14
num_leaves=63
num_cat=0
split_feature=0 12 12 11 13 12 12 12 13 12 12 11 13 7 12 30 7 13 7 7 13 7 13 30 11 28 30 11 10 20 29 14 7 13 28 9 14 14 7 14 11 12 7 29 32 7 20 16 20 29 13 29 20 29 30 20 28 29 14 28 16 13
split_gain=969734 135379 126764 38475.1 33470.2 22640.6 14170 10501 8444.5 8144.85 7510.08 6514.12 6137.3 5328.38 5221.87 4982.07 4390.85 4352 4328.03 4325.71 5207.6 4304.12 4025.34 3619.66 3549.71 3482.48 2793.34 2554.66 2505.35 2460.78 2438.03 2408.99 2377.06 2339.01 2320.7 2301.27 3160.28 2765.13 2275.09 2257.91 2189.43 2086.19 2078.05 4783.87 2297.44 2038.29 2000.15 1971.26 2632.92 1951.98 1930.06 1929.94 1870.43 1867.14 1833.3 1832.82 1796.34 1793.23 1879.74 1791.57 1751.88 1730.25
threshold=1809.5000000000002 36.40368055555556 8.6824305555555572 -1.8523611111111109 -2.7499999999999996 14.900763888888891 28.799166666666668 25.937638888888895 5.2500000000000009 2.4881249999999993 44.917638888888895 -1.0809722222222218 5.7500000000000009 0.33788087055695853 41.845902777777788 9.5000000000000018 0.15166105178801409 -6.7499999999999991 0.83223000141669579 -0.055718930293125891 5.7500000000000009 -0.36321611468762194 -6.2499999999999991 10.500000000000002 -4.1247222222222213 0.59066731141199236 14.500000000000002 -0.32263888888888881 11.500000000000002 27.500000000000004 0.60822072072072075 48.750000000000007 0.05627638092813949 5.7500000000000009 0.63974541429475018 6.5000000000000009 46.250000000000007 42.250000000000007 -0.12524228696486792 55.250000000000007 -0.69638888888888884 19.998750000000005 -0.085156713195950071 0.52690637065637069 6.6594717089697406 1.0000000180025095e-35 34.500000000000007 1.0000000180025095e-35 63.500000000000007 0.55901702786377727 4.2500000000000009 0.54836823020236303 22.500000000000004 0.59626969416126052 14.500000000000002 34.500000000000007 0.60973957549300029 0.57481343283582098 45.750000000000007 0.5578316610925308 1.0000000180025095e-35 -12.749999999999998
decision_type=2 2 2 2 2 2 2 2 2 2 2 2 2 2 2 8 2 2 2 2 2 2 2 8 2 2 10 2 2 8 2 2 2 2 2 2 2 2 2 2 2 2 2 2 8 2 8 2 8 2 2 2 8 2 8 8 2 2 2 2 2 2
left_child=2 3 9 6 10 19 15 33 14 -1 22 13 25 29 53 21 17 -8 27 20 40 -2 32 45 35 30 -19 -11 -26 -7 47 -27 -3 42 50 37 -37 -23 -32 -12 54 -31 43 -5 -44 46 -24 -9 -49 -42 60 -34 -18 -6 -4 -21 -14 58 -10 -39 -13 -15
right_child=1 4 5 7 8 11 16 12 57 18 39 34 56 61 -16 -17 52 26 -20 55 -22 24 23 -25 28 31 -28 -29 -30 41 38 -33 51 -35 -36 36 -38 59 -40 -41 49 -43 44 -45 -46 -47 -48 48 -50 -51 -52 -53 -54 -55 -56 -57 -58 -59 -60 -61 -62 -63
leaf_value=-0.2684084071254248 0.30536546760388922 0.36193061790063763 -0.018105870077012958 -0.05379091552588381 0.16239373384365818 0.086109570942880881 0.26733027522574904 0.036895681915262345 -0.02132612841413245 -0.15254313310095521 0.38468436022474389 -0.092544837496417898 -0.011313701169945369 0.031401221538809219 0.2669265931507413 0.035224166262675993 0.23331895358373453 0.19424416644370263 -0.24429578903729135 -0.11420701742221349 -0.19623011690713535 0.22348485293857367 0.3982840766179927 0.16975348759647926 0.1602199587799028 0.20622307256039957 0.041304076008645871 -0.20878676888301972 0.052902276211981292 -0.032868422274364296 0.26508856623526661 0.078483089546152657 0.1905681184666424 -0.071244274311525219 0.022275836374283885 0.27647692174584304 0.078658348566244388 0.13005907725187996 0.09610648223810131 0.55682815872132785 -0.14579557671983406 0.031875727633500876 0.0034929337981577714 0.10134717218188652 -0.095220092094838824 0.22454889628415986 0.28585062938151479 0.12954974347626169 0.031477782629129557 -0.058211374699883939 -0.12000783212624927 0.32639173127497795 0.11322898577560786 0.25383627038893697 -0.15923164684268798 -0.16817210571857977 0.14085010109152996 0.14716196250874483 0.11548226840380166 -0.040422068375921411 -0.036234090941105308 -0.080319238891461572
leaf_weight=10004 309 2574 1844 789 3090 976 2397 3158 417 3312 2105 2939 2278 395 3082 2226 391 3396 5405 2180 1061 345 538 838 716 979 328 5241 2260 2502 299 595 434 1221 569 700 285 314 599 215 1353 2473 2524 1339 768 918 1602 1874 1079 1204 2370 681 1917 686 262 5752 211 1433 629 301 2609 2798
leaf_count=10004 309 2574 1844 789 3090 976 2397 3158 417 3312 2105 2939 2278 395 3082 2226 391 3396 5405 2180 1061 345 538 838 716 979 328 5241 2260 2502 299 595 434 1221 569 700 285 314 599 215 1353 2473 2524 1339 768 918 1602 1874 1079 1204 2370 681 1917 686 262 5752 211 1433 629 301 2609 2798
internal_value=-0.000940082 0.152198 -0.147401 0.0916266 0.257949 -0.0811162 0.148125 0.040953 0.189992 -0.233941 0.321983 -0.0436793 0.0707664 -0.0143968 0.218586 0.0978934 0.192542 0.214717 -0.20922 -0.129444 -0.096285 0.124555 0.297804 0.26217 0.113142 0.0908108 0.180788 -0.187028 0.0787671 0.0135618 0.0756984 0.158016 0.335357 -0.0087556 -0.0752232 0.16567 0.219378 0.110392 0.152603 0.40087 -0.0735067 -0.000685111 0.00533219 0.0438283 -0.019558 0.287432 0.314289 0.0643742 0.0937379 -0.104594 -0.0822315 0.273742 0.133666 0.179069 -0.0357301 -0.153357 0.00163707 0.110835 0.0609737 0.0466902 -0.0660755 -0.066493
internal_weight=108089 52840 55249 33598 19242 31287 15885 17713 9337 23962 9905 17631 11072 9144 6858 7456 8429 6121 13958 13656 5724 5230 7585 3896 4921 8583 3724 8553 2976 5951 7009 1574 3689 6641 8487 1945 985 960 898 2320 4663 4975 5420 2128 3292 3058 2140 6111 2953 2557 7918 1115 2308 3776 2106 7932 2489 2479 1046 615 5548 3193
internal_count=108089 52840 55249 33598 19242 31287 15885 17713 9337 23962 9905 17631 11072 9144 6858 7456 8429 6121 13958 13656 5724 5230 7585 3896 4921 8583 3724 8553 2976 5951 7009 1574 3689 6641 8487 1945 985 960 898 2320 4663 4975 5420 2128 3292 3058 2140 6111 2953 2557 7918 1115 2308 3776 2106 7932 2489 2479 1046 615 5548 3193
is_linear=0
shrinkage=0.05


Tree=15
num_leaves=63
num_cat=0
split_feature=12 12 12 11 11 12 11 12 13 17 20 13 12 12 30 9 7 6 17 11 12 14 14 5 11 30 11 20 12 20 14 11 13 27 10 18 20 7 6 6 28 28 0 0 18 14 8 7 17 30 29 30 11 14 31 30 27 11 30 30 30 8
split_gain=873720 151879 90747 30482.8 27123.7 25077.4 12276.6 9835.01 7308.57 7305.3 6970.62 6132.12 5845.24 5469.96 5025.01 4393.38 4381.85 4095.8 3917.22 3895.78 3729.59 3709.8 3483.65 3320.97 3277.25 3161.04 3137.58 3063.92 3024.65 2986.09 2861.01 2826.88 2785.13 3260.78 3113.81 2693.85 2658.68 2533.72 2527.18 2470.63 2338.63 2310.34 2223.59 2204.86 2201.44 2072.81 2349.86 1988.63 1984.2 1964.54 1921.93 1911.42 1983.47 2121.25 1905.06 2880.52 1864.9 2547.34 2209.5 2149.67 1815.58 1766.9
threshold=24.21298611111111 13.072500000000002 37.207222222222228 -1.9107638888888887 -2.0820833333333328 6.4269444444444437 -3.3672916666666661 30.394652777777782 5.7500000000000009 1.0000000180025095e-35 33.500000000000007 5.2500000000000009 29.790138888888894 42.380069444444452 9.5000000000000018 6.5000000000000009 1.4712464866360944 -5.1958182864810381 1.0000000180025095e-35 -5.2163888888888872 45.641111111111123 46.250000000000007 46.250000000000007 7.5000000000000009 -0.49999999999999989 13.500000000000002 -0.14027777777777772 34.500000000000007 17.412847222222222 22.500000000000004 50.250000000000007 -8.9545833333333302 -5.7499999999999991 1.0816107589884771 2.5000000000000004 1.0000000180025095e-35 13.500000000000002 -0.14739428423638948 10.476547883102706 6.0641478225181986 0.61617524916943534 0.61052101967799655 1965.5000000000002 1829.5000000000002 3.5000000000000004 55.750000000000007 2.5000000000000004 -0.13446454642623004 1.0000000180025095e-35 9.5000000000000018 0.52790758047767405 6.5000000000000009 -6.1859722222222215 46.250000000000007 1.0000000180025095e-35 3.5000000000000004 1.0571420776739748 -6.6808333333333323 10.500000000000002 7.5000000000000009 5.5000000000000009 2.5000000000000004
decision_type=2 2 2 2 2 2 2 2 2 2 8 2 2 2 8 2 2 2 2 2 2 2 2 2 2 8 2 8 2 8 2 2 2 2 2 10 8 2 2 2 2 2 2 2 8 2 2 2 2 8 2 8 2 2 2 8 2 2 10 8 8 2
left_child=1 5 3 7 13 16 15 17 12 10 35 20 38 31 19 43 26 -2 27 22 41 25 -9 24 -11 -17 -1 44 -12 -19 32 -4 33 -16 -34 -8 48 -33 -5 -38 54 47 -31 -3 -7 46 56 -6 -14 -44 -24 52 53 -39 55 -10 57 -15 -59 -58 -41 -57
right_child=2 6 4 8 11 18 9 14 40 23 28 -13 36 45 30 21 -18 29 -20 -21 -22 -23 50 -25 -26 -27 -28 -29 -30 42 -32 37 34 -35 -36 -37 39 51 -40 60 -42 -43 49 -45 -46 -47 -48 -49 -50 -51 -52 -53 -54 -55 -56 61 59 58 -60 -61 -62 -63
leaf_value=-0.17850038704295507 0.2132262227098074 -0.070574267580731584 0.35988267822521186 0.054001971842675238 0.29307983525549725 -0.040300147513130373 -0.08092521001275893 0.3267076304644348 -0.18377725540909895 -0.028800707694404001 -0.085784856231987894 0.11182560360516254 0.33070820915170862 0.40494091852636721 0.21288887159027092 0.14219431903343993 -0.26316090486030291 0.17846890392425882 -0.17240032880766959 0.19370307099271752 0.29290344068533891 -0.021254268388072664 0.062441732049727416 -0.124196036951185 -0.094280190828251509 -0.027320274036434111 -0.23284597217401709 -0.14037328531810045 -0.025414507883287713 0.028097657829996178 0.31325541360719694 0.41806701445840144 0.21603163248184354 -0.010337323877997328 -0.0013173828097115432 0.065895858639060764 0.11957700017563329 0.43071271396812894 -0.063058647808525714 0.10334579332638533 0.14552604088193585 0.31153700912480237 0.13163966278065789 0.048349841623894468 -0.1643885411376545 0.49474647735120547 0.25725423873477693 0.16802085933440372 0.12347282760331164 0.048589545284663999 0.24827555749821953 0.21014635495079892 0.25149862596781308 0.23016175245207227 0.051393885945435619 0.040685130255235957 0.49375895525104013 0.32568722096853608 0.17005837470844942 0.31202161205847834 -0.043376903688522567 -0.056063785687445772
leaf_weight=4085 934 996 788 5943 349 1584 360 1359 305 3610 3076 2232 236 949 876 1666 7442 998 7154 3438 1094 676 217 3190 4062 329 7715 5336 6374 1316 205 232 217 201 675 2326 4328 371 499 399 233 358 2227 639 461 230 739 3722 229 1049 391 1895 1787 211 737 764 463 1641 269 263 445 1231
leaf_count=4085 934 996 788 5943 349 1584 360 1359 305 3610 3076 2232 236 949 876 1666 7442 998 7154 3438 1094 676 217 3190 4062 329 7715 5336 6374 1316 205 232 217 201 675 2326 4328 371 499 399 233 358 2227 639 461 230 739 3722 229 1049 391 1895 1787 211 737 764 463 1641 269 263 445 1231
internal_value=1.46974e-05 -0.124721 0.161965 0.108288 0.251814 -0.195607 -0.0370264 0.161353 0.0595228 -0.0515336 -0.0248704 0.181846 0.0774732 0.306943 0.200099 0.0404491 -0.233056 0.116318 -0.146018 0.225935 0.210118 0.0799525 0.282144 -0.0813191 -0.0634771 0.11424 -0.214049 -0.120427 -0.0450722 0.100091 0.135793 0.272184 0.117167 0.171257 0.0517406 0.0461949 0.114654 0.256737 0.044926 0.104319 -0.00678707 0.189608 0.0830213 -0.0240945 -0.0683398 0.347205 0.339245 0.178811 0.229134 0.105069 0.182161 0.247863 0.277932 0.358524 -0.0185167 -0.040931 0.35607 0.337548 0.303869 0.428443 0.0260263 -0.0190113
internal_weight=108126 61081 47045 29452 17593 33777 27304 14103 15349 22998 12136 7755 12079 9838 7579 4306 19242 6524 14535 5405 5523 2671 1967 10862 7672 1995 11800 7381 9450 5590 2174 5284 1969 1077 892 2686 5637 4496 6442 5172 3270 4429 4592 1635 2045 4554 4324 4071 465 3276 608 4264 2369 582 3037 2300 3585 2859 1910 726 844 1995
internal_count=108126 61081 47045 29452 17593 33777 27304 14103 15349 22998 12136 7755 12079 9838 7579 4306 19242 6524 14535 5405 5523 2671 1967 10862 7672 1995 11800 7381 9450 5590 2174 5284 1969 1077 892 2686 5637 4496 6442 5172 3270 4429 4592 1635 2045 4554 4324 4071 465 3276 608 4264 2369 582 3037 2300 3585 2859 1910 726 844 1995
is_linear=0
shrinkage=0.05


Tree=16
num_leaves=63
num_cat=0
split_feature=1 1 12 11 11 12 12 12 12 13 17 28 12 20 12 13 16 20 16 30 11 5 5 20 20 11 13 32 22 20 14 32 24 29 18 20 5 20 16 16 5 5 11 20 14 18 32 27 28 28 30 31 32 28 13 20 32 32 13 18 13 5
split_gain=797177 110578 105050 32797.1 25809.7 18722.3 8377.2 8103.7 7811.42 7692.56 6017.57 6016.81 5745.6 5415.74 5249.97 4518.31 4245.77 4107.26 4065.32 3715.38 3591.69 5131.25 3559.99 3327.57 3319.4 2836.45 2759.63 2821.32 2679.88 2640.21 2539.16 2450.94 2415.87 3664.1 2401.2 2296.5 2212.52 2185.45 2657.69 2171.84 2164.29 2146.51 2142.11 2104.56 2093.49 2056.03 2038.74 2183.09 1986.62 1970.47 1949.19 1895.4 3472.45 1869.13 1860.52 1763.77 1755.88 1727.06 4330.58 1712.54 1711.07 1694.76
threshold=42.679034263764926 27.101658895870028 34.825486111111111 -2.7340277777777775 -1.6021527777777773 18.245416666666667 2.9045138888888897 25.465138888888895 42.639513888888892 5.7500000000000009 1.0000000180025095e-35 0.61582156611039807 41.845902777777788 29.500000000000004 29.396111111111114 -2.7499999999999996 1.0000000180025095e-35 63.500000000000007 1.0000000180025095e-35 9.5000000000000018 -0.77284722222222213 -3.4999999999999996 -3.4999999999999996 34.500000000000007 34.500000000000007 -8.5165277777777764 4.2500000000000009 7.0723603189007012 -1.0000000180025095e-35 32.500000000000007 48.750000000000007 5.7052002844731478 2.5000000000000004 0.58478359564164661 3.5000000000000004 20.500000000000004 3.5000000000000004 58.500000000000007 1.0000000180025095e-35 1.0000000180025095e-35 4.5000000000000009 1.0000000180025095e-35 -4.8039583333333322 30.500000000000004 48.750000000000007 1.0000000180025095e-35 0.5755360009172209 1.1200589354620984 0.58098171701112888 0.63506756756756766 8.5000000000000018 1.0000000180025095e-35 2.221136163944172 0.64087708066581317 7.7500000000000009 14.500000000000002 4.2439889756066238 6.1444878472222229 -9.7499999999999982 3.5000000000000004 6.7500000000000009 2.5000000000000004
decision_type=2 2 2 2 2 2 2 2 2 2 2 2 2 8 2 2 2 10 2 8 2 2 2 10 8 2 2 8 2 10 2 8 2 2 8 10 2 10 2 2 2 2 2 10 2 10 8 2 2 2 8 2 8 2 2 8 8 8 2 8 2 2
left_child=1 6 4 8 7 13 55 19 24 12 17 14 37 16 26 22 -3 34 -8 43 21 50 31 59 -4 -26 27 32 -29 39 51 -7 33 44 35 -9 -28 38 48 -16 42 -27 -12 -2 -6 -18 47 -14 -5 -17 -15 52 -11 -22 -32 -1 -44 -10 -59 -20 -38 -48
right_child=2 5 3 9 11 15 18 10 57 30 40 -13 46 20 29 49 45 -19 23 -21 53 -23 -24 -25 25 41 36 28 -30 -31 54 -33 -34 -35 -36 -37 60 -39 -40 -41 -42 -43 56 -45 -46 -47 61 -49 -50 -51 -52 -53 -54 -55 -56 -57 -58 58 -60 -61 -62 -63
leaf_value=-0.1779797981735744 0.15496607035901977 -0.099338384386538359 0.32079229626680333 0.1157387652804492 -0.059594305593675047 0.11435752632055562 -0.20777280180083124 0.31588331418056675 0.36560421061821957 -0.15448212393463773 0.20172111374166515 0.14595320669841022 0.2605661007957582 0.019880169701191306 0.063822280102775172 -0.058259932504336615 -0.11400413589038759 0.1197804233102765 -0.075763067095490577 -0.004296022196184815 -0.14281786904747396 -0.11129473624855034 -0.0094193861007280822 -0.17687516030368891 0.3144323487386913 0.24482677616928436 -0.02024549529835722 0.072967321178855071 -0.10799827456055761 0.039541610503996405 0.22291761793445533 -0.040638790095060794 0.067353195865827484 0.098988214663535579 0.15110927979403385 0.21092668028264216 -0.21467997117814142 0.1253219963789261 0.22958184618060953 0.19005642636012204 0.071619611136908151 0.16715765320276232 0.14359973168213816 0.065743065581961538 0.093307704430145147 0.017133993407950448 0.22812207848385724 0.43398323880847206 0.23872776405593552 0.045908768571943287 -0.093054134387822063 0.15558019053961081 0.064615351747249403 -0.029424986834154017 0.058592963933293135 -0.24644695874757214 0.047198404317232753 0.47856832121371573 0.20828440305017307 -0.18797669884902191 -0.043757318323576828 0.099120362289405128
leaf_weight=1051 1033 2213 1558 1446 1613 1139 7247 707 2955 213 898 1049 1133 1261 740 5389 351 1718 1586 1289 6980 5559 4735 4650 952 2590 1700 279 760 3282 507 328 2385 654 1130 2050 305 2602 1763 633 2190 1372 1318 1840 259 1980 1804 219 426 495 547 389 1167 384 262 10116 738 202 563 433 282 299
leaf_count=1051 1033 2213 1558 1446 1613 1139 7247 707 2955 213 898 1049 1133 1261 740 5389 351 1718 1586 1289 6980 5559 4735 4650 952 2590 1700 279 760 3282 507 328 2385 654 1130 2050 305 2602 1763 633 2190 1372 1318 1840 259 1980 1804 219 426 495 547 389 1167 384 262 10116 738 202 563 433 282 299
internal_value=0.000151757 -0.129488 0.142863 0.224045 0.079768 -0.0668972 -0.20774 0.125492 0.290294 0.168817 0.148429 0.0308566 0.189112 -0.0974873 0.0214807 -0.0181073 -0.0497519 0.184278 -0.181821 0.0662325 -0.112208 -0.0875005 0.0116697 -0.153593 0.25701 0.236726 -0.00250692 0.0154362 -0.0593806 0.0639182 0.0912721 0.0796985 0.0312738 -0.00280488 0.212747 0.237946 -0.0491753 0.160405 0.185477 0.122117 0.10934 0.21798 0.137271 0.0978664 -0.0384011 -0.00265309 0.240872 0.288957 0.143839 -0.0494903 -0.01432 0.0582417 0.0307108 -0.13691 0.167081 -0.24002 0.109036 0.348118 0.280185 -0.0999098 -0.132781 0.209837
internal_weight=107718 56444 51274 22422 28852 31361 25083 14911 10192 12230 10749 13941 9692 19275 12892 12086 4544 5605 13916 4162 14731 7367 6202 6669 6472 4914 8237 5950 1039 4655 2538 1467 4911 2526 3887 2757 2287 6237 3635 1373 5144 3962 2954 2873 1872 2331 3455 1352 1872 5884 1808 1769 1380 7364 769 11167 2056 3720 765 2019 587 2103
internal_count=107718 56444 51274 22422 28852 31361 25083 14911 10192 12230 10749 13941 9692 19275 12892 12086 4544 5605 13916 4162 14731 7367 6202 6669 6472 4914 8237 5950 1039 4655 2538 1467 4911 2526 3887 2757 2287 6237 3635 1373 5144 3962 2954 2873 1872 2331 3455 1352 1872 5884 1808 1769 1380 7364 769 11167 2056 3720 765 2019 587 2103
is_linear=0
shrinkage=0.05


Tree=17
num_leaves=63
num_cat=0
split_feature=0 12 15 11 11 12 7 12 7 12 12 11 12 7 11 30 28 13 9 13 13 30 5 13 12 11 11 28 13 13 2 32 22 13 30 11 32 13 27 27 9 24 29 16 20 16 20 13 28 30 6 6 5 29 5 2 30 29 32 28 26 32
split_gain=714234 101787 93351.4 30710.7 23559.5 17076.3 9113.69 8371.07 6772.03 5983.12 5713.56 5215.07 5058.32 4850.95 4114.88 3966.35 3809.3 3291.19 3278.61 3734.37 3270.79 3248.2 3970.91 3244.54 3104.98 3091.92 2915.32 2784.38 3133.62 2770.83 2586.28 2579.22 2679.23 2522.6 2496.15 2438.77 2399.99 3040.16 2615.38 2294.49 2272.29 2212.69 3579.64 2138.68 2124.63 2129.58 2098.17 2064.97 2034.09 1958.47 2262.55 1942.64 1861.01 1849.91 1842.41 2260.09 2154.76 1823.75 1773.01 1745.16 1792.93 1722.59
threshold=1809.5000000000002 34.825486111111111 8.6873611111111124 -2.1540972222222217 -1.6021527777777773 14.900763888888891 0.16117427004994933 41.105694444444445 1.4013668696824586 40.423125000000006 29.195486111111116 -1.0809722222222218 29.195486111111116 0.33788087055695853 -0.15583333333333324 6.5000000000000009 0.61582156611039807 4.2500000000000009 11.500000000000002 6.2500000000000009 -6.7499999999999991 9.5000000000000018 -13.499999999999998 5.7500000000000009 48.401597222222229 -6.0198611111111102 5.5018055555555563 0.62712842712842731 5.7500000000000009 -6.7499999999999991 249.50000000000003 7.0723603189007012 -1.0000000180025095e-35 -6.7499999999999991 10.500000000000002 -5.5163194444444441 6.1444878472222229 -9.7499999999999982 1.0000115743419988 1.0543611658727772 20.500000000000004 2.5000000000000004 0.588799283154122 1.0000000180025095e-35 40.500000000000007 1.0000000180025095e-35 32.500000000000007 5.7500000000000009 0.57709790209790224 11.500000000000002 -4.3063905608969 6.3678336611014261 -1.0000000180025095e-35 0.57419919919919937 -1.0000000180025095e-35 1018.5000000000001 6.5000000000000009 0.59685648452929574 1.2099818056339797 0.52234706616729099 1.9296020685356341 0.51933824078220647
decision_type=2 2 2 2 2 2 2 2 2 2 2 2 2 2 2 8 2 2 2 2 2 8 2 2 2 2 2 2 2 2 2 8 2 2 8 2 8 2 2 2 2 2 2 2 10 2 8 2 2 8 2 2 2 2 2 2 8 2 10 2 2 10
left_child=2 4 8 7 6 18 12 25 14 23 16 13 21 49 -1 20 17 31 -4 33 30 22 -2 57 26 54 -11 28 -12 -14 -8 41 -33 -20 44 48 38 -38 51 -23 47 42 -6 -16 45 -27 -45 -13 -24 50 -7 -9 -35 -42 -3 -56 58 59 -57 60 -5 -43
right_child=1 3 5 9 10 11 15 36 -10 24 27 40 29 -15 43 -17 -18 -19 19 -21 -22 39 35 -25 -26 34 -28 -29 -30 -31 -32 32 -34 52 -36 -37 37 -39 -40 -41 53 61 -44 46 -46 -47 -48 -49 -50 -51 -52 -53 -54 -55 55 56 -58 -59 -60 -61 -62 -63
leaf_value=-0.14808381696059167 0.29899279832828712 0.37331113937226212 -0.14364097096419934 -0.068700587856847656 -0.035179432575088869 0.088337053523396256 0.085842275283280103 0.31204263183408915 -0.23581647074891002 0.19530270191606924 0.083789572084433606 -0.063132094593110477 0.22828464358506004 -0.060189707038029006 -0.22474536360066022 0.015461383490535727 0.10847452429202309 -0.055714841347073746 -0.021765231123511655 -0.18061789931031386 0.048529888445625259 0.075236050013281611 0.27951423438566153 0.04077409812315444 0.28839034602467956 0.20761012193662198 0.097390006387787498 0.25045355487255255 -0.0075145665636530135 0.15015688757660389 0.2221415894157556 0.069692787644804938 -0.10678993028524519 -0.072898285473197363 0.13084198296759803 0.098158344828670349 0.39983250796539238 0.20415362674849202 0.38280688670552177 -0.085727919777160266 -0.067497489725241888 0.0036947509935111728 0.094878534510996856 -0.12317768512124108 0.18958934709136377 0.33318917106612 -0.19791875879914234 -0.13087312859209177 0.090829050801052108 -0.040979058452512769 0.010219154353065616 0.16036523401481401 -0.12885018756917258 0.037099621550591731 0.13661679405731295 0.27231419879830771 0.22106383600173848 0.20166039138188499 0.42898666315239214 0.13526266545235541 0.10287518627573174 0.093418783778277337
leaf_weight=6094 330 395 4846 228 2110 1251 675 2786 8466 3256 3774 5344 1804 3161 4715 2487 788 2425 1483 1057 1416 1275 379 1237 670 681 996 201 1251 3094 722 297 773 3903 956 2860 254 928 1449 267 805 811 705 1317 1999 686 3333 1426 231 1195 3571 232 2406 888 341 430 787 787 324 2652 454 1571
leaf_count=6094 330 395 4846 228 2110 1251 675 2786 8466 3256 3774 5344 1804 3161 4715 2487 788 2425 1483 1057 1416 1275 379 1237 670 681 996 201 1251 3094 722 297 773 3903 956 2860 254 928 1449 267 805 811 705 1317 1999 686 3333 1426 231 1195 3571 232 2406 888 341 430 787 787 324 2652 454 1571
internal_value=0.000166531 0.13172 -0.125467 0.212178 0.071788 -0.0686794 0.114714 0.265666 -0.199839 0.148431 0.0264227 -0.0361551 0.142262 -0.0100479 -0.180122 0.0614738 0.00328132 -0.00626668 -0.110569 -0.0924441 0.102134 0.108574 0.133408 0.111833 0.188241 0.227337 0.172396 0.0683928 0.061062 0.178973 0.156393 0.012873 -0.0577843 -0.0804616 0.202379 0.11758 0.310392 0.246506 0.327238 0.0473274 -0.0644634 0.0274288 -0.00258506 -0.200951 0.222652 0.270827 -0.176781 -0.077418 0.208327 0.0162994 0.0304999 0.30044 -0.0942531 -0.0126455 0.274601 0.253696 0.279498 0.133148 0.340117 0.11692 0.0454989 0.0628848
internal_weight=108035 52774 55261 22528 30246 31336 15540 12248 23925 10280 14706 17641 10240 9178 15459 5300 9480 8692 13695 8849 2813 5342 3800 5358 4922 6599 4252 5226 5025 4898 1397 6267 1070 7792 4322 3470 5649 1182 4467 1542 8463 5197 2815 9365 3366 1367 4650 6770 610 6017 4822 3018 6309 1693 2277 1882 1541 4121 754 3334 682 2382
internal_count=108035 52774 55261 22528 30246 31336 15540 12248 23925 10280 14706 17641 10240 9178 15459 5300 9480 8692 13695 8849 2813 5342 3800 5358 4922 6599 4252 5226 5025 4898 1397 6267 1070 7792 4322 3470 5649 1182 4467 1542 8463 5197 2815 9365 3366 1367 4650 6770 610 6017 4822 3018 6309 1693 2277 1882 1541 4121 754 3334 682 2382
is_linear=0
shrinkage=0.05


Tree=18
num_leaves=63
num_cat=0
split_feature=12 12 12 11 11 15 12 6 13 13 12 13 17 20 5 13 5 17 20 0 5 12 17 13 20 20 17 20 17 22 30 6 31 14 20 11 6 9 20 14 30 13 14 12 14 30 30 14 14 12 30 18 14 26 13 5 11 18 20 30 11 13
split_gain=642385 113779 67800.4 21937.9 19620.6 15563.2 12386.6 6209.47 5985.42 5793.56 4820.66 4804.29 4331.12 5526.58 3669.49 3549.77 3469.94 3372.06 4152.67 3334.57 3070.27 3062.41 3263.37 3058.68 3027.33 2823.9 2777.81 2667.56 3024.46 2451.78 2427.9 3058.08 2849.43 2731.66 2382.67 2287.28 2621.37 2280.22 1992.41 1975.09 2171.27 1968.94 4149.71 1940.96 1855.84 2186.11 2917.74 1882.69 1929.73 1851.5 1825.19 1819 1818.31 1811.2 1786.27 2492.54 1766.21 1738.5 1721.78 1713.73 1635.19 3138.6
threshold=24.21298611111111 12.112916666666669 36.40368055555556 -2.7340277777777775 -1.9107638888888887 5.0368055555555564 19.613194444444449 0.79695600963667557 4.2500000000000009 -6.7499999999999991 47.027222222222228 4.2500000000000009 1.0000000180025095e-35 54.500000000000007 1.0000000180025095e-35 3.2500000000000004 1.0000000180025095e-35 1.0000000180025095e-35 34.500000000000007 1965.5000000000002 12.500000000000002 45.251666666666672 1.0000000180025095e-35 -6.7499999999999991 22.500000000000004 14.500000000000002 1.0000000180025095e-35 29.500000000000004 1.0000000180025095e-35 -1.0000000180025095e-35 6.5000000000000009 2.7997519661099513 1.0000000180025095e-35 45.750000000000007 58.500000000000007 2.9359722222222229 -0.77091211076520549 6.5000000000000009 34.500000000000007 46.250000000000007 8.5000000000000018 -6.2499999999999991 47.250000000000007 32.423055555555557 45.750000000000007 9.5000000000000018 7.5000000000000009 53.250000000000007 49.750000000000007 31.01270833333334 9.5000000000000018 3.5000000000000004 41.750000000000007 2.2140533236318283 5.7500000000000009 -1.0000000180025095e-35 -4.4996527777777766 2.5000000000000004 11.500000000000002 13.500000000000002 -4.2122222222222208 -3.7499999999999996
decision_type=2 2 2 2 2 2 2 2 2 2 2 2 2 8 2 2 2 2 8 2 2 2 2 2 8 10 2 8 2 2 8 2 2 2 8 2 2 2 10 2 8 2 2 2 2 8 10 2 2 2 8 8 2 2 2 2 2 8 8 8 2 2
left_child=1 5 4 10 7 24 12 17 21 37 16 20 13 25 15 -7 29 18 56 -9 27 22 34 30 26 -3 -1 28 -6 -4 32 -32 33 -21 51 36 -11 -8 -16 40 -39 -31 -43 -25 52 46 47 48 -46 -29 -38 -5 -10 -34 55 -14 -2 -27 -13 -47 -44 -62
right_child=2 6 3 8 11 14 9 19 44 35 -12 58 54 -15 38 -17 -18 -19 -20 23 -22 -23 -24 43 -26 57 -28 49 -30 41 31 -33 53 -35 -36 -37 50 39 -40 -41 -42 42 60 -45 45 59 -48 -49 -50 -51 -52 -53 -54 -55 -56 -57 -58 -59 -60 -61 61 -63
leaf_value=-0.10905608899894714 0.36640606928251196 0.08982806480736466 0.4043375341559865 0.2761662992297933 0.1831384757062911 -0.088401759542940161 0.0053224288839595138 0.021009292733896998 0.16680084770689405 0.023313905463070592 0.36123499530757519 0.11780285177750033 -0.043047519300723383 -0.083175986689575293 -0.12349741742018117 -0.16458788591980647 0.2000794623856125 0.12514670536826686 0.16901316054252261 0.32368810161975253 -0.019641835365352776 0.24927730230953782 0.13096032141655523 0.049587060719990667 -0.21653890938364651 0.011977691653031017 -0.20747846351433274 0.042664571606503027 0.063665765208360203 0.29568883760358899 0.25656754973181783 0.068308409876610368 0.054496543384466037 0.1348662978166327 0.15809205090104839 -0.077196103036099473 -0.011183608435930414 0.17316568688423739 -0.17681080735588089 0.013897368866787933 0.037607080869600677 0.19098349924381813 0.20923068725162805 0.13123091032638776 0.14686829305961424 -0.053108213899168567 0.327231171741313 0.25436133135003469 -0.024153951827032741 0.094048350853818311 -0.072305431451045774 0.1558818981720087 0.0088065618706239992 0.23821257206782775 -0.16160321113610801 -0.10678849230610635 0.22765356642754694 -0.05984450626215429 -0.0071690348743774909 0.13338163895644697 0.50207440135083303 0.25917363448651415
leaf_weight=1394 427 716 346 1235 1081 5193 1183 1100 235 3679 1217 297 2351 3930 2593 2170 2171 2529 2740 550 939 1465 2972 1878 13402 1935 1485 4871 1041 2724 268 1096 406 297 1497 1438 3753 870 5487 544 448 1729 201 1190 490 243 228 226 248 2741 1810 428 798 200 850 4422 514 1491 3667 248 263 277
leaf_count=1394 427 716 346 1235 1081 5193 1183 1100 235 3679 1217 297 2351 3930 2593 2170 2171 2529 2740 550 939 1465 2972 1878 13402 1935 1485 4871 1041 2724 268 1096 406 297 1497 1438 3753 870 5487 544 448 1729 201 1190 490 243 228 226 248 2741 1810 428 798 200 850 4422 514 1491 3667 248 263 277
internal_value=0.000152908 -0.106734 0.13899 0.211159 0.0890917 -0.172416 -0.0359058 0.133306 0.161455 -0.00121155 0.268549 0.0492269 -0.0662433 -0.0407107 -0.136439 -0.110874 0.253876 0.169691 0.200252 0.100938 0.066683 0.184236 0.168658 0.115872 -0.20653 -0.000408513 -0.159877 0.0750116 0.124586 0.274918 0.153497 0.105459 0.198489 0.257715 0.204061 -0.018558 -0.00942694 0.0596155 -0.159719 0.0940885 0.127152 0.266221 0.233616 0.0812871 0.0976919 0.130064 0.166617 0.12833 0.0894425 0.0611772 -0.0310799 0.245321 0.0448757 0.115421 -0.0932709 -0.0846728 0.290938 -0.0192878 0.00222175 0.0411659 0.332699 0.378185
internal_weight=108217 61144 47073 19241 27832 31724 29420 13195 10313 13725 8928 14637 15695 8072 15443 7363 7711 6210 3681 6985 10673 7597 6132 5885 16281 4142 2879 9734 2122 5540 2817 1364 1453 847 3160 10680 9242 3045 8080 1862 1318 5194 2470 3068 2716 1683 1192 964 738 7612 5563 1663 1033 606 7623 6773 941 3426 3964 491 741 540
internal_count=108217 61144 47073 19241 27832 31724 29420 13195 10313 13725 8928 14637 15695 8072 15443 7363 7711 6210 3681 6985 10673 7597 6132 5885 16281 4142 2879 9734 2122 5540 2817 1364 1453 847 3160 10680 9242 3045 8080 1862 1318 5194 2470 3068 2716 1683 1192 964 738 7612 5563 1663 1033 606 7623 6773 941 3426 3964 491 741 540
is_linear=0
shrinkage=0.05


Tree=19
num_leaves=63
num_cat=0
split_feature=12 12 15 11 12 11 12 13 12 12 5 11 11 5 14 32 13 7 16 16 20 20 11 14 30 7 11 9 20 7 32 32 7 14 5 14 27 29 16 20 9 14 14 17 20 32 20 28 26 30 29 30 32 29 29 31 32 14 14 14 13 13
split_gain=586400 87605.5 75523.9 31684.9 13673.3 11068.3 9319.2 8655.65 5989.41 5668.95 5662.07 5025.02 4090.64 3915.32 3747.12 3697.18 3296.41 3315.68 3076.93 3013.81 3699.81 3003.04 2996.78 2981.53 2922.17 2838.44 4392 2663.83 2612.2 2596.47 2781.69 2537.22 2916.69 2412.91 2407.43 3173.07 2709.72 2357.24 2629.27 2272.4 2255.26 2432.01 2293.65 2248.46 2723.24 2225.3 2118.6 2058.75 2011.82 1993.11 1970.56 1944 1920.44 1919.3 1905.38 3160.2 4504.49 1900.57 2172.88 1839.16 1830.87 4095.65
threshold=22.269097222222229 31.605833333333337 8.6873611111111124 -2.4043055555555553 14.900763888888891 -1.4297222222222219 38.661041666666669 5.7500000000000009 40.186041666666675 2.4881249999999993 -6.4999999999999991 -2.769791666666666 -3.8121527777777771 1.0000000180025095e-35 55.750000000000007 4.7676282051282062 5.7500000000000009 0.099695382888064732 1.0000000180025095e-35 1.0000000180025095e-35 24.500000000000004 34.500000000000007 -6.1859722222222215 48.750000000000007 10.500000000000002 0.43602390686861736 -0.6726388888888889 12.500000000000002 33.500000000000007 0.1331501652827442 3.4691838435699482 6.4549305555555563 -0.41263805237643719 49.250000000000007 1.0000000180025095e-35 47.250000000000007 1.1148382835650537 0.60631648936170224 1.0000000180025095e-35 32.500000000000007 6.5000000000000009 46.250000000000007 41.750000000000007 1.0000000180025095e-35 25.500000000000004 4.7676282051282062 25.500000000000004 0.56885775862068977 2.3128566742373216 1.0000000180025095e-35 0.51398669796557128 8.5000000000000018 2.3231375606375608 0.55671097770154387 0.51092928810320126 1.0000000180025095e-35 2.1892323379588237 49.750000000000007 53.250000000000007 48.750000000000007 -3.7499999999999996 -5.2499999999999991
decision_type=2 2 2 2 2 2 2 2 2 2 2 2 2 2 2 8 2 2 2 2 10 10 2 2 8 2 2 2 8 2 10 10 2 2 2 2 2 2 2 8 2 2 2 2 8 8 8 2 2 10 2 8 10 2 2 2 8 2 2 2 2 2
left_child=2 5 9 6 25 10 13 8 37 -1 31 27 28 43 22 29 17 46 -11 -7 -21 -20 -8 54 34 26 45 -6 -12 30 -14 32 -2 -17 35 49 60 38 -5 -40 42 -42 -30 44 -3 -4 -13 -45 50 -24 -34 -15 -51 -32 -9 56 -56 -25 -59 -39 61 -37
right_child=1 3 4 7 11 19 14 23 -10 18 12 16 15 51 -16 33 -18 -19 21 20 -22 -23 24 57 -26 -27 -28 -29 40 -31 53 -33 48 -35 -36 36 -38 59 39 -41 41 -43 -44 47 -46 -47 -48 -49 -50 52 -52 -53 -54 -55 55 -57 -58 58 -60 -61 -62 -63
leaf_value=-0.20975180555588979 0.28709253066294232 0.37005904174250803 -0.017615401699658126 0.07644788614047357 -0.0092951483482525393 -0.012195724106035489 0.29978835827814238 -0.11116209163185981 0.19427155460828752 -0.18258474327642002 0.1652305458333807 0.048983533332000069 0.073305028799745084 0.17401224511284796 0.46357136591168652 -0.04480256954936878 -0.10822777807705899 -0.065903305559897082 -0.083650684604950593 0.12834048155989813 0.019500667836291893 -0.15742333707732334 0.1327921320187691 0.25769721053693184 0.15538174720158851 -0.13084053003165014 -0.11404684431156729 0.082316057412736565 0.14422294629256868 0.022982012544128457 0.11717052888046958 0.018644728240585048 0.068570733153626037 0.099734175283654414 0.17744962645083248 0.24633814061303286 0.49921327020677897 0.24446916504247218 0.2135075381259379 0.11621841477738358 0.18808426151166513 0.049357225411259427 0.014876461590469009 0.11935908806989137 0.22641549952461015 -0.097988043147499038 -0.026086833679142774 0.23729193774417456 0.019432177611713786 0.38192195603996515 0.21368142637901399 0.089982758915366889 0.21761013443019805 0.32286566180939025 -0.1776642916367992 0.15923087021272461 0.044014650601829658 0.0024700653250666633 0.18423640128875537 0.10680094037411943 0.23570557880692747 0.49605372373339718
leaf_weight=9916 447 409 2673 3253 2626 6052 2993 231 4145 7315 1184 1153 1849 1932 236 1586 1888 5330 1970 960 4167 4633 436 225 924 4758 5020 1136 443 2006 252 298 336 352 782 375 201 616 796 2464 748 548 1504 810 1774 1270 5064 687 277 249 779 1075 647 208 271 439 1454 344 314 404 594 297
leaf_count=9916 447 409 2673 3253 2626 6052 2993 231 4145 7315 1184 1153 1849 1932 236 1586 1888 5330 1970 960 4167 4633 436 225 924 4758 5020 1136 443 2006 252 298 336 352 782 375 201 616 796 2464 748 548 1504 810 1774 1270 5064 687 277 249 779 1075 647 208 271 439 1454 344 314 404 594 297
internal_value=0.00100795 0.118942 -0.113956 0.176836 -0.0623936 0.0480614 0.22972 0.125832 0.145984 -0.180838 0.0797734 -0.0326899 0.0648967 0.186432 0.267118 0.0388498 -0.0469913 -0.0369703 -0.160225 0.0116989 0.0399013 -0.135429 0.260874 0.0540149 0.234959 -0.0996171 -0.0830294 0.0183829 0.10167 0.0646113 0.100752 0.154057 0.175978 -0.0185124 0.255443 0.277163 0.32802 0.119392 0.108291 0.140032 0.0784206 0.129508 0.0443655 0.221046 0.253485 -0.0435209 -0.0121587 0.173603 0.140116 0.220947 0.170054 0.144012 0.263648 0.210679 0.025037 0.0396204 0.00910581 0.132496 0.0893576 0.1901 0.300467 0.357277
internal_weight=108125 53373 54752 29377 30918 23996 14421 14956 11678 23834 12817 17197 10680 6687 7734 6253 13435 11547 13918 11179 5127 6603 7498 3278 4505 13721 8963 3762 4427 4315 2309 2137 1839 1938 3581 2799 1467 7533 6513 3260 3243 1296 1947 3680 2183 3943 6217 1497 1392 1332 1115 3007 896 460 2395 2164 1725 883 658 1020 1266 672
internal_count=108125 53373 54752 29377 30918 23996 14421 14956 11678 23834 12817 17197 10680 6687 7734 6253 13435 11547 13918 11179 5127 6603 7498 3278 4505 13721 8963 3762 4427 4315 2309 2137 1839 1938 3581 2799 1467 7533 6513 3260 3243 1296 1947 3680 2183 3943 6217 1497 1392 1332 1115 3007 896 460 2395 2164 1725 883 658 1020 1266 672
is_linear=0
shrinkage=0.05


Tree=20
num_leaves=63
num_cat=0
split_feature=0 12 12 11 11 12 2 12 28 13 17 20 12 17 14 8 20 13 6 17 11 11 14 20 32 32 6 14 30 28 29 30 26 9 13 28 8 30 29 20 13 6 13 11 14 14 32 14 11 18 18 6 29 13 13 11 30 32 9 14 14 13
split_gain=529344 81820.3 64683.4 21599.7 17625.3 10324.2 9427.87 9142.9 5800.72 4969.86 4772.4 4750.93 4648.83 4214.17 3516.75 4116.5 3502.03 3229.94 4742.44 3177.88 3176.33 3061.16 3928.99 2886.67 2700.4 2693.02 2398.65 2392.03 3438.85 2555.24 2329.75 2285.93 2617.76 2277.92 2936.5 2797.37 2194.01 2493.04 2363.32 2187.2 2139.98 2121.68 3083.18 2040.29 2821.79 2008.44 2007.57 2003.4 1983.91 1960.08 1910.17 1871.36 1832.01 1816.36 2587.63 1802.16 2577.92 1876.03 1713.06 1687.26 2298.55 1685.09
threshold=1844.5000000000002 11.000416666666668 37.614652777777785 -1.6700694444444444 -2.0820833333333328 17.412847222222222 329.50000000000006 31.209583333333338 0.61617524916943534 5.7500000000000009 1.0000000180025095e-35 29.500000000000004 29.790138888888894 1.0000000180025095e-35 56.250000000000007 8.5000000000000018 14.500000000000002 5.7500000000000009 -0.6061032073695175 1.0000000180025095e-35 3.8376388888888897 -6.3481249999999987 49.750000000000007 54.500000000000007 5.165722480334904 5.9057790289189667 2.6928145027331496 49.750000000000007 8.5000000000000018 0.52348345588235301 0.53892496392496403 5.5000000000000009 2.1212556725635201 6.5000000000000009 3.7500000000000004 0.54016129032258076 9.5000000000000018 5.5000000000000009 0.60903263403263408 14.500000000000002 -6.2499999999999991 5.7069645558804156 -1.2499999999999998 -5.2163888888888872 46.250000000000007 43.250000000000007 3.6899298512508456 50.250000000000007 -3.9646527777777769 3.5000000000000004 3.5000000000000004 -5.1958182864810381 0.60403138528138534 -3.7499999999999996 -4.7499999999999991 -4.3047222222222219 6.5000000000000009 2.9846479500891268 6.5000000000000009 51.250000000000007 53.250000000000007 -5.7499999999999991
decision_type=2 2 2 2 2 2 2 2 2 2 2 8 2 2 2 2 8 2 2 2 2 2 2 10 8 8 2 2 8 2 2 8 2 2 2 2 2 10 2 8 2 2 2 2 2 2 8 2 2 8 8 2 2 2 2 2 10 10 2 2 2 2
left_child=1 6 3 7 14 17 39 13 9 12 11 50 31 16 15 21 -2 18 -3 23 27 -4 25 49 43 26 45 29 -29 -6 -10 32 -5 34 -33 -35 38 -38 -14 -1 58 42 -12 44 -9 -23 -20 61 -15 -8 -7 -18 -32 54 -24 57 -57 -47 -13 -55 -61 -26
right_child=2 5 4 8 20 10 19 24 30 -11 41 40 36 48 -16 -17 51 -19 46 -21 -22 22 53 -25 47 -27 -28 28 -30 -31 52 33 -34 35 -36 -37 37 -39 -40 -41 -42 -43 -44 -45 -46 55 -48 -49 -50 -51 -52 -53 -54 59 -56 56 -58 -59 -60 60 -62 -63
leaf_value=-0.12937252734750562 0.24905690475444278 -0.025273962172357296 0.28831042056240541 0.0041537090312495153 0.039684941764820243 0.12001931083736686 -0.059584074133952628 0.26184575944474825 0.26365686629578705 -0.024220950020446171 0.0095206102458786964 -0.03994159805225931 0.082459726194051758 0.089310387101714961 0.4374525221980225 0.076036866205734216 0.17656365745992869 -0.14361471805015799 -0.065953014070749813 -0.15626282655679141 0.096199750606426965 0.1597454088051328 0.28522660473843553 -0.14638997199701834 0.14224623933057021 0.1256758224395684 0.12936800183113958 0.26233605940656385 0.070018143561803539 0.16139024174585692 0.050317149137000861 -0.025848152998281328 0.10109906851670154 0.085733943358048459 -0.2130240927756471 -0.035482969488821618 0.074868252590535284 -0.090138365438284532 0.19775589324981269 -0.1958833238030657 -0.023238512983708128 -0.087711348573383766 -0.069434656583126031 0.15610925490078584 0.12926700377303502 0.14559027665957106 -0.11730771885531532 0.25221104848048637 0.021932053153093271 -0.13177473622900984 -0.0089065366930614308 0.089967745367622379 0.22389791759627836 0.1239913643591512 0.47955599782925351 0.34842468826807504 0.19073915473885855 0.31545455961398061 0.07004795530984087 0.3741211330274915 0.16614728590939196 0.051577585338428628
leaf_weight=1374 459 4498 3089 1479 504 1175 2909 1306 319 3333 2604 487 3598 1906 235 363 747 1508 4077 7165 2445 571 571 3085 1055 941 572 1097 296 3020 516 1271 1315 954 250 948 613 364 507 13078 5473 2122 2353 3438 584 483 3578 235 2560 1391 380 3812 215 233 250 901 370 247 1290 313 235 999
leaf_count=1374 459 4498 3089 1479 504 1175 2909 1306 319 3333 2604 487 3598 1906 235 363 747 1508 4077 7165 2445 571 571 3085 1055 941 572 1097 296 3020 516 1271 1315 954 250 948 613 364 507 13078 5473 2122 2353 3438 584 483 3578 235 2560 1391 380 3812 215 233 250 901 370 247 1290 313 235 999
internal_value=0.000473023 -0.101298 0.120798 0.0799638 0.200776 -0.0427334 -0.160956 0.118828 0.0375785 0.0294264 -0.0153212 0.00925302 0.0452522 0.086048 0.246255 0.241291 0.11749 -0.0746028 -0.0660283 -0.132524 0.142842 0.248117 0.226239 -0.109475 0.159625 0.200105 0.222335 0.166011 0.22155 0.144 0.151043 0.016251 0.049801 -0.0111406 -0.0567332 0.0253298 0.0807203 0.0133626 0.0967444 -0.189569 -0.00775992 -0.0458841 -0.0279645 0.179154 0.22097 0.242952 -0.0899687 0.11411 0.0507013 -0.0829621 0.0885278 0.104192 0.101606 0.292712 0.344913 0.266604 0.302707 0.203418 0.039899 0.237466 0.2854 0.0981945
internal_weight=108066 58547 49519 32783 16736 29545 29002 17101 15682 14632 15884 8805 11299 9484 9374 9139 5018 13661 12153 14550 7362 8776 5687 7385 7617 4085 3144 4917 1393 3524 1050 6217 2794 3423 1521 1902 5082 977 4105 14452 7250 7079 4957 5328 1890 2572 7655 2289 4466 4300 1555 4559 731 1602 821 2001 1271 730 1777 781 548 2054
internal_count=108066 58547 49519 32783 16736 29545 29002 17101 15682 14632 15884 8805 11299 9484 9374 9139 5018 13661 12153 14550 7362 8776 5687 7385 7617 4085 3144 4917 1393 3524 1050 6217 2794 3423 1521 1902 5082 977 4105 14452 7250 7079 4957 5328 1890 2572 7655 2289 4466 4300 1555 4559 731 1602 821 2001 1271 730 1777 781 548 2054
is_linear=0
shrinkage=0.05


Tree=21
num_leaves=63
num_cat=0
split_feature=0 0 12 11 11 12 11 7 12 13 13 5 30 28 17 7 14 9 20 17 14 13 30 28 11 20 13 20 11 12 7 29 30 32 30 32 24 32 17 30 32 29 29 24 17 20 28 14 28 11 14 29 30 32 9 9 13 29 11 32 29 11
split_gain=482805 75916.8 57133.5 18796.8 16692.4 12451.9 7112.61 7255.85 5717.85 4595.25 4489.48 3852.55 3723.05 3605.12 3470.98 3409.78 3251.88 3034.89 2994.84 2851.56 2734.77 3758.2 3098.11 2714.94 2670.12 2615.75 2506.82 2432.25 2390.68 2343.97 2326.36 5664.94 2658.93 2634.57 2275.93 2198.54 2155.43 2078.66 2042.04 1962.99 2662.09 1962.94 1946.8 2093.75 1945.06 2344.23 1922.34 1871.72 2447.48 2074.36 1864.79 2853.71 2127.95 3555.86 1862.43 1848.72 1841.46 1721.78 2224.02 1773.96 1716.83 1694.71
threshold=1850.5000000000002 967.50000000000011 35.805486111111115 -2.6861805555555551 -1.6700694444444444 6.8340277777777789 -1.0809722222222218 0.36389414891685889 29.991666666666671 5.7500000000000009 4.2500000000000009 1.0000000180025095e-35 11.500000000000002 0.59066731141199236 1.0000000180025095e-35 0.96217727021242372 50.250000000000007 16.500000000000004 52.500000000000007 1.0000000180025095e-35 47.250000000000007 -6.7499999999999991 13.500000000000002 0.63974541429475018 -0.53097222222222207 43.500000000000007 5.7500000000000009 67.500000000000014 -0.14027777777777772 45.641111111111123 -0.055718930293125891 0.5563948205361201 12.500000000000002 4.2701364883067994 5.5000000000000009 7.5759836624562658 2.5000000000000004 7.3059665002080747 1.0000000180025095e-35 17.500000000000004 7.1252240143369185 0.50724789915966395 0.48518437225636529 2.5000000000000004 1.0000000180025095e-35 64.500000000000014 0.54857740021574986 50.250000000000007 0.54145189003436434 -5.893958333333333 45.750000000000007 0.57481343283582098 9.5000000000000018 3.3463478150406512 17.500000000000004 6.5000000000000009 6.7500000000000009 0.54601482153660019 -3.1997916666666661 6.0606022189440045 0.51092928810320126 1.0317361111111116
decision_type=2 2 2 2 2 2 2 2 2 2 2 2 8 2 2 2 2 2 10 2 2 2 8 2 2 10 2 10 2 2 2 2 10 10 8 8 2 8 2 8 10 2 2 2 2 10 2 2 2 2 2 2 8 10 2 2 2 2 2 8 2 2
left_child=1 5 4 11 8 15 7 12 14 13 19 20 18 44 35 28 54 -7 -3 27 21 22 -4 26 -19 38 30 -5 -1 -21 31 -8 33 -33 61 -2 -12 -27 -10 40 -15 -36 -11 -44 45 -6 -9 49 -49 -13 51 -38 53 -52 55 -14 -45 -48 -59 -60 -22 -32
right_child=2 6 3 10 9 17 23 46 25 42 36 47 16 39 -16 -17 -18 24 -20 29 60 -23 -24 -25 -26 37 -28 -29 -30 -31 34 32 -34 -35 41 -37 50 -39 -40 -41 -42 -43 43 56 -46 -47 57 48 -50 -51 52 -53 -54 -55 -56 -57 -58 58 59 -61 -62 -63
leaf_value=-0.12208584194234146 0.12373577837895303 0.062349336550262861 0.30357388642506455 0.2074074403089266 0.080127610817831957 -0.13297419430421969 -0.085404511001099429 -0.020310342988517478 0.21188434227290542 -0.14098847104443443 -0.051673691701075997 0.20408347917297825 -0.15678266681269831 0.1194176918571033 0.042639825726882456 -0.19572261690251302 0.11896492582075442 -0.044026132967434434 -0.0026840142336373562 0.10621099074534389 0.16059658215857867 0.17844518385777913 0.12825435270512428 0.028938163514655463 -0.11159989429903999 0.128681755566143 -0.10739902387230311 0.12317859231522493 -0.17060754026665656 0.21590549682048354 -0.072616804954206152 0.015668991554340522 -0.11922014000027797 0.15043501420052652 -0.0052193710867922266 0.017720199197950499 -0.041075551934545734 0.028049891855943573 0.12931093653976819 0.24797586684982323 -0.069702709607405752 -0.12418204954432228 -0.065925657716457198 -0.059255551733650283 0.0091890866981228763 0.0030675804930554783 -0.14068135616825586 0.39596202176045903 0.18438306911244851 0.10002711752590077 0.10683772705340518 0.12158288770436981 0.036034125565794543 0.29570119552728208 -0.20853133378467636 -0.019528181339076287 0.05508531309933689 0.019376773927755789 -0.062465995814767805 -0.20556165061698392 0.29781749541791797 0.011892867691107905
leaf_weight=3853 3572 3961 1560 2940 3141 6041 2153 1782 1675 314 273 978 318 1247 3717 8787 256 2558 3200 3235 253 2204 303 801 3417 3225 2832 1218 7524 574 1636 1545 271 473 405 567 511 611 1367 231 218 2414 1044 486 4333 1439 967 202 431 945 817 569 443 359 217 1064 1271 612 862 289 2717 930
leaf_count=3853 3572 3961 1560 2940 3141 6041 2153 1782 1675 314 273 978 318 1247 3717 8787 256 2558 3200 3235 253 2204 303 801 3417 3225 2832 1218 7524 574 1636 1545 271 473 405 567 511 611 1367 231 218 2414 1044 486 4333 1439 967 202 431 945 817 569 443 359 217 1064 1271 612 862 289 2717 930
internal_value=-0.000293039 -0.0964174 0.115801 0.17937 0.0699331 -0.148283 -0.0345707 -0.00896566 0.10689 0.0302521 0.134547 0.230462 0.0169391 0.0459286 0.0777279 -0.172296 -0.046173 -0.107975 0.0332919 0.154115 0.249588 0.222797 0.275144 -0.0603025 -0.0826826 0.140182 -0.0659511 0.18277 -0.154187 0.122794 -0.0539966 -0.0272021 0.0275557 0.0473157 -0.0760899 0.109221 0.0820578 0.112665 0.174833 0.112728 0.0912472 -0.107099 -0.0231363 -0.0098791 0.0332066 0.0559219 -0.0607215 0.177731 0.252419 0.153027 0.0955987 0.0446545 0.129534 0.164695 -0.0726694 -0.0512011 0.023442 -0.0870826 -0.0576208 -0.0985426 0.286186 -0.0419951
internal_weight=108158 59168 48990 20532 28458 32180 26988 13528 14734 13724 10939 9593 9016 10609 7856 20164 1855 12016 7161 7967 7037 4067 1863 13460 5975 6878 12659 4158 11377 3809 9827 4442 2289 2018 5385 4139 2972 3836 3042 1696 1465 2819 3115 2801 8913 4580 4512 2556 633 1923 2699 1080 1619 1176 1599 1382 1757 2730 1763 1151 2970 2566
internal_count=108158 59168 48990 20532 28458 32180 26988 13528 14734 13724 10939 9593 9016 10609 7856 20164 1855 12016 7161 7967 7037 4067 1863 13460 5975 6878 12659 4158 11377 3809 9827 4442 2289 2018 5385 4139 2972 3836 3042 1696 1465 2819 3115 2801 8913 4580 4512 2556 633 1923 2699 1080 1619 1176 1599 1382 1757 2730 1763 1151 2970 2566
is_linear=0
shrinkage=0.05


Tree=22
num_leaves=63
num_cat=0
split_feature=12 12 12 13 12 11 12 8 12 16 20 7 11 30 7 13 20 13 20 13 30 32 10 12 6 13 32 6 32 11 29 14 17 20 16 26 13 29 14 13 7 29 18 14 29 17 20 14 2 31 30 20 32 29 7 13 29 12 7 30 10 10
split_gain=429561 65113.7 56194.4 20778.2 11371.4 9760.44 9283.87 5368.46 5266.82 3941 5872.85 3836.07 3653.08 3508.25 3396.53 5447.94 2804.76 2741.35 2689.46 2578.78 4692.27 2525.28 2503.23 2462.91 2776.55 2386.24 2368.08 2361.74 2361.42 2349.55 2307.06 2275.3 2243.43 3313.93 2201.44 2136.74 2076.09 2074.01 2045.61 2005.79 1943.18 1976.06 1938.64 1906.56 1843.17 1768.93 3234.37 1764.51 1760.4 1749.45 1728.48 1759.74 1648.74 1632.59 1772.72 1630.7 1632.47 1630.09 1614.84 1578.41 1569.83 1558.45
threshold=22.269097222222229 32.423055555555557 7.8536805555555551 -2.2499999999999996 16.367222222222225 -1.4297222222222219 39.515625000000007 1.0000000180025095e-35 41.584027777777784 1.0000000180025095e-35 33.500000000000007 2.0308994249755892 -2.8111805555555551 6.5000000000000009 0.45811814571716641 -6.7499999999999991 11.500000000000002 5.7500000000000009 34.500000000000007 -3.7499999999999996 7.5000000000000009 2.083884636413341 10.500000000000002 46.501041666666673 -2.7465887839679826 5.7500000000000009 7.6361081275768141 -3.3972210826450895 4.6937575732540218 -11.641180555555556 0.59685648452929574 52.250000000000007 1.0000000180025095e-35 33.500000000000007 1.0000000180025095e-35 2.244449277463632 -6.7499999999999991 0.5563948205361201 45.250000000000007 5.7500000000000009 0.38284648915942449 0.61330480451274083 3.5000000000000004 48.750000000000007 0.53015151515151526 1.0000000180025095e-35 33.500000000000007 45.750000000000007 858.50000000000011 1.0000000180025095e-35 9.5000000000000018 29.500000000000004 4.1040899629972252 0.55721726190476206 0.21482826540227076 -10.749999999999998 0.58290378006872867 1.0368750000000007 0.1253606618717 8.5000000000000018 20.500000000000004 10.500000000000002
decision_type=2 2 2 2 2 2 2 2 2 2 8 2 2 8 2 2 8 2 8 2 10 10 2 2 2 2 8 2 8 2 2 2 2 8 2 2 2 2 2 2 2 2 8 2 2 2 8 2 2 2 8 8 8 2 2 2 2 2 2 8 2 2
left_child=2 5 11 6 14 7 13 26 17 36 42 18 50 32 15 28 -7 30 34 23 21 -21 55 24 -8 27 -2 37 35 -26 61 -10 33 48 -1 -4 47 -17 -39 40 41 -18 -11 -22 -31 46 -14 59 -3 -33 51 -6 -16 -12 -55 -15 -57 -20 -49 -9 -54 -5
right_child=1 3 4 8 12 16 19 9 31 10 53 -13 45 22 52 25 39 -19 57 20 43 -23 -24 -25 29 -27 -28 -29 -30 44 -32 49 -34 -35 -36 -37 -38 38 -40 -41 -42 -43 -44 -45 -46 -47 -48 58 -50 -51 -52 -53 60 54 -56 56 -58 -59 -60 -61 -62 -63
leaf_value=-0.15087542816461486 0.17490694503831658 0.19456411421152892 0.1067033075065998 0.097980513489245857 0.13521170925181478 0.10105256635298805 0.34521016590926373 0.15610203261912303 0.13267403178567036 0.20225249399181836 0.031947806153546414 -0.19094492846750399 0.056495629081521476 0.24940049269164988 -0.091059127610075716 -0.07018781061734003 0.012894127920933593 0.031837402503197838 -0.20186790270001992 0.1935412607142335 0.1444056736696222 0.32079154267025717 0.049495154647613324 0.32329353489508811 0.33782159284883284 -0.13399796477356749 0.014656581981898016 -0.091153194657218661 -0.071821861686423807 0.098367896491329973 0.16477439258076054 0.15355445640794574 0.14876484627853545 0.18349358291646323 -0.078857352873874895 -0.022922272244737453 0.010196186450304005 0.087456442901345091 -0.038591959108930748 -0.033471162572299817 -0.066255822639392295 0.08551128717330618 0.076685949004421716 -0.032087241684445954 0.2188869717752914 -0.057581685423610279 -0.036547575698986881 0.092833238247947703 0.37487311828233255 0.30084034408498006 -0.029445884432154915 0.025937450029574184 -0.043655961186104458 0.13467404327898377 0.020753632939955188 0.11143304860295296 0.21685170191049111 -0.15019526554994755 -0.019210099753820237 0.040703493636101484 -0.15970385294433731 0.026683041815163268
leaf_weight=1970 1584 203 717 3917 466 798 506 757 3098 1221 2395 6794 1181 324 3608 1939 6597 2064 1839 1319 385 559 937 1030 372 1775 270 5222 584 364 1082 411 2161 1735 2309 570 3849 526 826 2693 658 1091 413 253 2602 5149 4452 554 430 403 1028 1749 338 1052 506 2084 447 9285 764 488 2156 954
leaf_count=1970 1584 203 717 3917 466 798 506 757 3098 1221 2395 6794 1181 324 3608 1939 6597 2064 1839 1319 385 559 937 1030 372 1775 270 5222 584 364 1082 411 2161 1735 2309 570 3849 526 826 2693 658 1091 413 253 2602 5149 4452 554 430 403 1028 1749 338 1052 506 2084 447 9285 764 488 2156 954
internal_value=0.000365432 0.101241 -0.0983758 0.154504 -0.0562687 0.0439318 0.192281 0.072419 0.104738 0.0601744 0.09087 -0.159616 -0.0224069 0.156021 -0.0822729 -0.0669865 0.0105897 0.0815122 -0.145786 0.233083 0.191779 0.231569 0.120477 0.254361 0.235812 -0.081258 0.15159 -0.0702471 0.0114896 0.21913 0.098727 0.152303 0.185747 0.21942 -0.112041 0.0493202 0.0334183 -0.0370566 0.010476 0.00404166 0.0161485 0.023209 0.170581 0.0744764 0.204135 -0.0364012 -0.0170338 0.0682746 0.317447 0.226753 0.0241167 0.0489776 -0.112717 0.0578859 0.0977125 0.143747 0.130129 -0.158755 0.0279202 0.110938 -0.144 0.084025
internal_weight=107813 53330 54483 27640 32286 25690 15711 13853 11929 11999 5587 22197 14025 8321 18261 12159 11837 8017 15403 7390 2516 1878 3792 4874 3844 10288 1854 8513 1871 3338 5953 3912 4529 2368 4279 1287 6412 3291 1352 11039 8346 7688 1634 638 2966 10782 5633 2563 633 814 3243 2215 6102 3953 1558 2855 2531 11124 1318 1245 2494 4871
internal_count=107813 53330 54483 27640 32286 25690 15711 13853 11929 11999 5587 22197 14025 8321 18261 12159 11837 8017 15403 7390 2516 1878 3792 4874 3844 10288 1854 8513 1871 3338 5953 3912 4529 2368 4279 1287 6412 3291 1352 11039 8346 7688 1634 638 2966 10782 5633 2563 633 814 3243 2215 6102 3953 1558 2855 2531 11124 1318 1245 2494 4871
is_linear=0
shrinkage=0.05


Tree=23
num_leaves=63
num_cat=0
split_feature=12 0 12 11 11 12 12 7 11 12 7 14 13 17 20 7 13 14 6 32 9 0 27 13 29 11 9 30 13 27 32 10 26 14 17 20 11 26 10 30 32 12 14 17 32 30 20 0 14 32 13 30 26 30 29 10 13 11 32 14 14 30
split_gain=391384 67484.1 43314.7 13057.5 11249 10036.3 8014.97 5432.93 3951.56 3665.7 3575.5 3555.56 3475.48 3426.96 4083.97 3194.74 3135.94 3285.77 2920.18 2790.03 2517.34 2366.91 2366.69 2308.93 2268 2221.24 2153.43 2107.98 2673.51 4685.08 2515.13 2422.01 2083.93 2136.19 2000.42 2607.58 1997.72 1972.01 1940.69 1909.44 1904.68 1879.33 1859.84 1854.67 1837.81 1766.02 1687.46 1665.03 1636.98 1622.69 1794.39 1568.79 2880.37 2311.57 1545.02 1683.31 2372.32 2830.38 3332.66 2965.65 2393.24 1537.72
threshold=24.21298611111111 950.50000000000011 37.8182638888889 -1.9107638888888887 -2.5143055555555551 7.0402777777777779 19.613194444444449 0.15509243240276524 -1.2755555555555551 29.585694444444446 -0.41263805237643719 55.750000000000007 4.2500000000000009 1.0000000180025095e-35 50.500000000000007 0.86462253376187992 -6.7499999999999991 51.250000000000007 -3.9754279946761888 4.9290981624758237 16.500000000000004 3229.5000000000005 1.1113607547160262 5.7500000000000009 0.55120920745920754 -0.14027777777777772 4.0000000000000009 10.500000000000002 -5.2499999999999991 0.89179275176645723 2.9585076441573155 2.5000000000000004 2.0222262061272462 42.750000000000007 1.0000000180025095e-35 11.500000000000002 -0.475486111111111 2.1547841941796135 23.500000000000004 9.5000000000000018 1.5792323705748004 48.401597222222229 41.750000000000007 1.0000000180025095e-35 2.2364455552335882 1.5000000000000002 9.5000000000000018 1965.5000000000002 52.750000000000007 5.2228657781289369 -9.7499999999999982 6.5000000000000009 2.1885637749367968 1.5000000000000002 0.60903263403263408 10.500000000000002 3.2500000000000004 1.3097222222222227 4.128418597168598 46.250000000000007 49.750000000000007 1.5000000000000002
decision_type=2 2 2 2 2 2 2 2 2 2 2 2 2 2 8 2 2 2 2 8 2 2 2 2 2 2 2 8 2 2 10 2 2 2 2 8 2 2 2 8 8 2 2 2 10 8 10 2 2 8 2 8 2 10 2 2 2 2 10 2 2 10
left_child=1 5 3 7 11 15 13 10 19 34 -2 18 41 14 39 25 17 22 44 -8 -7 48 24 54 -12 -1 40 28 29 -18 -31 -29 33 -30 35 -5 -22 -33 -10 46 -26 43 -40 61 -4 -44 -3 -9 -20 -23 -51 52 53 -49 55 -11 57 58 60 -59 -57 -6
right_child=2 6 4 9 12 20 8 47 38 23 16 -13 -14 -15 -16 -17 27 -19 21 -21 36 49 -24 -25 26 -27 -28 31 32 30 -32 37 -34 -35 -36 -37 -38 -39 42 -41 -42 -43 45 -45 -46 -47 -48 51 -50 50 -52 -53 -54 -55 -56 56 -58 59 -60 -61 -62 -63
leaf_value=-0.10598558814548149 0.31880875512271745 0.13804426118933963 0.37921440173281512 0.19241203858368239 0.21844669356875893 -0.11898861580276598 0.047039510380567473 -0.0013002601383867588 -0.050880201074709377 0.091702728574948031 0.14425194557099449 0.40815177170275635 0.081738779647638676 -0.076693356020492806 -0.063789624412038212 -0.17611985935937691 0.22434090679765425 -0.0087156267965857476 0.17765280700103969 -0.019520247648886692 -0.038851899857584596 0.2416009624434767 0.03213003107888434 0.018030092351031601 0.042019021673256468 -0.15248377698355145 0.27866591981955613 0.16416073295044836 0.011256108946744194 -0.038853651641777925 0.13064430878573999 0.058534401726780511 0.17568106548673443 0.14570174392673685 -0.0088998276990581472 0.031469036305460774 -0.099023425151207947 -0.081606367450728218 0.12410182281975346 -0.046685838952667119 0.21572354313179082 0.24427208121074276 0.052064401531526618 0.11369294411664538 0.22097273957666377 -0.040296410575833538 0.015988427182087005 0.0035458273102112084 0.058623786561447615 0.27984429294926622 0.14369556302192996 0.04024880415208526 0.19320337953489211 0.13985219053590628 0.14453666530566156 0.0018477089359312641 -0.067558745678953799 0.29449371001056729 -0.15493000437054116 0.058368391571117631 0.19836553128309023 0.14181106390738271
leaf_weight=3933 238 321 395 268 1123 5570 4817 858 3900 3522 2051 235 2341 7648 4220 9199 329 282 2242 2338 2553 3244 297 1914 231 7470 845 344 493 774 304 771 1883 737 3629 3922 3005 371 289 1135 501 526 768 2492 354 1582 2352 711 333 318 1031 1627 643 552 825 488 445 222 228 331 226 1596
leaf_count=3933 238 321 395 268 1123 5570 4817 858 3900 3522 2051 235 2341 7648 4220 9199 329 282 2242 2338 2553 3244 297 1914 231 7470 845 344 493 774 304 771 1883 737 3629 3922 3005 371 289 1135 501 526 768 2492 354 1582 2352 711 333 318 1031 1627 643 552 825 488 445 222 228 331 226 1596
internal_value=0.00053768 -0.0829503 0.10886 0.074081 0.174984 -0.133505 -0.0283312 0.107869 -0.000384617 0.0427727 0.127479 0.21643 0.133136 -0.0527427 -0.0299191 -0.154174 0.122989 0.156109 0.210688 0.0252905 -0.0952267 0.200811 0.16795 0.0661249 0.179057 -0.136457 0.224203 0.0997678 0.116753 0.0594939 0.00902218 0.0480608 0.142605 0.0918671 0.0182744 0.0418067 -0.0713963 0.0129755 -0.028478 0.00762297 0.161039 0.154091 0.00463554 0.144943 0.304819 -0.0101028 0.0306922 0.0611781 0.162289 0.222368 0.175973 0.0763472 0.107124 0.0631827 0.0807616 0.0711041 0.0336799 0.0638395 0.0110854 0.153521 0.0642413 0.173532
internal_weight=108192 61100 47092 30862 16230 31730 29370 14842 13694 16020 10451 8152 8078 15676 8028 20602 10213 4207 7917 7155 11128 7168 3925 8201 3628 11403 1577 6006 4520 1407 1078 1486 3113 1230 7819 4190 5558 1142 6539 3808 732 5737 2639 5211 749 2350 2673 4391 2575 4593 1349 3533 1906 1263 6287 5462 1940 1495 942 553 714 2719
internal_count=108192 61100 47092 30862 16230 31730 29370 14842 13694 16020 10451 8152 8078 15676 8028 20602 10213 4207 7917 7155 11128 7168 3925 8201 3628 11403 1577 6006 4520 1407 1078 1486 3113 1230 7819 4190 5558 1142 6539 3808 732 5737 2639 5211 749 2350 2673 4391 2575 4593 1349 3533 1906 1263 6287 5462 1940 1495 942 553 714 2719
is_linear=0
shrinkage=0.05


Tree=24
num_leaves=63
num_cat=0
split_feature=15 15 15 11 11 15 17 20 7 11 28 14 11 19 30 32 14 17 16 20 32 26 11 20 30 26 31 6 11 27 29 10 28 29 29 20 24 14 32 14 11 29 27 20 29 7 7 11 30 26 14 30 30 32 28 10 29 14 9 7 9 15
split_gain=356210 64109.9 34570.7 12300.2 12273.4 10747.8 6946.4 6494.79 5082.58 4058.51 3517.84 3358.68 3155.46 3127.83 3118.62 3117.57 3101.36 3087.14 2930.51 3599.06 2795.79 2772.8 2597.58 2469.6 2435.75 3174.19 2595.55 2422.22 2393.35 2313.17 2260.92 2233.95 2430.79 3822.69 2195.09 2147.64 2132 2785.16 2270.17 2876.39 2086.56 2509.39 2172.82 2069.58 2020.32 2088.29 1885.02 2537.37 1996.41 1882.69 1878.8 1782.39 1851.6 2411.3 1769.16 1753.95 1771.96 1900.48 1744.63 1743.05 1736.18 1688.26
threshold=24.585625000000004 13.073194444444447 37.207222222222228 -2.4043055555555553 -1.5206944444444439 7.4547916666666678 1.0000000180025095e-35 32.500000000000007 0.14522403124000946 -4.9080555555555545 0.59066731141199236 50.750000000000007 -1.2755555555555551 1.0000000180025095e-35 14.500000000000002 9.2520666803306693 55.750000000000007 1.0000000180025095e-35 1.0000000180025095e-35 14.500000000000002 4.9290981624758237 2.2363953280407478 -11.641180555555556 29.500000000000004 6.5000000000000009 2.2080145985401463 1.0000000180025095e-35 0.85610548850443002 5.2802083333333334 0.8242188620778701 0.4700746268656717 6.5000000000000009 0.56496753246753262 0.5255756148613292 0.53550420168067236 34.500000000000007 2.5000000000000004 41.750000000000007 6.9736897416981387 39.250000000000007 4.0002777777777787 0.53934468524251822 0.91326518943278578 58.500000000000007 0.61466871584699467 -0.39953589366670866 0.42573410667065253 -0.84763888888888872 9.5000000000000018 2.128007672750265 45.250000000000007 17.500000000000004 11.500000000000002 4.9615630848025223 0.57481343283582098 10.500000000000002 0.51801948051948066 45.750000000000007 11.500000000000002 1.4013668696824586 6.5000000000000009 31.209583333333338
decision_type=2 2 2 2 2 2 2 8 2 2 2 2 2 2 8 8 2 2 2 8 8 2 2 8 8 2 2 2 2 2 2 2 2 2 2 10 2 2 10 2 2 2 2 8 2 2 2 2 8 2 2 8 10 10 2 2 2 2 2 2 2 2
left_child=1 5 4 16 8 18 7 13 9 11 30 31 20 -3 29 -16 22 35 -1 -20 -9 -17 -4 -7 25 26 -10 34 54 -11 -6 -2 50 -34 -24 -5 37 -32 39 -38 41 49 -43 -36 45 -31 47 48 -8 -39 -33 52 53 -12 -19 -41 -57 -58 -25 -21 -44 -47
right_child=2 6 3 17 10 23 46 12 24 14 51 -13 -14 -15 15 21 -18 28 19 59 -22 -23 27 58 -26 -27 -28 -29 -30 44 36 32 33 -35 43 -37 38 40 -40 55 -42 42 60 -45 -46 61 -48 -49 -50 -51 -52 -53 -54 -55 -56 56 57 -59 -60 -61 -62 -63
leaf_value=-0.16316005486241311 0.13263119641731666 -0.05658489104276198 0.29774225885839106 0.19933748823023548 -0.10068599122300373 -0.04742736236325789 0.0054038666588209945 0.034348081681496799 0.11338633718860232 -0.018853415308307999 0.069027563841721554 -0.022666289431115264 -0.041694834054851193 0.080311713966711773 -0.12648681674001958 0.13378500795523526 0.37644174198991037 0.068671845215742974 -0.039911620162862989 -0.12137890379315495 -0.041133684780264565 -0.079651645685784353 0.1380307630317924 -0.13116849923895166 0.021937532716604539 0.16827011512241652 -0.0029443610119820988 0.13999536733821438 0.012963885848732365 0.28594099924775768 0.11428216346664798 0.21801076009270759 0.10105756790901069 0.35201619042938986 0.24783214136063153 0.12310045583315943 -0.071807022504357235 -0.16782167217648067 -0.037828975919719857 0.08827866032846822 -0.1140682318588413 0.14119157678060298 -0.085926467273838639 0.18492322486018431 0.015509702558336141 0.095997072356301019 -0.083644981669038831 -0.064623107028465993 -0.063245947841126388 0.010149338812046745 0.070616360281480398 0.2120770854404552 -0.035368325066501886 0.22949112055024934 0.14402659022558917 0.119419916952517 -0.047019563279181754 0.049910684145913771 -0.085140078787555834 -0.17006884235949174 0.039416798239699187 0.152914784407572
leaf_weight=11708 1371 486 588 1322 360 2915 3655 3780 950 315 1441 218 6320 2922 271 521 245 1580 1082 5854 1815 214 1064 3058 2301 907 967 1958 890 202 408 590 209 563 2689 3101 430 342 781 3008 535 338 409 2588 428 2836 3103 4953 1490 262 343 266 322 279 1542 476 818 1321 6339 2695 846 2424
leaf_count=11708 1371 486 588 1322 360 2915 3655 3780 950 315 1441 218 6320 2922 271 521 245 1580 1082 5854 1815 214 1064 3058 2301 907 967 1958 890 202 408 590 209 563 2689 3101 430 342 781 3008 535 338 409 2588 428 2836 3103 4953 1490 262 343 266 322 279 1542 476 818 1321 6339 2695 846 2424
internal_value=-0.000164712 -0.0781279 0.105582 0.160667 0.0713505 -0.124871 -0.0229801 -7.74878e-05 0.100978 0.120894 0.0347158 0.16689 -0.0174876 0.0607786 0.0998628 0.018179 0.200883 0.117109 -0.146338 -0.125872 0.00985906 0.0716178 0.196001 -0.0876578 0.0601385 0.0912459 0.0547342 0.188758 0.0853112 0.113101 0.0222463 0.180327 0.218579 0.284294 0.20379 0.145927 0.026693 -0.0074093 0.0423607 0.0527119 -0.025618 -0.00403705 0.0288708 0.217021 0.12016 0.128356 -0.0495622 -0.0390817 -0.0144857 -0.0907332 0.163958 0.0905136 0.0745821 0.0951745 0.105925 0.0622451 0.0322768 0.0128378 -0.100131 -0.136746 -0.00146801 0.122251
internal_weight=108014 62175 45839 17567 28272 33651 28524 15323 15630 10505 12642 3294 11915 3408 7211 1006 9132 8435 21339 9631 5595 735 8887 12312 5125 2824 1917 8299 4012 6205 10334 3076 1705 772 6341 4423 9974 3140 6834 6053 2732 2197 1593 5277 5890 5462 13201 10098 5145 604 933 2308 2042 1720 3122 5623 2615 2139 9397 8549 1255 5260
internal_count=108014 62175 45839 17567 28272 33651 28524 15323 15630 10505 12642 3294 11915 3408 7211 1006 9132 8435 21339 9631 5595 735 8887 12312 5125 2824 1917 8299 4012 6205 10334 3076 1705 772 6341 4423 9974 3140 6834 6053 2732 2197 1593 5277 5890 5462 13201 10098 5145 604 933 2308 2042 1720 3122 5623 2615 2139 9397 8549 1255 5260
is_linear=0
shrinkage=0.05


Tree=25
num_leaves=63
num_cat=0
split_feature=12 12 12 11 0 11 12 12 7 13 9 7 11 17 13 9 20 16 14 28 32 20 11 30 14 13 28 14 7 5 13 30 17 13 29 6 14 6 32 29 30 14 14 30 6 30 20 32 20 20 32 9 5 29 16 28 30 13 14 29 13 11
split_gain=320064 51644.3 37608.9 15858.1 7082.69 6946.49 5770.76 4459.54 4368.19 3959.94 3676.07 3443.56 3195.75 3015.27 3000.02 2875.04 2871.55 3200.14 2852.31 2653.53 2358.69 2293.96 2290.24 2230.14 2226.08 2142.84 2062.99 2143.97 2058.85 1995.73 1989.9 3007.38 1931.16 1897.13 1867.6 2117.13 1957.99 1838.96 1810.91 1805.27 1743.97 1728.51 1724.24 1754.1 1710.97 1704.24 1680.4 1565.46 1903.36 1565.26 1549.8 2808.37 1544.96 1519.25 1478.14 1461.65 2728.39 2023.53 1440.8 2077.54 1415.5 1409.42
threshold=21.854722222222225 31.605833333333337 7.8536805555555551 -2.4043055555555553 1290.5000000000002 -1.3299999999999996 39.743611111111122 44.119166666666679 0.2201546362010271 5.7500000000000009 16.500000000000004 0.9282234188871018 -0.84763888888888872 1.0000000180025095e-35 -6.7499999999999991 12.500000000000002 34.500000000000007 1.0000000180025095e-35 55.750000000000007 0.62712842712842731 6.0606022189440045 31.500000000000004 -0.14027777777777772 6.5000000000000009 51.750000000000007 4.2500000000000009 0.58562030075187976 48.750000000000007 0.38284648915942449 3.5000000000000004 -3.7499999999999996 7.5000000000000009 1.0000000180025095e-35 5.7500000000000009 0.5891973125884018 -10.493516436658764 45.250000000000007 -6.2899721709352763 2.083884636413341 0.55420094007050535 1.0000000180025095e-35 54.750000000000007 47.250000000000007 3.5000000000000004 -0.67216475620963967 9.5000000000000018 18.500000000000004 4.7407620754394957 26.500000000000004 49.500000000000007 0.51933824078220647 6.5000000000000009 -4.4999999999999991 0.5244500239120039 1.0000000180025095e-35 0.56885775862068977 13.500000000000002 -6.7499999999999991 41.750000000000007 0.52306832694763739 3.7500000000000004 4.3975000000000009
decision_type=2 2 2 2 2 2 2 2 2 2 2 2 2 2 2 2 10 2 2 2 8 10 2 8 2 2 2 2 2 2 2 10 2 2 2 2 2 2 10 2 8 2 2 8 2 8 10 8 8 10 10 2 2 2 2 2 8 2 2 2 2 2
left_child=2 5 11 6 10 8 13 9 16 26 41 22 20 21 15 47 17 -2 30 25 -12 -3 -1 24 50 28 46 -28 34 58 52 38 -11 44 35 -7 -36 -15 -32 -18 -29 49 -38 -44 53 -9 -5 48 -6 54 51 -10 -8 -16 -4 56 57 -39 59 -27 -46 -31
right_child=1 3 4 7 14 19 18 45 23 32 12 -13 -14 37 33 -17 39 -19 -20 -21 -22 -23 -24 -25 -26 29 27 40 -30 61 31 -33 -34 -35 36 -37 42 55 -40 -41 -42 -43 43 -45 60 -47 -48 -49 -50 -51 -52 -53 -54 -55 -56 -57 -58 -59 -60 -61 -62 -63
leaf_value=-0.091659041897914018 0.069017866449504459 0.22521127101710575 -0.094927815630623982 0.13441210049322749 0.14683274643217786 -0.1363247779339552 0.31318856929530109 0.17845795602357772 -0.031382233414568764 0.071050731520787044 0.020826817678677143 -0.15936238039164363 -0.068715225367582913 0.23861668289798066 -0.044467609788731856 0.098466781453069793 0.034204965653530837 0.16860439967169835 0.37786709254317818 0.092963586687587974 -0.10022205389161341 0.14335651282944678 -0.13569067434641865 -0.025779657136783048 -0.081261311831233446 -0.046377230240303338 0.17659857906245269 0.16620469010853467 -0.071126112657775339 -0.16081118979381609 0.14922552465427416 0.041917238752075446 -0.013686155500821771 -0.090134527894848368 0.14049866859367602 0.01302965583851892 -0.075858071872882973 0.15134027256108276 0.26912168759427352 0.08838429790377389 0.0040137230856299331 -0.21989065663026583 0.13368308477535193 -0.011657392211324098 -0.038262222173716748 0.077679098380310285 0.074191684867360372 -0.070220090644827621 -0.0087776738193393582 -0.10893842058474278 0.11578995694803514 0.13951279860446564 0.20558022159930475 0.023176074455863852 -0.040702074774504889 0.13159261067080033 -0.08004361878224818 0.038513905169945899 -0.031346764736129303 0.17325466084556729 -0.13842653581961803 -0.019942308788368893
leaf_weight=4667 1827 1246 2624 1417 247 249 367 1903 711 1339 2170 9528 5316 245 1286 865 3906 1447 224 779 493 2772 8093 1922 291 205 1402 275 665 466 964 461 1349 1385 582 4661 296 750 472 2537 415 256 435 396 4788 541 6387 709 946 4772 883 362 4075 2337 2416 1631 270 846 2185 225 380 287
leaf_count=4667 1827 1246 2624 1417 247 249 367 1903 711 1339 2170 9528 5316 245 1286 865 3906 1447 224 779 493 2772 8093 1922 291 205 1402 275 665 466 964 461 1349 1385 582 4661 296 750 472 2537 415 256 435 396 4788 541 6387 709 946 4772 883 362 4075 2337 2416 1631 270 846 2185 225 380 287
internal_value=0.000144681 0.0851387 -0.0870668 0.130272 -0.0514382 0.0328105 0.16792 0.0943816 0.0565721 0.0823659 -0.0716806 -0.136601 -0.0463225 0.138695 -0.02321 0.0229473 0.0749395 0.11307 0.20245 0.00394323 -0.00161211 0.16879 -0.119594 0.0137541 0.0475663 -0.00257511 0.0969832 0.141094 0.0126742 -0.0355489 0.196193 0.153142 0.0285354 -0.0357619 0.021103 0.00542925 0.0661045 0.106344 0.188794 0.0555491 0.068802 -0.0917705 0.0275957 0.0644926 -0.0271864 0.156191 0.0851419 -0.0114315 0.0235361 -0.0884057 0.0667641 0.0263492 0.214539 -0.000839998 -0.0689471 0.0970112 0.0667306 0.0915954 -0.0148785 0.0686818 -0.0456526 -0.107218
internal_weight=107946 54668 53278 29351 30990 25317 14323 15028 13886 12584 18047 22288 7979 7760 12943 2767 9717 3274 6563 11431 2663 4018 12760 4169 2247 10652 9896 2092 7284 3368 6339 1897 2688 10176 6619 4910 1709 3742 1436 6443 690 10068 1127 831 8791 2444 7804 1902 1193 9812 1956 1073 4442 3623 5040 3497 1866 1596 2615 430 5168 753
internal_count=107946 54668 53278 29351 30990 25317 14323 15028 13886 12584 18047 22288 7979 7760 12943 2767 9717 3274 6563 11431 2663 4018 12760 4169 2247 10652 9896 2092 7284 3368 6339 1897 2688 10176 6619 4910 1709 3742 1436 6443 690 10068 1127 831 8791 2444 7804 1902 1193 9812 1956 1073 4442 3623 5040 3497 1866 1596 2615 430 5168 753
is_linear=0
shrinkage=0.05


Tree=26
num_leaves=63
num_cat=0
split_feature=12 12 12 13 12 13 17 20 5 20 28 7 8 14 7 11 13 13 27 27 13 14 32 32 30 11 28 20 17 11 18 32 29 12 32 13 32 28 30 26 27 32 7 11 7 14 14 29 10 11 32 14 13 28 32 6 32 8 32 14 30 14
split_gain=296387 58105.8 24208.6 10758.2 9670.44 8690.71 6292.54 6583.59 4783.21 3083.38 2908.73 2799.25 2786.28 2869.39 2624.11 3495.54 2617.1 3732.83 2874.44 2712.88 2517.6 2790.1 2462.82 2414.49 3246.18 2392.08 2354.62 2344.27 2733.44 2310.72 2204.22 2188.79 2103.83 2091.83 2002.05 1958.12 2510.16 3181.67 2198.67 4476.91 3250.18 3285.51 2946.83 4914.71 2888.38 3020.37 2365.37 2248.57 1887.46 1822.84 2441.82 1881.44 1792.29 1789.4 3061.96 3306.08 2880.69 2496.3 2122.65 2075.41 3083.29 1743.65
threshold=25.465138888888895 13.877500000000003 37.8182638888889 -2.2499999999999996 6.0184722222222247 -2.2499999999999996 1.0000000180025095e-35 32.500000000000007 1.0000000180025095e-35 16.500000000000004 0.62812695434646659 -0.41263805237643719 2.5000000000000004 43.250000000000007 0.26134030341992465 -0.42854166666666665 -6.2499999999999991 -5.2499999999999991 0.87270868518565015 0.89179275176645723 4.2500000000000009 52.250000000000007 1.0837513834038144 7.0723603189007012 13.500000000000002 -6.6808333333333323 0.51574900793650802 30.500000000000004 1.0000000180025095e-35 -3.3672916666666661 1.0000000180025095e-35 4.4136075814429487 0.47241248097412486 19.998750000000005 4.2439889756066238 4.2500000000000009 5.4157528907749564 0.55120920745920754 5.5000000000000009 2.3763210590721999 0.92320733801378074 4.1889420520999474 -0.072043228820751662 2.4293750000000003 -0.14386025426234353 44.750000000000007 42.750000000000007 0.52306832694763739 11.500000000000002 -4.396805555555555 6.8521540788446531 45.750000000000007 -4.2499999999999991 0.52828905249679903 0.51933824078220647 -2.9390096350388526 2.6988828316953324 1.0000000180025095e-35 4.4643790818947915 46.250000000000007 9.5000000000000018 42.250000000000007
decision_type=2 2 2 2 2 2 2 8 2 8 2 2 2 2 2 2 2 2 2 2 2 2 10 10 8 2 2 8 2 2 10 10 2 2 10 2 10 2 8 2 2 10 2 2 2 2 2 2 2 2 8 2 2 2 10 2 8 2 10 2 10 2
left_child=1 4 3 8 27 12 7 30 11 -10 23 -2 13 25 15 -6 53 19 34 -18 21 26 -21 32 -25 -4 -7 28 -1 -9 -3 -15 -5 -8 -19 36 38 -38 39 42 41 -40 44 -44 45 -34 -42 -48 -49 51 -51 -11 -20 56 57 58 -13 -55 -56 60 -57 -26
right_child=2 6 5 10 14 20 33 29 9 49 -12 16 -14 31 -16 -17 17 18 52 22 -22 -23 -24 24 61 -27 -28 -29 -30 -31 -32 -33 35 -35 -36 -37 37 -39 40 -41 46 -43 43 -45 -46 -47 47 48 -50 50 -52 -53 -54 54 55 59 -58 -59 -60 -61 -62 -63
leaf_value=-0.063314673749371761 0.27941262291513874 -0.033463472727243246 0.22473733291498849 -0.086961708502838103 -0.032984677766495871 -0.029026624281982799 -0.06160702543971959 0.03635907721421152 0.15153632769315528 0.12610983108352433 0.15381399620986513 0.20112013448819971 0.14023432725592375 0.23736825167447362 -0.10531343805610152 -0.093614566234070995 0.15146524106295636 0.095576623732436305 0.24417722366608519 -0.18645861623481963 0.065250065527719919 0.22142380847225845 0.027291688630639604 -0.20284416506147906 -0.084014160347539668 0.077232853354506886 0.12324715059622077 -0.1455609898253262 -0.14211902363280263 -0.020863392710962755 0.082936105698930646 0.16651989461253003 -0.11142986614873947 -0.022250202317467969 -0.083100626851217108 0.010766298752312319 0.053207854456552461 0.25857767479603783 0.0077276155350426605 0.25332374115808842 -0.13083518278064912 0.22539844306196244 0.058428129217814574 0.27745824203095854 -0.14128987540451995 0.10517547991540697 0.15487987063105269 0.060017906043605435 -0.093381550629127563 0.056231665836561952 -0.04794625918294456 0.043841868859846707 0.12571027894767306 0.0084248077807951693 0.42650448225841331 0.29067817045415223 -0.0094843584719220379 0.18274160581232154 0.22418046317925608 0.043927192522338024 0.063756777966476011 0.04884488164950701
leaf_weight=2152 296 470 428 316 4381 272 6176 2136 1071 1610 505 296 2811 3651 7564 5201 207 394 367 227 2313 696 329 229 373 770 3737 13962 2257 10114 2997 1572 230 7450 259 3026 425 339 429 311 440 290 1868 296 310 530 206 343 480 3169 683 1225 2493 378 258 435 358 449 269 252 229 726
leaf_count=2152 296 470 428 316 4381 272 6176 2136 1071 1610 505 296 2811 3651 7564 5201 207 394 367 227 2313 696 329 229 373 770 3737 13962 2257 10114 2997 1572 230 7450 259 3026 425 339 429 311 440 290 1868 296 310 530 206 343 480 3169 683 1225 2493 378 258 435 358 449 269 252 229 726
internal_value=0.00027565 -0.067293 0.101778 0.0726882 -0.110308 0.149972 -0.0152258 0.00633333 0.100334 0.0727954 0.0365533 0.128821 0.181859 0.200057 -0.0832926 -0.0659002 0.122592 0.0976207 0.119387 -0.00261981 0.108006 0.129007 -0.060155 0.0312372 -0.032028 0.130074 0.112911 -0.135515 -0.103678 -0.0108835 0.0671514 0.216081 0.0397787 -0.0400919 0.024689 0.0439929 0.0594643 0.144553 0.0481019 0.0724227 0.00868217 0.0957136 0.0549533 0.0885022 -0.0129162 0.0395636 -0.0339514 0.00756288 -0.0294543 0.0601633 0.0377522 0.0905899 0.140992 0.159064 0.180068 0.224035 0.0859966 0.103172 0.323851 0.166318 0.212631 0.00371721
internal_weight=108036 64860 43176 26926 35517 16250 29343 15717 15254 7758 11672 7496 9232 6421 17146 9582 7200 4276 3513 763 7018 4705 556 11167 1328 1198 4009 18371 4409 12250 3467 5223 9839 13626 653 9523 6497 764 5733 3545 2188 719 3234 2164 1070 760 1469 1029 823 6687 3852 2835 2860 2924 2270 1443 654 827 527 916 664 1099
internal_count=108036 64860 43176 26926 35517 16250 29343 15717 15254 7758 11672 7496 9232 6421 17146 9582 7200 4276 3513 763 7018 4705 556 11167 1328 1198 4009 18371 4409 12250 3467 5223 9839 13626 653 9523 6497 764 5733 3545 2188 719 3234 2164 1070 760 1469 1029 823 6687 3852 2835 2860 2924 2270 1443 654 827 527 916 664 1099
is_linear=0
shrinkage=0.05


Tree=27
num_leaves=63
num_cat=0
split_feature=12 0 12 13 13 12 2 16 20 30 12 20 20 5 13 16 5 12 13 20 29 17 20 7 13 5 13 7 29 9 32 20 23 13 27 16 18 18 14 32 11 13 18 13 30 32 11 29 11 12 6 32 11 32 32 10 27 30 30 24 7 13
split_gain=262344 40946.5 30399.4 10014.8 7945.93 6147.55 5062.22 4650.78 6106.15 3673.91 3786.18 3309.85 3281.25 3098.47 2978.13 2871.55 2798.9 2733 2713.36 2588.87 2420.69 2312.05 2428.09 2252.23 2239.33 2218.8 2109.11 3337.42 2336.64 2107.09 2032.48 1969.16 1899.44 1890 1804.24 1755.01 2055.44 1743.66 1682.52 3131.02 1646.16 1643.85 1621.36 1568.1 2091.1 2024.09 1950.58 2634.69 1569.67 1552.23 1545.42 2029.45 1774.21 2372.51 1976.64 2055.39 1674.97 1479.49 1675.12 2086.52 1473.09 1438.72
threshold=23.549722222222226 861.50000000000011 35.805486111111115 -3.7499999999999996 -6.2499999999999991 19.613194444444449 177.50000000000003 1.0000000180025095e-35 14.500000000000002 9.5000000000000018 42.639513888888892 34.500000000000007 29.500000000000004 10.500000000000002 3.2500000000000004 1.0000000180025095e-35 2.5000000000000004 47.027222222222228 -6.7499999999999991 62.500000000000007 0.45854810996563578 1.0000000180025095e-35 34.500000000000007 0.69786768021645307 2.7500000000000004 1.0000000180025095e-35 5.7500000000000009 -0.06045340220851466 0.52094298245614046 6.5000000000000009 3.6899298512508456 20.500000000000004 2.5000000000000004 -6.7499999999999991 0.96490364625108882 1.0000000180025095e-35 1.0000000180025095e-35 2.5000000000000004 45.750000000000007 4.128418597168598 -0.29944444444444468 -5.2499999999999991 1.0000000180025095e-35 3.7500000000000004 13.500000000000002 8.215192307692309 -2.4873611111111109 0.59066731141199236 6.0889583333333341 49.159375000000004 5.0563216721167823 7.3773201472949523 -0.53097222222222207 5.0776931592609573 4.2439889756066238 9.5000000000000018 0.92700730072429505 9.5000000000000018 7.5000000000000009 2.5000000000000004 0.065921994519577837 5.7500000000000009
decision_type=2 2 2 2 2 2 2 2 8 8 2 8 8 2 2 2 2 2 2 10 2 2 8 2 2 2 2 2 2 2 8 10 2 2 2 2 10 8 2 8 2 2 10 2 8 10 2 2 2 2 2 8 2 10 10 2 2 10 8 2 2 2
left_child=1 6 4 17 13 12 -1 14 -9 10 21 15 35 20 41 -8 43 25 29 37 -2 22 -5 40 -18 32 27 28 -14 -7 -29 -22 -4 -30 49 -3 -37 -10 39 -15 -13 -6 -17 45 48 46 -11 -48 -45 -12 51 52 54 -54 -43 -56 -53 58 -16 -60 -59 -23
right_child=2 5 3 9 7 18 11 8 19 16 34 23 26 38 57 42 24 -19 -20 -21 31 61 -24 -25 -26 -27 -28 30 33 -31 -32 -33 -34 -35 -36 36 -38 -39 -40 -41 -42 50 -44 44 -46 -47 47 -49 -50 -51 -52 56 53 -55 55 -57 -58 60 59 -61 -62 -63
leaf_value=-0.14509744831337687 -0.043371067123070102 -0.042678963553815494 0.28867299458499279 0.20580971371918305 -0.034612360282605538 -0.015901163628535324 -0.1033042057389002 0.18382467980981798 0.094125485028935946 0.042593780798151307 0.11301848139345945 -0.070336584920531006 -0.067014026732926557 0.21020269384367085 -0.027718931755265803 -0.13572036408862242 0.041649459773211175 0.26039641575664285 -0.014917215279541516 0.01649323586819277 0.17726996215301669 0.079169945908349512 0.10060032523745886 -0.13816771781141812 -0.14502760280607005 0.12342991573559786 -0.11346011785865014 -0.048655181396174724 0.11957740930295908 0.078010357625863322 -0.09895755179646451 0.10529386458894591 0.17552051230202859 -0.0077524827802728687 0.2058670774109054 -0.09561303149396555 0.040392020954440437 0.038657500224698049 -0.014922739202834198 -0.01615778319268989 -0.11516342945398422 0.11764929688617053 -0.01680592221587247 -0.12035080704372376 0.10916722470728693 0.023122193618386633 0.13506263498205512 0.3355464942798525 0.062715843220796499 0.21939895952120425 0.0057157738608088196 0.092507523812096704 0.0001526462854838644 0.18070810143857913 0.13861413350310553 -0.043578986987057665 -0.067914023298958168 -0.036861099244714222 -0.040363762534902869 0.17161988248539001 -0.17442051822073007 -0.017206477446185801
leaf_weight=9034 231 2138 408 729 861 946 2711 928 3295 379 1817 3493 1724 299 1702 324 417 874 9012 3652 1234 2305 2227 5350 260 2099 1620 4208 324 1618 3847 4175 4311 2821 1394 324 1913 2489 810 311 4975 1995 2433 276 426 508 819 205 202 424 2438 231 1321 210 235 449 544 607 206 264 286 465
leaf_count=9034 231 2138 408 729 861 946 2711 928 3295 379 1817 3493 1724 299 1702 324 417 874 9012 3652 1234 2305 2227 5350 260 2099 1620 4208 324 1618 3847 4175 4311 2821 1394 324 1913 2489 810 311 4975 1995 2433 276 426 508 819 205 202 424 2438 231 1321 210 235 449 544 607 206 264 286 465
internal_value=0.000405063 -0.0709101 0.0854529 0.131908 0.0522789 -0.0307048 -0.114201 0.037293 0.0615068 0.104887 0.121216 -0.0997211 -0.0482646 0.0983559 0.0151774 -0.0667719 0.0610921 0.177039 -0.00200471 0.049459 0.114975 0.0958488 0.126608 -0.112754 -0.0301515 0.166317 -0.0596845 -0.0529356 -0.0202493 0.0433686 -0.0726885 0.121744 0.185363 0.00539897 0.161138 -0.0102958 0.0206596 0.070267 0.0323133 0.0949584 -0.0966831 0.0307562 -0.0308248 0.0830388 0.0287387 0.108697 0.139644 0.175487 -0.0430185 0.133235 0.038342 0.0542941 0.0679795 0.0250204 0.0925113 0.0191276 -0.0200405 -0.0269249 -0.00463938 0.0788195 -0.0810629 0.0629909
internal_weight=108133 58815 49318 20545 28773 30495 28320 21713 10364 12853 9361 19286 18919 7060 11349 5468 3492 7692 11576 9436 5640 5726 2956 13818 677 6818 14544 12924 4869 2564 8055 5409 4719 3145 3635 4375 2237 5784 1420 610 8468 8284 2757 2815 904 1911 1403 1024 478 2241 7423 4985 4210 1531 2679 684 775 3065 2172 470 893 2770
internal_count=108133 58815 49318 20545 28773 30495 28320 21713 10364 12853 9361 19286 18919 7060 11349 5468 3492 7692 11576 9436 5640 5726 2956 13818 677 6818 14544 12924 4869 2564 8055 5409 4719 3145 3635 4375 2237 5784 1420 610 8468 8284 2757 2815 904 1911 1403 1024 478 2241 7423 4985 4210 1531 2679 684 775 3065 2172 470 893 2770
is_linear=0
shrinkage=0.05


Tree=28
num_leaves=63
num_cat=0
split_feature=0 12 12 13 7 13 13 32 26 13 6 5 28 16 21 12 9 29 28 8 21 21 24 13 13 32 14 32 14 14 30 14 13 21 18 29 29 13 13 14 32 7 14 29 30 28 32 13 29 13 28 6 32 16 14 30 32 30 29 26 26 30
split_gain=241197 34686.3 27925.9 11778.5 6271.09 6176.45 4610.99 5040.43 5624.04 4075.3 5317.18 3993.43 3663.51 3473.89 4556.97 3449.06 2950.93 3587.34 2590.33 2499.21 2443.48 2385.54 2203 2067.23 2066.23 3365.78 2053.55 2848.12 2035.89 3321.9 3735.37 2771.86 2433.04 2027.2 1951.7 1948.65 2084.85 1919.52 2924.69 1916.15 1887.72 1881.83 1850.55 2556.61 2234.2 1842.15 2785.01 4569.4 1780 1772.74 1762.19 1755.57 1788.07 1724.41 1711.7 2180.91 4055.01 2194.72 1805.06 1707.12 1655.46 1749.75
threshold=1839.5000000000002 12.483611111111115 33.001041666666673 -3.7499999999999996 1.4712464866360944 -6.7499999999999991 4.2500000000000009 2.9846479500891268 2.4464239041147047 -2.2499999999999996 -1.876647415292011 1.0000000180025095e-35 0.48119103773584909 1.0000000180025095e-35 0.85500000000000009 4.0561805555555557 6.5000000000000009 0.54975247524752491 0.63974541429475018 7.5000000000000009 0.65500000000000014 0.47500000000000003 2.5000000000000004 5.7500000000000009 -10.749999999999998 6.9276724807276366 50.250000000000007 2.3483685964504386 50.250000000000007 48.750000000000007 9.5000000000000018 44.250000000000007 -2.2499999999999996 0.47500000000000003 2.5000000000000004 0.52306832694763739 0.62352614787071725 -8.2499999999999982 -14.249999999999998 48.250000000000007 6.8521540788446531 0.35563967845135153 48.750000000000007 0.57036751760563387 1.5000000000000002 0.57481343283582098 1.7091460622710624 1.2500000000000002 0.59112762237762251 -11.249999999999998 0.60301697998787152 3.4386689779675415 6.9276724807276366 1.0000000180025095e-35 45.750000000000007 9.5000000000000018 3.3255639606872003 13.500000000000002 0.57481343283582098 2.3791203431166434 2.028342793102456 17.500000000000004
decision_type=2 2 2 2 2 2 2 8 2 2 2 2 2 2 10 2 2 2 2 2 8 8 2 2 2 8 2 8 2 2 8 2 2 8 8 2 2 2 2 2 8 2 2 2 10 2 10 2 2 2 2 2 8 2 2 8 10 10 2 2 2 8
left_child=1 4 5 11 15 16 7 8 12 10 35 21 -5 23 33 -1 37 -18 -11 28 -17 -4 -8 50 25 59 49 -28 29 31 -31 -9 -30 -15 -35 39 42 38 -2 40 -3 -26 43 -37 -44 46 -14 -48 -33 -13 51 52 -7 -22 58 56 -56 -57 -24 -12 -54 -62
right_child=2 9 3 6 -6 13 22 19 -10 18 24 26 45 14 -16 20 17 -19 -20 -21 53 -23 54 -25 41 -27 27 -29 32 30 -32 48 -34 34 -36 36 -38 -39 -40 -41 -42 -43 44 -45 -46 -47 47 -49 -50 -51 -52 -53 60 -55 55 57 -58 -59 -60 -61 61 -63
leaf_value=-0.11631814200491081 0.18229176429309407 -0.003798137394718014 0.15063790522104706 -0.084542537152199934 -0.13922785695975193 0.040146308134849228 -0.06476087470360907 0.044106479355778667 0.27354389947073765 -0.054463725090470511 0.028747869514919977 0.1783348415232453 0.075823110694959173 0.014973075154053115 0.16633219537752914 -0.089888706051176576 0.074283924891124939 0.19868905078449356 0.045437286314258432 -0.03956262132521312 -0.075843702859023365 0.21089363462265559 -0.037379022830663904 -0.050738420777097552 -0.014132365482482265 -0.13031964118531311 0.28242087879242667 0.07561061449573192 0.24780725960370242 0.082077369543413325 -0.16916135536612026 0.10102170983686709 0.072973431418923776 0.098102382982290431 0.026088464486515583 0.065052417222008371 -0.057472703976163511 0.10714558360482557 -0.0041661637771278019 0.10644384915657795 -0.17063047578149454 -0.059632596504138838 0.097061303617641786 0.20044497214216728 -0.083560075789634869 0.1593434564032126 0.29663021092388581 0.04376853880913828 0.2126399634770221 0.073685575540752932 0.081520699647565698 -0.02426406640574905 0.058483564086452292 -0.017303868137006715 0.061333222802124311 -0.080563945324198971 0.24671669199908247 0.12577029089138747 0.073042071595683794 0.16578378049551371 -0.19229581618275293 -0.0085877004189677149
leaf_weight=8121 244 981 3220 211 8891 3940 429 2159 661 10469 747 501 2411 4147 772 10407 1274 1065 691 461 2593 3389 777 1339 4919 258 379 298 376 299 291 1760 424 2080 1719 907 288 1082 1485 312 204 4224 391 567 303 2505 413 315 449 2108 917 2678 268 2444 924 323 433 213 705 326 242 278
leaf_count=8121 244 981 3220 211 8891 3940 429 2159 661 10469 747 501 2411 4147 772 10407 1274 1065 691 461 2593 3389 777 1339 4919 258 379 298 376 299 291 1760 424 2080 1719 907 288 1082 1485 312 204 4224 391 567 303 2505 413 315 449 2108 917 2678 268 2444 924 323 433 213 705 326 242 278
internal_value=0.000201711 -0.0691218 0.0807343 0.116001 -0.10344 0.0411116 0.0901755 0.104605 0.135338 -0.025588 -0.00803664 0.159154 0.119691 0.0275488 0.0504308 -0.0899323 0.0895018 0.130989 -0.0482746 0.0723866 -0.076051 0.181563 0.0418555 0.0068993 -0.0266842 0.0315029 0.114042 0.191633 0.0813548 0.069386 -0.0419152 0.084426 0.155352 0.0391508 0.0655324 0.0413668 0.0687654 0.0549464 0.0222373 -0.00359953 -0.0326383 -0.0351574 0.0855538 0.117234 0.0181953 0.12734 0.101758 0.187429 0.123795 0.0938418 0.016177 0.00807633 0.0263956 -0.0474487 0.0554228 0.0869168 0.120625 0.00151234 0.0151631 0.0704979 -0.0423216 -0.0942876
internal_weight=108007 58043 49964 26434 32456 23530 16539 12735 6516 25587 14427 9895 5855 18380 8718 23565 5150 2339 11160 6219 15444 6609 3804 9662 10474 1331 3286 677 5758 4958 590 4368 800 7946 3799 3953 2456 2811 1729 1497 1185 9143 2168 1474 694 5644 3139 728 2209 2609 8323 7406 4728 5037 3375 1893 1357 536 1482 1073 788 520
internal_count=108007 58043 49964 26434 32456 23530 16539 12735 6516 25587 14427 9895 5855 18380 8718 23565 5150 2339 11160 6219 15444 6609 3804 9662 10474 1331 3286 677 5758 4958 590 4368 800 7946 3799 3953 2456 2811 1729 1497 1185 9143 2168 1474 694 5644 3139 728 2209 2609 8323 7406 4728 5037 3375 1893 1357 536 1482 1073 788 520
is_linear=0
shrinkage=0.05


Tree=29
num_leaves=63
num_cat=0
split_feature=0 15 15 11 15 13 5 11 5 17 20 17 9 20 28 14 20 22 7 32 0 30 9 29 30 14 18 13 5 14 13 29 10 23 32 13 29 7 13 28 32 26 13 32 14 31 5 28 29 28 28 11 13 18 20 28 32 32 13 10 17 28
split_gain=214166 32457.3 24441 9108.8 6947.78 6089.58 3793.96 3721.44 4319.88 3529.48 4295.26 3067.03 2853.68 2659.97 2653.35 2561.08 2542.31 2497.28 2511.63 2402.32 2314.7 2625.78 2252.38 2720.24 2164.87 2159.77 2131.67 2090.38 2179.48 2245.4 4405.47 2508.59 3185.99 2213.72 2147.51 2089.81 2028.54 1922.26 1826.79 2430.05 1761.04 2225.51 1889.81 1870.46 1757.14 1748.11 2761.98 1729.42 1686.29 2211.78 1667.7 1656.19 1637.19 1618.2 1598.08 1597.56 1573.24 2196.5 3013.75 1512.04 1464.38 1441.74
threshold=1850.5000000000002 13.877638888888891 32.423055555555557 -2.1540972222222217 4.4255555555555564 -6.7499999999999991 1.0000000180025095e-35 -1.0809722222222218 4.5000000000000009 1.0000000180025095e-35 25.500000000000004 1.0000000180025095e-35 6.5000000000000009 30.500000000000004 0.61785130718954262 43.250000000000007 34.500000000000007 -1.0000000180025095e-35 -0.076742702272343047 7.6361081275768141 2951.5000000000005 6.5000000000000009 20.500000000000004 0.57419919919919937 6.5000000000000009 44.250000000000007 3.5000000000000004 5.7500000000000009 7.5000000000000009 49.750000000000007 3.7500000000000004 0.60733486943164372 11.500000000000002 2.5000000000000004 2.083884636413341 2.7500000000000004 0.54975247524752491 -0.088943793821803271 -8.2499999999999982 0.54145189003436434 3.7462331495098042 2.1054109163982395 -7.7499999999999991 9.5001144688644708 50.250000000000007 1.0000000180025095e-35 -3.4999999999999996 0.62812695434646659 0.52348345588235301 0.56885775862068977 0.61466871584699467 -9.9547916666666634 -12.249999999999998 3.5000000000000004 14.500000000000002 0.58098171701112888 5.5459160341698919 0.99814860781813064 -4.2499999999999991 32.500000000000007 1.0000000180025095e-35 0.52828905249679903
decision_type=2 2 2 2 2 2 2 2 2 2 8 2 2 8 2 2 8 2 2 8 2 8 2 2 8 2 8 2 2 2 2 2 2 2 8 2 2 2 2 2 8 2 2 10 2 2 2 2 2 2 2 2 2 8 8 2 8 10 2 2 2 2
left_child=1 4 5 6 54 12 15 8 13 10 26 16 19 -3 27 56 53 18 -17 38 48 25 -9 -24 52 -22 -7 28 29 31 33 32 55 -31 -30 -33 -14 -35 39 -2 41 -8 -43 -42 51 46 -38 -12 -19 -50 -11 -23 -10 -6 -1 -5 57 -4 -59 -25 -29 -27
right_child=2 7 3 14 11 9 40 22 24 50 47 -13 36 -15 -16 17 -18 20 -20 -21 21 44 23 59 -26 61 -28 60 34 30 -32 35 -34 37 -36 -37 45 -39 -40 -41 43 42 -44 -45 -46 -47 -48 -49 49 -51 -52 -53 -54 -55 -56 -57 -58 58 -60 -61 -62 -63
leaf_value=-0.069857285768592681 0.12739588054450784 0.089924672559954566 0.056481637890029017 0.065355610442025758 0.0040275514156983125 0.15309483535333504 0.080353385066528893 -0.050429270054103165 0.10182354443553668 -0.0072048660025868351 0.022643145529530465 -0.095270856195239062 0.086597793415411781 0.011638575763795098 0.17245834894685955 0.40145015027636372 -0.071767714383847256 0.038053860222797491 0.19147405980211507 -0.060909643277525904 0.31956680336594584 0.24149513279520712 -0.052022513927911275 0.14985814711566156 -0.064027543112853955 0.30612151628208911 0.020860197902566671 0.068592655777601236 0.088860818086722998 0.027613474805565443 -0.07871939738676112 0.099207408844123199 -0.039088811077724356 0.30096796136660919 -0.12782058436349861 0.27516584783526404 0.35869238892540573 0.15798473504870339 0.12661693769217805 -0.018129027028982649 0.045899981739946305 0.25818785195549332 0.12990461788610305 0.20397639388706465 0.22482599611054452 0.072822857360670887 0.14935855808296614 0.14075339194960321 0.090229433219092048 0.21821254419082903 0.083290723024444457 0.092224245956561091 -0.015315418479473415 -0.085355999683458056 -0.12567036877032964 0.13590736408237403 0.045155465973587841 0.24233539070140969 0.073642153272666544 0.022939299137167024 -0.0030715288412535477 0.17743845525732352
leaf_weight=1421 443 1378 602 4660 2208 1182 1429 9146 334 7532 6710 10093 1181 5092 692 212 7583 558 443 399 374 212 1072 324 2683 243 411 1492 220 254 210 467 653 298 236 265 251 1137 905 810 1802 419 924 208 424 253 428 324 859 558 545 1490 2721 656 13575 970 717 666 441 846 1364 2220
leaf_count=1421 443 1378 602 4660 2208 1182 1429 9146 334 7532 6710 10093 1181 5092 692 212 7583 558 443 399 374 212 1072 324 2683 243 411 1492 220 254 210 467 653 298 236 265 251 1137 905 810 1802 419 924 208 424 253 428 324 859 558 545 1490 2721 656 13575 970 717 666 441 846 1364 2220
internal_value=-0.000236097 -0.0643241 0.076957 0.107936 -0.0945091 0.0367787 0.134715 -0.018863 0.000315651 0.0226645 0.0449013 -0.0756113 0.0872475 0.0283235 0.0772451 0.152211 -0.0566107 0.166512 0.259944 0.0516858 0.157655 0.17589 -0.0394208 0.00548967 -0.0312646 0.207407 0.119012 0.0718423 0.0832569 0.0887106 0.136951 0.0756339 0.0654081 0.163797 -0.0233156 0.163197 0.130237 0.187866 0.0725225 0.0333821 0.0980336 0.123875 0.17009 0.0623514 0.133755 0.185383 0.227155 0.0281028 0.111766 0.140746 -0.00108907 0.110948 -0.00247961 -0.0164684 -0.120387 0.077533 0.107403 0.133477 0.17526 0.058184 0.0343774 0.190253
internal_weight=108225 59132 49093 27719 35536 21374 14801 23596 12208 16704 8627 20540 4670 6470 12918 10019 10447 7593 655 2557 6938 4963 11388 2242 5738 2837 1593 12226 9370 8914 1899 7015 6283 1689 456 732 2113 1435 2158 1253 4782 2772 1343 2010 2126 932 679 7034 1975 1417 8077 1702 3055 2864 14996 5630 2426 1709 1107 1170 2856 2463
internal_count=108225 59132 49093 27719 35536 21374 14801 23596 12208 16704 8627 20540 4670 6470 12918 10019 10447 7593 655 2557 6938 4963 11388 2242 5738 2837 1593 12226 9370 8914 1899 7015 6283 1689 456 732 2113 1435 2158 1253 4782 2772 1343 2010 2126 932 679 7034 1975 1417 8077 1702 3055 2864 14996 5630 2426 1709 1107 1170 2856 2463
is_linear=0
shrinkage=0.05


Tree=30
num_leaves=63
num_cat=0
split_feature=12 12 12 13 13 12 13 6 13 12 32 32 14 13 7 14 9 29 14 30 32 5 32 11 14 7 12 6 30 32 21 9 7 13 14 23 8 26 31 30 30 30 29 29 14 14 14 13 6 21 32 11 13 21 13 6 27 32 29 9 32 32
split_gain=196562 37318.3 17431.8 7972.44 6422.25 5919.66 5139.68 4341.31 3896.34 3477.71 3176.29 2956.86 3320.4 2885.39 3689.98 2849.79 2761.6 2585.67 2532.3 3657.13 3088 2450.21 2426.58 2406.41 2253.52 2230.75 2222.08 2023.74 2218.72 2001.01 1983.12 1954.04 1891.45 2471.02 2138.06 1860.85 2031.19 2008.74 1851.75 3374.95 1848.5 3142.92 2135.13 1830.89 2136.26 2739.63 2447.47 2693.02 2565.83 1813.61 1755.83 2107.37 1741.26 1707.36 1707.17 2183.86 2008.11 1926.21 2697.01 2227.7 1678.59 1675.45
threshold=25.465138888888895 12.675694444444447 38.661041666666669 -6.2499999999999991 -2.7499999999999996 7.4542361111111122 -6.7499999999999991 -5.7713251875089968 4.2500000000000009 19.998750000000005 7.0244642042863665 4.6937575732540218 46.250000000000007 -5.7499999999999991 -0.088943793821803271 55.750000000000007 6.5000000000000009 0.5100505050505052 41.750000000000007 8.5000000000000018 10.158713939989974 -14.499999999999998 9.9716988783833909 -9.4295138888888861 43.750000000000007 3.5006631299734754 31.209583333333338 -6.6626341957280344 10.500000000000002 2.6022812585312587 0.85500000000000009 20.500000000000004 0.087030099180439399 -12.749999999999998 49.750000000000007 2.5000000000000004 11.500000000000002 2.008475678546803 1.0000000180025095e-35 4.5000000000000009 17.500000000000004 20.500000000000004 0.52348345588235301 0.48742088607594941 41.750000000000007 40.250000000000007 44.250000000000007 8.2500000000000018 -2.3650228967801552 0.70500000000000007 6.9736897416981387 2.8568055555555563 6.2500000000000009 0.65500000000000014 -11.749999999999998 10.476547883102706 0.94888471207968217 1.0658544869120592 0.54086270871985176 5.5000000000000009 3.8273786073224936 3.01497978884312
decision_type=2 2 2 2 2 2 2 2 2 2 10 8 2 2 2 2 2 2 2 10 10 2 10 2 2 2 2 2 8 10 10 2 2 2 2 2 2 2 2 10 10 10 2 2 2 2 2 2 2 8 10 2 2 10 2 2 2 8 2 2 8 10
left_child=1 5 3 7 15 25 11 38 10 31 13 12 16 14 -5 23 17 -3 19 29 30 -15 -13 -4 -16 53 -23 -25 -29 -9 54 -8 34 -34 -14 37 43 -10 39 -2 42 -42 -12 -37 45 -45 -46 61 -49 -7 51 -11 -6 -1 55 56 -20 -56 -59 -60 -61 -48
right_child=2 6 4 8 52 49 9 18 35 50 40 22 32 21 24 -17 -18 -19 20 -21 -22 26 -24 27 -26 -27 -28 28 -30 -31 -32 -33 33 -35 -36 36 -38 -39 -40 -41 41 -43 -44 44 46 -47 47 48 -50 -51 -52 -53 -54 -55 57 -57 -58 58 59 60 -62 -63
leaf_value=-0.11006629011266343 0.42088082093641027 0.12432556745290686 0.21964976618515536 -0.21400805112047522 0.10441016576400189 -0.076736230796805915 -0.056926655791224773 0.16986193786064785 0.042611181365450224 0.0061290892290691498 0.067949994262307883 -0.040616064988593492 0.15605064428269358 0.21624413942021353 -0.088654850501472426 0.31590242268591584 0.11179459651158674 -0.050476610537072197 0.072964870612509058 0.034931542584108133 0.27030436318872764 0.043018414796634027 0.13100605373403054 0.27936181509013908 0.1093055254110368 -0.14091916803779653 0.08224153682200562 0.15002451209086037 0.075511245585589137 0.36158817435192958 0.16442661239552081 -0.0067713475296603256 0.096810373008391168 -0.088190109746783873 -0.037813973258842122 -0.10587433814588521 -0.12195780137841004 -0.097758003351935324 0.10178933796907946 0.16832832914098339 0.20395196556715378 -0.052603288189052272 -0.072767056483150891 0.044407998768125047 -0.064789070988573685 0.28069563593150154 -0.048741683355395214 0.29224092067740304 0.043825090629548806 -0.033323439858764854 -0.059278252426880389 -0.056148812394850048 0.042279165718522291 -0.074588330883947215 0.092851294226117875 -0.027298161514709225 0.23257235067340024 -0.045439651519500059 0.011098985428155661 0.050142289618720338 0.22987990936483529 0.082370287296718858
leaf_weight=12398 213 316 1124 203 5670 8263 9580 359 374 9758 364 2132 294 269 235 276 1928 635 382 329 200 6700 227 250 367 4236 7842 4698 1273 222 505 2436 227 867 274 215 226 796 258 353 242 234 1031 316 573 200 521 201 215 3397 1549 1577 1410 4682 1297 205 409 994 800 250 271 456
leaf_count=12398 213 316 1124 203 5670 8263 9580 359 374 9758 364 2132 294 269 235 276 1928 635 382 329 200 6700 227 250 367 4236 7842 4698 1273 222 505 2436 227 867 274 215 226 796 258 353 242 234 1031 316 573 200 521 201 215 3397 1549 1577 1410 4682 1297 205 409 994 800 250 271 456
internal_value=-0.000337077 -0.055478 0.0820987 0.0593682 0.126354 -0.0927454 -0.0168306 0.105541 0.0442863 -0.027412 0.0545644 0.0213527 0.0449405 0.06194 -0.0302181 0.158213 0.0774166 0.00767656 0.0912326 0.16829 0.0780052 0.0669506 -0.0240528 0.152245 0.0320098 -0.108415 0.0641743 0.140033 0.134154 0.243616 0.0704319 -0.0467601 -0.011329 -0.04975 0.0626293 0.000371267 0.0217011 -0.0528898 0.213358 0.263945 -0.00699535 0.0779844 -0.0360271 0.03378 0.0459151 0.136358 0.02212 0.0578902 0.164266 -0.0640924 -0.00936518 -0.00253961 0.0920443 -0.100346 0.0600973 0.118031 0.155682 0.0440941 0.0167491 0.0635426 0.143895 0.0124745
internal_weight=108104 64776 43328 28627 14701 32976 31800 7047 21580 24900 17487 6900 4541 15616 805 7621 2879 951 6223 910 5313 14811 2359 7345 602 21316 14542 6221 5971 581 5113 12016 1662 1094 568 4093 2923 1170 824 566 1871 476 1395 2697 2482 516 1966 1393 416 11660 12884 11335 7080 17080 4608 996 791 3612 2315 1321 521 977
internal_count=108104 64776 43328 28627 14701 32976 31800 7047 21580 24900 17487 6900 4541 15616 805 7621 2879 951 6223 910 5313 14811 2359 7345 602 21316 14542 6221 5971 581 5113 12016 1662 1094 568 4093 2923 1170 824 566 1871 476 1395 2697 2482 516 1966 1393 416 11660 12884 11335 7080 17080 4608 996 791 3612 2315 1321 521 977
is_linear=0
shrinkage=0.05


Tree=31
num_leaves=63
num_cat=0
split_feature=12 12 12 13 12 13 13 17 20 18 9 14 28 17 20 30 31 5 20 16 17 13 13 17 21 9 12 13 30 20 18 22 10 30 26 10 20 14 14 14 14 28 13 5 11 13 28 30 9 14 20 5 13 28 30 26 14 7 11 26 20 14
split_gain=179244 34535.5 16024.5 7048.54 5918.76 5586.16 4642.4 4082.41 3713.5 3302.68 2874.23 2990.01 3104.95 2805.95 3380.59 2629.08 2806.16 2615.86 2328.2 3349.26 2319.98 2309.86 2274.85 2228.88 2868.48 2199.55 2115.22 2034.85 2034.36 1831.52 1778.86 1757.58 1749.69 2221.59 1907.69 1785.97 1674.94 1644.75 1613.28 1605.12 2896.35 2399.04 1982.34 1969.69 1582.2 1857.12 1558.4 1470.9 1452.99 2207.86 1403.66 1398.83 1374.75 1372.6 1789.55 1630.72 1360.38 1338.46 1421.02 1290.82 1260.88 1241.66
threshold=25.465138888888895 13.877500000000003 38.661041666666669 -2.2499999999999996 6.8340277777777789 -3.7499999999999996 -6.7499999999999991 1.0000000180025095e-35 62.500000000000007 3.5000000000000004 6.5000000000000009 46.250000000000007 0.51801948051948066 1.0000000180025095e-35 25.500000000000004 13.500000000000002 1.0000000180025095e-35 -6.4999999999999991 14.500000000000002 1.0000000180025095e-35 1.0000000180025095e-35 -14.249999999999998 -8.2499999999999982 1.0000000180025095e-35 0.85500000000000009 12.500000000000002 46.501041666666673 -6.7499999999999991 8.5000000000000018 34.500000000000007 3.5000000000000004 -1.0000000180025095e-35 10.500000000000002 14.500000000000002 2.1525043702971804 7.5000000000000009 20.500000000000004 43.750000000000007 39.250000000000007 39.250000000000007 40.750000000000007 0.61052101967799655 4.2500000000000009 1.0000000180025095e-35 -3.6738194444444443 -6.2499999999999991 0.57360681114551093 6.5000000000000009 16.500000000000004 52.250000000000007 29.500000000000004 10.500000000000002 -5.2499999999999991 0.55120920745920754 12.500000000000002 2.3730280945653903 48.750000000000007 0.26134030341992465 -0.452083333333333 2.1987062977078105 65.500000000000014 39.250000000000007
decision_type=2 2 2 2 2 2 2 2 8 8 2 2 2 2 8 8 2 2 8 2 2 2 2 2 10 2 2 2 10 8 8 2 2 8 2 2 10 2 2 2 2 2 2 2 2 2 2 10 2 2 8 2 2 2 10 2 2 2 2 2 10 2
left_child=1 4 3 7 23 26 10 8 9 36 21 12 37 14 30 16 17 -14 19 -5 29 -3 -23 24 -1 -6 31 -27 -19 -7 -8 -4 33 35 -35 38 -2 -12 -9 -20 43 42 53 -41 45 -33 -22 48 49 -34 -29 -10 -47 55 -55 -42 -43 58 -15 -37 -16 -60
right_child=2 6 5 18 25 20 13 32 51 -11 11 -13 15 57 60 -17 -18 28 39 -21 46 22 -24 -25 -26 27 -28 50 -30 -31 -32 44 47 34 -36 59 -38 -39 -40 40 41 56 -44 -45 -46 52 -48 -49 -50 -51 -52 -53 -54 54 -56 -57 -58 -59 61 -61 -62 -63
leaf_value=-0.096073340397519399 0.20704044208872069 0.13373961735969631 0.25219684891845484 0.016444133093987959 -0.088028868792517312 0.18204064620128108 0.081283840552865971 0.18980906363692604 0.073155218472685288 0.054007823802547365 0.093011589210416509 -0.0064060158318974963 0.25132214895832089 -0.0059313320690119343 -0.0049330324485002165 -0.074212229258895743 -0.027624346785553734 0.12764066063507687 -0.052989512817356768 0.1893623112692927 0.036832711654206117 -0.083461690647935349 0.025632725223114855 -0.1214860707666684 -0.0067332168625907022 0.002203907090167307 0.22739374300536982 -0.020865059624990318 -0.017993800167094166 0.10602450260882224 -0.026101597760120672 0.15242492419235265 0.059994708118907114 0.052371567027544891 -0.13757090463384408 0.11008679810276426 0.13230205250040122 0.27319407683036984 0.056320500148238223 0.19735550101156074 -0.003059636163496653 0.15045412700193433 -0.021230866105987307 0.023605954826917446 0.26669900231891214 0.025219915815869118 0.097698464824872946 -0.014512260704185237 0.17382334514267067 -0.082351466679392624 -0.069409290544372781 -0.033030215277628582 0.13544123000845285 0.068457057886960215 -0.079063711341470486 0.12156327632921082 0.022765705554613047 -0.068276407804750416 -0.15322064714989178 0.23907889707495908 -0.041728804072985397 -0.042224042149286434
leaf_weight=9930 1007 217 365 598 5341 995 1479 250 3025 1121 232 1496 279 3434 6694 330 461 728 670 526 1874 1141 821 9141 988 1663 1008 1932 357 3937 521 2719 1834 368 205 615 2987 282 2331 401 3074 519 2967 275 224 612 2401 1315 219 319 6511 345 526 2400 224 286 349 3195 269 285 3569 3814
leaf_count=9930 1007 217 365 598 5341 995 1479 250 3025 1121 232 1496 279 3434 6694 330 461 728 670 526 1874 1141 821 9141 988 1663 1008 1932 357 3937 521 2719 1834 368 205 615 2987 282 2331 401 3074 519 2967 275 224 612 2401 1315 219 319 6511 345 526 2400 224 286 349 3195 269 285 3569 3814
internal_value=0.00038731 -0.0521812 0.0793138 0.0574687 -0.0853437 0.121795 -0.0120192 0.0791021 0.103058 0.129909 0.0258408 0.0501794 0.0818867 -0.022474 -0.00614183 0.0554971 0.0789792 0.115003 0.0289005 0.0974613 0.0980202 -0.0206825 -0.0378213 -0.10326 -0.0879901 -0.0620733 0.161904 -0.0483485 0.0797498 0.121394 0.0533109 0.147008 0.0528336 0.0755011 -0.0157047 0.0905145 0.151193 0.192205 0.0693189 0.0219903 0.0267816 0.0198826 0.0121809 0.126813 0.137541 0.129972 0.0710321 0.0278961 0.0514028 0.0388755 -0.0583048 0.062278 0.07624 0.0287479 0.0558385 0.00758116 0.0991992 -0.0411687 -0.0296393 0.151154 -0.0177317 -0.0495726
internal_weight=108001 64825 43176 28515 35506 14661 29319 16226 8485 5115 6344 4165 2669 22975 12263 2155 1825 1364 12289 1124 9207 2179 1962 20059 10918 15447 5454 10106 1085 4932 2000 4446 7741 4054 573 3481 3994 514 2581 11165 10495 9819 8951 676 4081 3857 4275 3687 2372 2153 8443 3370 1138 5984 2624 3360 868 10712 7517 900 10263 4083
internal_count=108001 64825 43176 28515 35506 14661 29319 16226 8485 5115 6344 4165 2669 22975 12263 2155 1825 1364 12289 1124 9207 2179 1962 20059 10918 15447 5454 10106 1085 4932 2000 4446 7741 4054 573 3481 3994 514 2581 11165 10495 9819 8951 676 4081 3857 4275 3687 2372 2153 8443 3370 1138 5984 2624 3360 868 10712 7517 900 10263 4083
is_linear=0
shrinkage=0.05


Tree=32
num_leaves=63
num_cat=0
split_feature=12 0 12 13 12 17 20 13 17 20 5 13 27 18 28 28 7 7 11 12 18 12 32 32 20 13 10 32 6 11 32 11 32 11 17 20 18 20 30 26 14 10 26 12 14 14 22 28 11 32 8 13 6 27 20 31 26 13 6 30 13 26
split_gain=159649 29422.8 15613.3 8072.99 4969.71 4556.75 5381.24 4296.59 4116.5 5039.58 2788.47 2863.56 3417.58 2629.72 2227.91 2161.77 2116.8 2082.72 2318.86 1954.98 1934.66 1894.01 1814.55 2234.52 1756.99 1683.79 1635.39 1657.03 2207.12 1601.39 1543.11 1527.45 1483.21 1470.85 1437.7 3083.77 1682.37 1647.14 1393.7 1912.67 1425.62 1519.96 1453.6 1384.56 1382.85 1620.78 1355.96 1364.34 1528.3 1355.77 1345.74 1339.09 1722.78 1314.97 1239.54 1173.63 1531.39 1119.53 1191.73 1084.42 1057.52 1056.68
threshold=24.585625000000004 1063.5000000000002 38.661041666666669 -2.2499999999999996 2.9045138888888897 1.0000000180025095e-35 34.500000000000007 -2.2499999999999996 1.0000000180025095e-35 52.500000000000007 -1.0000000180025095e-35 -6.7499999999999991 1.0219833581763011 3.5000000000000004 0.62812695434646659 0.58295107033639149 0.032546788399089956 -0.14064069825853984 -11.641180555555556 46.501041666666673 3.5000000000000004 29.585694444444446 1.1611497936928974 4.5349504044684137 58.500000000000007 3.2500000000000004 11.500000000000002 2.3000305250305253 -6.1174953772438849 -3.6738194444444443 5.9432523997741393 2.7102083333333336 4.4136075814429487 -4.396805555555555 1.0000000180025095e-35 46.500000000000007 3.5000000000000004 78.500000000000014 14.500000000000002 2.1525043702971804 39.250000000000007 7.5000000000000009 2.2331640788561211 31.805347222222228 53.250000000000007 54.250000000000007 -1.0000000180025095e-35 0.5100505050505052 -5.4131249999999991 4.128418597168598 6.5000000000000009 5.7500000000000009 -2.3013582785487752 1.1180801042629851 18.500000000000004 1.0000000180025095e-35 2.0749530789504766 5.7500000000000009 -0.71618200009808541 11.500000000000002 -7.2499999999999991 2.5184165039055593
decision_type=2 2 2 2 2 2 8 2 2 8 2 2 2 8 2 2 2 2 2 2 8 2 8 10 10 2 2 10 2 2 10 2 8 2 2 8 8 8 8 2 2 2 2 2 2 2 2 2 2 8 2 2 2 2 10 2 2 2 2 8 2 2
left_child=1 4 3 5 -1 6 20 17 9 13 11 12 -6 54 21 44 -8 -4 -19 24 33 -5 -17 31 -20 61 38 28 -28 -11 53 -24 -16 -2 35 36 -23 -36 40 -40 -7 55 43 -43 -9 -46 -30 -48 -49 -12 -27 52 -10 -21 -3 56 60 58 -31 -56 -42 -13
right_child=2 8 7 14 10 26 16 15 51 29 49 25 -14 -15 32 22 -18 18 19 30 -22 34 23 -25 -26 50 27 -29 46 57 -32 -33 -34 -35 37 -37 -38 -39 39 -41 41 42 -44 -45 45 -47 47 48 -50 -51 -52 -53 -54 -55 59 -57 -58 -59 -60 -61 -62 -63
leaf_value=-0.11075426887765048 0.23056558151686091 0.098534282076552127 0.27410310839038732 -0.006841047106439551 0.13176548881321734 0.18695475084160637 0.096926235508896619 0.058271066493728922 0.0037070155347906915 0.0331462730246284 -0.07213803245361021 -0.047774236608269231 -0.046129385067007714 -0.013865661356231655 0.036308928824910505 0.22841149888589829 0.039847672847015972 0.23380262017172157 0.13543389870908476 0.17243055739946836 0.07617703714106816 0.14091666153183074 0.11054885243969177 0.19360024459371911 0.080710335486457341 -0.15238727892861911 0.19648122915024621 -0.0083917878622743036 -0.040252743123422967 0.0026869934603302673 0.046150560995832611 -0.065951631419294707 0.19475427104228715 0.14414638190007178 -0.0027086343006919988 0.018010314471686453 0.027362512323770523 0.087323589250134406 0.062923512080498997 -0.12436495009078935 0.10350622051721887 0.015380319295896708 0.23415127194450586 0.16195025204127889 0.24248706192505654 0.067395764442227044 0.16702855349616794 0.15530880901682298 0.011287310744126242 -0.10469154088077176 -0.072122702610635955 -0.080294637113563827 -0.040620638890432603 0.30545573250312641 0.056019239596486164 -0.0079154077226473336 0.12262980057857931 -0.080151467247176089 -0.041585089156565308 -0.010929941348149442 -0.0092230041670155472 0.063297876571994191
leaf_weight=11134 859 1273 267 5018 449 287 3908 4504 2960 1136 8069 5479 674 1856 293 401 2783 525 3466 1091 568 1119 267 361 2554 661 242 2035 442 2635 200 225 298 1175 3344 2418 461 598 391 208 310 325 232 319 232 308 245 225 997 5316 2500 1439 8444 226 2653 640 789 987 3591 783 628 222
leaf_count=11134 859 1273 267 5018 449 287 3908 4504 2960 1136 8069 5479 674 1856 293 401 2783 525 3466 1091 568 1119 267 361 2554 661 242 2035 442 2635 200 225 298 1175 3344 2418 461 598 391 208 310 325 232 319 232 308 245 225 997 5316 2500 1439 8444 226 2653 640 789 987 3591 783 628 222
internal_value=-0.000311416 -0.0524305 0.0705642 0.0505554 -0.0832586 0.0728806 0.0969408 0.113179 -0.0141074 0.00376112 -0.0701548 -0.0501492 0.0250508 0.0365352 0.0215389 0.0819912 0.0731949 0.136748 0.132166 0.125056 0.157951 0.017204 0.140738 0.0993036 0.112235 -0.0596803 0.0459819 0.0239505 0.0545383 -0.0220111 0.175829 0.0298621 0.116396 0.180738 0.0323991 0.0535222 0.107823 0.0109679 0.0683063 -0.00221043 0.0802694 0.0707732 0.127019 0.088121 0.0673609 0.142929 0.0364511 0.0595733 0.0379105 -0.0850739 -0.0889498 -0.0348559 -0.0291157 0.195472 0.0563989 0.0499126 0.0713349 -0.0307015 -0.0228506 0.040764 0.0281035 -0.0434387
internal_weight=108045 62261 45784 31157 34504 17608 9293 14627 27757 14914 23370 9985 1123 6565 13549 6298 6691 8329 8062 7537 2602 12958 1254 853 6020 8862 8315 4186 2151 8349 1517 492 591 2034 7940 3998 1580 3942 4129 599 3530 3243 876 644 5044 540 1909 1467 1222 13385 3161 12843 11404 1317 4709 2367 1727 7213 6226 3436 938 5701
internal_count=108045 62261 45784 31157 34504 17608 9293 14627 27757 14914 23370 9985 1123 6565 13549 6298 6691 8329 8062 7537 2602 12958 1254 853 6020 8862 8315 4186 2151 8349 1517 492 591 2034 7940 3998 1580 3942 4129 599 3530 3243 876 644 5044 540 1909 1467 1222 13385 3161 12843 11404 1317 4709 2367 1727 7213 6226 3436 938 5701
is_linear=0
shrinkage=0.05


Tree=33
num_leaves=63
num_cat=0
split_feature=12 12 0 11 16 20 20 8 14 13 13 13 30 13 14 28 30 26 14 17 20 8 13 5 29 13 14 17 20 18 30 30 14 18 16 13 14 13 28 28 10 13 30 30 14 14 30 28 18 12 14 6 29 30 11 29 18 20 18 26 14 14
split_gain=143597 29646.2 13036 7789.81 5042.17 5577.5 3611.95 3417.13 2657.77 4862.92 4287.54 2992.7 4914.28 4277.9 3405.07 3364.15 2969.95 3921.81 2955.08 2649.12 3203.9 2339.8 2322.38 2750.45 2807.74 2519.5 2251.72 2207.13 2607.85 2149.87 2103.26 2084.17 2968.1 2078.29 2011.11 1977.23 1959.34 1759.28 1941.25 1724.01 2317.86 1698.65 3030.41 2316.15 1993.81 4220.96 1821.42 1679.74 1658.27 1649.54 1604.97 1570.45 1553.14 1505.98 2744.65 1465.23 1456.43 1447.11 1444.91 1415.75 1399.47 1992.34
threshold=19.998750000000005 31.209583333333338 669.50000000000011 -2.4873611111111109 1.0000000180025095e-35 25.500000000000004 29.500000000000004 8.5000000000000018 50.250000000000007 -10.249999999999998 -6.7499999999999991 -5.2499999999999991 9.5000000000000018 -4.2499999999999991 44.750000000000007 0.59066731141199236 8.5000000000000018 2.4042490502639207 48.750000000000007 1.0000000180025095e-35 46.500000000000007 6.5000000000000009 4.7500000000000009 -6.4999999999999991 0.55721726190476206 -2.7499999999999996 45.750000000000007 1.0000000180025095e-35 34.500000000000007 3.5000000000000004 16.500000000000004 12.500000000000002 45.250000000000007 3.5000000000000004 1.0000000180025095e-35 5.7500000000000009 46.750000000000007 3.2500000000000004 0.62221672439386455 0.58098171701112888 6.5000000000000009 -10.749999999999998 6.5000000000000009 1.5000000000000002 46.250000000000007 44.250000000000007 2.5000000000000004 0.59511904761904766 1.0000000180025095e-35 38.454444444444455 43.750000000000007 5.7069645558804156 0.45854810996563578 2.5000000000000004 -3.3672916666666661 0.52870879120879133 3.5000000000000004 64.500000000000014 3.5000000000000004 2.2161136178817915 50.750000000000007 54.250000000000007
decision_type=2 2 2 2 2 10 8 2 2 2 2 2 8 2 2 2 8 2 2 2 8 2 2 2 2 2 2 2 8 8 10 8 2 8 2 2 2 2 2 2 2 2 10 10 2 2 10 2 10 2 2 2 2 10 2 2 8 10 8 2 2 2
left_child=2 4 27 7 37 33 34 8 10 -10 16 15 14 -14 53 26 18 30 39 20 29 -16 23 24 25 47 50 28 56 -5 -18 32 -26 -6 -4 -21 -28 51 -39 41 -41 46 43 44 45 -43 -3 -8 -36 -22 -12 52 -2 -13 -55 -11 -1 58 -7 -31 -57 -62
right_child=1 3 6 19 5 57 22 -9 9 55 11 12 13 -15 21 -17 17 -19 -20 35 49 -23 -24 -25 31 -27 36 -29 -30 59 -32 -33 -34 -35 48 -37 -38 38 -40 40 -42 42 -44 -45 -46 -47 -48 -49 -50 -51 -52 -53 -54 54 -56 60 -58 -59 -60 -61 61 -63
leaf_value=-0.020366802935995913 -0.078530963135887644 0.18939066541642541 -0.03456531349608296 0.1478296949717339 0.12729540024043332 0.050587118725989526 0.053803920250092153 0.045464489571514104 -0.055194097626264454 0.098695609063328915 -0.0050692818509683263 0.012765021744101171 0.20895301123927223 -0.041036939608452644 0.218367051028723 0.16889479568824384 0.1004180226196616 -0.078464068261174746 0.04018182801744255 0.053984347391736312 0.028307191542904717 0.065396244371106901 -0.094057105319857906 -0.054061401024765122 0.17600082152949786 -0.092635311320359931 -0.17864608202888327 -0.10770274597680599 -0.090256463424076297 0.022729295194446938 0.2714675108687909 -0.083196608536312083 0.015881244421296289 0.032167917215381751 -0.067009230180044635 -0.008711555879799996 -0.0031338180056784404 -0.045573239750607571 0.10113463372321717 0.056485669398330829 0.23252349058166147 0.091683775443664725 0.040216906227469346 0.3213918842058629 0.037672736333208341 0.38379190013778963 0.37069636447337634 -0.070250188678494127 0.040029388380658899 0.085769871277666943 0.13536731872097615 -0.020226204025590326 0.022239472563737889 0.25884093951223597 0.050433492060478563 0.33125522450556583 -0.10203868935053027 0.00045137717126680677 -0.0071033817415853727 0.16031769570855889 0.16507866927058912 0.30511289773913336
leaf_weight=2521 400 252 2824 2234 2047 4813 785 1656 215 337 502 515 217 795 1296 352 1172 279 358 5966 2523 311 2553 12695 453 1155 258 10866 9370 718 212 253 799 799 422 1593 412 3138 242 452 319 275 278 399 203 225 318 417 2504 2475 341 4029 8244 247 437 220 696 4542 1401 252 1177 326
leaf_count=2521 400 252 2824 2234 2047 4813 785 1656 215 337 502 515 217 795 1296 352 1172 279 358 5966 2523 311 2553 12695 453 1155 258 10866 9370 718 212 253 799 799 422 1593 412 3138 242 452 319 275 278 399 203 225 318 417 2504 2475 341 4029 8244 247 437 220 696 4542 1401 252 1177 326
internal_value=-0.000344622 0.0514685 -0.0644466 0.0864097 0.0159811 0.0383778 -0.0392175 0.113055 0.121864 0.170861 0.111157 0.0818408 0.107196 0.012721 0.141252 0.0299046 0.146265 0.0923335 0.175355 0.0621339 0.0818134 0.188822 -0.0496713 -0.042822 -0.00587204 -0.0399326 -0.00252168 -0.0911864 -0.0769208 0.120843 0.126796 0.0474618 0.0739101 0.10061 -0.00447197 0.0407723 -0.0708847 -0.00299718 -0.0350425 0.193118 0.129528 0.218182 0.18791 0.225099 0.170067 0.223636 0.291012 0.0107442 0.0245742 0.0567741 0.0518315 0.00555168 0.0175678 0.077391 0.12596 0.194469 -0.0380628 0.0219037 0.0375812 0.0586022 0.213133 0.195635
internal_weight=108085 59772 48313 30117 29655 13602 24860 14356 12700 2275 10425 5683 3818 1012 2806 1865 4742 1663 3079 15761 8202 1607 19110 16557 3862 2357 1513 23453 12587 3204 1384 1505 1252 2846 5750 7559 670 16053 3380 2721 771 1950 1380 1102 703 500 570 1202 2926 4998 843 12673 8644 1199 684 2060 3217 10756 6214 970 1723 1503
internal_count=108085 59772 48313 30117 29655 13602 24860 14356 12700 2275 10425 5683 3818 1012 2806 1865 4742 1663 3079 15761 8202 1607 19110 16557 3862 2357 1513 23453 12587 3204 1384 1505 1252 2846 5750 7559 670 16053 3380 2721 771 1950 1380 1102 703 500 570 1202 2926 4998 843 12673 8644 1199 684 2060 3217 10756 6214 970 1723 1503
is_linear=0
shrinkage=0.05


Tree=34
num_leaves=63
num_cat=0
split_feature=12 12 12 13 13 28 6 5 17 21 28 18 13 22 6 21 12 12 27 16 5 29 26 8 6 13 29 9 13 32 13 29 32 8 6 13 13 21 16 18 21 6 32 32 27 13 32 32 29 13 10 24 13 32 32 29 28 29 13 12 29 28
split_gain=130601 23492.5 12563.2 7365.17 4333.08 3921.71 3777.5 3650.61 3600.18 4041.63 2678.7 2651.39 2352.97 2347.92 2260.54 2169.51 2160.79 2143.51 1988.05 1966.8 1934.92 1837.34 3076.91 1861.69 1791.32 1764.01 1770.25 2116.56 3005.07 2405.02 3165.79 2042.73 2755.63 1964.41 1916.94 1848.72 1830.8 1715.69 1673.6 1774.71 1669.59 1600.16 1761.08 1599.99 2142.02 1831.78 1820.14 1743.81 1551.23 1523.48 1484.14 1640.92 1741.9 1524.49 2498.53 1484.4 1882.57 1474.06 1651.66 1464.27 1456.26 1378.27
threshold=20.671180555555559 31.805347222222228 7.8536805555555551 -2.2499999999999996 -2.7499999999999996 0.57481343283582098 -2.1868610175552328 1.0000000180025095e-35 1.0000000180025095e-35 0.33500000000000008 0.62221672439386455 2.5000000000000004 5.7500000000000009 -1.0000000180025095e-35 -3.3972210826450895 0.66500000000000015 43.838055555555563 1.1622222222222225 1.1800576950265911 1.0000000180025095e-35 1.0000000180025095e-35 0.51895777178796065 2.3128566742373216 2.5000000000000004 -3.2201621755749046 5.7500000000000009 0.4700746268656717 6.5000000000000009 -2.2499999999999996 2.7599440117177481 3.7500000000000004 0.59112762237762251 9.8056620460567423 14.500000000000002 5.000513860150039 1.2500000000000002 1.0000000180025095e-35 0.45500000000000007 1.0000000180025095e-35 3.5000000000000004 0.80500000000000016 -2.8277641257977959 3.1164277500773037 3.7462331495098042 1.0067156112049362 -7.7499999999999991 3.1463051945768203 9.8056620460567423 0.48365110477548118 -5.7499999999999991 31.500000000000004 2.5000000000000004 2.2500000000000004 1.1361530781935836 6.2841732779988826 0.51398669796557128 0.54601482153660019 0.5255756148613292 3.2500000000000004 48.401597222222229 0.59511904761904766 0.55420094007050535
decision_type=2 2 2 2 2 2 2 2 2 8 2 8 2 2 2 10 2 2 2 2 2 2 2 2 2 2 2 2 2 8 2 2 8 2 2 2 2 10 2 8 10 2 8 8 2 2 10 10 2 2 2 2 2 8 10 2 2 2 2 2 2 2
left_child=2 4 17 7 6 59 21 13 9 -4 25 40 -7 14 -3 -8 37 -1 -18 -17 -19 23 60 48 -14 26 -6 29 -29 34 33 32 50 -31 36 -36 -28 -15 -39 -40 -11 -33 -43 44 46 -46 -9 -45 -2 -24 51 52 -30 61 55 -55 -57 -12 -59 -5 -23 -53
right_child=1 3 8 5 10 12 15 43 -10 11 57 -13 24 16 -16 19 18 20 -20 -21 -22 22 49 -25 -26 -27 27 28 31 30 -32 41 -34 -35 35 -37 -38 38 39 -41 -42 42 -44 47 45 -47 -48 -49 -50 -51 -52 53 -54 54 -56 56 -58 58 -60 -61 -62 -63
leaf_value=-0.11659250874029972 0.21438065687342003 0.31795894111536688 -0.061795261412021567 0.027844574671724982 -0.10501113760508932 0.108358876126669 0.010348746761591037 0.048378194016620156 -0.055213624874650868 0.0064537902096816957 0.18993135340044051 -0.030886289248150914 -0.10396260625284884 0.076460178830032088 0.14553888579922133 0.013657104835117935 0.13770685037196048 -0.061464049150690273 0.27316191706211834 0.099073708313581532 -0.094870177408635903 0.1562840548237012 -0.080933227291399679 -0.014999539911448085 0.05618114078579442 -0.04019229262897514 0.19426375866995432 0.12096069408166954 -0.12457258914541454 -0.0093310165384280271 -0.18427195516283937 0.11515307268719524 0.14585499558393117 -0.17388468203956592 -0.095202322886691768 0.065370694970464119 0.025602815002543196 0.084189640509664709 0.1770729407279695 0.066464288426182613 0.073613334340339662 0.075278591754995142 -0.071213232017895686 0.027095002322857401 0.25183946907287463 0.11009555118535148 0.20189631974162359 0.17877559139339541 0.03880344190734572 0.074661016952714557 -0.12296604114545945 -0.11325410142102664 -0.0079096176859064626 0.19056937750571101 -0.096495853368105608 0.13030385447042064 -0.029590484992606126 -0.013905215478229403 0.1267707214139949 0.15934503735171274 0.045925367188111355 0.036543239473203142
leaf_weight=4838 201 278 4011 7386 362 3737 8277 1834 13531 4531 222 4593 212 3647 609 1199 2397 8296 306 1539 9100 1597 269 814 969 3010 254 725 499 1636 390 723 272 203 428 307 437 1489 1687 464 1162 487 353 2137 319 805 215 207 335 376 312 322 889 261 223 374 361 494 360 217 369 292
leaf_count=4838 201 278 4011 7386 362 3737 8277 1834 13531 4531 222 4593 212 3647 609 1199 2397 8296 306 1539 9100 1597 269 814 969 3010 254 725 499 1636 390 723 272 203 428 307 437 1489 1687 464 1162 487 353 2137 319 805 215 207 335 376 312 322 889 261 223 374 361 494 360 217 369 292
internal_value=6.60855e-05 0.0510746 -0.059119 0.0830126 0.0194163 0.0541305 0.038177 0.105067 -0.036728 -0.0192302 -0.000376479 -0.00262766 0.0889199 0.121874 0.199875 0.0231145 0.114929 -0.0871406 0.153137 0.0616875 -0.0789435 0.0800474 0.104529 0.032656 0.0273703 -0.00659864 0.00340602 0.00744254 0.0254859 -0.0226351 -0.0550662 0.012571 -0.00720006 -0.0275801 0.0280614 -0.0281354 0.0877909 0.100737 0.125034 0.153255 0.0201723 0.060676 0.0137057 0.0719144 0.0950565 0.150512 0.0645774 0.0405605 0.104922 0.00974494 -0.0190215 -0.0089179 -0.0499106 0.0221333 0.0544806 0.0883464 0.0518372 0.0754279 0.045475 0.0316182 0.135605 -0.0420714
internal_weight=108149 58087 50062 28915 29172 12521 14976 16394 27828 14297 14196 10286 4918 10877 887 11015 9990 22234 2703 2738 17396 3961 2611 1350 1181 13120 10110 9748 6093 3655 2229 5368 3805 1839 1426 735 691 7287 3640 2151 5693 1563 840 5517 3173 1124 2049 2344 536 645 3533 3221 1388 1833 1219 996 735 1076 854 7603 1966 614
internal_count=108149 58087 50062 28915 29172 12521 14976 16394 27828 14297 14196 10286 4918 10877 887 11015 9990 22234 2703 2738 17396 3961 2611 1350 1181 13120 10110 9748 6093 3655 2229 5368 3805 1839 1426 735 691 7287 3640 2151 5693 1563 840 5517 3173 1124 2049 2344 536 645 3533 3221 1388 1833 1219 996 735 1076 854 7603 1966 614
is_linear=0
shrinkage=0.05


Tree=35
num_leaves=63
num_cat=0
split_feature=0 12 12 11 17 20 12 16 20 11 5 29 11 12 16 12 28 20 20 28 7 32 11 32 27 32 32 6 28 28 32 32 9 28 9 28 11 6 8 11 29 32 6 7 11 28 20 26 32 8 28 9 7 11 10 12 28 32 26 28 10 11
split_gain=118177 17450.7 13679.6 4669.6 4203.24 4846.05 3936.3 2927.3 3212.57 2876.76 3565.45 2615.42 2547.92 2371.26 2277.83 2118.22 1895.4 1838.31 1812.35 1809.25 1482.25 1444.11 1399.85 1414.93 1375.57 1430.52 1360.61 1333.56 1324.95 1760.76 2148.62 1323.76 2905.34 2207.99 1272.69 1514.87 1707.74 1461.94 1494.61 1267.69 1253.62 3884.59 2219.55 1951 1265.09 1898.35 1252.78 1252.05 1246.98 2017.06 1954.68 1421.92 1388.45 1181.84 1156 1150.67 1150.41 1746.26 2054.31 1140.08 1126.87 1105.04
threshold=1850.5000000000002 13.072500000000002 36.218194444444457 -2.0820833333333328 1.0000000180025095e-35 14.500000000000002 1.636180555555556 1.0000000180025095e-35 14.500000000000002 -0.6726388888888889 8.5000000000000018 0.45509219245174309 -1.9107638888888887 48.401597222222229 1.0000000180025095e-35 27.667777777777783 0.61052101967799655 25.500000000000004 50.500000000000007 0.63974541429475018 0.20879248627990452 5.2228657781289369 -0.29944444444444468 5.9057790289189667 1.0278710655285741 9.9716988783833909 7.4477741228070187 -6.6626341957280344 0.55721726190476206 0.53420231729055268 2.8527441388432773 4.3002850833223745 27.500000000000004 0.64660919540229889 6.5000000000000009 0.54975247524752491 -3.4263888888888885 12.670964182572378 29.500000000000004 3.8376388888888897 0.57601816180517351 6.5000761498629318 -2.3650228967801552 -0.065921994519577809 2.0745833333333339 0.57265395894428173 53.500000000000007 1.9933853134468467 0.51933824078220647 2.5000000000000004 0.55721726190476206 6.5000000000000009 -0.081067389578027865 -4.396805555555555 6.5000000000000009 45.251666666666672 0.60301697998787152 7.4477741228070187 2.244449277463632 0.55721726190476206 40.500000000000007 3.8376388888888897
decision_type=2 2 2 2 2 8 2 2 10 2 2 2 2 2 2 2 2 8 10 2 2 8 2 8 2 8 8 2 2 2 8 8 2 2 2 2 2 2 2 2 2 8 2 2 2 2 10 2 10 2 2 2 2 2 2 2 2 8 2 2 2 2
left_child=1 6 4 14 5 53 -1 -8 -9 10 17 59 21 16 28 -6 61 27 -16 40 22 48 23 -10 25 -23 -26 -3 29 30 -4 32 33 -19 37 -36 -37 -12 -39 56 -11 42 44 -43 45 -42 -14 -31 51 50 -50 -13 -53 -2 -51 -20 57 -17 -59 -7 -38 -5
right_child=2 9 3 13 15 11 7 8 20 19 34 12 46 -15 18 39 -18 31 55 -21 -22 24 -24 -25 26 -27 -28 -29 -30 47 -32 -33 -34 -35 35 36 60 38 -40 -41 41 43 -44 -45 -46 -47 -48 -49 49 54 -52 52 -54 -55 -56 -57 -58 58 -60 -61 -62 -63
leaf_value=-0.1052233834785771 0.22939938918699118 0.16063901624945076 0.16368403273837401 0.061028098098322804 -0.0093417785602598769 0.00087579827255758892 -0.078720161010813736 0.019263605239578513 0.012459327242405588 -0.057582782724023354 -0.088245569229040713 0.009813766678473855 0.04824895670088343 0.15236680878636738 0.16414734788103036 0.041048612926170458 0.13926848219273194 0.019594365275692679 0.08913993616478523 0.043726772889013665 -0.075883659053993691 0.028359088490093401 -0.057966732630511858 -0.077138981021212971 0.032473876295918573 0.14020959517246034 -0.13526922838588923 0.042231519610370659 0.10375190712056377 -0.10951318533718586 0.0080188441873338106 -0.022034732617899497 0.1817798770921813 -0.12860414046808183 0.041104480151014193 0.044014678232210322 -0.042642343955826466 0.0328795398825222 -0.12184239582202974 -0.020284209077237783 0.15893013029106551 -0.041071206022942952 -0.029379911641070205 -0.17842299556264618 -0.0083191696342758154 0.0080343078456285473 0.0062891143785006988 0.037088880633831603 0.097096914871112466 -0.022740881280437213 0.27209438609147291 0.04863000186592175 0.17616000651001512 0.11835795447147068 0.097843037460480869 0.16796269168456396 0.088216916590824299 0.006571284908737738 -0.1687102607952185 -0.16107100536413854 -0.15616689725645405 0.019983323579459117
leaf_weight=6933 317 282 495 5029 5281 230 14005 1660 1823 5568 1703 880 3744 671 2619 5726 610 4559 2176 657 4892 986 3793 580 296 402 203 1498 3980 224 401 2904 263 265 881 420 776 607 209 1069 467 549 1924 489 505 376 3389 412 315 223 326 538 354 1000 1802 590 986 790 211 205 304 2435
leaf_count=6933 317 282 495 5029 5281 230 14005 1660 1823 5568 1703 880 3744 671 2619 5726 610 4559 2176 657 4892 986 3793 580 296 402 203 1498 3980 224 401 2904 263 265 881 420 776 607 209 1069 467 549 1924 489 505 376 3389 412 315 223 326 538 354 1000 1802 590 986 790 211 205 304 2435
internal_value=-0.000392109 -0.0481014 0.057048 0.0893269 0.0353868 0.0536042 -0.0716446 -0.0629392 -0.0455973 -0.0166359 -0.00232141 0.0449077 0.0488094 0.0621009 0.111168 0.0156811 0.0545813 0.0151337 0.134309 -0.036568 -0.0553085 0.0719117 -0.039054 -0.00918966 0.0352461 0.0608315 -0.0359004 0.0610701 0.0885406 0.0489811 0.0941035 0.00489497 0.0202696 0.0114283 -0.0371243 -0.0109067 -0.0414616 -0.0618915 -0.00684962 0.0307279 -0.0419124 -0.0216595 0.00508476 -0.105887 0.0542615 0.0917159 0.0283169 -0.0146354 0.0874902 0.109102 0.186382 0.0549319 0.0993823 0.145239 0.0845592 0.106008 0.0377997 0.0303978 -0.0305077 -0.0756383 -0.0747123 0.0476424
internal_weight=107807 58892 48915 19642 29273 15210 33686 26753 12748 25206 14671 13893 13458 8745 10897 14063 8074 9771 5385 10535 11088 6325 6196 2403 1887 1388 499 1780 5512 1532 896 7991 5087 4824 4900 2381 1500 2519 816 8782 9878 4310 3272 1038 1348 843 7133 636 4438 2666 641 1772 892 1317 2025 2766 7713 6727 1001 435 1080 7464
internal_count=107807 58892 48915 19642 29273 15210 33686 26753 12748 25206 14671 13893 13458 8745 10897 14063 8074 9771 5385 10535 11088 6325 6196 2403 1887 1388 499 1780 5512 1532 896 7991 5087 4824 4900 2381 1500 2519 816 8782 9878 4310 3272 1038 1348 843 7133 636 4438 2666 641 1772 892 1317 2025 2766 7713 6727 1001 435 1080 7464
is_linear=0
shrinkage=0.05


Tree=36
num_leaves=63
num_cat=0
split_feature=0 12 12 13 2 20 32 30 32 14 13 13 32 17 20 18 6 6 14 32 26 32 14 13 14 29 30 31 14 14 13 29 30 30 14 14 20 14 9 30 10 29 24 13 12 32 6 14 14 9 32 13 6 29 14 13 6 8 26 30 14 13
split_gain=105844 17971.8 11140.1 6826.74 3970.08 3663.24 3523.91 3977.48 3301.72 3297.6 3233.99 3450.56 3231.56 2792.83 2616.21 2900.14 2583.39 2557.58 2506.51 2416.4 3126.35 3368.88 2998.65 2380.17 2373.77 3669.1 3027.72 3349.13 3819.62 2837.91 4838.13 2484.4 2373.6 3432.02 4009.17 3899.86 2336.26 2324.85 2312.45 2306.03 1896.94 1851.94 1966.45 1911.82 1773.08 1769.29 1727.16 2467.47 1718.32 1988.22 1676.46 1640.33 1881.42 2067.38 1624.37 1623.78 2554.57 1561.33 2094.78 1695.1 1713.08 3393.25
threshold=1902.5000000000002 14.286875000000004 40.186041666666675 -6.2499999999999991 165.50000000000003 29.500000000000004 7.0244642042863665 17.500000000000004 11.434006279573142 56.250000000000007 -5.7499999999999991 5.7500000000000009 4.5115467133363945 1.0000000180025095e-35 55.500000000000007 3.5000000000000004 -13.022475216841377 -2.8852594718508437 43.250000000000007 0.51933824078220647 2.250654614202102 2.8125678462874513 45.750000000000007 4.2500000000000009 45.750000000000007 0.52870879120879133 6.5000000000000009 1.0000000180025095e-35 43.750000000000007 41.750000000000007 -11.749999999999998 0.54669331395348852 15.500000000000002 13.500000000000002 44.750000000000007 44.250000000000007 23.500000000000004 42.250000000000007 1.0000000180025095e-35 7.5000000000000009 11.500000000000002 0.48518437225636529 2.5000000000000004 6.7500000000000009 31.01270833333334 2.3804053424383209 -2.6603832220579631 43.750000000000007 43.250000000000007 2.5000000000000004 6.5445113788487292 3.2500000000000004 -1.9583865228161987 0.5477456940222899 53.250000000000007 -2.2499999999999996 2.7642810907864344 2.5000000000000004 2.1235387265921624 12.500000000000002 49.750000000000007 -10.249999999999998
decision_type=2 2 2 2 2 10 10 10 10 2 2 2 10 2 8 8 2 2 2 8 2 8 2 2 2 2 8 2 2 2 2 2 10 10 2 2 10 2 2 10 2 2 2 2 2 10 2 2 2 2 8 2 2 2 2 2 2 2 2 10 2 2
left_child=1 4 3 17 -1 55 10 32 18 23 12 16 46 14 15 -6 -12 19 -9 22 21 -21 -2 57 26 39 27 29 -29 -19 -31 -28 33 34 -8 38 -18 -34 -35 -26 -37 -13 -43 -44 -38 -32 -5 -48 49 -45 -23 52 53 -7 -55 56 -3 59 -59 60 61 -4
right_child=2 5 9 6 13 51 7 8 -10 -11 11 41 -14 -15 -16 -17 36 24 -20 20 -22 50 -24 -25 25 -27 31 28 -30 30 45 -33 37 35 -36 40 44 -39 -40 -41 -42 42 43 48 -46 -47 47 -49 -50 -51 -52 -53 -54 54 -56 -57 -58 58 -60 -61 -62 -63
leaf_value=-0.095420516823880433 -0.069908486449835355 0.077293521483384753 0.23341869183783306 -0.22299892024926407 -0.0033931789457807369 -0.023166147097542653 0.038240750514000776 0.28915693942492582 -0.040510724693547287 0.26954207519264323 0.20767209628208547 -0.13683374644748456 0.094449676100817267 -0.072879742718793647 -0.06376386985505772 -0.075770492793386254 0.08043376202321359 0.29036721260564391 0.056829547483661008 0.4100060294124086 0.019392945377771323 0.10339632300843096 0.16335135395017764 0.039766415801939618 -0.10628557258365737 0.073459124538134135 0.0027019501456487013 -0.041124792324172127 0.19111786781274395 0.31642433141017201 0.1373871846618413 0.10669601350567617 -0.22473625947952028 0.045201970359273987 -0.22666254786114828 0.23986413076624102 0.017836813211047374 -0.048454472794372531 -0.16996458235443856 0.073559781162360213 0.044434813653674875 -0.059555388866197469 -0.043086100823777007 0.099629339544027376 0.053197905627846279 -0.030595845545846097 -0.16752715723186107 0.055576075911521916 0.1014104745035584 -0.099241552759152307 0.28105689022621072 -0.05295857043366884 -0.027872471214719544 0.05659934942468247 -0.092115534074715719 -0.0080616950725638029 -0.00077413762734064324 0.018855435908131352 0.11773731015114214 0.045628571159265566 0.16390852501632397 0.093979225779700179
leaf_weight=8608 254 2135 483 222 5719 2272 248 211 353 276 252 253 273 13477 6748 1825 4024 421 258 201 217 350 299 1676 609 1657 1219 449 291 253 329 1085 331 254 335 236 6438 430 244 251 262 862 622 222 7892 298 245 249 946 287 215 3690 9942 2134 200 3257 2057 1111 1034 793 1860 4488
leaf_count=8608 254 2135 483 222 5719 2272 248 211 353 276 252 253 273 13477 6748 1825 4024 421 258 201 217 350 299 1676 609 1657 1219 449 291 253 329 1085 331 254 335 236 6438 430 244 251 262 862 622 222 7892 298 245 249 946 287 215 3690 9942 2134 200 3257 2057 1111 1034 793 1860 4488
internal_value=-0.000522243 -0.0431411 0.0568947 0.0425293 -0.0657501 -0.0111218 0.029846 -0.0196125 0.0749445 0.0989837 0.0367096 0.0407223 -0.0516841 -0.0565496 -0.0411466 -0.02091 0.0489616 0.081711 0.161745 0.140031 0.187042 0.234448 0.0562793 0.0948474 0.0686381 0.0299834 0.0910181 0.135356 0.0503377 0.183638 0.132306 0.0516999 -0.0528465 -0.0178591 -0.114104 0.0385349 0.0467714 -0.125323 -0.0603503 -0.0537714 0.137343 -0.00730448 0.00388862 0.0302353 0.0373137 0.0576268 -0.107457 -0.0551872 0.0615876 -0.0124789 0.171379 -0.0231887 -0.0156346 0.0107809 0.043822 0.0184216 0.0389949 0.104292 0.0665542 0.1149 0.122933 0.107572
internal_weight=108132 62064 46068 34347 36377 25687 25949 3162 822 11721 22787 21798 989 27769 14292 7544 18606 8398 469 1536 983 766 553 11445 6862 2517 4345 2041 740 1301 880 2304 2340 1579 583 996 18354 761 498 860 498 3192 2939 2077 14330 627 716 494 1455 509 565 18238 14548 4606 2334 7449 4192 9769 2145 7624 6831 4971
internal_count=108132 62064 46068 34347 36377 25687 25949 3162 822 11721 22787 21798 989 27769 14292 7544 18606 8398 469 1536 983 766 553 11445 6862 2517 4345 2041 740 1301 880 2304 2340 1579 583 996 18354 761 498 860 498 3192 2939 2077 14330 627 716 494 1455 509 565 18238 14548 4606 2334 7449 4192 9769 2145 7624 6831 4971
is_linear=0
shrinkage=0.05


Tree=37
num_leaves=63
num_cat=0
split_feature=15 15 15 17 20 18 15 20 17 17 20 20 18 17 20 15 32 30 29 28 8 7 28 15 18 29 20 7 27 30 28 18 6 10 32 32 28 27 30 2 8 27 20 28 14 29 5 8 10 32 9 28 27 20 27 14 8 7 2 29 5 24
split_gain=99505.2 18667.2 9658.23 4728.09 6211.9 4214.77 3076.4 2906.48 2723.64 2586.04 3720.53 2388.49 2369.11 2071.62 2157.25 1973.15 1309.35 2840.53 1421.72 1448.9 1299.75 1286.35 1244.25 1131 1103.26 1061.79 1039.27 1023.12 1012.6 1228.45 1061.25 1000.12 981.076 968.677 1015.19 961.111 1720.07 1839.66 962.514 939.608 882.621 864.592 855.852 833.285 1267.4 1250.97 1752.65 1204.13 1556.84 1885.86 1074.74 1005.23 814.941 810.815 809.183 781.085 834.636 775.176 757.174 750.272 1099.69 746.184
threshold=20.82513888888889 29.79013888888889 8.2879861111111115 1.0000000180025095e-35 63.500000000000007 3.5000000000000004 46.049166666666672 49.500000000000007 1.0000000180025095e-35 1.0000000180025095e-35 33.500000000000007 32.500000000000007 2.5000000000000004 1.0000000180025095e-35 34.500000000000007 42.939097222222237 7.0244642042863665 17.500000000000004 0.58708291203235607 0.59685648452929574 7.5000000000000009 0.72307310608582009 0.61677489177489198 39.305486111111115 3.5000000000000004 0.55721726190476206 89.500000000000014 1.4013668696824586 1.1383924696146039 8.5000000000000018 0.46615895556573528 3.5000000000000004 6.8502230219401818 9.5000000000000018 2.2053342816500714 7.0723603189007012 0.61582156611039807 1.0373406010758626 13.500000000000002 896.50000000000011 1.0000000180025095e-35 0.87875355987181836 9.5000000000000018 0.44241821396993813 41.750000000000007 0.56586176980913827 -11.499999999999998 19.500000000000004 23.500000000000004 2.1174278932109871 12.500000000000002 0.56960594315245483 0.97582808071407434 14.500000000000002 0.98774352250712583 52.750000000000007 8.5000000000000018 -3.9305827435627161 1050.5000000000002 0.53550420168067236 1.0000000180025095e-35 2.5000000000000004
decision_type=2 2 2 2 10 8 2 10 2 2 8 10 8 2 8 2 10 10 2 2 2 2 2 2 8 2 10 2 2 8 2 8 2 2 8 8 2 2 10 2 2 2 10 2 2 2 2 2 2 10 2 2 2 10 2 2 2 2 2 2 2 2
left_child=2 9 13 4 5 11 16 8 12 10 31 33 42 14 24 22 18 20 26 -20 52 57 -6 41 -1 -19 28 40 30 -30 -5 -2 58 -3 -35 43 37 -37 -39 -13 -9 -7 -4 -11 -45 47 -47 48 50 -50 -46 -52 -18 -14 -21 -32 -57 -16 -10 -60 -61 -42
right_child=1 3 7 6 15 23 -8 27 32 35 -12 39 53 -15 21 -17 17 25 19 54 -22 -23 -24 -25 -26 -27 -28 -29 29 -31 55 -33 -34 34 -36 36 -38 38 -40 -41 61 -43 -44 44 45 46 -48 -49 49 -51 51 -53 -54 -55 -56 56 -58 -59 59 60 -62 -63
leaf_value=-0.0099749668713029187 0.090478996276286389 0.17960306106436214 0.092486141464268506 -0.078736645705236627 0.02180318875536677 -0.025501441905494124 0.11938629624248742 -0.10942800378284943 -0.048954299161743042 -0.09091569212315137 0.012037362447110917 0.068002203491293489 0.0088413058670587085 -0.091570866018701111 -0.090865340933529701 0.098388695309550467 0.028170051849545571 0.027981477370908992 0.062863499676196449 0.097239714655070655 -0.13997172342189323 -0.097014780300868242 0.13201179701142823 0.093163393699388281 -0.081509267622551063 0.17993606728455627 0.13256299305311323 -0.11134031203690886 0.13682141250010646 -0.0035500794894209038 0.037702659772321651 0.021869024093469965 -0.076106751296443981 0.17897322942563043 0.068599325076148326 -0.022674449805519546 0.069293109291020505 -0.21621593295246769 -0.077367921677507362 0.119319560219114 -0.067950855567584262 0.055278061936914938 0.024541319132707948 0.044339697155323085 -0.017101754133577795 0.13927116777664891 0.0066927577434937038 -0.096386444983156572 0.11509496102007209 -0.038340936267622305 -0.035542657764421573 -0.18025411670052291 -0.060993264880972647 -0.040268715265963873 0.22773378716944614 0.027629015199813742 -0.10564028601792284 -0.048145921074805149 -0.044364092533835726 0.048162601879220751 -0.034551009704480072 -0.036373458980760547
leaf_weight=2452 2352 2292 547 213 4155 424 1425 507 2370 242 10311 1198 1321 10680 1416 1313 567 219 2451 260 245 3605 272 1737 690 242 286 604 496 227 8077 687 1384 370 480 1099 310 220 291 3549 2292 1505 3015 1532 2452 271 2986 498 454 357 278 211 466 2308 222 282 200 4267 982 893 729 10213
leaf_count=2452 2352 2292 547 213 4155 424 1425 507 2370 242 10311 1198 1321 10680 1416 1313 567 219 2451 260 245 3605 272 1737 690 242 286 604 496 227 8077 687 1384 370 480 1099 310 220 291 3549 2292 1505 3015 1532 2452 271 2986 498 454 357 278 211 466 2308 222 282 200 4267 982 893 729 10213
internal_value=-0.00023041 0.0445592 -0.0516562 0.0690196 0.0871074 0.108227 0.0493135 -0.031441 -0.015044 0.0115071 0.0263705 0.128814 0.00603542 -0.075416 -0.0615292 0.0445804 0.0423968 0.00170349 0.0479622 0.0784954 -0.036682 -0.0736439 0.0286028 0.063902 -0.0257052 0.107966 0.0387992 -0.047755 0.0359613 0.092805 0.0312661 0.0749812 -0.0388824 0.162655 0.116798 -0.00620864 -0.0384003 -0.0591664 -0.137451 0.106386 -0.0447951 0.0375185 0.0349983 0.000454396 0.00291042 -0.00554909 0.0177634 -0.0234146 -0.013706 0.0475889 -0.0306189 -0.098225 -0.0120728 -0.0223946 0.15769 0.0340125 -0.0277737 -0.0588042 -0.0285116 -0.00989435 0.010989 -0.0421661
internal_weight=107999 57724 50275 33173 17295 11555 15878 27165 13549 24551 13350 7889 7191 23110 12430 5740 14453 1739 12714 2933 1278 9288 4427 3666 3142 461 9781 13616 9495 723 8772 3039 6358 3142 850 11201 1920 1610 511 4747 13012 1929 3562 9281 9039 7507 3257 4250 3752 811 2941 489 1033 3629 482 8559 482 5683 4974 2604 1622 12505
internal_count=107999 57724 50275 33173 17295 11555 15878 27165 13549 24551 13350 7889 7191 23110 12430 5740 14453 1739 12714 2933 1278 9288 4427 3666 3142 461 9781 13616 9495 723 8772 3039 6358 3142 850 11201 1920 1610 511 4747 13012 1929 3562 9281 9039 7507 3257 4250 3752 811 2941 489 1033 3629 482 8559 482 5683 4974 2604 1622 12505
is_linear=0
shrinkage=0.05


Tree=38
num_leaves=63
num_cat=0
split_feature=15 15 11 8 13 29 7 15 11 30 30 13 22 14 14 9 13 14 28 30 31 6 29 5 9 14 14 29 28 6 11 30 14 30 14 13 13 26 11 15 14 13 13 29 17 20 30 8 13 29 7 29 14 29 30 14 30 14 7 13 29 30
split_gain=88634.2 16199 8306.64 4424.54 3708.64 3470.11 3459.01 3388.22 2818.89 2817.3 3597.94 3042.16 2779.42 2735.41 3027.93 2626 2798.72 2381.75 2783.56 2537 3595.07 2342.33 2798.29 2262.28 2235.42 2199.19 3623.34 2182.82 2116.4 2986.38 2386.08 2107.67 3967.95 3630.42 4285.38 3489.02 2602.42 2162.83 2157.58 2036.5 1867.12 2200.55 1934.06 1860.26 1872.88 2617.04 1820.23 1814.43 1804.27 2026.95 1784.67 1718.95 1653.44 1637.04 1619.36 1606.56 1762.83 1491.52 3024.93 2730.47 1476.29 1453.92
threshold=25.305833333333336 13.073194444444447 -1.9107638888888887 2.5000000000000004 -6.7499999999999991 0.55366743471582192 1.8248909990001159 42.639513888888892 -0.40749999999999997 14.500000000000002 15.500000000000002 -5.7499999999999991 -1.0000000180025095e-35 53.250000000000007 43.250000000000007 6.5000000000000009 -14.249999999999998 46.250000000000007 0.51801948051948066 8.5000000000000018 1.0000000180025095e-35 2.2396986230580409 0.54016129032258076 -6.4999999999999991 26.500000000000004 55.750000000000007 52.750000000000007 0.53039541759053965 0.56885775862068977 1.4905256227035355 -5.0011805555555551 6.5000000000000009 45.750000000000007 7.5000000000000009 50.750000000000007 -4.2499999999999991 -9.7499999999999982 2.192583999312538 -6.3481249999999987 19.613194444444449 42.750000000000007 -11.749999999999998 -10.749999999999998 0.45509219245174309 1.0000000180025095e-35 14.500000000000002 12.500000000000002 20.500000000000004 -8.2499999999999982 0.50819892473118289 0.12960963122950167 0.54601482153660019 48.750000000000007 0.5100505050505052 10.500000000000002 45.750000000000007 11.500000000000002 41.750000000000007 0.05627638092813949 -6.2499999999999991 0.4950490196078432 6.5000000000000009
decision_type=2 2 2 2 2 2 2 2 2 10 10 2 2 2 2 2 2 2 2 8 2 2 2 2 2 2 2 2 2 2 2 8 2 8 2 2 2 2 2 2 2 2 2 2 2 8 10 2 2 2 2 2 2 2 10 2 8 2 2 2 2 8
left_child=1 6 3 9 15 13 8 43 23 12 -11 -12 -2 14 57 16 -3 18 51 20 21 22 -20 47 39 26 28 -26 30 -30 -7 32 38 -33 36 37 -35 53 -16 -6 42 -42 -14 -4 45 -45 -32 60 49 -18 -38 -17 -29 -34 -21 56 -31 58 -5 -59 -1 -44
right_child=2 4 7 5 24 25 -8 -9 -10 10 11 -13 40 -15 31 17 48 -19 19 54 -22 -23 -24 -25 27 -27 -28 52 29 55 46 33 35 34 -36 -37 50 -39 -40 -41 41 -43 61 44 -46 -47 -48 -49 -50 -51 -52 -53 -54 -55 -56 -57 -58 59 -60 -61 -62 -63
leaf_value=-0.0643040170014859 0.20766320224904208 0.13866123881198744 -0.11014545874078147 -0.13563288051469655 -0.041769639265223556 0.12640253424035758 -0.09094818169194209 0.079190175974405169 -0.065269542173073763 -0.16453256024470075 0.19784767199136483 -0.026574599269010565 -0.080437919295703375 -0.11556940414918611 0.3260405585354213 0.27147896289920864 0.046950275439399586 -0.0051668052594151023 0.095728270574118535 -0.10918575946594392 -0.025429128554735281 0.053790532954762507 0.32117630684909099 -0.043996313139126796 -0.051711148933057886 0.23138976690179411 -0.055940700306086583 0.14499553943700766 0.20958605543630804 0.092536444492740622 0.047009081027428977 -0.15267379716176677 -0.13341823581864945 0.13402768769386139 0.25540157399488994 0.16108037617254573 0.029528103032118114 0.10217672791520366 0.13244272640095006 -0.011432967098795477 0.21836101796254559 0.10609233318903165 0.11616153650144082 0.13134265158044586 0.0082808928877292076 0.032968208933369707 -0.10134171048412099 0.15655061180271757 0.013671811120906693 -0.11569328059900452 -0.10689521562475979 0.092944222878287339 0.013759197983646757 0.0089074970840954705 0.034284178052074614 0.044978052221307109 0.2614310422167182 0.0017873293791418104 0.082860890055594383 -0.18813707462385937 0.030917639036843865 0.03337394575862674
leaf_weight=604 649 240 257 213 9702 943 7777 3181 16666 214 271 339 215 307 201 243 241 1586 275 329 483 433 277 7306 439 237 476 505 702 526 1904 269 277 329 210 519 565 444 511 12872 472 5830 1111 736 8481 8201 231 204 852 924 415 305 457 739 486 978 219 504 609 302 1243 1016
leaf_count=604 649 240 257 213 9702 943 7777 3181 16666 214 271 339 215 307 201 243 241 1586 275 329 483 433 277 7306 439 237 476 505 702 526 1904 269 277 329 210 519 565 444 511 12872 472 5830 1111 736 8481 8201 231 204 852 924 415 305 457 739 486 978 219 504 609 302 1243 1016
internal_value=-0.000569095 -0.037817 0.0544861 0.0753827 -0.0114921 0.0556386 -0.0616867 0.0316924 -0.0529388 0.100023 0.0113996 0.0732884 0.107879 0.0298309 0.037158 0.0214708 -0.0223981 0.043887 0.0713603 0.0470274 0.0862801 0.141027 0.209237 -0.0309714 -0.0206686 0.0822593 0.0763103 0.0405967 0.0877578 0.122693 0.060203 0.0583804 0.0863308 0.0162892 0.0462917 0.0498645 0.0125753 0.0102464 0.187477 -0.0244725 0.100364 0.114534 0.0622016 0.0231402 0.025113 0.0410836 0.0309181 0.0154242 -0.0416215 -0.0820363 -0.0282931 0.172462 0.0827305 -0.0299889 -0.0236947 0.0871897 0.142469 -0.0212297 0.0261479 -0.0695204 -0.000239387 0.0766508
internal_weight=108052 64449 43603 22747 30649 12630 33800 20856 26023 10117 824 610 9293 6414 6107 6674 2257 4417 2831 2283 1468 985 552 9357 23975 6216 5979 1401 5503 2425 3078 4479 2691 1788 1519 1979 1309 1460 712 22574 8644 6302 2342 17675 17418 8937 2135 2051 2017 1165 980 548 962 1016 815 1723 745 1628 822 806 1847 2127
internal_count=108052 64449 43603 22747 30649 12630 33800 20856 26023 10117 824 610 9293 6414 6107 6674 2257 4417 2831 2283 1468 985 552 9357 23975 6216 5979 1401 5503 2425 3078 4479 2691 1788 1519 1979 1309 1460 712 22574 8644 6302 2342 17675 17418 8937 2135 2051 2017 1165 980 548 962 1016 815 1723 745 1628 822 806 1847 2127
is_linear=0
shrinkage=0.05


Tree=39
num_leaves=63
num_cat=0
split_feature=0 12 12 13 28 17 20 14 13 20 17 20 18 32 14 27 32 31 14 28 14 32 29 7 32 32 11 13 14 22 11 8 28 6 27 32 13 29 12 14 32 6 14 14 7 11 0 8 14 32 32 6 23 14 14 6 13 29 20 20 28 27
split_gain=78239.8 13854.4 8269.43 4607.64 4151.94 3897.04 4109.89 3280.61 3365.06 2630.31 2464.12 3338.27 2233.36 2203.3 3667.7 2838.51 3780.77 2732.65 9998.99 3920.85 3086.93 2436.91 2364.67 2047.07 2009.2 1886.8 1880.95 1837.97 3455.56 2372.07 2064.55 1817.03 1673.21 2267.73 1804.96 2830.87 1672.27 1636.17 1450.01 1447.79 1443.93 1413.75 1349.7 2234.87 1334.68 1633.92 1324.05 1273.06 1654.09 1442.66 1430.24 1752.17 1350.38 1672.01 1416.33 1557.91 1249.88 1237.05 1222.52 1217.6 1342.18 1170.42
threshold=1902.5000000000002 9.2956944444444467 38.661041666666669 -6.7499999999999991 0.60923295454545467 1.0000000180025095e-35 14.500000000000002 56.750000000000007 -3.7499999999999996 67.500000000000014 1.0000000180025095e-35 32.500000000000007 2.5000000000000004 4.6478732402582263 46.250000000000007 1.0512179223258109 7.1805183146628231 1.0000000180025095e-35 42.250000000000007 0.61617524916943534 44.750000000000007 9.652245125999281 0.5255756148613292 0.7450093929676086 13.438674812030078 1.6348705130209213 -0.14027777777777772 -4.7499999999999991 47.250000000000007 -1.0000000180025095e-35 -6.0198611111111102 8.5000000000000018 0.51379375951293771 -4.6676338025282496 1.0049786088318335 3.4691838435699482 -9.7499999999999982 0.54669331395348852 18.652638888888895 48.250000000000007 6.3250386996904036 -6.2053404418188718 42.250000000000007 48.750000000000007 0.42573410667065253 -0.40749999999999997 2809.5000000000005 2.5000000000000004 46.250000000000007 7.4477741228070187 1.0000000180025095e-35 -5.1085032424349688 2.5000000000000004 41.250000000000007 47.250000000000007 -2.9390096350388526 -8.2499999999999982 0.52690637065637069 64.500000000000014 50.500000000000007 0.57989361702127662 1.1148382835650537
decision_type=2 2 2 2 2 2 8 2 2 10 2 8 8 8 2 2 8 2 2 2 2 10 2 2 8 10 2 2 2 2 2 2 2 2 2 10 2 2 2 2 8 2 2 2 2 2 2 2 2 8 8 2 2 2 2 2 2 2 10 10 2 2
left_child=1 23 3 13 10 6 -3 8 27 12 11 46 -8 14 17 21 -17 19 -19 32 -20 37 36 26 41 39 -1 29 -29 -4 59 61 -2 -34 35 56 -16 -15 -14 -24 -39 -6 -43 57 45 -7 -5 48 50 52 51 -12 -49 -54 55 -55 -35 -44 -13 60 -31 -10
right_child=2 5 7 4 24 44 9 -9 31 -11 47 58 38 15 22 16 -18 18 20 -21 -22 -23 25 -25 -26 -27 -28 28 -30 30 -32 -33 33 34 -36 -37 -38 40 -40 -41 -42 42 43 -45 -46 -47 -48 49 -50 -51 -52 -53 53 54 -56 -57 -58 -59 -60 -61 -62 -63
leaf_value=-0.029999533027644677 0.080090075946482708 0.076660383536322596 0.2332466818143924 0.064512284550668431 -0.035956068954463134 -0.0087489417907563854 0.024676456548062293 0.28023588022864038 0.054755561580314076 -0.039521045025945778 -0.17631273200169353 0.035614727629258158 -0.043372182458280555 -0.0017034332971118185 -0.14837535499994245 0.038120017544581344 -0.23375476025380371 -0.19868791875049527 0.067191702334182063 -0.051314785920560657 0.28355284154572535 0.22214385884170906 0.044616805815946597 -0.081614825323215512 0.22773648110554331 0.00039701176052955211 -0.067230758716893282 0.053198444635009237 0.27003573201127967 0.17683957234799053 0.036147893233925851 -0.08281451290473342 0.36027872996840316 0.12623419427988344 0.26829562032600029 0.0011119802900281923 0.024981321516623453 0.022835220249272908 0.003156829557381747 0.21356078580374249 0.16751584681156995 -0.0040480551614411296 0.25788034934147791 0.020723782923335259 -0.056415301330634264 -0.045405593894489227 0.14891883392450148 -0.032472734859412482 0.10522488803618812 -0.059460681225496886 0.031423747734873074 0.010388631299819526 0.078116291459339016 -0.11841030839528942 0.042452674453628117 -0.0051599590817920961 0.26922180532429102 0.12272814945589494 -0.0025667590723456989 0.080486894770994633 0.070166083902120591 0.10429409662652606
leaf_weight=5556 338 1538 299 2179 256 6630 6317 202 7443 4949 203 4950 2901 943 251 324 210 276 395 202 283 209 223 10788 236 441 8721 312 448 982 1339 219 200 312 391 262 310 326 3958 295 366 314 221 467 4911 5614 591 2167 579 1193 1914 327 862 354 1334 2101 305 736 3636 1561 424 1421
leaf_count=5556 338 1538 299 2179 256 6630 6317 202 7443 4949 203 4950 2901 943 251 324 210 276 395 202 283 209 223 10788 236 441 8721 312 448 982 1339 219 200 312 391 262 310 326 3958 295 366 314 221 467 4911 5614 591 2167 579 1193 1914 327 862 354 1334 2101 305 736 3636 1561 424 1421
internal_value=0.000240333 -0.036501 0.0495261 0.0350833 0.0249829 -0.0169801 -0.00178556 0.0805583 0.0777473 -0.00844596 0.0185006 0.0348499 0.00322818 0.0713134 0.0919442 0.0323894 -0.0690341 0.12432 0.0545554 0.157388 0.157786 0.0617819 0.028772 -0.0651734 0.0900298 0.0764413 -0.0527451 0.109147 0.181205 0.0972181 0.0877206 0.0591906 0.180721 0.203789 0.178881 0.138847 -0.0527071 0.0411598 -0.016526 0.141056 0.0994884 0.0736255 0.0897778 0.110455 -0.0343949 -0.0255587 0.0825683 0.00167254 0.0293143 -0.00876063 0.0112949 -0.0613189 0.000118184 0.0153067 0.00100064 -0.0215317 0.197238 0.154175 0.0194472 0.110975 0.144743 0.062708
internal_weight=108015 61883 46132 31482 24620 36818 19663 14650 14448 18125 22390 11356 13176 6862 4484 2378 534 2964 954 2010 678 1844 1520 25065 2230 959 14277 5365 760 4605 4306 9083 1808 1470 1270 879 561 1635 6859 518 692 1994 1738 1424 17155 12244 2770 11034 3023 8011 2444 530 6818 4651 3789 2455 617 957 8586 2967 1406 8864
internal_count=108015 61883 46132 31482 24620 36818 19663 14650 14448 18125 22390 11356 13176 6862 4484 2378 534 2964 954 2010 678 1844 1520 25065 2230 959 14277 5365 760 4605 4306 9083 1808 1470 1270 879 561 1635 6859 518 692 1994 1738 1424 17155 12244 2770 11034 3023 8011 2444 530 6818 4651 3789 2455 617 957 8586 2967 1406 8864
is_linear=0
shrinkage=0.05


Tree=40
num_leaves=63
num_cat=0
split_feature=12 12 11 8 7 11 29 30 32 23 16 20 32 16 20 18 30 30 11 32 18 5 8 30 28 28 30 12 10 28 30 28 11 28 7 29 6 11 29 32 29 24 32 16 20 18 9 20 16 29 23 25 8 29 28 28 19 28 20 0 32 30
split_gain=72577.6 14663.8 6495.63 4041.09 3079.34 3082.55 2794.74 2740.21 3660.62 3018.88 2645.34 3480.62 2624.02 2537.61 2876.56 2431.75 2203.72 3809.94 2012.03 1960 1862.31 1852.26 1639.18 1426.81 1379.46 1483.33 1356.82 1231.75 1159.51 1264.5 1486.75 1826.72 1404.85 1426.17 2287.22 1374.89 1143.06 1482 1739.46 1327.64 1137.17 1142.92 1107.3 1052.65 1189.5 1318.26 1038.88 1026.37 1012.94 995.888 1274.06 978.429 971.638 1206.51 933.72 933.517 931.594 914.92 905.612 922.635 904.756 2230.19
threshold=25.465138888888895 13.877500000000003 -2.2584027777777771 1.0000000180025095e-35 1.622214319582741 -0.27979166666666649 0.55671097770154387 14.500000000000002 8.7985578338676991 2.5000000000000004 1.0000000180025095e-35 49.500000000000007 6.0209577722024337 1.0000000180025095e-35 48.500000000000007 3.5000000000000004 16.500000000000004 12.500000000000002 -4.0330555555555545 2.9846479500891268 2.5000000000000004 -6.4999999999999991 20.500000000000004 10.500000000000002 0.60122814948764325 0.56047544409613381 11.500000000000002 45.641111111111123 4.0000000000000009 0.6019463340891914 5.5000000000000009 0.56586176980913827 -4.704097222222221 0.54680198598130858 0.13700864823794948 0.57360681114551093 6.0212124881629938 -0.40749999999999997 0.5418859649122808 5.609199282455517 0.5418859649122808 2.5000000000000004 2.083884636413341 1.0000000180025095e-35 49.500000000000007 3.5000000000000004 6.5000000000000009 9.5000000000000018 1.0000000180025095e-35 0.49043040293040296 2.5000000000000004 25.500000000000004 16.500000000000004 0.45854810996563578 0.57360681114551093 0.59769353128313896 12.500000000000002 0.55366743471582192 16.500000000000004 2763.5000000000005 7.3773201472949523 14.500000000000002
decision_type=2 2 2 2 2 2 2 10 10 2 2 10 8 2 8 8 10 10 2 8 8 2 2 8 2 2 10 2 2 2 8 2 2 2 2 2 2 2 2 8 2 2 10 2 8 8 2 10 2 2 2 2 2 2 2 2 2 2 10 2 10 10
left_child=1 4 3 7 5 12 52 9 -9 19 36 20 21 27 15 58 17 28 -10 -2 47 22 24 48 25 -1 -25 60 -8 30 32 35 33 -30 -35 -32 37 38 -3 -40 -23 -42 46 -7 45 -45 -34 -12 57 -16 -51 -37 53 -5 -29 -41 -52 -11 -15 -60 -4 -62
right_child=2 10 13 6 -6 43 16 8 18 23 11 -13 -14 14 49 -17 -18 -19 -20 -21 -22 40 -24 26 -26 -27 -28 54 29 -31 31 -33 42 34 -36 51 -38 -39 39 55 41 -43 -44 44 -46 -47 -48 -49 -50 50 56 -53 -54 -55 -56 -57 -58 -59 59 -61 61 -63
leaf_value=-0.0019561866111445681 0.12151507318899993 -0.024716475024272076 0.016221778279642402 -0.081484387711378503 -0.081637540121093366 -0.074169150206924384 0.0040952687208666815 -0.17169826858092185 0.16510197330920501 0.031512629104148315 0.12302158284651221 -0.015524669774833456 -0.069954914269600307 0.14198431106939263 -0.048255597865298108 0.023260836418003805 0.21632786165462453 -0.10461242674668664 -0.031369397425834014 0.2865930177098599 0.0050700699365680245 -0.050833156417066594 0.16037646754061063 6.5563704696420624e-05 -0.038535051302674324 0.1165793145442249 0.095161788765100785 -0.012454230213074185 0.227425179666773 0.13914351498222652 0.07419392613049311 0.11272459665321158 -0.011830176613541282 0.19649820046655778 -0.018754701980222496 0.034084374293246691 -0.043354139049534147 -0.033642960045152305 0.04615769221035132 -0.0595852724743694 -0.050242433999784487 0.0089791625937607669 0.16458643374445778 -0.010236051592869369 -0.067427897882676335 -0.077563633055705211 0.097611716779055224 0.04771663438137469 0.12172169856941671 -0.016873659599740042 0.050571086469868631 -0.10193404752272615 -0.037223267541545868 0.037659273778198686 0.10593330373695763 0.05944675693231008 -0.027029431797564032 0.097518516542367997 0.057118113237865878 0.11941645911988788 -0.15362710018582162 0.0080576284808593964
leaf_weight=612 381 2985 9867 221 8415 7970 457 214 278 691 529 7166 2741 968 417 1428 266 297 244 344 2916 2811 208 720 768 463 782 228 349 939 324 477 469 261 233 203 4332 4931 2485 600 1169 2682 218 2754 3925 987 402 3121 3543 1088 4138 376 550 4998 615 226 426 2201 1350 1066 278 905
leaf_count=612 381 2985 9867 221 8415 7970 457 214 278 691 529 7166 2741 968 417 1428 266 297 244 344 2916 2811 208 720 768 463 782 228 349 939 324 477 469 261 233 203 4332 4931 2485 600 1169 2682 218 2754 3925 987 402 3121 3543 1088 4138 376 550 4998 615 226 426 2201 1350 1066 278 905
internal_value=-0.000140814 -0.0336119 0.0500483 0.0705117 -0.0552158 -0.0470057 0.0499908 0.09461 0.00198483 0.102479 -0.00742371 0.00857037 -0.0272958 0.0316817 0.04913 0.0779984 0.0763068 0.0688234 0.0733804 0.200129 0.0348656 -0.0138692 0.02767 0.0935353 0.012614 0.0491577 0.0496068 0.0157153 0.0797844 0.0879184 0.0733577 0.0336853 0.101663 0.15011 0.0951392 -0.0081448 -0.0215393 -0.0131189 0.00295828 0.0279081 -0.02666 -0.00900637 0.0640567 -0.0614413 -0.0482007 -0.0280153 0.0387355 0.0586614 0.103779 0.0262316 0.0317348 -0.0542688 0.0259375 0.0325995 0.0739371 -0.0269847 0.0433236 0.0817637 0.101083 0.0846437 0.0112673 -0.0300353
internal_weight=108008 64796 43212 20438 35505 27090 11040 9398 736 8662 29291 13732 11454 22774 10881 4812 5271 5005 522 725 6566 8713 2051 7937 1843 1075 1502 11893 4708 4251 3312 1380 1932 843 494 903 15559 11227 6296 3311 6662 3851 1089 15636 7666 3741 871 3650 6435 6069 5652 579 5769 5219 843 826 4564 2892 3384 2416 11050 1183
internal_count=108008 64796 43212 20438 35505 27090 11040 9398 736 8662 29291 13732 11454 22774 10881 4812 5271 5005 522 725 6566 8713 2051 7937 1843 1075 1502 11893 4708 4251 3312 1380 1932 843 494 903 15559 11227 6296 3311 6662 3851 1089 15636 7666 3741 871 3650 6435 6069 5652 579 5769 5219 843 826 4564 2892 3384 2416 11050 1183
is_linear=0
shrinkage=0.05


Tree=41
num_leaves=63
num_cat=0
split_feature=12 12 12 17 20 11 7 14 13 29 13 7 28 28 20 11 30 27 14 26 7 32 14 29 5 11 30 30 29 13 32 32 28 14 32 13 28 26 32 28 26 14 32 32 14 11 29 31 32 13 13 32 26 32 14 28 29 13 29 7 7 29
split_gain=67773.2 12763.8 6985.49 3203.23 4033.11 3110.91 2981.28 2696.58 2515.99 2467.5 2243.41 2174.58 2005.79 1945.22 1898.52 1844.23 1795.65 3329.45 2128.76 2020.13 1846.64 1634.51 2052.13 2040.05 2614.04 2575.24 1994.48 2585.38 1893.43 1773.2 2084.86 1656.07 2694.15 1969.22 2244.24 2623.14 2786.1 1782.97 1979.94 1733.51 1718.03 1515.39 1505.9 1569.01 1902.64 1992.23 1519.64 1494.65 1822.19 1489.91 2175.96 1483 1435.25 1350.56 1483.3 1346.3 2216.36 1998.21 1527.2 2579.59 1317 1313.47
threshold=25.465138888888895 15.324930555555557 38.661041666666669 1.0000000180025095e-35 14.500000000000002 -0.53097222222222207 0.46669547680783641 56.750000000000007 -6.7499999999999991 0.45095331432644342 -6.2499999999999991 -0.14739428423638948 0.43782216494845366 0.53934468524251822 14.500000000000002 -8.9545833333333302 12.500000000000002 0.99143414646850403 48.750000000000007 2.1001071047125701 0.065921994519577837 7.4477741228070187 41.750000000000007 0.53690087145969512 -10.499999999999998 -1.2755555555555551 17.500000000000004 20.500000000000004 0.55420094007050535 -4.2499999999999991 2.2364455552335882 6.5000761498629318 0.60822072072072075 47.250000000000007 0.51933824078220647 3.2500000000000004 0.57576538121872256 2.5184165039055593 4.5558483387109838 0.50633012820512835 2.2566170372100145 44.750000000000007 6.2841732779988826 3.01497978884312 41.250000000000007 0.38784722222222229 0.52306832694763739 1.0000000180025095e-35 2.3483685964504386 -5.2499999999999991 -3.7499999999999996 5.9812281468531472 2.3546180553439346 1.1240962989673484 45.250000000000007 0.51680790960451983 0.5100505050505052 -7.7499999999999991 0.54836823020236303 0.097422370564879721 0.14522403124000946 0.54601482153660019
decision_type=2 2 2 2 8 2 2 2 2 2 2 2 2 2 8 2 8 2 2 2 2 10 2 2 2 2 10 10 2 2 10 8 2 2 10 2 2 2 10 2 2 2 10 10 2 2 2 2 10 2 2 8 2 8 2 2 2 2 2 2 2 2
left_child=1 5 3 4 -2 6 51 11 55 -6 -11 -4 61 52 -7 -13 17 20 -18 -20 -17 22 42 29 25 -25 -23 -28 -27 -24 53 33 40 34 -26 37 -37 38 -36 -35 -33 -19 43 44 45 60 -45 48 -30 -12 -51 -1 -8 -31 -55 56 -3 -58 -57 -60 -14 -10
right_child=2 8 7 -5 9 14 13 -9 12 10 49 15 21 -15 -16 16 18 41 19 -21 -22 26 23 24 31 28 27 -29 47 30 -32 32 -34 39 35 36 -38 -39 -40 -41 -42 -43 -44 46 -46 -47 -48 -49 -50 50 -52 -53 -54 54 -56 58 57 -59 59 -61 -62 -63
leaf_value=0.0057212685959911183 0.13276389271345831 0.20073461786360669 0.19814730648839371 0.016613981369293141 -0.11670914255237184 -0.018944030270296758 -0.041368879463346997 0.25615484759356216 -0.012530753618935079 0.080582815446549619 -0.034981228912391339 0.12720143990808619 0.11874200629278259 -0.080109805714096205 -0.065324900790962606 0.063181011557171693 0.056616431227894559 0.050754392862834244 0.021081909354804296 -0.15604253771793908 -0.013168216990169113 -0.086505034159840122 -0.10610623476369106 0.19236816303507459 -0.083028647095872779 -0.10777373055332445 0.11947562902200003 -0.078773692881543483 -0.079767908159785211 -0.016343736092385371 -0.065681997327731251 -0.042920499722049608 0.080615942287056347 0.11866470103799505 -0.022273941422094719 -0.14451675326326641 0.069640955113958999 0.16170718292383832 0.090808762359323322 0.010638179190221184 -0.1860321133096946 0.12912175238546816 0.13235324967442261 -0.085788065930631707 0.15402986394443557 -0.03509369770523809 0.018781339338715269 0.15476837476546115 0.081482882901942472 0.11046365050434861 0.030266420396786134 -0.051251289654823055 0.05151312903324215 0.17620066517863323 0.0044555554184038514 -0.013255971625185626 -0.035745437293961228 0.14115888347849251 0.12755571961382711 0.0081605345063148187 -0.018737190997973087 -0.17429036443659374
leaf_weight=5062 1341 265 343 13778 240 2439 2145 205 208 3286 746 1316 577 3499 23231 6045 1490 789 396 270 911 1420 884 289 1246 215 323 333 288 1359 1797 432 229 432 1341 530 212 216 543 2611 408 2857 309 567 340 752 894 274 444 941 8304 1474 515 221 290 2544 426 254 645 1510 249 316
leaf_count=5062 1341 265 343 13778 240 2439 2145 205 208 3286 746 1316 577 3499 23231 6045 1490 789 396 270 911 1420 884 289 1246 215 323 333 288 1359 1797 432 229 432 1341 530 212 216 543 2611 408 2857 309 567 340 752 894 274 444 941 8304 1474 515 221 290 2544 426 254 645 1510 249 316
internal_value=-8.64882e-05 -0.0325364 0.0483412 0.0339816 0.0500846 -0.0509061 -0.0306561 0.0764591 -0.00562933 0.0418729 0.044748 0.0738863 -0.0137507 -0.0556138 -0.060919 0.0708441 0.0650212 0.07348 0.0234108 -0.0508516 0.0531814 -0.0112208 -0.00636125 -0.0149588 -0.00201094 0.0584222 -0.0532133 0.0188732 0.0265869 -0.0425779 -0.0272384 -0.0131452 -0.0711496 -0.00444112 -0.0271076 -0.00256985 -0.0833175 0.0259871 0.0103493 0.0260081 -0.11257 0.112182 0.0268795 0.0171979 0.046924 0.0237638 -0.021832 0.0553806 0.0180177 0.0329552 0.0384403 -0.00713307 -0.0233735 0.00971974 0.0789319 0.0239367 0.078359 0.0304438 0.0129777 0.0439386 0.077326 -0.110227
internal_weight=107816 64558 43258 28636 14858 38365 12695 14622 26193 13517 13277 14417 20549 6159 25670 14074 12758 10602 2156 666 6956 20025 17949 14261 9710 1510 2076 656 1221 4551 3667 8200 1069 7131 4088 2842 742 2100 1884 3043 840 3646 3688 3379 1918 1578 1461 1006 732 9991 9245 6536 2660 1870 511 5644 945 680 4699 2155 826 524
internal_count=107816 64558 43258 28636 14858 38365 12695 14622 26193 13517 13277 14417 20549 6159 25670 14074 12758 10602 2156 666 6956 20025 17949 14261 9710 1510 2076 656 1221 4551 3667 8200 1069 7131 4088 2842 742 2100 1884 3043 840 3646 3688 3379 1918 1578 1461 1006 732 9991 9245 6536 2660 1870 511 5644 945 680 4699 2155 826 524
is_linear=0
shrinkage=0.05


Tree=42
num_leaves=63
num_cat=0
split_feature=12 12 15 13 13 28 30 32 30 14 13 14 30 32 6 32 13 32 14 13 14 14 27 13 14 9 14 13 13 14 13 6 14 14 26 14 14 28 14 13 13 26 14 14 30 14 14 14 29 32 29 14 28 28 32 32 30 13 6 14 14 28
split_gain=60467.2 13119.4 4918.55 4815.75 2818.07 2738.64 2505.92 2495.08 3893.5 3271.6 6065.3 6553.89 4426.04 4408.9 3348.07 3026.86 2824.44 3027.54 3684.11 3236.57 4164.11 2974.56 2798.15 2773.81 2457.39 2406.9 2524.08 2212.47 2918.76 2186.83 2157.42 3316.33 2125.66 6749 2594.8 2262.02 3878.71 2636.6 2461.3 4359.53 2424.35 4885.59 2603.18 2542.05 4947.77 2327.42 4742.12 2617.99 3575.18 2292.74 2213.7 1952.05 1950.57 1905.86 3306.76 3120.35 2417.24 1873.73 1852.79 2621.9 2325.03 2319.82
threshold=19.613194444444449 31.01270833333334 7.4547916666666678 -2.2499999999999996 -6.7499999999999991 0.57481343283582098 6.5000000000000009 10.624094261037007 14.500000000000002 50.250000000000007 -10.749999999999998 48.750000000000007 9.5000000000000018 6.2841732779988826 0.85610548850443002 4.6478732402582263 -7.7499999999999991 3.8743451269404572 42.750000000000007 -5.7499999999999991 46.250000000000007 43.750000000000007 1.0391735838081351 -3.2499999999999996 52.250000000000007 6.5000000000000009 46.250000000000007 -14.249999999999998 -8.2499999999999982 40.250000000000007 5.7500000000000009 -0.90377295248940681 56.250000000000007 53.250000000000007 2.0830563199040171 43.250000000000007 41.750000000000007 0.52348345588235301 42.250000000000007 -6.7499999999999991 -3.2499999999999996 2.250654614202102 46.750000000000007 44.250000000000007 2.5000000000000004 44.750000000000007 45.250000000000007 46.750000000000007 0.58562030075187976 1.1492362904944662 0.55671097770154387 39.250000000000007 0.63506756756756766 0.56686991869918713 2.9846479500891268 2.3000305250305253 1.0000000180025095e-35 5.7500000000000009 5.5099530807386659 38.750000000000007 55.250000000000007 0.65643825301204828
decision_type=2 2 2 2 2 2 8 10 10 2 2 2 8 8 2 8 2 10 2 2 2 2 2 2 2 2 2 2 2 2 2 2 2 2 2 2 2 2 2 2 2 2 2 2 10 2 2 2 2 10 2 2 2 2 10 10 10 2 2 2 2 2
left_child=2 4 -1 6 24 -5 32 8 9 10 15 16 -11 -13 -14 -8 21 23 29 20 -20 -12 -10 -18 25 27 -27 -2 -29 -19 31 -4 33 35 -35 36 49 -37 -38 -40 43 42 -42 44 -39 -45 -47 48 -48 -3 -44 -7 57 -49 55 56 -55 -53 60 -60 -6 -61
right_child=1 3 30 5 58 51 7 -9 22 12 11 13 14 -15 -16 -17 17 18 19 -21 -22 -23 -24 -25 -26 26 -28 28 -30 -31 -32 -33 -34 34 -36 37 38 40 39 -41 41 -43 50 45 -46 46 47 53 -50 -51 -52 52 -54 54 -56 -57 -58 -59 59 61 -62 -63
leaf_value=-0.060066503191853339 0.14966163617312767 0.051813963800119801 0.0024159703697242954 0.015467630920151132 0.0072632904381434334 -0.088620450508608992 0.32809481002454066 0.17060461162471685 -0.00497230713995837 0.02968144443797506 0.065985598845984608 -0.028925469556138908 0.31982837767767619 -0.32321345499988902 0.069534871383218108 0.10459124596982168 -0.1144520321924512 0.1245200403744355 0.31492318558451343 0.077802325107706821 0.051030834455619803 -0.14171065170012298 -0.21875401458967089 0.078404764887980302 -0.088890975291112895 0.10694892356852247 0.015859538270029391 -0.048284131867873344 0.059470177660304636 -0.051665271120770961 -0.0684770545837836 -0.036956922080688924 0.22780497076924577 0.01359096269182113 -0.2144985156733335 0.17607388988944253 -0.13867233674127991 0.049748180070861542 0.20279934640427993 -0.057990615685695759 0.20830859714762201 0.36698623470164937 -0.078880725655672626 -0.085708604676641181 0.35746521564346934 0.28226359249200933 -0.072749261375954097 0.030266827514942314 0.16201780674762506 0.21133043956346445 0.12494955729847899 0.07883851690601261 0.19923988621957878 0.081916793897677642 0.27168644631502931 -0.093379364857833352 0.26115313870832324 0.0041077922812844227 0.13972161181080037 -0.038312890116006415 0.17421232907640002 0.12832175506782983
leaf_weight=21425 264 508 8415 8206 17951 205 233 418 642 513 312 331 376 206 208 434 409 249 403 1192 238 383 200 341 356 2157 1175 1465 1099 595 2883 14673 272 268 232 1222 302 305 243 466 384 228 231 238 228 257 659 1027 214 405 312 3492 269 1005 285 208 231 1104 233 5003 210 217
leaf_count=21425 264 508 8415 8206 17951 205 233 418 642 513 312 331 376 206 208 434 409 249 403 1192 238 383 200 341 356 2157 1175 1465 1099 595 2883 14673 272 268 232 1222 302 305 243 466 384 228 231 238 228 257 659 1027 214 405 312 3492 269 1005 285 208 231 1104 233 5003 210 217
internal_value=5.21269e-06 0.0329992 -0.0423328 0.0560086 0.00956179 0.0333211 0.0733031 0.0519457 0.045096 0.058349 0.0421381 0.021931 0.136944 -0.142209 0.230954 0.183041 0.0433439 0.0619808 0.0868488 0.126632 0.217173 -0.0485106 -0.0559511 -0.0267788 0.0386689 0.0460541 0.0748415 0.0121219 -0.00209253 0.000399418 -0.0277014 -0.022607 0.0901602 0.0861781 -0.0924595 0.0961581 0.0480816 0.1093 -0.0193837 0.0315513 0.0952323 0.160076 0.108844 0.0791193 0.181802 0.0658073 0.0751066 0.0603624 -0.0150809 0.122728 0.0382516 0.0622088 0.0685813 0.0842569 0.11629 0.085453 0.115599 0.0608923 0.00152872 -0.024028 0.00920325 -0.0313625
internal_weight=108215 60819 47396 30689 30130 13276 17413 7683 7265 6423 5326 4659 1097 537 584 667 4122 3427 2677 1833 641 695 842 750 6516 6160 3332 2828 2564 844 25971 23088 9730 9458 500 8958 1924 7034 1011 709 5812 1155 927 4657 533 4124 3886 3629 873 913 543 5070 4865 2756 1729 1444 1236 4596 23614 5453 18161 5220
internal_count=108215 60819 47396 30689 30130 13276 17413 7683 7265 6423 5326 4659 1097 537 584 667 4122 3427 2677 1833 641 695 842 750 6516 6160 3332 2828 2564 844 25971 23088 9730 9458 500 8958 1924 7034 1011 709 5812 1155 927 4657 533 4124 3886 3629 873 913 543 5070 4865 2756 1729 1444 1236 4596 23614 5453 18161 5220
is_linear=0
shrinkage=0.05


Tree=43
num_leaves=63
num_cat=0
split_feature=0 0 30 12 11 30 20 28 30 14 5 30 30 14 28 11 26 29 29 14 22 30 11 26 30 29 5 29 30 11 30 26 29 29 6 14 14 28 14 26 24 29 16 14 30 26 14 11 30 10 28 30 9 30 30 30 11 26 30 29 14 29
split_gain=53111.9 8032.71 6832.1 6668.51 3818.7 2905.06 2866.07 2701.09 2497.16 2470.75 2442.04 2435.18 3332.7 2428.68 2391 2870.02 2415.14 3442.48 2701.24 2210.19 2176.73 3205.33 2063.74 2020.96 2019.96 3065.17 3038.28 2125.91 2091.77 2090.25 2028.55 2398.93 2004.68 1990.61 2646.12 1979.43 2772.04 1931.26 1907.36 1896.18 1857.07 1849.08 1832.37 1815.58 1778.37 2677.75 1728.76 1937.01 1765.1 2817.63 1721.77 2651.24 2443.61 1716.99 2069.6 1951.29 2652.68 2959.52 2375.18 1948.69 3360.81 2848.46
threshold=1834.5000000000002 734.50000000000011 24.500000000000004 37.8182638888889 -1.5206944444444439 17.500000000000004 14.500000000000002 0.61582156611039807 12.500000000000002 55.750000000000007 -6.4999999999999991 18.500000000000004 9.5000000000000018 50.250000000000007 0.65266007532956694 -5.6331944444444435 2.1608764677193668 0.53039541759053965 0.5891973125884018 45.750000000000007 1.0000000180025095e-35 11.500000000000002 5.2802083333333334 2.1325729708198016 11.500000000000002 0.54884676564156953 -10.499999999999998 0.65775171624713968 17.500000000000004 1.4640277777777779 22.500000000000004 2.3730280945653903 0.61639196206818703 0.47241248097412486 -5.4997222081916233 39.250000000000007 43.750000000000007 0.60301697998787152 48.750000000000007 2.3105746056589598 2.5000000000000004 0.52690637065637069 1.0000000180025095e-35 45.750000000000007 14.500000000000002 2.2344947979894259 41.750000000000007 2.5618750000000001 1.0000000180025095e-35 13.500000000000002 0.52690637065637069 1.5000000000000002 2.5000000000000004 12.500000000000002 17.500000000000004 7.5000000000000009 2.8568055555555563 2.0048167685022205 9.5000000000000018 0.50905144167758853 44.750000000000007 0.61135912698412709
decision_type=2 2 10 2 2 10 8 2 10 2 2 10 8 2 2 2 2 2 2 2 2 8 2 2 8 2 2 2 10 2 10 2 2 2 2 2 2 2 2 2 2 2 2 2 8 2 2 2 8 2 2 10 2 10 10 10 2 2 10 2 2 2
left_child=1 -1 3 4 10 8 42 33 9 22 -2 12 14 20 15 16 18 -18 19 -12 37 -22 -5 -13 25 -8 29 -28 32 38 31 -30 -26 34 -6 -17 50 44 -27 -40 46 -9 -3 -34 -14 -46 47 -35 49 -48 51 -37 -53 55 -55 59 57 -57 -58 -42 61 -61
right_child=2 6 -4 5 7 -7 24 41 -10 -11 11 23 13 -15 -16 35 17 -19 -20 -21 21 -23 -24 -25 28 26 27 -29 30 -31 -32 -33 43 40 -36 36 -38 -39 39 -41 53 -43 -44 -45 45 -47 48 -49 -50 -51 -52 52 -54 54 -56 56 58 -59 -60 60 -62 -63
leaf_value=-0.054054404371079182 0.082916829360541289 -0.0088128372497385237 -0.23320925158833894 0.071301876900931802 -0.23162637521491336 0.19909314625413169 -0.035139427540938288 0.22254398990774629 -0.0016084492052010771 0.20163175933560382 0.077089738949015538 0.25579368526971824 -0.02349274416934638 0.12555065635828272 -0.10969668349660025 0.12429270974591176 0.3004953305543227 0.092363921536590773 0.22483586175455936 -0.057080708409572703 -0.10882317281110095 0.097774736304910237 0.0085622392664472646 0.036732790468371294 -0.045406030295081466 0.13562449784586517 -0.0031416345633866424 -0.098986026474523148 0.14078433995360395 -0.016238340692324264 -0.092364786693744441 -0.052296232015749712 -0.046599353932860223 -0.0063621101371935454 -0.014688503624072197 -0.17656368438893275 0.048529329408079268 0.049898686535843867 0.1152878518183878 -0.099556590652181989 0.09527806638675268 0.052810809225862398 0.072239716605208476 -0.20490393547548191 -0.068048068046608678 -0.27050361945472945 -0.085002762686867184 0.14840157985597952 -0.055062663433523666 0.084901375071763568 0.013684338276241279 0.11369077875523975 -0.10739558198488788 -0.071868759984836217 0.104706550184546 0.21911414999933393 0.10778661833999879 0.056601876383861771 -0.083974536030557892 -0.049840018857207263 0.045083938810825369 0.14538230768653868
leaf_weight=25043 2965 1383 231 12616 205 394 9907 200 1415 337 918 221 1411 314 245 564 294 613 209 460 251 736 1463 201 4923 905 10900 610 430 619 272 256 329 657 443 357 5183 486 200 209 650 801 1405 404 766 207 389 291 2765 651 1758 246 252 890 203 444 268 759 403 2496 2516 201
leaf_count=25043 2965 1383 231 12616 205 394 9907 200 1415 337 918 221 1411 314 245 564 294 613 209 460 251 736 1463 201 4923 905 10900 610 430 619 272 256 329 657 443 357 5183 486 200 209 650 801 1405 404 766 207 389 291 2765 651 1758 246 252 890 203 444 268 759 403 2496 2516 201
internal_value=-3.34837e-05 -0.0327376 0.0375101 0.0387626 0.026141 0.0651218 -0.0164371 0.00756472 0.0617752 0.0679963 0.0413059 0.0334388 0.0301584 -0.00794432 0.0444767 0.0479666 0.0950318 0.160085 0.0577751 0.0322924 -0.0188419 0.0451787 0.0647834 0.151788 -0.020949 -0.0140386 0.00151343 -0.0082293 -0.0453395 0.0595005 0.0229638 0.0687597 -0.0569106 0.00197778 -0.0835697 0.0339161 0.0273628 -0.0408668 0.0951648 0.00552677 0.00606482 0.0869118 0.0320445 -0.134011 -0.0593834 -0.111353 -0.0191316 0.0412508 -0.0341825 0.0213301 -0.0146245 -0.0727795 0.00182473 0.0196281 -0.0390082 0.0279156 0.0723158 0.116714 -0.00733796 0.013714 0.00352761 -0.0352421
internal_weight=108140 57795 50345 50114 33889 16225 32752 15232 15831 14416 18657 15692 15270 4171 11099 10854 2494 907 1587 1378 3857 987 14079 422 29964 23350 13443 11510 6614 1933 958 686 5656 14231 648 8360 7796 2870 1314 409 13583 1001 2788 733 2384 973 4753 948 3805 1040 2613 855 498 8830 1093 7737 1874 1203 671 5863 5213 2697
internal_count=108140 57795 50345 50114 33889 16225 32752 15232 15831 14416 18657 15692 15270 4171 11099 10854 2494 907 1587 1378 3857 987 14079 422 29964 23350 13443 11510 6614 1933 958 686 5656 14231 648 8360 7796 2870 1314 409 13583 1001 2788 733 2384 973 4753 948 3805 1040 2613 855 498 8830 1093 7737 1874 1203 671 5863 5213 2697
is_linear=0
shrinkage=0.05


Tree=44
num_leaves=63
num_cat=0
split_feature=0 12 15 13 32 32 13 9 16 20 29 8 5 26 5 14 13 30 30 14 30 14 28 27 13 14 13 13 32 30 13 32 13 28 6 0 29 30 14 28 7 11 13 19 13 32 11 32 32 7 6 14 30 26 29 7 12 26 13 13 8 32
split_gain=50374.4 6575.72 6481.67 3402.71 3385.68 4387.09 2587.4 2870.95 2407.36 2934.16 2244.89 2936.13 2240.23 4810.2 2222.3 2094.21 2939.76 2045.81 3835.5 3472.42 3385.77 3753.23 2733.81 2114.34 1996.11 5507.26 3461.02 2637.96 2633.15 2767.13 2688.16 2406.75 2406.47 2052.1 2498.19 2380.85 2385.76 1882.25 2334.35 1870.46 1854.9 1846.2 2878.13 1833.03 1828.6 2059.88 2795.68 3538.5 3136.53 2483.13 2277.2 2042.01 1723.63 2867.82 1716.76 1690.31 1649.34 1645.81 1626.15 1588 1993.66 2833.72
threshold=1821.5000000000002 33.434444444444452 9.3007638888888895 -3.7499999999999996 7.4477741228070187 9.5001144688644708 -6.2499999999999991 26.500000000000004 1.0000000180025095e-35 24.500000000000004 0.53592943201376941 12.500000000000002 4.5000000000000009 2.250654614202102 -3.4999999999999996 48.750000000000007 -1.7499999999999998 1.5000000000000002 1.0000000180025095e-35 44.750000000000007 2.5000000000000004 46.750000000000007 0.57360681114551093 1.0842787705997929 -4.7499999999999991 47.250000000000007 -4.2499999999999991 -6.2499999999999991 10.381804656457303 6.5000000000000009 -10.749999999999998 4.0529060427031522 -7.2499999999999991 0.50909391534391546 -5.8659563962070171 3229.5000000000005 0.58562030075187976 1.0000000180025095e-35 49.750000000000007 0.59066731141199236 -0.58909208781244293 -1.4297222222222219 -2.7499999999999996 1.0000000180025095e-35 10.750000000000002 3.01497978884312 1.0800694444444445 2.083884636413341 2.3804053424383209 0.071442749390347657 6.0641478225181986 48.750000000000007 22.500000000000004 2.1399639676863678 0.56282894736842115 0.083275507578848162 1.1622222222222225 2.3546180553439346 -5.2499999999999991 5.7500000000000009 14.500000000000002 3.2311299055528422
decision_type=2 2 2 2 10 10 2 2 2 10 2 2 2 2 2 2 2 8 10 2 8 2 2 2 2 2 2 2 10 10 2 10 2 2 2 2 2 10 2 2 2 2 2 2 2 8 2 10 10 2 2 2 10 2 2 2 2 2 2 2 2 8
left_child=2 4 56 24 8 -6 12 58 -2 43 11 -9 13 14 54 16 -12 18 19 -5 21 -19 23 -21 27 26 -26 28 29 33 55 -32 -33 -3 -35 36 -36 38 -29 -39 -15 42 -24 -10 45 46 47 -22 -49 -48 -47 -52 53 -7 -4 -31 -1 -14 -8 60 -60 -62
right_child=1 3 6 17 5 52 7 10 9 -11 15 -13 57 40 -16 -17 -18 20 -20 22 44 -23 41 -25 25 -27 -28 37 -30 30 31 32 -34 34 35 -37 -38 39 -40 -41 -42 -43 -44 -45 -46 50 49 48 -50 -51 51 -53 -54 -55 -56 -57 -58 -59 59 -61 61 -63
leaf_value=-0.077646794563556068 0.0090203399751062948 0.23702312541353521 0.11882423946057985 -0.02370094894422729 -0.084109259843523146 0.18907097920010585 -0.077641076635966894 -0.12554754519152497 0.0080364050779607021 0.027314043940367162 0.27792154405563368 0.074625138993001286 -0.036545319208690273 -0.14418477508186447 0.051927764643605739 0.00029605019108359037 0.061009747690434359 0.027907318216395506 0.27396257220490677 0.021206448132958199 -0.020475403257474611 -0.24266198690061042 0.14315094377744786 0.15336729822680356 0.15852902202176089 0.23781202920975578 -0.068778048126531197 -0.1111552714755295 0.24630319583944638 0.17115761134134352 -0.16000591829401312 -0.032098723467955677 0.10327369580053841 0.22321603203779974 0.0097688800786720053 0.12801240839091368 0.1515754379280462 0.023397337109924643 0.086888942271385189 0.17844544325652437 0.0032578041954827181 0.17125945988614669 -0.061968148086558698 0.11155259328329555 -0.086254690368599327 0.035172160378531429 -8.010479107725541e-05 0.32476886355764911 0.11223743141590455 0.19171561234403606 -8.1310667613512479e-05 -0.16369699229253457 -0.064451041783970917 -0.011033106344514643 0.29483250170582398 -0.0029982204748252735 -0.045121645540230265 0.031371393095007284 -0.00571806486493125 -0.060873736786162508 -0.010035750240812439 -0.072132318900211864
leaf_weight=4826 12288 268 455 1057 1681 357 1726 439 548 8640 212 313 2980 245 903 699 589 276 211 1902 244 238 452 359 305 654 369 473 240 458 208 818 547 335 1365 1409 378 977 216 242 1605 972 274 1949 307 6893 1052 295 424 200 638 271 245 358 200 200 20313 1272 9338 2945 3742 3609
leaf_count=4826 12288 268 455 1057 1681 357 1726 439 548 8640 212 313 2980 245 903 699 589 276 211 1902 244 238 452 359 305 654 369 473 240 458 208 818 547 335 1365 1409 378 977 216 242 1605 972 274 1949 307 6893 1052 295 424 200 638 271 245 358 200 200 20313 1272 9338 2945 3742 3609
internal_value=0.00019056 0.0358962 -0.0324656 0.0539337 0.0182304 -0.0354278 -0.0172688 -0.0254602 0.0242812 0.0411169 0.0282253 -0.0422425 0.00798129 0.0381785 0.102879 0.0635578 0.118695 0.0399196 0.065611 0.0567937 0.0275241 -0.0976037 0.0782853 0.0422494 0.0777207 0.134559 0.0341659 0.0684256 0.0841867 0.0776468 0.0335227 -0.00199244 0.0221853 0.103847 0.0935463 0.0796983 0.0405914 0.0169786 -0.0490329 0.054299 -0.0163357 0.126216 0.0657581 0.0888469 0.0337627 0.0374492 0.0799939 0.144 0.199767 0.0306867 0.025362 -0.0489863 0.0498143 0.0890035 0.172935 0.118298 -0.0513684 -0.0162252 -0.0311213 -0.0270281 -0.0210523 -0.0405279
internal_weight=108004 51593 56411 25527 26066 2641 31272 23612 23425 11137 2252 752 7660 3408 1558 1500 801 16065 5227 5016 10838 514 3959 2261 9462 1328 674 8134 6226 5986 2231 1573 1365 3755 3487 3152 1743 1908 689 1219 1850 1698 726 2497 10324 10017 2215 963 719 1252 7802 909 960 715 655 658 25139 4252 21360 19634 16689 7351
internal_count=108004 51593 56411 25527 26066 2641 31272 23612 23425 11137 2252 752 7660 3408 1558 1500 801 16065 5227 5016 10838 514 3959 2261 9462 1328 674 8134 6226 5986 2231 1573 1365 3755 3487 3152 1743 1908 689 1219 1850 1698 726 2497 10324 10017 2215 963 719 1252 7802 909 960 715 655 658 25139 4252 21360 19634 16689 7351
is_linear=0
shrinkage=0.05


Tree=45
num_leaves=63
num_cat=0
split_feature=15 15 24 17 20 18 20 20 13 13 7 13 30 13 9 6 11 17 10 17 18 18 9 32 32 30 9 29 13 26 14 26 8 8 6 26 8 14 32 5 14 31 14 29 29 11 6 6 6 13 29 30 26 26 32 32 32 29 13 29 32 20
split_gain=45531.3 8359.99 4382.54 3897.75 3705.96 3320.65 2489.59 2330.19 1905.94 1796.93 1888.86 1803.98 1832.7 1669.67 1668.6 1640.69 1552.86 1543.34 1531.43 1521.96 1834.64 1451.16 1435.77 1317.74 2486.25 2714.42 2024.47 1852.2 1922.67 1567.58 1278.43 1258.72 1602.4 1430.27 1240.15 1713.14 1224.16 1156.6 3000.4 1459.82 1394.45 1867.67 1629 1751.44 1764.3 2953.42 1995.61 1576.16 1392.64 2355.26 1333.74 1383.26 1319.53 1264.03 1254.36 1205.08 2013.22 2173.28 1143.95 1143.82 1085.14 1078.41
threshold=20.148125000000004 31.01270833333334 2.5000000000000004 1.0000000180025095e-35 58.500000000000007 3.5000000000000004 29.500000000000004 22.500000000000004 5.7500000000000009 6.2500000000000009 1.2196302505135412 -6.7499999999999991 22.500000000000004 5.7500000000000009 11.500000000000002 -1.0951914810270604 -4.8039583333333322 1.0000000180025095e-35 9.5000000000000018 1.0000000180025095e-35 1.0000000180025095e-35 3.5000000000000004 6.5000000000000009 7.5078585311150059 9.8056620460567423 22.500000000000004 6.5000000000000009 0.57645975056689347 -2.7499999999999996 2.2249166614599223 48.750000000000007 2.0048167685022205 5.5000000000000009 9.5000000000000018 -1.876647415292011 2.2199899091826443 20.500000000000004 41.750000000000007 6.4125247035573132 10.500000000000002 43.250000000000007 1.0000000180025095e-35 45.750000000000007 0.48742088607594941 0.53233273596176833 -3.8121527777777771 -7.1855951456336769 -7.1855951456336769 -2.3650228967801552 -2.2499999999999996 0.45854810996563578 11.500000000000002 2.192583999312538 2.1502152983379723 3.7462331495098042 3.3026222866488255 3.8963524548589983 0.52591804746977167 5.7500000000000009 0.63289561170212771 2.5494517543859656 9.5000000000000018
decision_type=2 2 2 2 8 8 8 8 2 2 2 2 8 2 2 2 2 2 2 2 10 8 2 8 8 8 2 2 2 2 2 2 2 2 2 2 2 2 10 2 2 2 2 2 2 2 2 2 2 2 2 10 2 2 10 10 10 2 2 2 10 10
left_child=2 7 15 4 5 16 19 17 -5 10 11 12 22 23 18 36 -3 21 -15 20 -4 -2 -8 37 31 29 -27 28 -28 -26 -10 -25 -33 -34 35 -24 -1 38 52 40 41 47 43 -42 45 -45 -46 -39 -49 54 -44 -52 55 -43 -50 -9 -57 -58 -6 -11 -32 -18
right_child=1 3 6 8 58 -7 9 13 30 59 -12 -13 -14 14 -16 -17 61 -19 -20 -21 -22 -23 34 24 25 26 27 -29 -30 -31 60 32 33 -35 -36 -37 -38 39 -40 -41 42 53 50 44 46 -47 -48 48 49 -51 51 -53 -54 -55 -56 56 57 -59 -60 -61 -62 -63
leaf_value=-0.041517440346786512 0.094270271876008963 0.14435189660216727 -0.062892451964769211 0.035180280309678812 0.045985123162271817 0.033727285322246309 -0.048892069174896781 0.038420687158026157 -0.048151163781357892 -0.064111737931862658 -0.063159510188055962 -0.02944516660927983 -0.12280567979973384 0.019238481353019584 0.010866003236284262 -0.0653880707457795 0.15815815978363962 0.012501704177115528 -0.097767147888348199 -0.021782848776777965 0.038421521610980267 0.0079135159986297235 0.18687857075639797 0.027493056238779852 0.19406658456252099 -0.094986515026706769 0.007849894949378303 -0.068966023461596873 0.19389542829659251 0.020123406313168894 -0.025123459375399049 -0.20396484312842189 0.050403327853264401 -0.10041904946689845 0.015910348378791673 0.026871232779479354 0.030565830449274141 0.12978291609457562 0.21093446178630648 -0.024032848275180901 0.16132781654899717 -0.026549455282336848 -0.11538015693725806 0.14524060657252871 0.182769502684614 -0.072228108734916183 0.044214865635061905 -0.1120861487698268 -0.10075011060783459 0.13475141367551102 0.017835100236050165 -0.09518713217636722 0.072679936233436285 -0.19885774585523758 0.032144464869873927 -0.17021014569158671 -0.08530025047297056 0.090028148210481634 -0.015106361105287444 -0.18954926986265835 0.13538061201208976 0.080824644296917561
leaf_weight=5293 1736 1827 520 12968 6684 2168 616 1128 1213 1936 3193 14014 240 372 1181 12527 509 2249 1122 3593 3141 676 286 252 277 556 363 329 224 243 216 262 210 618 2029 402 662 209 238 2918 329 206 208 204 305 654 1733 300 371 275 6243 282 1048 220 339 220 351 354 865 200 204 3985
leaf_count=5293 1736 1827 520 12968 6684 2168 616 1128 1213 1936 3193 14014 240 372 1181 12527 509 2249 1122 3593 3141 676 286 252 277 556 363 329 224 243 216 262 210 618 2029 402 662 209 238 2918 329 206 208 204 305 654 1733 300 371 275 6243 282 1048 220 339 220 351 354 865 200 204 3985
internal_value=-7.40174e-05 0.0292831 -0.035943 0.0474636 0.0644794 0.0871446 -0.0241962 0.00994407 0.0287699 -0.0322769 -0.0277853 -0.0213598 0.0103522 0.00369498 -0.0335474 -0.055116 0.105458 0.0423067 -0.0686398 0.00133231 0.0240179 0.0700808 0.0199745 0.00833666 -0.0205497 0.0148912 -0.0198116 0.0258725 0.0790541 0.112976 -0.0221262 -0.0731283 -0.0963951 -0.0621523 0.0356002 0.0935606 -0.0335004 0.0136481 0.0402244 0.0076483 0.0154326 -0.0235738 0.022955 0.0521696 0.0397173 -0.0204134 0.0650299 0.00278124 -0.0179599 0.0107926 0.00895604 0.0129366 0.0270587 -0.115792 -0.0373417 0.00374626 -0.0385336 0.00273981 0.0389839 -0.07594 0.0529721 0.0896168
internal_weight=108096 59444 48652 30639 16038 8489 30170 28805 14601 22916 20780 17587 3573 24144 2675 18482 6321 4661 1494 7254 3661 2412 3333 21469 3334 1992 1472 916 587 520 1633 1342 1090 828 2717 688 5955 18135 3339 14796 11878 1920 9958 3225 2896 858 2038 1494 1285 985 6733 6525 3101 426 710 2053 925 705 7549 2136 420 4494
internal_count=108096 59444 48652 30639 16038 8489 30170 28805 14601 22916 20780 17587 3573 24144 2675 18482 6321 4661 1494 7254 3661 2412 3333 21469 3334 1992 1472 916 587 520 1633 1342 1090 828 2717 688 5955 18135 3339 14796 11878 1920 9958 3225 2896 858 2038 1494 1285 985 6733 6525 3101 426 710 2053 925 705 7549 2136 420 4494
is_linear=0
shrinkage=0.05


Tree=46
num_leaves=63
num_cat=0
split_feature=15 15 13 7 13 14 14 14 14 32 13 8 11 13 13 28 14 8 14 13 14 14 32 23 14 32 14 9 14 14 13 27 32 20 26 14 26 32 14 32 14 14 32 26 13 9 13 13 13 13 14 30 30 28 8 28 14 14 14 14 8 6
split_gain=40298.6 9018.31 3681.77 3645.72 3244.39 2830.04 4899.42 2792.78 3128.63 7453.85 4295.98 5095.22 3360.41 2997.43 2497.25 3111.48 3208.37 2479.08 2652.66 2293.82 2080.76 2222.97 2077.77 3571.9 3360.27 2898.83 2443.78 2212.19 2168.64 4035.24 2137.25 2341.77 1994.71 1952.55 1898.41 1732.59 1721.17 1954.63 2973.23 2671.94 3452.98 2187.42 2644.49 2847.64 1638.18 1527.95 2066.6 2539.25 1730.49 3465.9 1742.34 2310.7 2682.9 1593.45 1641.24 1480.21 1871.65 1726.22 1775.2 2499.29 2087.79 2069.68
threshold=19.251041666666669 31.209583333333338 3.2500000000000004 1.4013668696824586 -6.2499999999999991 56.250000000000007 55.250000000000007 50.250000000000007 48.750000000000007 0.5755360009172209 -3.7499999999999996 5.5000000000000009 -2.1540972222222217 -6.7499999999999991 -10.249999999999998 0.58708291203235607 48.250000000000007 8.5000000000000018 52.750000000000007 -6.7499999999999991 42.750000000000007 44.250000000000007 1.0658544869120592 2.5000000000000004 42.750000000000007 2.3483685964504386 44.750000000000007 6.5000000000000009 48.750000000000007 51.250000000000007 12.500000000000002 0.91527976008268686 1.5792323705748004 18.500000000000004 1.9975489275807228 52.250000000000007 2.5634641415651975 5.3788990956959717 53.750000000000007 6.8949612015675337 51.750000000000007 52.750000000000007 3.255783367678529 2.1587194842070434 -13.749999999999998 6.5000000000000009 -14.249999999999998 -8.2499999999999982 -13.249999999999998 -10.749999999999998 40.750000000000007 15.500000000000002 6.5000000000000009 0.5751344086021507 6.5000000000000009 0.43782216494845366 43.250000000000007 37.250000000000007 41.750000000000007 44.750000000000007 7.5000000000000009 -11.278297716359225
decision_type=2 2 2 2 2 2 2 2 2 8 2 2 2 2 2 2 2 2 2 2 2 2 10 2 2 10 2 2 2 2 2 2 8 8 2 2 2 8 2 10 2 2 10 2 2 2 2 2 2 2 2 8 10 2 2 2 2 2 2 2 2 2
left_child=3 19 5 4 32 6 7 8 14 13 -11 12 -12 -10 20 -16 -17 36 -19 35 -3 34 24 -24 -4 -25 -26 -28 30 -30 31 -27 44 -6 -22 45 37 38 41 40 -39 42 43 -9 -1 46 -2 -48 -47 -50 -51 52 53 54 -52 56 -21 -57 -59 60 -60 -61
right_child=1 2 22 -5 33 -7 -8 17 9 10 11 -13 -14 -15 15 16 -18 18 -20 55 21 -23 23 25 26 28 27 -29 29 -31 -32 -33 -34 -35 -36 -37 -38 39 -40 -41 -42 -43 -44 -45 -46 48 47 -49 49 50 51 -53 -54 -55 -56 57 -58 58 59 61 -62 -63
leaf_value=-0.084107988486357504 0.14081761436945384 0.013717699188241212 0.21068479049976707 -0.062829849685491268 -0.0046914876076709355 0.18989926070229121 -0.17716708616070126 0.075071296216135078 -0.045156733759352544 0.031147615821976078 -0.20803458229434202 -0.30081304937336573 0.0525949776075905 0.16507604261670303 0.036247347685543878 0.07822230549175109 0.27529086008074904 0.086523051378436577 -0.10261267198959566 -0.18253172928022471 0.34594746463991743 0.098190277815150509 -0.13052509412870214 -0.10046492705286728 -0.10177980936845273 -0.039499014363857235 0.10083301278711349 -0.027931631996651558 0.22052342091817231 -0.016684289289126828 -0.15155753124099558 0.066677944951204826 -0.017682219179037759 -0.041077300875223939 0.12974674496300884 -0.073264958360812885 0.25046936598642228 0.39949788544880283 0.18943145706661099 0.02555818996399141 0.12251189390284033 -0.050517408352686415 -0.029804835128310472 0.26093076879089633 0.049027065322661503 -0.022686025604127427 -0.042735852102714494 0.055884421128894524 0.22140241375614927 0.17911765944570879 0.14379784168754992 0.18387710318806794 -0.051411694576440785 0.13436833025335457 -0.017755636854800645 -0.11004987242755976 0.010359232062437655 0.031562251819567864 -0.0030138821086531055 0.085937173805087683 -0.062902458537442474 0.0041140235595810287
leaf_weight=255 284 433 287 9542 4325 380 229 877 233 531 204 337 311 618 12274 2837 222 467 306 246 202 978 529 518 306 946 909 526 362 354 201 1149 4986 25006 207 360 207 201 503 200 257 403 404 269 2378 517 1535 1134 361 259 210 257 738 532 616 336 256 4666 3234 823 2645 12450
leaf_count=255 284 433 287 9542 4325 380 229 877 233 531 204 337 311 618 12274 2837 222 467 306 246 202 978 529 518 306 946 909 526 362 354 201 1149 4986 25006 207 360 207 201 503 200 257 403 404 269 2378 517 1535 1134 361 259 210 257 738 532 616 336 256 4666 3234 823 2645 12450
internal_value=-0.000132545 0.0263778 0.0459049 -0.035278 -0.0281614 0.0546836 0.0525086 0.054756 0.0468275 -0.0088261 -0.0804492 -0.149956 -0.0508478 0.10753 0.0540759 0.0474971 0.0926094 0.0922807 0.0116159 0.00764547 0.109443 0.139296 0.011159 -0.0094909 0.0524736 0.00867891 0.0262868 0.0536477 0.0274764 0.103385 0.00376989 0.0187376 0.000908467 -0.0357124 0.237109 0.0333465 0.111047 0.101702 0.0811385 0.178215 0.244677 0.0531647 0.0801373 0.118887 0.0361062 0.0393138 0.0128367 -0.000829008 0.0617068 0.0763853 0.0562656 0.0426727 0.0252795 0.0669643 0.0234415 0.000553082 -0.08434 0.00232086 0.00391062 -0.00282744 -0.0299643 0.00919361
internal_weight=108128 61636 30177 46492 36950 24090 23710 23481 19387 2234 1383 852 515 851 17153 15333 3059 4094 773 31459 1820 1387 6087 4059 2028 3530 1741 1435 3012 716 2296 2095 7619 29331 409 6803 3321 3114 2456 658 458 1953 1550 1146 2633 6443 2953 2669 3490 2973 2612 2353 2096 1358 826 24656 502 24154 23818 19152 5879 13273
internal_count=108128 61636 30177 46492 36950 24090 23710 23481 19387 2234 1383 852 515 851 17153 15333 3059 4094 773 31459 1820 1387 6087 4059 2028 3530 1741 1435 3012 716 2296 2095 7619 29331 409 6803 3321 3114 2456 658 458 1953 1550 1146 2633 6443 2953 2669 3490 2973 2612 2353 2096 1358 826 24656 502 24154 23818 19152 5879 13273
is_linear=0
shrinkage=0.05


Tree=47
num_leaves=63
num_cat=0
split_feature=12 12 24 13 8 28 21 21 28 17 21 14 16 18 14 14 7 13 7 6 16 11 29 13 28 23 11 8 13 30 6 29 9 8 14 14 27 29 14 11 30 30 21 18 7 28 2 30 13 14 13 14 30 28 24 28 6 5 29 29 30 27
split_gain=36867.2 7577.48 3729.09 3526.47 2778.89 2808.71 2302.87 2139.25 2092.07 2046.5 2097.39 1864.63 1805.26 1779.89 1642.6 2628.68 1626.15 1410.26 1556.17 1267.57 1394.89 1315.51 1245.28 1243.43 1652.08 1241.68 1546.72 1479.22 1212.42 1435.63 1302.93 1586.02 1183.01 1161.73 1116 1337.04 1177.09 2795.83 1379.12 1296.85 2228.02 1360.41 1125.48 1092.46 1081.75 1054.91 1031.63 1031.46 1077.46 1684.77 1241.23 1026.66 1001.56 1148.99 1424.03 1007.78 987.382 972.541 928.504 911.013 1883.51 1771.36
threshold=19.998750000000005 29.396111111111114 2.5000000000000004 -2.2499999999999996 8.5000000000000018 0.50819892473118289 0.72500000000000009 0.41500000000000004 0.57481343283582098 1.0000000180025095e-35 0.66500000000000015 42.750000000000007 1.0000000180025095e-35 1.0000000180025095e-35 52.750000000000007 55.250000000000007 0.060903402182947187 6.2500000000000009 1.2196302505135412 -8.8460835634671451 1.0000000180025095e-35 -2.0473611111111105 0.54086270871985176 5.7500000000000009 0.61617524916943534 2.5000000000000004 -0.053333333333333281 13.500000000000002 -6.7499999999999991 22.500000000000004 -8.2699926071609102 0.55120920745920754 6.5000000000000009 2.5000000000000004 53.250000000000007 54.250000000000007 0.88157237576000458 0.54640396210163666 41.750000000000007 2.0745833333333339 4.5000000000000009 1.5000000000000002 0.87500000000000011 2.5000000000000004 0.15166105178801409 0.58865863617803205 1105.5000000000002 9.5000000000000018 -8.2499999999999982 41.750000000000007 -5.7499999999999991 41.250000000000007 6.5000000000000009 0.59066731141199236 2.5000000000000004 0.53690087145969512 -7.345387819704599 -18.499999999999996 0.63289561170212771 0.51307245386192768 7.5000000000000009 0.99143414646850403
decision_type=2 2 2 2 2 2 10 8 2 2 10 2 2 10 2 2 2 2 2 2 2 2 2 2 2 2 2 2 2 8 2 2 2 2 2 2 2 2 2 2 8 10 8 8 2 2 2 8 2 2 2 2 8 2 2 2 2 2 2 2 10 2
left_child=2 9 16 4 7 -6 17 44 34 10 -2 47 -8 -14 52 -16 25 18 28 -13 21 22 -21 -10 33 26 -1 -27 29 32 31 57 -4 -25 36 -36 37 46 -39 40 -40 -41 59 -12 -3 -29 -5 48 -9 50 -50 -49 53 54 -7 -56 -15 -30 -19 60 61 -38
right_child=1 3 6 8 5 14 12 11 23 -11 43 19 13 56 15 -17 -18 58 -20 20 -22 -23 -24 24 -26 27 -28 45 30 -31 -32 -33 -34 -35 35 -37 42 38 39 41 -42 -43 -44 -45 -46 -47 -48 51 49 -51 -52 -53 -54 -55 55 -57 -58 -59 -60 -61 -62 -63
leaf_value=-0.01473863365240174 0.0085418298812160679 0.045938386066444674 -0.048607104666364892 -0.16942424709053683 0.1306989048786916 0.11536837607112119 -0.021824780487794068 0.14874976002296111 0.061640904056298455 -0.0093463073111210316 0.078359566771994252 0.19379923833848936 -0.056375866787626398 0.13456826345047176 -0.19304267174674369 0.036430022194493546 -0.064827571810156762 -0.05652587675218676 -0.056601678695539517 0.010022271372269369 0.106734585723018 0.1849388810921283 0.076027810850348973 0.0087184010109713408 0.12181918667868726 -0.041989430757333267 -0.072890388724007285 -0.016374868671800512 -0.067238849715397855 -0.11274283703259376 -0.029889307729918681 0.10524296872718238 0.029223921399007913 -0.11240882057162903 0.14985600651730863 0.0070505917737526558 0.029562951632860032 0.12770796439177554 -0.050328187852450725 0.050870865491012308 0.168174359574914 -0.086417629224991604 0.079122068088686756 0.017958126025572448 -0.070763539697963562 0.058973374128465164 -0.043692342116676199 0.032214142350213873 0.17738686656455199 -0.054500851327442396 0.033719933696454721 -0.10451004797164186 -0.030123922597489212 0.11423289482053874 0.059990216188498161 -0.074185946279585385 0.035823142068365899 0.06087460493290564 -0.16770042752278433 0.00076571071100929751 -0.038456859750600779 0.23474471400780927
leaf_weight=1789 10956 6465 593 365 425 229 3291 265 4100 11786 1922 283 503 280 274 228 9266 1973 3271 1029 3900 209 2340 765 244 2264 3171 1015 409 233 13162 406 2742 266 298 363 219 212 235 256 230 606 618 1227 204 855 296 349 224 343 455 225 845 369 208 423 2576 231 207 5065 282 202
leaf_count=1789 10956 6465 593 365 425 229 3291 265 4100 11786 1922 283 503 280 274 228 9266 1973 3271 1029 3900 209 2340 765 244 2264 3171 1015 409 233 13162 406 2742 266 298 363 219 212 235 256 230 606 618 1227 204 855 296 349 224 343 455 225 845 369 208 423 2576 231 207 5065 282 202
internal_value=0.000170403 0.0264012 -0.0323509 0.0419515 0.0559881 0.0117697 -0.0214517 0.0641325 0.0234294 0.00603144 0.0188807 0.079218 0.00449095 0.0302728 -0.00789487 -0.0889548 -0.0500849 -0.028879 -0.0249115 0.0899964 0.0860426 0.063465 0.0558766 0.0482329 0.00510254 -0.035058 -0.0519231 -0.0148154 -0.0190773 0.00697864 -0.0256207 0.0280696 0.0153743 -0.0226113 0.00900819 0.071561 0.00418475 -0.0273489 0.0096045 -0.00934553 0.0578773 -0.0456335 0.0150508 0.0548375 0.0423585 0.0180889 -0.113272 0.0342444 0.0590897 0.0357185 0.0813064 -0.0214684 0.0117586 0.0405561 0.00884767 -0.0299318 0.0455477 -0.0209751 -0.0671544 0.00817348 0.0614684 0.128334
internal_weight=108042 59805 48237 33914 19292 3001 29877 16291 14622 25891 14105 9622 6650 3359 2576 502 18360 23227 21047 7761 7478 3578 3369 5375 1275 9094 4960 4134 17776 3568 14208 1046 3335 1031 9247 661 8586 2200 1539 1327 465 862 6386 3149 6669 1870 661 1861 1287 1022 679 574 2074 1229 860 631 2856 640 2180 5768 703 421
internal_count=108042 59805 48237 33914 19292 3001 29877 16291 14622 25891 14105 9622 6650 3359 2576 502 18360 23227 21047 7761 7478 3578 3369 5375 1275 9094 4960 4134 17776 3568 14208 1046 3335 1031 9247 661 8586 2200 1539 1327 465 862 6386 3149 6669 1870 661 1861 1287 1022 679 574 2074 1229 860 631 2856 640 2180 5768 703 421
is_linear=0
shrinkage=0.05


Tree=48
num_leaves=63
num_cat=0
split_feature=12 12 17 21 18 28 17 17 21 21 8 18 13 26 32 32 13 14 18 32 26 27 32 14 31 13 27 14 11 32 2 26 32 21 7 21 18 14 32 14 32 14 5 7 7 26 28 2 9 13 9 27 32 32 6 14 19 21 28 10 13 32
split_gain=32483.3 6427.31 4048.2 3980.1 2615.91 2348.72 2291.05 2171.97 2422.69 2171.41 1971.48 1883.99 1899.15 1868.68 1855.81 1827.48 1750.65 2235.76 1557.93 1453.34 1410.93 1377.05 1496.57 1232.22 2101.4 2060.9 1737.07 1246.61 1227.15 1143.39 1204.76 1135.35 1494.82 1132.54 1132.03 1262.4 1514.21 1128.38 1096.8 1252.17 1063.53 1354.52 1021.02 1000.14 1027.81 996.118 958.988 951.375 943.277 1252.08 1128.55 1073.11 1369.87 912.701 876.875 868.065 860.039 898.16 838.35 806.457 791.787 2404.26
threshold=26.094722222222227 13.877500000000003 1.0000000180025095e-35 0.66500000000000015 3.5000000000000004 0.57360681114551093 1.0000000180025095e-35 1.0000000180025095e-35 0.85500000000000009 0.47500000000000003 8.5000000000000018 3.5000000000000004 -3.7499999999999996 1.8868523890580424 7.4477741228070187 10.624094261037007 -4.7499999999999991 47.250000000000007 3.5000000000000004 6.9276724807276366 2.2586065805068012 1.1273530670000589 2.8317378186329805 45.750000000000007 1.0000000180025095e-35 3.7500000000000004 1.0664299074721848 48.750000000000007 2.8568055555555563 6.4549305555555563 1011.5000000000001 2.2041159705609679 2.8317378186329805 0.40500000000000008 4.0612842746660425 0.34500000000000003 3.5000000000000004 43.250000000000007 7.734431367243868 44.250000000000007 1.1796135865748458 51.250000000000007 10.500000000000002 -2.9890579366521446 1.3339511893728762 2.0854879103054289 0.60973957549300029 127.50000000000001 13.500000000000002 5.7500000000000009 8.5000000000000018 1.1055780214068547 4.1040899629972252 3.5337033532828728 -2.4780144153059487 44.250000000000007 12.500000000000002 0.15500000000000003 0.53690087145969512 1.0000000180025095e-35 -6.2499999999999991 1.0000000180025095e-35
decision_type=2 2 2 10 8 2 2 2 10 10 2 10 2 2 8 8 2 2 8 10 2 2 8 2 2 2 2 2 2 8 2 2 10 8 2 8 8 2 10 2 8 2 2 2 2 2 2 2 2 2 2 2 8 8 2 2 2 8 2 2 2 10
left_child=1 7 3 11 29 13 9 8 34 -3 15 12 16 59 28 23 42 55 -11 21 58 56 -23 24 25 31 -25 -28 47 30 -5 32 -7 -22 35 -1 -37 -26 -21 -40 -12 46 60 -9 -45 -41 -42 -15 49 51 53 -8 -53 -51 -31 -18 57 -14 -16 -4 -2 -62
right_child=2 6 5 4 -6 10 48 43 -10 18 40 -13 19 14 20 -17 17 -19 -20 38 33 22 -24 26 37 -27 27 -29 -30 54 -32 -33 -34 -35 -36 36 -38 -39 39 45 41 -43 -44 44 -46 -47 -48 -49 -50 50 -52 52 -54 -55 -56 -57 -58 -59 -60 -61 61 -63
leaf_value=-0.049613015769262289 0.071307746630091345 -0.008783589443929915 -0.1010854271743747 0.09168493085841331 0.019760300484309351 0.16292259727034308 -0.031265644186357147 -0.090177646642791001 0.031085748152170224 0.042052636650607156 0.046852756585274345 -0.02440548798927606 -0.039645181269377883 -0.073085830253873801 -0.053108065634692427 0.13636682508692746 0.12267202161631341 0.22396129502752876 -0.0090283443826722262 -0.10630696149542929 -0.039261856699873393 0.16753106083775426 0.032450766373520804 0.046719920041007862 -0.12167936931549445 -0.070697672624509184 0.214601571213896 0.065714122193714822 -0.019193823268015362 0.14125012576718021 0.15272503190008113 -0.012974073229691921 0.050502446632019096 -0.20257721673455184 -0.071956583201786536 -0.0032278422309247735 -0.041270605652639888 0.01486822130312597 -0.065023933944664394 0.12869007161247389 -0.056273008667645452 -0.1297411477758792 -0.03222543482826306 -0.036693613372154869 -0.06404874642871064 -0.011814395805020523 0.057617981180767809 0.033795163202481909 -0.0011712315706151825 -0.095978373537904449 -0.15169448606329997 0.050417098053493925 -0.046237697225973477 0.040856097821529991 0.024777824462413098 -0.017358114909599025 -0.033383031297165265 0.037788019775304375 0.040656641511769065 -0.023724059816659444 -0.075101718488091149 0.079516818445706211
leaf_weight=4291 3434 9344 433 1820 1133 417 7318 1395 1754 5257 519 1154 396 214 486 570 235 367 2084 299 225 392 430 2597 351 343 294 271 1518 215 1465 389 1016 201 1509 6886 4217 265 372 242 404 302 324 10156 5193 262 339 6669 4506 279 373 981 584 215 644 208 516 6662 466 1510 399 676
leaf_count=4291 3434 9344 433 1820 1133 417 7318 1395 1754 5257 519 1154 396 214 486 570 235 367 2084 299 225 392 430 2597 351 343 294 271 1518 215 1465 389 1016 201 1509 6886 4217 265 372 242 404 302 324 10156 5193 262 339 6669 4506 279 373 981 584 215 644 208 516 6662 466 1510 399 676
internal_value=-0.000324681 -0.0220194 0.034403 0.0493483 0.0871074 0.0180626 -0.00537225 -0.0365686 -0.0248337 0.007204 0.0388071 0.0371703 0.0418422 0.00376661 0.0126661 0.0509107 0.0648479 0.132849 0.0275523 0.0282729 -0.0410955 0.0355614 0.0969939 0.0426929 0.0184064 0.0415894 0.0640405 0.143431 0.0214883 0.105511 0.118945 0.0627552 0.0833073 -0.116613 -0.0306379 -0.0265832 -0.0176792 -0.0630084 -0.0237938 0.00445904 -0.0115965 -0.0406425 0.0534259 -0.0496419 -0.0459522 0.0557713 -0.00430169 0.030462 -0.0200908 -0.0288335 -0.0861553 -0.0232297 0.0143426 -0.0364627 0.0540601 0.0570332 0.0288823 0.0334385 -0.00721613 -0.0410073 0.0595863 0.0221117
internal_weight=107786 66342 41444 21645 5277 19799 30941 35401 18657 16685 8077 16368 15214 11722 9779 6513 5643 810 7341 9571 1378 8396 822 5943 2781 2165 3162 565 8401 4144 3285 1822 1433 426 16903 15394 11103 616 1175 876 1564 1045 4833 16744 15349 504 743 6883 14256 9750 867 8883 1565 494 859 443 7574 7058 952 1943 4509 1075
internal_count=107786 66342 41444 21645 5277 19799 30941 35401 18657 16685 8077 16368 15214 11722 9779 6513 5643 810 7341 9571 1378 8396 822 5943 2781 2165 3162 565 8401 4144 3285 1822 1433 426 16903 15394 11103 616 1175 876 1564 1045 4833 16744 15349 504 743 6883 14256 9750 867 8883 1565 494 859 443 7574 7058 952 1943 4509 1075
is_linear=0
shrinkage=0.05


Tree=49
num_leaves=63
num_cat=0
split_feature=0 30 12 32 32 14 14 20 7 11 11 11 6 16 18 28 14 27 13 30 30 5 29 5 27 14 13 9 5 11 20 27 14 32 29 29 7 10 10 32 27 10 28 30 13 13 14 14 6 14 32 13 13 27 32 10 7 13 6 29 6 6
split_gain=30904.6 6827.6 5850.02 4700.17 4063.16 4414.27 3372.04 3149.21 3073.7 2738.41 2714.01 2106.31 2119.55 2067.36 2372.56 1784.88 1616.42 1497.56 1800.83 1497.02 1495.3 1577.62 1482.24 1469.3 1389.99 1832.79 1403.24 2977.47 1620.01 1342.66 1278.15 1253.04 2530.34 2223.2 1986.8 1550.69 1907.9 1512.1 1312.84 2445.66 1911.9 1621.47 1327.93 1587.61 1245.56 1239.89 1220.14 2042.13 2188.5 1607.62 1672.26 1211.67 1233.26 1195.11 1154.24 1149.82 1546.39 1112.18 2196.04 2148.83 2144.34 1825.74
threshold=1562.5000000000002 24.500000000000004 29.396111111111114 10.624094261037007 7.0244642042863665 57.250000000000007 51.250000000000007 46.500000000000007 0.6221384438161065 4.1937500000000005 -0.42854166666666665 -0.53097222222222207 3.2900523294304529 1.0000000180025095e-35 3.5000000000000004 0.61617524916943534 37.750000000000007 0.96839602616384191 -12.749999999999998 14.500000000000002 7.5000000000000009 -6.4999999999999991 0.54261805915931516 6.5000000000000009 0.96025323070774959 43.750000000000007 1.2500000000000002 1.0000000180025095e-35 -1.4999999999999998 3.0001388888888894 14.500000000000002 1.0316376590840712 39.250000000000007 6.8949612015675337 0.62812695434646659 0.54016129032258076 -0.10423453260262271 16.500000000000004 17.500000000000004 1.7091460622710624 1.0952660752482253 11.500000000000002 0.61677489177489198 2.5000000000000004 -6.7499999999999991 -4.2499999999999991 39.250000000000007 38.250000000000007 2.3994212258108472 40.750000000000007 2.7413983585858595 -6.7499999999999991 -5.7499999999999991 1.1078461965930713 4.128418597168598 23.500000000000004 0.065921994519577837 4.2500000000000009 -12.100160685301022 0.59812675070028021 -2.8277641257977959 -10.493516436658764
decision_type=2 10 2 10 10 2 2 10 2 2 2 2 2 2 8 2 2 2 2 8 8 2 2 2 2 2 2 2 2 2 8 2 2 8 2 2 2 2 2 10 2 2 2 10 2 2 2 2 2 2 10 2 2 2 8 2 2 2 2 2 2 2
left_child=8 2 11 4 5 7 24 13 10 17 20 12 16 51 -15 46 -2 23 -19 -20 21 -1 44 -9 25 -6 27 -26 -28 -27 -12 32 -18 38 35 -34 -37 -38 39 41 -41 -33 43 -40 -23 -5 47 48 -13 50 -48 -4 -53 -35 -10 56 -17 59 -59 61 -61 -51
right_child=1 -3 3 45 6 -7 -8 9 54 -11 30 15 -14 14 -16 55 31 18 19 -21 -22 22 -24 -25 26 29 28 -29 -30 -31 -32 33 34 53 -36 36 37 -39 42 40 -42 -43 -44 -45 -46 -47 49 -49 -50 57 -52 52 -54 -55 -56 -57 -58 58 -60 60 -62 -63
leaf_value=0.046845466263093292 -0.071009471078040232 -0.23250609021746232 0.081326849073679611 0.25455525804014095 -0.029875734492689373 0.27304720040683339 -0.16191935632430041 0.028099173449759898 -0.036896233714801656 -0.030344461982829279 0.0067409118917433845 -0.10193908038541735 -0.0029117136271123974 0.099137537432935852 0.034638994125766855 -0.082586548092325088 0.20526001564511118 0.17369993849135673 0.050733638720098145 -0.049386150657372486 -0.02502253935867951 0.011207425429588325 0.019261051037820401 -0.028791036520141929 -0.011135923039711003 0.11824873413704698 0.14033665618242172 -0.21004642912745478 -0.035120613040106205 -0.029344925010953045 -0.037220010283572955 -0.10482053072095564 0.026017012683214713 -0.022586807354566349 -0.10865866902911354 0.13553076145734763 -0.010857881026178408 0.093572072169522846 0.084653156113904116 0.057397341868640241 0.22366559827091093 0.070341024326586218 -0.081419041616738685 -0.024229870878118377 -0.063648416399791727 0.11091544314091391 -0.0275443716886145 -0.16151278711475892 0.11865864695586595 -0.15264713759041901 0.13095702440489973 -0.049404535430570391 0.03592311055173697 -0.17276261912677254 -0.064222673759460419 0.10392374805600893 0.10102490670145003 0.086911363088082061 -0.056225581290588404 0.15636245838611271 0.0095669844261754081 -0.01196279350285563
leaf_weight=2181 353 258 1374 275 624 204 356 6109 9446 1943 1830 251 6705 4410 2109 266 258 281 6082 397 4659 925 3062 1393 596 644 202 274 373 202 17109 241 2787 386 201 956 663 725 628 381 317 290 359 715 1390 336 292 372 202 245 385 460 5217 201 6547 529 200 297 2666 368 764 3692
leaf_count=2181 353 258 1374 275 624 204 356 6109 9446 1943 1830 251 6705 4410 2109 266 258 281 6082 397 4659 925 3062 1393 596 644 202 274 373 202 17109 241 2787 386 201 956 663 725 628 381 317 290 359 715 1390 336 292 372 202 245 385 460 5217 201 6547 529 200 297 2666 368 764 3692
internal_value=0.000113352 0.023668 0.0247632 0.0385615 0.036033 0.0418064 -0.0168771 0.040213 -0.0302678 0.0253302 -0.0211201 0.0072601 0.0185943 0.0579824 0.0782797 -0.0101423 0.0338343 0.0329168 0.0499838 0.0445921 -0.00274583 0.0109878 -0.00356271 0.0175332 0.000885939 0.0351061 -0.0339265 -0.0739505 0.0266549 0.0830147 -0.0329721 0.0379051 0.0526159 0.0145218 0.0451928 0.0512397 0.0812054 0.0437176 0.0323129 0.07167 0.133121 -0.00920551 0.00386811 0.02671 -0.0337465 0.175875 -0.0167943 -0.0748731 -0.00352631 -0.0112846 0.0626533 0.0392081 0.0290016 -0.0742162 -0.0480861 0.0535492 -0.00373576 -0.0175236 -0.0418536 -0.00329651 0.0573844 -0.0207541
internal_weight=107963 60814 60556 33861 33250 29979 3271 29775 47149 16205 31156 26695 16166 13570 6519 10529 9461 14262 6760 6479 12217 7558 5377 7502 2915 1470 1445 870 575 846 18939 9108 5590 3518 5332 5131 2344 1388 2931 1229 698 531 1702 1343 2315 611 9534 825 453 8709 677 7051 5677 587 15993 995 466 8032 2963 5069 1132 3937
internal_count=107963 60814 60556 33861 33250 29979 3271 29775 47149 16205 31156 26695 16166 13570 6519 10529 9461 14262 6760 6479 12217 7558 5377 7502 2915 1470 1445 870 575 846 18939 9108 5590 3518 5332 5131 2344 1388 2931 1229 698 531 1702 1343 2315 611 9534 825 453 8709 677 7051 5677 587 15993 995 466 8032 2963 5069 1132 3937
is_linear=0
shrinkage=0.05


Tree=50
num_leaves=63
num_cat=0
split_feature=0 12 24 7 20 12 16 11 16 20 18 30 32 14 26 14 14 31 14 14 11 22 10 14 14 28 14 30 32 14 30 10 32 14 26 30 32 14 10 32 9 14 11 30 9 14 14 14 14 14 26 14 26 32 11 28 30 26 14 5 14 11
split_gain=28037.6 5464.32 3118.65 2740.31 2651.6 2754.05 1875.69 1853.09 1753.05 2135.41 1851.16 1675.09 2787.1 1682.53 1549.25 1575 2101.87 3371 3273.64 2893.45 2333.97 2927.74 2323.8 1991.79 2232.85 1889.79 1778.83 3615.7 2670.33 1680.16 1549.81 1534.85 2179.91 2328.16 1777.14 1703.38 2408.31 1797.94 1441.46 1943.01 1948.58 2015.38 1875.73 2044.81 1826.21 1658.98 2937.12 1637.57 1633.95 2382.35 1835.29 1442 1441.46 1811.28 1672.01 1519.03 1442.27 1413.14 1361.99 1355.58 1338.99 1324.92
threshold=1562.5000000000002 27.667777777777783 2.5000000000000004 -0.41263805237643719 14.500000000000002 42.380069444444452 1.0000000180025095e-35 -1.7081249999999999 1.0000000180025095e-35 55.500000000000007 3.5000000000000004 6.5000000000000009 3.800030618493571 53.250000000000007 2.5111210052438908 39.250000000000007 43.250000000000007 1.0000000180025095e-35 41.750000000000007 45.250000000000007 -3.6005555555555548 -1.0000000180025095e-35 6.5000000000000009 49.250000000000007 48.250000000000007 0.5100505050505052 44.750000000000007 2.5000000000000004 2.3231375606375608 46.750000000000007 1.0000000180025095e-35 11.500000000000002 4.7407620754394957 48.250000000000007 2.0749530789504766 17.500000000000004 6.9736897416981387 42.750000000000007 23.500000000000004 2.1687968155682102 13.500000000000002 42.250000000000007 0.42145833333333343 17.500000000000004 13.500000000000002 43.750000000000007 49.250000000000007 45.750000000000007 37.250000000000007 41.250000000000007 2.4042490502639207 46.250000000000007 2.3670812932355942 3.3255639606872003 0.88965277777777796 0.59294019933554831 6.5000000000000009 2.1120750347158164 41.250000000000007 -1.0000000180025095e-35 43.250000000000007 -5.7581944444444426
decision_type=2 2 2 2 8 2 2 2 2 10 8 8 8 2 2 2 2 2 2 2 2 2 2 2 2 2 2 10 10 2 10 2 8 2 2 8 10 2 2 8 2 2 2 10 2 2 2 2 2 2 2 2 2 8 2 2 10 2 2 2 2 2
left_child=2 38 -1 -3 6 7 -5 11 -4 10 -10 13 -13 14 15 -6 17 18 22 26 25 -22 -17 24 30 -21 27 -18 -29 -27 -23 32 34 -34 60 36 37 -33 42 40 41 -40 48 -44 58 -42 51 -43 -2 50 -50 -47 53 54 -46 -55 -54 -31 -41 -19 -14 -59
right_child=1 3 8 4 5 -7 -8 -9 9 -11 -12 12 31 -15 -16 16 19 59 -20 20 21 23 -24 -25 -26 29 -28 28 -30 57 -32 35 33 -35 -36 -37 -38 -39 39 44 45 47 43 -45 52 46 -48 -49 49 -51 -52 -53 56 55 -56 -57 -58 61 -60 -61 -62 -63
leaf_value=-0.045585507547432326 -0.10705615733472618 0.18179966693203298 -0.031154977552840798 0.03732814893925987 0.16624306171994518 0.05545517358449769 0.11592494929848318 0.0064958718807691654 0.024013092576050502 -0.029313759895088401 -0.029296599236998611 -0.12229860347231308 0.13041244139528183 -0.054034789999487347 0.14512309559633851 0.052571721298803754 0.0063298980329450014 0.01151393161004808 -0.022080951567545956 0.12215243093140998 -0.053620540866854062 0.052076300591937109 0.26810467408998701 0.021311567832810935 0.28830495056692168 -0.087668524024198238 0.22424818487787862 0.29575698678485224 0.064107598493659129 -0.029783728896158525 0.20191824875444869 -0.13687355410342625 0.003959981927096518 0.1249549939962261 0.1814676688110094 0.080123218450098843 -0.15277827813292699 0.022776012203110974 -0.04116103622225413 0.074210940912804182 -0.070641605796262635 0.19804671304915653 -0.034651403804880146 0.12696981389497594 0.058660155229060165 0.027970812505849735 -0.048972822683513426 0.075237991937595394 0.042356358740967368 -0.0023247280857148574 0.19559202625226979 0.16438299884749788 0.056612434506196269 0.042202885220609207 -0.12610013601177736 0.152560428621447 -0.10252415253650345 0.16967534795072345 -0.048995835029769494 -0.13670671365027806 -0.024707580615113214 0.0095885850971595202
leaf_weight=18064 301 309 14941 1495 269 7464 1544 12003 6088 6037 2222 352 253 384 431 293 591 228 688 281 329 455 218 420 228 574 320 269 232 724 278 212 3058 456 421 380 352 1024 226 254 421 438 5468 202 247 347 518 717 1825 7247 218 439 236 934 241 468 356 224 1868 475 307 304
leaf_count=18064 301 309 14941 1495 269 7464 1544 12003 6088 6037 2222 352 253 384 431 293 591 228 688 281 329 455 218 420 228 574 320 269 232 724 278 212 3058 456 421 380 352 1024 226 254 421 438 5468 202 247 347 518 717 1825 7247 218 439 236 934 241 468 356 224 1868 475 307 304
internal_value=-0.000398189 0.0220638 -0.0292469 0.0337401 0.0325165 0.0285705 0.0772852 0.0211456 -0.0191685 -0.00668435 0.00975687 0.0328438 0.0145141 0.0480461 0.0530579 0.0476769 0.0431816 -0.00182789 0.049131 0.0595506 0.0369112 0.0802929 0.144865 0.112211 0.151875 0.00168209 0.120681 0.0901544 0.188828 -0.0169136 0.109104 0.0219833 0.0381032 0.0196922 0.103966 -0.0148362 -0.0375956 -0.00469576 0.00282632 0.0204465 0.0509992 0.0952387 -0.00607633 -0.0288721 -0.000171852 0.0155473 0.0434065 0.121941 0.00740167 0.0111213 0.0587952 0.104272 0.02894 0.0502602 -0.0326554 0.0791237 -0.0390961 0.0155692 -0.0342202 -0.0886871 0.045481 0.0776965
internal_weight=108168 60816 47352 37845 37536 34497 3039 27033 29288 14347 8310 15030 6815 8215 7831 7400 7131 1902 1199 5229 3817 1710 511 1381 961 2107 1412 1092 501 1826 733 6463 4495 3514 981 1968 1588 1236 22971 7710 3106 1381 15261 5670 4604 1725 1304 1155 9591 9290 2043 786 2482 1890 488 1402 592 1252 2122 703 560 528
internal_count=108168 60816 47352 37845 37536 34497 3039 27033 29288 14347 8310 15030 6815 8215 7831 7400 7131 1902 1199 5229 3817 1710 511 1381 961 2107 1412 1092 501 1826 733 6463 4495 3514 981 1968 1588 1236 22971 7710 3106 1381 15261 5670 4604 1725 1304 1155 9591 9290 2043 786 2482 1890 488 1402 592 1252 2122 703 560 528
is_linear=0
shrinkage=0.05


Tree=51
num_leaves=63
num_cat=0
split_feature=12 12 29 24 14 13 8 32 14 14 30 13 32 11 32 14 30 13 32 6 14 32 32 30 29 29 13 26 14 9 30 14 14 26 26 20 30 7 26 32 29 14 6 11 6 13 30 13 13 8 32 13 32 14 13 14 32 30 14 13 13 31
split_gain=24811.9 5271.46 3001.8 2797.38 2646.44 2910.03 2600.42 3165.64 2881.94 3243.62 5950.95 2997.85 2418.81 3247.15 2034.57 1998.83 1844.4 2723.01 3023.11 2819.25 2287.44 4847.22 4309.4 6187.05 3577.16 3343.83 3976.35 3172.27 2877.4 2334.66 2224.65 2131.77 1890.11 1872.53 1845.7 1760.44 1747.27 2870.13 1827.88 2061.92 1812.93 3122.05 2760.01 1906.89 2706.59 1748.71 1856.26 1911.56 1698.78 2443.37 2057.41 1840.97 3608.06 5310.81 3363.95 1867.57 6124.63 2656.79 3849.77 1696.94 2432.47 3226.32
threshold=19.251041666666669 29.585694444444446 0.45509219245174309 2.5000000000000004 57.250000000000007 -6.2499999999999991 8.5000000000000018 6.9736897416981387 49.750000000000007 49.250000000000007 8.5000000000000018 7.7500000000000009 7.2424801806618175 1.1884722222222226 10.381804656457303 52.750000000000007 6.5000000000000009 -10.749999999999998 4.624508055560784 -6.2899721709352763 45.250000000000007 1.5792323705748004 1.6093433704453444 4.5000000000000009 0.53215467328370558 0.57989361702127662 -10.749999999999998 1.9384855894496333 42.250000000000007 2.5000000000000004 7.5000000000000009 48.250000000000007 43.250000000000007 2.1674160368589099 2.3886447174248739 27.500000000000004 9.5000000000000018 -0.099716086621776043 2.3128566742373216 5.9432523997741393 0.5578316610925308 38.750000000000007 -7.5529151604271174 -0.55249999999999977 -1.9583865228161987 3.7500000000000004 17.500000000000004 5.2500000000000009 -5.2499999999999991 6.5000000000000009 4.5772350772350778 -2.2499999999999996 4.2164599216349279 44.750000000000007 -4.2499999999999991 46.750000000000007 5.7986567187142848 14.500000000000002 43.250000000000007 -3.7499999999999996 2.7500000000000004 1.0000000180025095e-35
decision_type=2 2 2 2 2 2 2 10 2 2 8 2 8 2 10 2 8 2 10 2 2 10 10 10 2 2 2 2 2 2 8 2 2 2 2 8 8 2 2 8 2 2 2 2 2 2 8 2 2 2 10 2 8 2 2 2 10 10 2 2 2 2
left_child=3 36 -3 -1 5 14 8 15 9 48 -11 12 59 -14 16 -8 20 18 -18 -19 21 24 25 -24 -4 26 -22 -23 -26 -25 -21 -28 -29 -33 -32 -5 40 38 39 -38 43 -42 -43 -2 -45 -39 47 -47 49 50 -7 52 53 -50 -54 57 -57 58 -56 -10 -61 -62
right_child=1 2 4 35 -6 6 7 -9 11 10 -12 -13 13 -15 -16 -17 17 19 -20 30 22 27 23 29 28 -27 31 32 -30 -31 34 33 -34 -35 -36 -37 37 45 -40 -41 41 42 -44 44 -46 46 -48 -49 51 -51 -52 -53 54 -55 55 56 -58 -59 -60 60 61 -63
leaf_value=-0.042433709725108119 0.015088292534510179 -0.11864180338850445 0.22795423984329785 0.0058110445277527595 0.20750278305744621 -0.11022074418286931 0.020342809537666956 -0.16732738503504413 0.17604408492907059 -0.20340782033918955 0.11645618603327884 -0.083439922690084239 0.088988991892408761 -0.1566062280317729 0.19262399382062889 -0.095006028566848477 0.2329246324080749 0.17456706852834916 0.039008983913508634 -0.13995658982707893 -0.11885460991812942 0.37409049698012942 -0.23235219554173658 0.14777326442152758 -0.14082175624162083 0.22594245603650151 0.01699315197357678 0.055892310740754882 0.066300230610568264 -0.052860746486611404 0.024820452474530366 0.0943711070692132 0.25892280435411352 0.26620055839513279 -0.11212032321054217 -0.023955302460862943 -0.057154149576597729 -0.021566370063863194 -0.036476484595138824 0.084806938036669693 0.21193007043654719 0.096649382823012248 0.01429583298228162 -0.073529408955761474 0.012288585397489369 -0.25410347671197359 0.027926812986582169 -0.074053293354701552 0.019566580393244066 0.10212071587696883 0.047734912260214694 0.019480705524625015 0.14191655202072126 0.14228972787095548 -0.043652101043245128 -0.28945216142544239 0.087150473440332082 -0.11153663134588628 0.14725219447309298 0.044979014693004554 0.066730608294407523 0.24476363673288556
leaf_weight=17975 6657 315 225 6418 223 708 2173 314 568 401 227 296 314 234 283 453 297 213 619 308 260 234 287 300 242 372 501 254 540 279 1655 481 209 237 288 21967 311 5058 697 1424 228 1168 7849 1801 1874 238 213 388 1627 282 290 10211 372 1924 568 230 202 363 492 1743 608 438
leaf_count=17975 6657 315 225 6418 223 708 2173 314 568 401 227 296 314 234 283 453 297 213 619 308 260 234 287 300 242 372 501 254 540 279 1655 481 209 237 288 21967 311 5058 697 1424 228 1168 7849 1801 1874 238 213 388 1627 282 290 10211 372 1924 568 230 202 363 492 1743 608 438
internal_value=0.000626985 0.0214304 0.0347517 -0.0269998 0.0362043 0.0350448 0.0266217 -0.0175504 0.0324991 0.0237483 -0.0877869 0.0697644 0.0813957 -0.0159762 0.0611264 0.000415885 0.0563319 0.0285146 0.102069 0.00114023 0.077588 0.122994 0.0490765 -0.0429512 0.0527444 0.0921321 0.058346 0.224266 0.00210567 0.0511702 -0.0153404 0.0962075 0.147902 0.151381 0.00447526 -0.017225 0.00536167 -0.0138185 0.0318772 0.059342 0.0135221 0.029606 0.0249729 -0.000871097 -0.0297766 -0.0326662 -0.0994775 -0.142803 0.0278092 -0.0275999 -0.06432 0.0322464 0.0547989 0.0860817 0.00490167 -0.0226368 -0.113561 0.00502665 0.0450116 0.0972908 0.0811948 0.141442
internal_weight=107926 61566 33660 46360 33345 33122 25038 2940 22098 17897 628 4201 3905 548 8084 2626 7801 3380 916 2464 4421 1704 2717 866 1007 1851 1479 697 782 579 2251 1219 463 718 1943 28385 27906 8329 2432 1735 19577 9245 9017 10332 3675 5897 839 626 17269 1280 998 15989 5778 3551 2227 1855 432 1423 1060 3357 2789 1046
internal_count=107926 61566 33660 46360 33345 33122 25038 2940 22098 17897 628 4201 3905 548 8084 2626 7801 3380 916 2464 4421 1704 2717 866 1007 1851 1479 697 782 579 2251 1219 463 718 1943 28385 27906 8329 2432 1735 19577 9245 9017 10332 3675 5897 839 626 17269 1280 998 15989 5778 3551 2227 1855 432 1423 1060 3357 2789 1046
is_linear=0
shrinkage=0.05


Tree=52
num_leaves=63
num_cat=0
split_feature=12 0 17 20 18 17 20 18 12 17 20 18 11 32 11 11 20 0 9 20 14 28 30 28 14 27 11 29 32 32 14 28 7 20 30 0 30 28 32 27 29 2 9 29 32 10 2 32 12 28 11 20 29 30 29 28 28 7 29 30 5 28
split_gain=22989.1 4828.45 3352.82 3380.78 3488.81 2104.44 1925.46 1739.11 1631.63 1483.31 1792.01 1457.08 1438.14 1312.22 1222.69 1215.68 1213.22 1226.74 1166.48 1276.35 1131.09 1111.62 1310.31 1419.87 1468.31 1387.77 1922.63 1963.51 1243.2 1204.84 1194.47 1485.26 1106.06 991.187 977.561 974.193 928.98 1464.44 1367.38 1283.46 1118.86 1015.34 1137.31 1086.98 1148.89 925.247 924.082 920.543 919.107 1140.62 877.619 875.288 867.262 850.948 842.975 833.244 1029.77 867.167 997.178 912.398 874.409 804.099
threshold=25.305833333333336 861.50000000000011 1.0000000180025095e-35 62.500000000000007 2.5000000000000004 1.0000000180025095e-35 68.500000000000014 3.5000000000000004 44.500763888888898 1.0000000180025095e-35 54.500000000000007 3.5000000000000004 -6.0198611111111102 7.0244642042863665 4.6047222222222235 2.9359722222222229 78.500000000000014 2593.5000000000005 26.500000000000004 44.500000000000007 43.750000000000007 0.55366743471582192 5.5000000000000009 0.46833751044277366 48.750000000000007 1.068570091057073 0.49166666666666686 0.56807149161518111 0.51933824078220647 1.0983511222175084 43.750000000000007 0.5100505050505052 0.16516737984167165 8.5000000000000018 17.500000000000004 2779.5000000000005 17.500000000000004 0.60822072072072075 7.6857348080345806 0.93501640142862763 0.55842198581560287 1344.5000000000002 4.0000000000000009 0.58647910731244079 2.6022812585312587 11.500000000000002 1300.5000000000002 5.9057790289189667 42.380069444444452 0.63397459499263631 -5.1107638888888873 7.5000000000000009 0.55461647727272745 9.5000000000000018 0.57989361702127662 0.43782216494845366 0.50909391534391546 0.10783286148717942 0.54884676564156953 17.500000000000004 -19.499999999999996 0.6019463340891914
decision_type=2 2 2 8 8 2 10 8 2 2 8 8 2 10 2 2 8 2 2 10 2 2 8 2 2 2 2 2 10 10 2 2 2 10 10 2 8 2 10 2 2 2 2 2 10 2 2 8 2 2 2 10 2 8 2 2 2 2 2 10 2 2
left_child=1 9 3 4 15 6 7 18 14 10 11 33 46 48 16 35 21 20 19 47 -18 22 25 -24 -25 26 28 29 30 -28 -4 -32 51 -1 -15 -2 38 39 41 -38 -40 42 43 -23 -45 -26 -5 50 49 -14 -3 -6 -20 -9 -37 -7 -57 58 60 -59 -58 -44
right_child=2 5 8 12 32 55 -8 53 -10 -11 -12 -13 13 34 -16 -17 17 -19 52 -21 -22 36 23 24 45 -27 27 -29 -30 -31 31 -33 -34 -35 -36 54 37 -39 40 -41 -42 -43 61 44 -46 -47 -48 -49 -50 -51 -52 -53 -54 -55 -56 56 57 59 -60 -61 -62 -63
leaf_value=0.064083339735255901 0.069251326959457113 0.15429475240574536 -0.083707185282103178 0.02289438380282003 0.12138306508778776 -0.08772538795881836 -0.022774289337919185 0.0041678056954188702 0.05515783085458989 -0.046070977429810582 -0.040232204964922524 -0.044340414304353516 0.004681493256524537 -0.073478836882049633 -0.030118215455596637 0.032374140121083701 -0.099302250623256649 0.074768517724757011 0.024066317535328622 0.0020801846204043287 0.033032192823088911 -0.031983499022558801 0.088812197626532419 -0.022314799345917211 -0.026424025690251193 0.098540167398837031 -0.18327599071837483 0.027755252870835592 0.092305331934076154 -0.029085701933837738 0.12537410550750791 -0.010244483679806099 -0.034209105686982377 -0.00085920587349339506 0.046515807978111438 0.094323944455608114 0.10154676831327379 0.16741734114160439 0.027027857899314389 -0.055571274686461461 -0.12099674376536172 0.050757607020033603 0.053569397818038933 -0.023969979668974128 0.12076001993115869 -0.15965653854805834 0.10201780447885203 0.00240958214189776 0.053991884837593179 0.12397798224746322 0.047072246205411956 0.029861312388387476 0.14826568269391766 -0.040111057532780714 0.15807910106590958 0.0094637305254871677 -0.10928912628213638 -0.03998629643449618 0.0076621706578981893 0.063196693592443162 -0.022092897903096265 -0.0081732618115349428
leaf_weight=665 3532 202 297 705 277 431 4694 3553 2166 13276 7626 1848 5463 712 1777 1181 216 1466 244 4110 630 1986 232 2407 204 431 309 391 578 215 289 664 651 4987 222 2553 259 265 211 259 321 2004 1604 277 270 362 775 1191 1423 207 3256 4374 332 1561 654 2936 315 6235 3537 221 3203 785
leaf_count=665 3532 202 297 705 277 431 4694 3553 2166 13276 7626 1848 5463 712 1777 1181 216 1466 244 4110 630 1986 232 2407 204 431 309 391 578 215 289 664 651 4987 222 2553 259 265 211 259 321 2004 1604 277 270 362 775 1191 1423 207 3256 4374 332 1561 654 2936 315 6235 3537 221 3203 785
internal_value=0.000517001 -0.018459 0.028553 0.04184 0.058191 -0.00630385 0.005044 0.0140822 0.0140847 -0.0338741 -0.0231667 -0.00581144 0.0190959 0.0107417 0.00932681 0.0792042 0.0134681 0.0471164 0.0269204 0.0223813 -0.000832674 0.00814408 -0.00752598 -0.0300727 -0.0393767 0.0152432 0.00212389 -0.0570066 0.0317364 -0.120187 0.00367799 0.0309706 0.026793 0.00679175 -0.0449384 0.0874051 0.020273 0.0720493 0.0148282 0.023032 -0.0623472 0.0207644 0.00854475 -0.0147944 0.047559 -0.111768 0.0643682 0.0403244 0.0180789 0.00905786 0.0533785 0.035337 0.0957863 -0.0093531 0.107371 -0.0191741 -0.0173725 -0.0232043 -0.0110845 -0.0364449 -0.0299292 0.0332865
internal_weight=108027 64423 43604 22729 13222 36021 19143 14449 20875 28402 15126 7500 9507 8027 18709 7920 16932 2312 9335 8759 846 14620 6379 3205 2973 3174 2743 915 1828 524 1250 953 5302 5652 934 6739 8241 783 7458 518 532 6926 4922 2533 547 566 1480 4649 7093 5670 3458 4651 576 5114 3207 16878 16447 13511 7055 6456 3518 2389
internal_count=108027 64423 43604 22729 13222 36021 19143 14449 20875 28402 15126 7500 9507 8027 18709 7920 16932 2312 9335 8759 846 14620 6379 3205 2973 3174 2743 915 1828 524 1250 953 5302 5652 934 6739 8241 783 7458 518 532 6926 4922 2533 547 566 1480 4649 7093 5670 3458 4651 576 5114 3207 16878 16447 13511 7055 6456 3518 2389
is_linear=0
shrinkage=0.05


Tree=53
num_leaves=63
num_cat=0
split_feature=12 11 5 17 20 18 20 12 27 13 12 13 13 29 27 7 29 29 5 28 14 13 6 10 14 28 8 28 10 23 14 14 14 10 29 11 10 29 6 29 5 28 13 14 11 14 28 6 14 27 10 13 13 14 13 28 22 14 29 14 14 29
split_gain=20829.6 4337.77 3329.85 2750.81 3065.37 3251.09 1924.19 1823.89 1612.01 1719.04 1583.24 1300.07 1298.62 2872.15 3659.2 1868.73 2640.88 2282.92 1706.86 1567.92 1512.25 1483.25 2727.23 1825.75 1815.79 1752.14 1451.81 1365.18 1764.75 1663.22 1579.55 1439.19 1853.82 2334.87 1415.9 1337.99 1090.08 1065.03 1299.62 1354.13 1046.17 1217.96 1405.54 1301.41 1041.55 1040.03 2204.3 2171.89 1666.83 2486.33 1280.18 1252.24 2194.11 2135.94 1973.72 1999.34 1703.87 1524.18 1616.53 1458.55 1442.46 1311.37
threshold=25.937638888888895 -0.69638888888888884 4.5000000000000009 1.0000000180025095e-35 63.500000000000007 2.5000000000000004 30.500000000000004 1.4663888888888887 1.0867411958993829 -16.749999999999996 44.917638888888895 5.7500000000000009 10.750000000000002 0.52051335998316872 1.0201986851364799 -0.034023251955348215 0.50245098039215697 0.57419919919919937 -19.499999999999996 0.57024396929824572 40.750000000000007 6.2500000000000009 -4.6676338025282496 29.500000000000004 47.750000000000007 0.52909799051704687 9.5000000000000018 0.58207949696833605 15.500000000000002 2.5000000000000004 47.750000000000007 46.750000000000007 45.250000000000007 31.500000000000004 0.50819892473118289 0.12638888888888888 27.500000000000004 0.5418859649122808 -6.3642229113028295 0.60130858706808088 26.500000000000004 0.51680790960451983 -4.2499999999999991 43.750000000000007 -6.1859722222222215 48.750000000000007 0.6019463340891914 -3.0304701973770789 45.750000000000007 1.0316376590840712 11.500000000000002 -6.7499999999999991 -5.2499999999999991 47.250000000000007 -2.2499999999999996 0.53690087145969512 1.0000000180025095e-35 46.750000000000007 0.61878094059405953 45.750000000000007 46.250000000000007 0.55420094007050535
decision_type=2 2 2 2 8 8 10 2 2 2 2 2 2 2 2 2 2 2 2 2 2 2 2 2 2 2 2 2 2 2 2 2 2 2 2 2 2 2 2 2 2 2 2 2 2 2 2 2 2 2 2 2 2 2 2 2 2 2 2 2 2 2
left_child=1 2 6 4 5 -2 37 -3 9 -4 11 45 15 -14 -15 17 20 18 -9 21 -17 22 23 -19 25 -23 -16 31 -29 -30 34 32 -20 -34 -31 -22 -33 -1 -39 -40 41 43 -43 -10 -6 46 51 50 -48 -50 -47 56 59 57 -55 -56 60 58 -54 -53 -5 -62
right_child=3 7 8 10 44 -7 -8 12 40 -11 -12 -13 13 14 26 16 -18 19 27 -21 35 24 -24 -25 -26 -27 -28 28 29 30 -32 36 33 -35 -36 -37 -38 38 39 -41 -42 42 -44 -45 -46 47 48 -49 49 -51 -52 52 53 54 55 -57 -58 -59 -60 -61 61 -63
leaf_value=0.018924871008517828 0.075620983520106419 -0.052886882902451672 0.10453808246747308 0.047658116699699341 0.058002466894826271 0.024715032276101556 0.003215585599403656 -0.070112148510905803 0.011464486114967328 -0.033848804495036293 0.056758978801819862 -0.027830583156139711 -0.24774244332788006 0.098346679526425548 -0.21518186435196976 -0.057135549204921803 -0.040695651828936197 0.083497955448884553 -0.027421686975180305 -0.0095509795720247013 -0.0068434240234987315 -0.1777548970588084 0.022072714732527948 0.24916551773379925 0.088650016729906203 0.023426085504747576 -0.050002867615102975 -0.11871603242209788 -0.019215704872101436 0.092872314952102894 0.1290867409344113 -0.12215698483560355 0.14371776075221282 -0.060857261047774072 -0.018244558701968842 0.089161813509469487 -0.03651656436931381 0.15998925387386734 0.080375022330895454 -0.019475863064786325 -0.071935353076770445 0.027395181190589615 -0.061267711276498937 0.17111364060316223 0.010000045475787657 0.13938229154795409 0.031966982218073765 -0.028302441034402655 0.073462962035321072 0.28410031979356831 0.013207419987794107 -0.020900550905989856 0.0031201447769406677 0.16124186291036169 -0.10598137950871067 0.089868472967486179 0.13983611208198574 -0.089151073027144326 0.1172394476246052 -0.14668911932730155 -0.14408955095397635 0.032486232468758577
leaf_weight=2070 7864 6140 229 1648 1329 5219 9842 1604 259 9311 1981 2047 200 314 218 463 14380 454 3510 2654 654 223 1241 263 249 209 341 242 1403 458 498 609 375 221 763 814 954 334 1193 474 344 1778 596 251 7521 329 871 2984 466 200 515 665 5466 437 202 363 395 418 328 352 210 209
leaf_count=2070 7864 6140 229 1648 1329 5219 9842 1604 259 9311 1981 2047 200 314 218 463 14380 454 3510 2654 654 223 1241 263 249 209 341 242 1403 458 498 609 375 221 763 814 954 334 1193 474 344 1778 596 251 7521 329 871 2984 466 200 515 665 5466 437 202 363 395 418 328 352 210 209
internal_value=0.000173648 -0.0173165 -0.00174484 0.0277018 0.0399442 0.0553173 0.0151759 -0.0278467 -0.0201827 -0.0305163 0.0143323 0.00968721 -0.0232302 -0.0773211 -0.0380396 -0.0214276 -0.0333234 -0.00924609 -0.0225975 0.0175846 0.0215702 0.0448676 0.0669656 0.144528 -0.0186732 -0.080595 -0.114689 -0.0141534 0.0110779 0.0211735 0.0541301 -0.0291251 -0.0135744 0.0678854 0.0234775 0.0464155 -0.0699419 0.0440831 0.0700865 0.0519885 0.010357 0.0201943 0.00511966 0.090218 0.0172143 0.0144712 0.0215898 -0.00827151 0.0775595 0.137049 0.0624984 0.0135383 0.00417834 0.0138735 0.0815771 0.0197843 0.0448163 0.00294146 0.00959959 -0.0645393 0.0265993 -0.0561447
internal_weight=108154 66135 26681 42019 21933 13083 13913 39454 12768 9540 20086 18105 33314 1073 873 32241 16311 15930 10637 5293 1931 2639 1958 717 681 432 559 9033 3364 3122 1719 5669 4106 596 1221 1468 1563 4071 2001 1667 3228 2884 2374 510 8850 16058 12230 3828 1537 666 844 10693 8231 7214 1002 565 2462 6212 5794 1017 2067 419
internal_count=108154 66135 26681 42019 21933 13083 13913 39454 12768 9540 20086 18105 33314 1073 873 32241 16311 15930 10637 5293 1931 2639 1958 717 681 432 559 9033 3364 3122 1719 5669 4106 596 1221 1468 1563 4071 2001 1667 3228 2884 2374 510 8850 16058 12230 3828 1537 666 844 10693 8231 7214 1002 565 2462 6212 5794 1017 2067 419
is_linear=0
shrinkage=0.05


Tree=54
num_leaves=63
num_cat=0
split_feature=12 30 30 32 14 8 14 14 30 14 32 13 32 14 13 14 11 13 14 27 11 14 13 14 32 13 20 14 32 30 14 13 32 30 32 13 13 13 14 28 30 30 13 14 14 26 13 32 13 10 6 14 14 14 14 13 26 11 26 6 26 14
split_gain=18110.6 4695.36 5627.09 7165.89 4205.63 3607.88 3372.58 3567.55 7312.88 3155.44 3341.21 6141.62 5203.72 4805.73 4042.11 3945.59 3887.65 3751.48 3622.54 2800.53 2789.15 2782.14 2836.01 2766.54 3235.65 2686.25 2575.49 2587.97 3485.02 3082.44 7441.8 4929.24 4594.56 3059.79 3042.06 2980.75 5287.91 2687.96 3824.78 5222.53 3326.67 5745.95 2738.34 3600.96 13497.2 3081.29 3102.08 3032.71 3922.74 2836.05 2713.85 2662.07 6555.56 4198.09 2658.1 2559.07 3851.31 3320.04 2551.85 2411.62 3418.76 2463.26
threshold=18.245416666666667 24.500000000000004 17.500000000000004 7.4477741228070187 55.750000000000007 2.5000000000000004 52.750000000000007 44.750000000000007 13.500000000000002 37.750000000000007 0.51933824078220647 -10.749999999999998 1.0358661372350362 44.750000000000007 -10.749999999999998 54.750000000000007 0.75000000000000033 3.7500000000000004 53.250000000000007 1.0642821579531228 -2.9462499999999996 47.750000000000007 -7.7499999999999991 40.750000000000007 3.4691838435699482 3.2500000000000004 6.5000000000000009 41.750000000000007 6.5000761498629318 1.5000000000000002 42.250000000000007 -13.749999999999998 0.51933824078220647 6.5000000000000009 1.0983511222175084 -13.749999999999998 -10.249999999999998 3.2500000000000004 47.750000000000007 0.60923295454545467 7.5000000000000009 9.5000000000000018 -5.2499999999999991 48.750000000000007 49.750000000000007 2.3128566742373216 1.7500000000000002 4.3002850833223745 -2.7499999999999996 9.5000000000000018 2.612868792529754 44.750000000000007 45.250000000000007 44.250000000000007 43.250000000000007 -3.2499999999999996 2.2712340164179712 1.3577083333333337 1.9384855894496333 -2.1868610175552328 2.2863880296701438 51.250000000000007
decision_type=2 10 10 10 2 2 2 2 10 2 8 2 8 2 2 2 2 2 2 2 2 2 2 2 8 2 8 2 10 8 2 2 10 8 8 2 2 2 2 2 10 10 2 2 2 2 2 10 2 2 2 2 2 2 2 2 2 2 2 2 2 2
left_child=-1 2 3 4 5 9 7 25 -9 -2 11 -11 -12 16 -14 19 -13 -18 23 -15 -21 22 -4 24 -16 -5 -7 28 -28 30 -29 33 35 -31 -33 -32 -37 42 39 54 -40 -42 59 49 50 46 47 48 -46 -44 -45 53 -53 -38 -39 56 -24 -57 -56 60 -36 -61
right_child=1 -3 21 6 -6 26 -8 8 -10 10 12 13 14 15 18 -17 17 -19 -20 20 -22 -23 55 -25 -26 -27 27 29 -30 31 32 34 -34 -35 37 36 51 38 40 -41 41 -43 43 44 45 -47 -48 -49 -50 -51 -52 52 -54 -55 58 57 -58 -59 -60 61 -62 -63
leaf_value=-0.024836911264936347 -0.10671737324544993 -0.19690997972829793 -0.084808619744616204 -0.052215307672434624 0.13693190562788549 0.079776569490328214 -0.20169937670644789 -0.18490198819055559 0.055433193016907759 -0.23497034743664816 0.25989145025892263 0.010036244767663684 0.17159958062816838 0.043774694263012122 0.21338025149280113 -0.14399214764415477 -0.21926763239296998 0.017899416788127419 0.20265129119638475 0.028054454929624908 0.2381693921788367 0.24792431613960719 0.30449865863441483 0.027711474696258693 0.0496656676636415 -0.19554753590723029 0.029576135688623096 -0.22335186162870377 0.20624998016219989 0.24618122571108625 -0.14912180032809172 -0.17382562180435418 0.20972089968031804 0.034406932755123763 0.11289273833780983 0.19402475248431217 -0.004170912514664637 -0.23851559605878894 -0.06338113610960093 0.11553136445652533 0.21060365525099109 -0.085777507106042428 0.092494975544845995 -0.13861701576020025 0.089161068995389961 -0.063602775821614888 -0.049910922168543745 0.0041433691522430333 0.34886869986112867 0.014947174722570566 -0.33044005011016614 0.23249984428805021 0.021921296340491843 -0.22219921345885929 -0.23894027399675932 -0.084004622663265652 0.024856890148474177 0.13293422320857645 -0.064625383905480477 -0.033546009838950057 -0.10442090336663219 -0.16347283129298812
leaf_weight=44339 377 255 226 1546 756 1256 323 387 1717 247 299 1216 636 2897 450 240 473 257 340 257 410 287 308 9630 915 414 4911 299 295 283 244 296 340 428 595 454 1567 372 671 271 412 270 1499 582 346 475 309 301 251 5512 271 387 7799 256 246 290 205 447 1411 4514 259 396
leaf_count=44339 377 255 226 1546 756 1256 323 387 1717 247 299 1216 636 2897 450 240 473 257 340 257 410 287 308 9630 915 414 4911 299 295 283 244 296 340 428 595 454 1567 372 671 271 412 270 1499 582 346 475 309 301 251 5512 271 387 7799 256 246 290 205 447 1411 4514 259 396
internal_value=-0.000309379 0.0167948 0.0176584 0.0151353 0.0198605 0.0182895 -0.046442 -0.0340559 0.0111602 0.0362868 0.0392439 0.00865443 0.0541926 0.0191587 0.0490336 0.0518483 -0.0447358 -0.135862 0.042142 0.0650729 0.157374 0.105709 0.0779067 0.0371606 0.103754 -0.0825749 0.00940682 0.00698467 0.0396251 0.0015574 0.0223677 -0.0102666 0.029038 0.118927 -0.015042 0.0232814 0.0273158 -0.0125545 -0.0510864 -0.0903134 0.0156141 0.0933142 -0.00335796 0.0130733 -0.0379872 0.0441817 0.0866165 0.133599 0.198752 0.0315383 -0.199875 0.0197354 0.0319038 -0.0348932 -0.11785 0.10737 0.193017 0.0475734 -0.0906329 -0.030568 0.0469411 -0.044056
internal_weight=107922 63583 63328 61565 57178 56422 4387 4064 2104 18644 18267 5997 12270 5750 11971 3804 1946 730 11335 3564 667 1763 1476 10995 1365 1960 37778 36522 5206 31316 11346 19970 11047 711 19259 10707 10463 18963 3653 2300 1353 682 15310 9546 2535 1682 1207 898 597 7011 853 10009 8186 1823 2029 1250 513 737 1657 5764 854 4910
internal_count=107922 63583 63328 61565 57178 56422 4387 4064 2104 18644 18267 5997 12270 5750 11971 3804 1946 730 11335 3564 667 1763 1476 10995 1365 1960 37778 36522 5206 31316 11346 19970 11047 711 19259 10707 10463 18963 3653 2300 1353 682 15310 9546 2535 1682 1207 898 597 7011 853 10009 8186 1823 2029 1250 513 737 1657 5764 854 4910
is_linear=0
shrinkage=0.05


Tree=55
num_leaves=63
num_cat=0
split_feature=0 30 30 32 7 11 17 20 14 30 14 14 13 14 14 29 9 29 10 28 14 30 29 7 18 28 13 7 9 32 5 30 30 30 32 26 13 10 14 7 6 24 9 30 13 7 30 13 29 14 32 30 14 32 10 8 13 13 6 14 27 11
split_gain=17123.6 4215.67 3918.32 5273.04 3590.29 3337.46 2978.66 2829.27 2591.47 2359.38 4809.65 2673.42 2593.05 2136.98 2216.18 2051.91 2662.97 3286.02 2001.75 1858.61 1844.82 1906.48 1840.03 1785.23 1752.37 1724.47 4070.62 2193.36 2118.25 2458.1 1861.67 1651.71 1484.87 1823.77 1746.01 1450.24 1800.66 1405.86 1504.6 1392.53 1365.22 2022.04 1487.55 1351.45 1345.99 1476.42 1343.98 1340.63 1938.43 1743.61 2177.93 1770.76 3218.93 2649.51 1621.57 1501.1 1700.66 1512.27 1436.07 1396.46 1363.77 1333.53
threshold=1910.5000000000002 24.500000000000004 17.500000000000004 7.4477741228070187 0.96217727021242372 -0.53097222222222207 1.0000000180025095e-35 32.500000000000007 47.750000000000007 13.500000000000002 44.750000000000007 50.750000000000007 3.2500000000000004 56.250000000000007 53.250000000000007 0.54016129032258076 13.500000000000002 0.620426149040607 4.0000000000000009 0.60540935672514629 52.250000000000007 22.500000000000004 0.45509219245174309 0.14230052924046696 1.0000000180025095e-35 0.52828905249679903 -9.7499999999999982 0.067834937400068351 13.500000000000002 2.5494517543859656 -22.499999999999996 4.5000000000000009 23.500000000000004 16.500000000000004 6.8949612015675337 2.1608764677193668 -10.749999999999998 8.5000000000000018 55.250000000000007 -0.13446454642623004 -0.67216475620963967 2.5000000000000004 15.500000000000002 7.5000000000000009 4.2500000000000009 -0.41263805237643719 2.5000000000000004 5.7500000000000009 0.66012820512820525 45.750000000000007 3.2311299055528422 8.5000000000000018 46.750000000000007 2.8317378186329805 21.500000000000004 12.500000000000002 10.250000000000002 7.2500000000000009 -1.7995369625884536 49.250000000000007 1.2091090252999395 -6.4995833333333319
decision_type=2 10 10 10 2 2 2 8 2 10 2 2 2 2 2 2 2 2 2 2 2 8 2 2 10 2 2 2 2 10 2 10 8 10 10 2 2 2 2 2 2 2 2 8 2 2 10 2 2 2 10 10 2 8 2 2 2 2 2 2 2 2
left_child=4 2 3 6 5 13 7 24 23 -5 12 -12 -11 14 15 20 19 40 -7 32 21 25 -9 -4 -2 26 -1 30 -28 -30 -27 -16 33 34 39 -32 -37 -20 47 -17 41 -18 -43 -21 45 -24 -19 60 49 50 -49 52 -51 54 -54 56 -52 -57 -55 -56 -39 -8
right_child=1 -3 8 9 -6 18 61 22 -10 10 11 -13 -14 -15 31 16 17 46 37 43 -22 -23 44 -25 -26 27 28 -29 29 -31 35 -33 -34 -35 -36 36 -38 38 -40 -41 -42 42 -44 -45 -46 -47 -48 48 -50 51 55 -53 53 58 59 57 -58 -59 -60 -61 -62 -63
leaf_value=0.20675607699742346 -0.0009065859516461691 -0.20499174907358728 0.11277677781369971 -0.14820795653595104 -0.040547883115923444 -0.17924738519151909 0.04730338458847088 -0.090131498358788947 0.26946454662042607 -0.052088477241957747 0.082472928041402771 -0.090369237536858577 -0.21831642514557248 0.14780897597221321 -0.14442633360370316 -0.099556014726813413 0.020950451469676487 0.046582756512331208 0.073866906929177578 0.099421785875582883 0.11924021795866689 -0.095931312274767366 0.16574942149297411 -0.040723246502399939 0.084090392452993934 -0.13866056793667503 0.041407162953032157 -0.057452624866563079 0.022692420783476712 -0.17950253194119595 0.058361721339163578 -0.0059568234269086707 -0.1138572578923111 0.13890033144002351 -0.1046678587145991 -0.14608500834487612 0.0029932141997082353 -0.01952881978125795 0.079935825664929988 0.004442585116408021 0.03226099024270563 0.24469711032938468 0.10411783636430282 -0.002475771817096256 -0.0036410629089254328 0.035723121671920266 -0.081940576348816296 -0.10245311827530308 -0.19694167588332401 0.15728665226046068 -0.018329258748137997 -0.071018780671761775 -0.16755880827227465 0.1391180141692796 0.035917674604531949 -0.034809981540471706 -0.17853823400758362 0.12935626476263518 -0.018120434950381931 -0.089744889077351064 0.074539098634254827 0.0078993049554816758
leaf_weight=281 704 200 851 435 12645 201 2450 314 212 1108 1041 284 297 253 439 346 689 308 382 717 258 690 221 243 4372 220 1170 2622 314 287 1106 422 340 207 463 222 2209 19756 352 4445 1596 218 1376 595 2282 13475 595 1735 200 328 629 873 259 341 452 289 224 271 252 431 392 17325
leaf_count=281 704 200 851 435 12645 201 2450 314 212 1108 1041 284 297 253 439 346 689 308 382 717 258 690 221 243 4372 220 1170 2622 314 287 1106 422 340 207 463 222 2209 19756 352 4445 1596 218 1376 595 2282 13475 595 1735 200 328 629 873 259 341 452 289 224 271 252 431 392 17325
internal_value=0.000283918 0.023496 0.0245023 0.0219849 -0.0167585 -0.0107118 0.0267691 0.039711 0.109828 -0.0401963 -0.0229377 0.0453858 -0.0873573 0.00360559 0.00195077 0.00513511 0.018923 0.0477719 -0.0224241 -0.000475803 -0.0123517 -0.0160866 0.0295524 0.0786752 0.0723041 -0.00954143 0.0303187 -0.0223664 0.00222301 -0.074001 0.00212892 -0.0766442 -0.0126326 -0.00631066 -0.0120571 0.0109227 -0.0106751 -0.0212572 -0.0226166 -0.00308727 0.0677669 0.0925634 0.123485 0.0532439 0.0319099 0.0378332 -0.0381001 -0.0239853 -0.0441473 -0.039093 -0.0649372 -0.01137 0.0138938 -0.0132894 -0.0577991 -0.0188321 -0.0605603 0.0447237 0.0723803 -0.0254515 -0.017695 0.0127834
internal_weight=108214 45814 45614 44308 62400 49755 41143 21368 1306 3165 2730 1325 1405 22388 22135 21274 11895 4782 27367 7113 9379 9121 16292 1094 5076 8431 2052 6379 1771 601 3757 861 5801 5461 5254 3537 2431 27166 26784 4791 3879 2283 1594 1312 15978 13696 903 26432 6284 6084 3148 2936 2063 1735 1142 1413 853 560 593 883 20148 19775
internal_count=108214 45814 45614 44308 62400 49755 41143 21368 1306 3165 2730 1325 1405 22388 22135 21274 11895 4782 27367 7113 9379 9121 16292 1094 5076 8431 2052 6379 1771 601 3757 861 5801 5461 5254 3537 2431 27166 26784 4791 3879 2283 1594 1312 15978 13696 903 26432 6284 6084 3148 2936 2063 1735 1142 1413 853 560 593 883 20148 19775
is_linear=0
shrinkage=0.05


Tree=56
num_leaves=63
num_cat=0
split_feature=12 12 29 8 14 31 32 6 32 6 14 29 32 20 26 14 26 30 14 32 7 32 29 29 14 14 26 30 24 32 31 14 1 14 7 9 27 32 32 20 16 18 14 27 32 32 8 14 27 32 28 28 20 28 12 10 32 29 14 9 30 8
split_gain=15402.7 3551.6 2399.26 2323.91 2625.88 4780.5 4597.43 2905.43 2726.79 2570.4 2540.72 2364.09 3352.76 1967.41 1929.11 1806.49 1982.65 1775.3 3240.18 2309.9 2313.38 1934.18 2356.6 1890.6 3292.51 2450.97 1912.67 1799.41 1746.14 2130.16 1692.53 1678.68 1608.27 1563 1551.66 2638.27 2033.2 1519.6 1487.96 1428.03 1450.9 1614.37 1355.7 1359.36 1405.79 1602.71 1284.54 1263.83 1235.7 2182.18 2795.29 1763.19 1197.61 1164.84 1222.51 1135.08 1770.84 1122.06 1217.07 1112.62 2097.67 1106.55
threshold=26.094722222222227 15.324930555555557 0.45854810996563578 2.5000000000000004 44.750000000000007 1.0000000180025095e-35 2.6267108637382619 -13.022475216841377 2.2855168708360201 -5.6867291899074015 42.750000000000007 0.65604707792207806 3.4039267963487183 14.500000000000002 2.1001071047125701 40.250000000000007 2.0251970883213715 1.5000000000000002 55.250000000000007 1.2900102015022392 0.071442749390347657 10.158713939989974 0.55721726190476206 0.5781929347826088 49.250000000000007 44.750000000000007 2.465872370794759 15.500000000000002 2.5000000000000004 5.2987072669977087 1.0000000180025095e-35 37.750000000000007 9.1377924845279903 41.750000000000007 0.1331501652827442 6.5000000000000009 1.0113885798052646 5.9812281468531472 9.1390937072503444 47.500000000000007 1.0000000180025095e-35 3.5000000000000004 41.250000000000007 1.0153086723537548 5.0496008841529578 3.3463478150406512 9.5000000000000018 52.750000000000007 1.0038510554865698 4.5115467133363945 0.5380090809025867 0.56440092165898637 44.500000000000007 0.56440092165898637 40.186041666666675 1.0000000180025095e-35 3.5558368324720075 0.56047544409613381 39.250000000000007 26.500000000000004 4.5000000000000009 6.5000000000000009
decision_type=2 2 2 2 2 2 8 2 10 2 2 2 8 8 2 2 2 8 2 8 2 10 2 2 2 2 2 10 2 8 2 2 2 2 2 2 2 8 10 10 2 8 2 2 10 8 2 2 2 8 2 2 8 2 2 2 10 2 2 2 10 2
left_child=1 32 14 4 5 6 8 -6 15 -7 -11 17 -13 -3 -2 -4 -17 18 23 20 -19 27 -23 26 25 -25 34 33 29 30 -9 -8 -1 -21 47 36 -36 39 -29 40 -34 -42 57 44 45 -44 -26 61 52 50 -50 -51 -30 -47 -55 56 -45 58 -33 -15 -61 -5
right_child=2 13 3 11 7 9 31 28 -10 10 -12 12 -14 59 -16 16 -18 19 -20 21 -22 22 -24 24 46 -27 -28 38 48 -31 -32 42 37 -35 35 -37 -38 -39 -40 -41 41 -43 43 55 -46 53 -48 -49 49 51 -52 -53 -54 54 -56 -57 -58 -59 -60 60 -62 -63
leaf_value=-0.052995560408313817 -0.13124807576239447 0.043826662447383147 -0.043165563142862448 0.0046424853220379484 0.23658155738376083 -0.17809194125189404 -0.11876140020220825 -0.12146679914540959 0.27007042754421257 0.043310822250124642 -0.10562166230305213 0.045687027465533561 -0.2360709285822952 -0.0073988107422787086 0.052519176847011489 0.045700243367603657 0.18112605349646171 -0.17262470269067601 0.18178485870330877 0.058229400755856225 0.013062919724533068 -0.015825663489974256 0.20300605709248401 0.023301679211057313 0.062573568146167838 0.19146256756574556 0.16301557246300549 -0.17295689623233332 0.072350561218875342 0.093675870122129301 0.025807544183763832 0.0053769866873820621 -0.019054550292322933 0.0048805749099488874 -0.091711842957138301 0.11819779734396435 0.034937385718166965 -0.039692110048802604 -0.012591950221076207 -0.02717628229868841 0.031205251578991334 -0.0248492025462126 -0.036394028620528325 -0.124119126248596 -0.019948280494851933 0.029977759504184617 -0.052983688046399774 -0.079298405466616401 0.23750479800746038 -0.065055518117209929 0.085678022913753399 0.081407322309216462 0.02848046091821432 0.22525501931449035 0.07117750928216314 -0.12641191477091768 0.048714382416269887 0.0169386523053906 0.13647214909014491 0.10948920171439439 -0.036294992878304698 0.070367132568650917
leaf_weight=4480 438 2210 232 1213 215 366 229 420 229 614 535 200 222 24849 211 567 517 350 366 1562 321 218 281 325 483 651 201 241 2668 359 363 254 7024 11292 1096 255 445 8318 360 12518 4254 1839 349 226 1145 459 477 245 389 346 1373 503 3735 230 294 318 426 926 584 568 435 1356
leaf_count=4480 438 2210 232 1213 215 366 229 420 229 614 535 200 222 24849 211 567 517 350 366 1562 321 218 281 325 483 651 201 241 2668 359 363 254 7024 11292 1096 255 445 8318 360 12518 4254 1839 349 226 1145 459 477 245 389 346 1373 503 3735 230 294 318 426 926 584 568 435 1356
internal_value=-2.86962e-05 -0.014966 0.0238016 0.0253109 0.0382054 0.0176003 0.035064 0.0550898 0.111151 -0.0628871 -0.026067 0.0143291 -0.102744 -0.00144265 -0.0715136 0.0833132 0.110397 0.0166065 0.0370935 0.00664054 -0.0839063 0.0110003 0.107564 0.0292187 0.0709289 0.135548 0.0124228 0.00741139 0.0512248 -0.00701685 -0.0532444 0.0134382 -0.0248398 0.0113675 0.00582294 -0.030477 -0.05514 -0.0211233 -0.0770785 -0.0150968 -0.0035678 0.0142855 0.0192695 0.00102175 0.0206709 0.0555762 0.00516067 0.0289935 0.0586035 0.0875971 0.119313 0.0217118 0.0467687 0.0882328 0.139107 -0.049124 -0.0112925 0.0549062 0.0967906 -0.00531411 0.0462896 0.0393479
internal_weight=108175 66495 41680 41031 18871 8500 6985 10371 1545 1515 1149 22160 422 28062 649 1316 1084 21738 7113 14625 671 13954 499 6747 1936 976 4811 13455 10156 1142 783 5440 38433 12854 4610 1796 1541 33953 601 25635 13117 6093 5211 3447 2477 1332 960 2814 9014 2611 1762 849 6403 983 524 970 652 1764 838 25852 1003 2569
internal_count=108175 66495 41680 41031 18871 8500 6985 10371 1545 1515 1149 22160 422 28062 649 1316 1084 21738 7113 14625 671 13954 499 6747 1936 976 4811 13455 10156 1142 783 5440 38433 12854 4610 1796 1541 33953 601 25635 13117 6093 5211 3447 2477 1332 960 2814 9014 2611 1762 849 6403 983 524 970 652 1764 838 25852 1003 2569
is_linear=0
shrinkage=0.05


Tree=57
num_leaves=63
num_cat=0
split_feature=0 30 30 32 8 13 29 29 23 29 13 22 32 24 29 32 7 26 11 28 9 28 30 31 32 28 32 26 8 26 13 13 6 29 13 6 9 9 26 7 30 22 11 28 26 8 32 9 12 10 28 10 7 29 13 13 13 11 8 7 9 32
split_gain=13294.8 5270.43 3671.31 5728.04 3123.17 2695.71 3740.53 2765.22 2675.45 2660.2 2495.06 2273.44 5739.74 1982.76 1932.61 3472.36 2633.03 2539.43 4149.53 2437.34 2287.39 1898.89 1798.87 2409.91 2569.45 2340.13 2307.12 1897.6 2092.32 1580.42 1845.91 1791.47 1549.11 1548.51 1535.44 1672.21 1528.79 3225.52 1903.17 1528.11 1469.45 2594.9 2370.54 2092.72 3808.05 2130.38 2919.1 1937.99 1744.39 1645.84 1474.38 1468.97 1449.49 1437.07 4667.98 2015.13 1546.89 1422.93 1414.13 1391.67 1351.98 1343.3
threshold=1497.5000000000002 24.500000000000004 17.500000000000004 7.4477741228070187 2.5000000000000004 -2.7499999999999996 0.45509219245174309 0.61726721938775519 2.5000000000000004 0.62712842712842731 4.2500000000000009 1.0000000180025095e-35 5.2228657781289369 2.5000000000000004 0.5578316610925308 6.5445113788487292 -0.088943793821803271 2.1797537972372019 1.970763888888889 0.44681818181818184 7.5000000000000009 0.60241841491841497 7.5000000000000009 1.0000000180025095e-35 2.1892323379588237 0.60822072072072075 4.6478732402582263 1.967369690137317 8.5000000000000018 2.0804752510519315 6.2500000000000009 3.2500000000000004 -2.1868610175552328 0.55025252525252533 -7.2499999999999991 0.70740128635264299 9.5000000000000018 10.500000000000002 1.9384855894496333 -0.41263805237643719 1.5000000000000002 -1.0000000180025095e-35 2.0745833333333339 0.54261805915931516 1.9723377276375846 5.5000000000000009 2.4512299835573228 2.5000000000000004 29.195486111111116 20.500000000000004 0.57945526695526717 8.5000000000000018 0.19881265048307845 0.57360681114551093 2.7500000000000004 -4.2499999999999991 -3.2499999999999996 0.53798611111111116 12.500000000000002 0.060903402182947187 13.500000000000002 7.3773201472949523
decision_type=2 10 10 10 2 2 2 2 2 2 2 2 8 2 2 8 2 2 2 2 2 2 10 2 8 2 10 2 2 2 2 2 2 2 2 2 2 2 2 2 10 2 2 2 2 2 10 2 2 2 2 2 2 2 2 2 2 2 2 2 2 8
left_child=13 2 3 4 5 8 -7 11 33 29 14 -8 -13 -1 17 19 -17 36 20 -16 61 51 23 24 -12 26 -24 -26 -29 31 32 -5 -31 -2 35 -22 -6 57 -39 -10 41 49 47 44 59 46 -45 50 -49 -21 -43 -18 -25 54 56 -55 -4 -38 -50 -42 -36 -19
right_child=1 -3 53 9 10 6 7 -9 39 -11 22 12 -14 -15 15 16 21 18 -20 40 34 -23 25 52 27 -27 -28 28 -30 30 -32 -33 -34 -35 60 -37 37 38 -40 -41 43 42 -44 45 -46 -47 -48 48 58 -51 -52 -53 -54 55 -56 -57 -58 -59 -60 -61 -62 -63
leaf_value=-0.033162719412662335 0.078303278755500971 -0.20557562503929089 0.046253380869556944 0.038244728802959961 -0.023776594422414102 -0.19389638532567952 0.02304770133386301 0.11801820635568178 0.16458071874325167 -0.16883193669183291 -0.17153321876806504 -0.12803359334882122 0.1410811715438548 -0.011831955144368708 -0.095884114733651202 0.10380762920982388 0.006840103226587982 0.048624757062120445 0.19413406506274958 -0.069165213114027971 -0.0099685389986696685 0.036471944809327216 0.10513841507869751 0.032533767349600659 -0.17866751700984662 0.17183587425938723 -0.047026974408968421 0.044073652059646973 -0.096382279545068741 -0.15155549798966783 0.059672019353765607 -0.081391083885224313 -0.04856888546796162 0.20338245159643165 -0.080114296321221731 0.16727388767170764 0.11784366729748737 -0.13636839805361461 0.0019617910343796424 0.041069129527515486 0.025622044561839686 -0.030380935564144874 0.22426010700511065 -0.021032625418791379 -0.030903340485272931 0.03371747213505099 0.20073907721020723 0.061926183683471907 0.10934278054040764 0.0594119345735587 0.1102782953647882 -0.12109211195925945 -0.099935934068961257 0.25292435504608984 0.23756328108863764 0.074028567181247742 -0.094794681246590906 -0.029281888756810166 0.25019561229351611 0.19921547185336608 -0.00044344213743255855 -0.073573844246498099
leaf_weight=17976 588 268 535 1235 7613 205 7862 687 258 373 560 744 269 27656 336 288 295 3843 350 547 363 387 343 1050 215 219 902 616 464 482 298 418 1504 429 987 209 837 302 1386 7687 204 698 262 219 2499 4316 458 1917 716 455 253 935 256 263 259 393 304 204 238 266 1155 238
leaf_count=17976 588 268 535 1235 7613 205 7862 687 258 373 560 744 269 27656 336 288 295 3843 350 547 363 387 343 1050 215 219 902 616 464 482 298 418 1504 429 987 209 837 302 1386 7687 204 698 262 219 2499 4316 458 1917 716 455 253 935 256 263 259 393 304 204 238 266 1155 238
internal_value=0.000279912 0.0152676 0.0162225 0.0141522 0.0184177 0.0350841 0.0169108 0.0214501 0.0548857 -0.0413897 0.0100711 0.0139625 -0.0565021 -0.0202354 0.0149224 0.0279065 -0.0352393 0.00356933 0.0264909 0.0368962 0.0178286 -0.0600534 -0.0243042 -0.0455209 -0.0821372 0.0215059 -0.00505437 -0.0433769 -0.0163037 -0.0292758 -0.0562169 0.00796108 -0.0736273 0.131213 -0.0177409 0.054972 -0.0122676 0.0198357 -0.0228529 0.0451002 0.0403226 0.0613159 0.0790024 0.0269063 -0.00633512 0.0466701 0.129074 0.0689888 0.0894742 -0.0107784 0.00711598 -0.0904286 0.00651068 0.0875129 0.052453 0.146026 -0.00490544 0.0890117 0.144707 0.124083 -0.0371748 0.041482
internal_weight=108094 62462 62194 60440 56130 18729 9767 9562 8962 4310 37401 8875 1013 45632 32776 15289 1905 17487 7145 13384 6795 1617 4625 3161 1855 1464 1245 1295 1080 3937 2284 1653 1986 1017 2714 572 10342 2729 1688 7945 13048 5086 4084 7962 2969 4993 677 3822 2871 1002 951 1230 1306 1754 1098 656 839 1041 954 470 2142 4081
internal_count=108094 62462 62194 60440 56130 18729 9767 9562 8962 4310 37401 8875 1013 45632 32776 15289 1905 17487 7145 13384 6795 1617 4625 3161 1855 1464 1245 1295 1080 3937 2284 1653 1986 1017 2714 572 10342 2729 1688 7945 13048 5086 4084 7962 2969 4993 677 3822 2871 1002 951 1230 1306 1754 1098 656 839 1041 954 470 2142 4081
is_linear=0
shrinkage=0.05


Tree=58
num_leaves=63
num_cat=0
split_feature=0 7 14 17 20 18 29 17 20 28 12 18 7 12 20 18 20 14 8 7 20 28 26 7 27 29 26 10 5 7 26 24 19 28 20 26 20 26 7 28 29 28 14 25 20 14 14 14 8 8 29 14 14 8 14 26 6 7 29 2 4 29
split_gain=12512.4 2904.02 2482.63 2315.94 2569.68 3211.74 2312.55 2410.74 2862 2266.78 1625.62 1505.27 1439.49 1340.68 1238.26 1311.28 1227.86 1078.55 1026.01 896.873 900.393 921.882 869.256 936.476 1064.39 1196.93 1001.23 921.191 867.822 841.241 800.383 758.187 750.309 720.307 1160.52 714.67 979.99 908.575 704.163 700.375 1431.18 716.265 697.526 684.396 683.862 670.379 1227.94 1116.2 738.981 719.658 707.899 665.662 1496.9 1176.76 1409.46 960.086 1786.67 943.383 747.341 651.807 648.127 646.672
threshold=1902.5000000000002 0.86462253376187992 56.250000000000007 1.0000000180025095e-35 56.500000000000007 3.5000000000000004 0.45854810996563578 1.0000000180025095e-35 34.500000000000007 0.54428104575163405 46.501041666666673 3.5000000000000004 -2.4629222309505101 50.363750000000003 70.500000000000014 3.5000000000000004 6.5000000000000009 54.750000000000007 6.5000000000000009 0.1396586139968726 78.500000000000014 0.56807149161518111 1.8868523890580424 0.083275507578848162 0.97803714502868544 0.54975247524752491 2.303561817622636 1.0000000180025095e-35 17.500000000000004 -0.11000764198745458 1.9767624287621957 2.5000000000000004 15.500000000000002 0.59511904761904766 77.500000000000014 2.1377142824228552 16.500000000000004 2.2666854618926799 -4.9945295404813992 0.60973957549300029 0.5781929347826088 0.58597950268817212 45.750000000000007 27.500000000000004 55.500000000000007 41.750000000000007 42.250000000000007 37.750000000000007 8.5000000000000018 11.500000000000002 0.62132034632034638 48.750000000000007 50.250000000000007 6.5000000000000009 47.250000000000007 2.1987062977078105 -1.4602130711561461 0.058584216360234302 0.51895777178796065 818.50000000000011 410.50000000000006 0.64124040920716119
decision_type=2 2 2 2 8 8 2 2 8 2 2 8 2 2 10 10 10 2 2 2 8 2 2 2 2 2 2 2 2 2 2 2 2 2 10 2 10 2 2 2 2 2 2 2 10 2 2 2 2 2 2 2 2 2 2 2 2 2 2 2 2 2
left_child=1 2 3 4 5 16 9 8 11 30 19 35 -5 14 15 45 -1 -3 -11 20 21 22 27 24 29 26 -26 -9 -19 44 -2 -31 61 -16 -35 43 37 -37 -6 41 -41 -21 -25 -8 -24 47 -47 -10 50 -50 -48 53 -53 57 -55 56 -54 58 -23 60 -22 -18
right_child=6 17 -4 12 38 -7 7 10 13 18 -12 -13 -14 -15 33 -17 32 28 -20 39 59 51 23 42 25 -27 -28 -29 -30 31 -32 -33 -34 34 -36 36 -38 -39 -40 40 -42 -43 -44 -45 -46 46 48 -49 49 -51 -52 52 55 54 -56 -57 -58 -59 -60 -61 -62 -63
leaf_value=0.08743310632694945 -0.0430371496349818 -0.032313174356671144 0.11765299746004697 -0.066895424666622405 -0.065135381725729399 -0.026693735398216983 0.085962085639976663 -0.10798146432707828 -0.046134031103024935 -0.18964172684367051 0.065080609341670967 0.014690259318270504 -0.018367966883455936 0.11098464115096225 -0.0076318294459190557 -0.030759071858407323 0.03018497737700997 -0.042962323849706496 -0.053120875768226009 -0.010980551844932261 0.057736745542034319 -0.038270742489268705 0.099197145524159758 0.011062243684395174 -0.023320299029169558 -0.052033999243517641 0.076138625780636168 -0.015551206371097409 -0.17883682560330036 -0.057062926310388486 0.089888983369181483 0.019623550776122739 -0.050526008996042364 -0.012662644613902646 0.1035839121595382 0.21444847690673063 0.07088717024037676 0.091974356805477719 -0.012837307199332453 -0.012006024531618496 0.14443787319148985 -0.068863334370143123 0.10515736374441698 0.039412393754849291 -0.003801144457091231 -0.051198839919475964 0.035758717565838552 0.074665354790591651 -0.04182132439719153 0.028290201076546336 0.1068665102718247 -0.08889957237604483 0.18520188665953441 0.044445516129419965 0.17601952884342678 -0.055389857858954818 -0.016616946432262289 -0.073282121958714128 0.032630387656110947 0.061912420697070751 -0.037808014078111185 -0.034367992057343741
leaf_weight=845 212 13090 384 1657 677 3365 1539 366 215 282 1240 1293 19549 416 4512 841 8376 242 270 3918 312 427 485 427 638 1654 418 1017 229 424 241 1333 321 454 406 302 913 308 12733 486 208 618 365 1627 241 460 6584 1686 594 950 369 405 200 930 260 206 241 273 2829 1423 409 406
leaf_count=845 212 13090 384 1657 677 3365 1539 366 215 282 1240 1293 19549 416 4512 841 8376 242 270 3918 312 427 485 427 638 1654 418 1017 229 424 241 1333 321 454 406 302 913 308 12733 486 208 618 365 1627 241 460 6584 1686 594 950 369 405 200 930 260 206 241 273 2829 1423 409 406
internal_value=0.000154592 -0.0145488 -0.0088095 -0.00982514 -3.414e-05 0.0155265 0.0198347 0.0215022 0.0326163 -0.0551473 0.00951053 0.0624675 -0.0221628 0.0224017 0.0202367 0.0293612 0.0298091 -0.0349937 -0.123082 0.00614834 0.0122642 0.00736013 -0.00436123 0.00389616 -0.00383131 -0.0254946 0.0160836 -0.0400725 -0.109263 0.0198132 0.027723 0.0010956 0.0244511 0.000363801 0.0422731 0.0756362 0.103798 0.152861 -0.0154822 -0.0117222 0.0350224 -0.0188801 0.0545047 0.0620603 0.0650481 0.0340202 0.0282908 0.0609861 0.0325997 0.00130763 0.0395473 0.0223233 -0.0136321 0.03034 0.0733164 0.0335472 0.0751228 0.0158314 0.0233233 0.0423 0.00355999 0.0271971
internal_weight=108101 61874 48313 47929 26723 13313 46227 45222 23469 1005 21753 5982 21206 17487 17071 11699 9948 13561 552 20513 15283 13139 7368 5985 5193 2710 1056 1383 471 2483 453 1757 9103 5372 860 4689 1523 610 13410 5230 694 4536 792 3166 726 10858 8957 1901 8497 1544 6953 5771 1052 4719 1190 647 441 3529 3256 2144 721 8782
internal_count=108101 61874 48313 47929 26723 13313 46227 45222 23469 1005 21753 5982 21206 17487 17071 11699 9948 13561 552 20513 15283 13139 7368 5985 5193 2710 1056 1383 471 2483 453 1757 9103 5372 860 4689 1523 610 13410 5230 694 4536 792 3166 726 10858 8957 1901 8497 1544 6953 5771 1052 4719 1190 647 441 3529 3256 2144 721 8782
is_linear=0
shrinkage=0.05


Tree=59
num_leaves=63
num_cat=0
split_feature=0 30 30 32 14 21 8 32 13 32 14 14 14 11 13 13 14 32 14 29 32 27 14 14 30 13 27 13 30 32 14 14 14 14 14 32 14 13 13 8 14 30 8 30 29 9 14 27 29 27 11 29 14 6 6 14 13 13 32 14 14 14
split_gain=11784.2 3649.63 3955.04 5712.26 3378.68 3143 2885.26 2589.21 6289.92 5050.15 3760.02 3512.28 3661.17 2893.77 3924.1 2657.9 3063.97 3977.87 3083.63 4125.27 3283.87 2475.17 2419.62 2364.71 6983.94 3017.45 4574.42 2460.28 2359.74 2357.6 2226.86 2779.77 4286.74 2892.65 2213.15 2822.96 2821.04 2704.17 2385.03 2289.49 2261.04 3360.55 2889.88 3562.47 2186.84 2163.16 2129.75 2055.76 1983.01 3030.1 3654.61 2526.84 3038.5 1841.61 1813.68 1759.71 4377.38 3784.6 3550.09 3210.42 4814.98 5786.28
threshold=1290.5000000000002 24.500000000000004 17.500000000000004 7.4477741228070187 55.750000000000007 0.85500000000000009 2.5000000000000004 0.51933824078220647 -10.749999999999998 1.0358661372350362 37.750000000000007 44.750000000000007 54.750000000000007 0.75000000000000033 3.7500000000000004 -10.749999999999998 50.250000000000007 2.7777999220521545 41.250000000000007 0.61726721938775519 3.0496413308913319 0.94055668880484611 52.750000000000007 44.750000000000007 13.500000000000002 1.2500000000000002 1.0219833581763011 3.2500000000000004 5.5000000000000009 5.9812281468531472 47.750000000000007 44.250000000000007 45.250000000000007 39.750000000000007 41.750000000000007 6.5000761498629318 42.750000000000007 -8.7499999999999982 4.7500000000000009 9.5000000000000018 41.250000000000007 8.5000000000000018 9.5000000000000018 1.0000000180025095e-35 0.55461647727272745 2.5000000000000004 46.250000000000007 0.94757768557640032 0.588799283154122 0.9790623932899104 -3.0781944444444442 0.54601482153660019 47.750000000000007 6.1944531626926223 12.366340965551407 45.750000000000007 -10.249999999999998 -8.2499999999999982 2.6022812585312587 47.250000000000007 48.750000000000007 49.750000000000007
decision_type=2 10 10 10 2 10 2 8 2 8 2 2 2 2 2 2 2 8 2 2 10 2 2 2 10 2 2 2 8 10 2 2 2 2 2 10 2 2 2 2 2 10 2 10 2 2 2 2 2 2 2 2 2 2 2 2 2 2 10 2 2 2
left_child=-1 2 3 4 5 6 7 8 -2 -9 -11 13 48 -10 47 21 18 -18 28 -20 -21 -12 23 27 -25 26 44 -5 -17 -30 31 33 -33 -4 35 40 37 45 55 -39 54 42 43 -42 -26 -36 -34 -15 49 51 -51 52 -13 -6 -8 56 58 -58 -38 -57 -61 -62
right_child=1 -3 30 22 53 -7 34 9 11 10 15 12 -14 14 -16 16 17 -19 19 20 -22 -23 -24 24 25 -27 -28 -29 29 -31 -32 32 46 -35 36 -37 38 39 -40 -41 41 -43 -44 -45 -46 -47 -48 -49 -50 50 -52 -53 -54 -55 -56 59 57 -59 -60 60 61 -63
leaf_value=-0.021058569971504987 -0.24848282516784509 -0.16547608297220187 -0.021271329875259353 -0.040444085400184043 0.18077033599114689 0.053180981352316248 0.0016860447671850128 0.25153556460581189 0.0073256548774602165 -0.14780183478534498 0.066341487970577692 -0.14581457475954288 -0.15202649800155901 -0.10072551778705495 0.030064610719148607 0.19291344557115075 -0.062238289091067434 0.17343616773770204 0.0027879700369577462 0.30684808021423859 0.03868396792121917 0.27970445363641566 -0.17338547216275646 -0.18031875823622179 0.17800452412505235 0.11743769156079138 -0.15580772492907963 -0.16924591678890247 0.017126394335860773 0.16118181265137679 0.21345343940192835 -0.1651687582281765 0.19027065471131752 0.18483729315607936 -0.064637812355663196 0.16303954434355028 0.21243227808344589 -0.020967734780397665 -0.036105248746631242 -0.12386682493852151 -0.088650700641334609 -0.089078529831921854 0.26038370215265244 0.18034227667277672 -0.013355961527751863 0.14645656828599979 -0.019925572347616959 -0.30874564436136809 -0.028722595054441597 0.013979102954688519 0.22004470743475257 0.07912415418719998 0.079013355883110439 0.0086754823015232022 0.15224452874284577 -0.036531232339701215 -0.098694630925727167 0.024234173521925247 0.020411628702175985 0.056552577589440128 -0.078515297515516363 0.016012949849127156
leaf_weight=40353 242 284 239 1707 475 4854 4660 279 1137 269 372 343 227 237 279 392 233 766 7103 203 260 214 322 412 265 831 352 473 1084 384 287 273 234 589 214 378 534 1029 3483 1139 217 206 297 282 340 278 247 240 576 336 598 1105 266 231 208 4719 684 7284 438 4050 2241 5824
leaf_count=40353 242 284 239 1707 475 4854 4660 279 1137 269 372 343 227 237 279 392 233 766 7103 203 260 214 322 412 265 831 352 473 1084 384 287 273 234 589 214 378 534 1029 3483 1139 217 206 297 282 340 278 247 240 576 336 598 1105 266 231 208 4719 684 7284 438 4050 2241 5824
internal_value=0.00033004 0.0130743 0.0138286 0.0117837 0.0158854 0.0146082 0.0112222 0.0282598 0.000308468 0.0417663 0.036556 0.0116192 0.0416369 -0.043097 -0.118841 0.0410729 0.0352401 0.118462 0.0264083 0.012224 0.156667 0.144603 -0.0413084 -0.0315613 0.00501191 0.0477937 -0.0127404 -0.0684553 0.0840688 0.0548925 0.085529 0.0622013 -0.00726381 0.125391 0.00356778 0.0307787 -0.00175976 -0.0510487 0.00272311 -0.0750599 0.0222354 0.0905943 0.137146 0.063422 0.0706185 0.0546942 0.0825147 -0.205817 0.0553155 0.0735996 0.146008 0.0340803 -0.0476453 0.124554 0.00814906 0.00797142 0.0258978 0.0136705 0.126014 -0.00154968 0.0120781 -0.0102598
internal_weight=108078 67725 67441 65572 60870 60164 55310 17145 5586 11559 11280 5344 3451 1893 756 11011 10425 999 9426 7566 463 586 4702 4380 2200 1788 957 2180 1860 1468 1869 1582 754 828 38165 6248 31917 2660 29257 2168 5870 1002 796 499 605 492 481 477 3224 2648 934 1714 609 706 4868 25774 8940 7968 972 16834 12115 8065
internal_count=108078 67725 67441 65572 60870 60164 55310 17145 5586 11559 11280 5344 3451 1893 756 11011 10425 999 9426 7566 463 586 4702 4380 2200 1788 957 2180 1860 1468 1869 1582 754 828 38165 6248 31917 2660 29257 2168 5870 1002 796 499 605 492 481 477 3224 2648 934 1714 609 706 4868 25774 8940 7968 972 16834 12115 8065
is_linear=0
shrinkage=0.05


Tree=60
num_leaves=63
num_cat=0
split_feature=12 11 7 30 8 32 28 30 28 11 14 32 21 14 14 11 30 14 31 28 14 30 32 31 6 16 26 32 14 14 14 14 32 32 14 14 26 5 14 14 32 14 32 30 28 32 26 14 30 28 32 14 9 30 28 14 9 14 9 9 8 28
split_gain=11568.4 3224.88 2614.44 1887.43 1819.01 2368.65 2175.2 2469.62 1994.31 2359.18 2271.29 1908.49 1589.26 1547.55 2387.63 1725.15 1519.65 1511.7 2024.89 1483.64 1933.5 1858.54 1751.96 1656.56 1972.56 1437.81 1493.48 1653.41 1353.87 1318.19 4601.31 2191.69 1531.67 1923.23 1309.19 1292.81 1266.11 1262.49 1297.06 1352.5 1436.18 1252.17 1441.79 4091.53 1234.24 1225.11 1179.23 2637.12 2078.85 2199.98 2408.63 1941.05 2493.57 2112.34 2357.43 2257.58 1913.84 1884.45 2573.43 1754.71 1675.01 1671.44
threshold=27.667777777777783 -0.53097222222222207 0.26134030341992465 22.500000000000004 8.5000000000000018 6.771669781428983 0.50819892473118289 5.5000000000000009 0.58295107033639149 -8.1495833333333305 55.750000000000007 9.2520666803306693 0.53500000000000014 55.750000000000007 52.750000000000007 -1.3299999999999996 17.500000000000004 42.250000000000007 1.0000000180025095e-35 0.53141447368421069 52.250000000000007 6.5000000000000009 10.624094261037007 1.0000000180025095e-35 10.710560727854427 1.0000000180025095e-35 2.2120210777799589 4.3320152535353715 43.250000000000007 48.750000000000007 49.750000000000007 48.250000000000007 0.5755360009172209 3.2311299055528422 37.250000000000007 47.750000000000007 2.3464172660007643 27.500000000000004 44.250000000000007 45.750000000000007 2.1687968155682102 41.250000000000007 2.4844951923076928 1.5000000000000002 0.64660919540229889 4.4643790818947915 2.2249166614599223 38.750000000000007 14.500000000000002 0.61258802816901425 8.5144662458913025 45.750000000000007 6.5000000000000009 7.5000000000000009 0.60355340622371745 46.250000000000007 9.5000000000000018 44.250000000000007 13.500000000000002 20.500000000000004 6.5000000000000009 0.5100505050505052
decision_type=2 2 2 10 2 10 2 10 2 2 2 10 8 2 2 2 10 2 2 2 2 8 10 2 2 2 2 8 2 2 2 2 10 10 2 2 2 2 2 2 8 2 10 10 2 8 2 2 8 2 10 2 2 10 2 2 2 2 2 2 2 2
left_child=1 2 3 34 8 6 7 35 9 41 12 -7 -11 14 36 -16 17 18 -10 37 21 23 45 24 -21 -14 -27 -28 -26 31 -31 44 -32 -34 -1 -6 -8 38 -4 40 -40 -2 43 -43 -19 -23 47 60 51 50 -50 57 -53 55 -55 -54 61 -48 -59 -57 -36 -49
right_child=4 -3 19 -5 5 11 13 -9 16 10 -12 -13 25 -15 15 -17 -18 29 -20 20 -22 22 -24 -25 28 26 27 -29 -30 30 32 -33 33 -35 46 -37 -38 -39 39 -41 -42 42 -44 -45 -46 -47 48 56 49 -51 -52 52 53 54 -56 59 -58 58 -60 -61 -62 -63
leaf_value=-0.089466529746499712 -0.04092273908497121 -0.021377948122115825 -0.012445911819262108 -0.13110861100577872 0.07969395835551514 -0.13676260013764635 -0.0076762914069990369 -0.036728694862786598 0.026064185841259347 0.0023217295525665297 0.17671922606270796 0.03214894472287403 0.011527575874521575 0.11063158624641854 -0.17474015409301008 -0.0062791529466022754 0.16932560285089474 0.068722221284438223 -0.14499862940486419 0.0025229514454655137 -0.10731696213419727 -0.11986419159369188 0.071848180118123869 -0.031389521290910063 0.20547230282884565 0.034699742366089574 0.14985451905455369 0.01457357046045903 0.050873417985061876 -0.10192280618504874 0.11430133422621916 0.19050530211798786 -0.11675117882478298 0.061770689182198982 0.047581203469970065 0.23636539808486579 0.079088536492805672 -0.075980625333339158 0.20493777236933342 0.019058338283920343 0.039228869634262205 0.057816769499256605 0.046880159135990307 0.30679066400719629 -0.053690435029142961 -0.042138462047168 0.015908072127814622 0.05892685501596439 -0.16640870973055899 0.070527028527211807 0.0029544861148251352 0.12707073126100377 -0.14660916854532399 -0.16502118202330182 -0.0021289331945601952 -0.01979070178417016 0.039572747597546157 0.020089519160849421 0.17749412894288158 0.06593498153947841 0.24768350481265977 -0.031287805270665936
leaf_weight=298 207 38523 2181 225 310 533 3117 277 837 12117 217 243 5393 275 352 267 258 3277 217 1555 714 602 295 1929 226 3718 658 344 379 540 823 360 200 604 203 230 485 423 231 1547 301 495 903 247 219 3202 2592 667 519 248 352 298 244 481 412 1594 5689 542 498 953 216 2218
leaf_count=298 207 38523 2181 225 310 533 3117 277 837 12117 217 243 5393 275 352 267 258 3277 217 1555 714 602 295 1929 226 3718 658 344 379 540 823 360 200 604 203 230 485 423 231 1547 301 495 903 247 219 3202 2592 667 519 248 352 298 244 481 412 1594 5689 542 498 953 216 2218
internal_value=0.000330832 -0.0116471 0.000128666 0.0124914 0.0226706 -0.00235495 0.00956817 0.0845656 0.0274875 0.0205884 0.0161114 -0.0838956 0.0145358 -0.00407592 -0.0115736 -0.102203 0.0503364 0.0459752 -0.00925869 -0.0164781 -0.0284617 -0.0215731 -0.0453611 0.00227825 0.0323461 0.0291685 0.049318 0.103472 0.108868 0.0556408 0.0244227 0.073174 0.0663935 0.0172724 0.0142912 0.146738 0.00402508 0.00630278 0.0144891 0.042738 0.111431 0.0748132 0.089393 0.140998 0.0610408 -0.0544672 0.0160404 0.0287479 0.00295291 -0.0606503 -0.0980385 0.0123072 -0.0118023 -0.0230673 -0.0899547 -0.00164163 0.0227527 0.038736 0.0955602 0.0122982 0.151081 -0.0104174
internal_weight=108080 70357 31834 18249 37723 6089 5313 817 31634 24299 22447 776 22230 4496 4221 619 7335 7077 1054 13585 8902 8188 4099 4089 2160 10113 4720 1002 605 6023 2167 3856 1627 804 18024 540 3602 4683 4260 2079 532 1852 1645 742 3496 3804 17726 8993 8733 1119 871 7614 3982 3684 893 2791 8574 3632 1040 2547 419 2885
internal_count=108080 70357 31834 18249 37723 6089 5313 817 31634 24299 22447 776 22230 4496 4221 619 7335 7077 1054 13585 8902 8188 4099 4089 2160 10113 4720 1002 605 6023 2167 3856 1627 804 18024 540 3602 4683 4260 2079 532 1852 1645 742 3496 3804 17726 8993 8733 1119 871 7614 3982 3684 893 2791 8574 3632 1040 2547 419 2885
is_linear=0
shrinkage=0.05


Tree=61
num_leaves=63
num_cat=0
split_feature=0 29 16 20 18 20 28 2 8 26 20 32 24 32 26 26 32 28 8 14 29 32 6 32 22 26 8 32 14 32 29 26 32 14 5 32 14 29 26 29 32 8 14 14 22 14 14 12 29 28 32 26 7 7 32 32 14 14 2 6 14 26
split_gain=10101.8 2761.37 2197.17 2564.32 2290.19 2058.42 1851.87 1792.55 1623.04 1596.63 1107.74 1091.64 1038.16 2354.48 4443.34 2928.84 2553.32 1854.99 1853.11 1689.02 1630.18 1672.02 2136.47 1525.65 1462.36 1339.47 1321.53 2490.05 1993.67 1485.52 1457.69 1422.86 1269.15 2215.81 1227.56 1167.34 1498.02 2296.98 1830.64 3166.22 1767.48 2330.46 1935.1 1632.48 1615.73 1500.33 1498.8 1349.03 1337.97 1297.31 1285.62 1258.8 1480.63 1961.31 1258.27 1340.71 1100.18 1535.29 1083.15 1058.82 1830.71 1031.78
threshold=1821.5000000000002 0.45509219245174309 1.0000000180025095e-35 66.500000000000014 2.5000000000000004 20.500000000000004 0.54361413043478268 1344.5000000000002 5.5000000000000009 1.8868523890580424 5.5000000000000009 7.0723603189007012 2.5000000000000004 6.9736897416981387 2.1633183934170694 2.4222661871869557 3.0827720342522977 0.60241841491841497 7.5000000000000009 45.250000000000007 0.59626969416126052 6.1875831854480934 -2.5295750510615251 3.255783367678529 -1.0000000180025095e-35 2.4980634748251731 6.5000000000000009 4.7407620754394957 46.250000000000007 0.99814860781813064 0.51351598173515989 2.1054109163982395 8.6973665434507073 43.750000000000007 10.500000000000002 4.1040899629972252 47.250000000000007 0.51801948051948066 2.1257313943541494 0.51481562774363487 1.0000000180025095e-35 2.5000000000000004 44.750000000000007 48.250000000000007 -1.0000000180025095e-35 46.250000000000007 40.750000000000007 28.799166666666668 0.58138586956521754 0.52870879120879133 3.5337033532828728 2.028342793102456 0.12960963122950167 -0.076742702272343047 4.7676282051282062 4.4643790818947915 49.750000000000007 42.250000000000007 890.50000000000011 2.7997519661099513 43.750000000000007 2.0185726360832357
decision_type=2 2 2 8 8 10 2 2 2 2 10 10 2 8 2 2 10 2 2 2 2 8 2 8 2 2 2 8 2 10 2 2 10 2 2 10 2 2 2 2 10 2 2 2 2 2 2 2 2 2 10 2 2 2 10 10 2 2 2 2 2 2
left_child=2 6 -1 4 10 11 -2 9 -8 -7 -4 -3 19 15 18 34 58 32 24 20 21 -11 -23 -22 -15 -18 27 28 -21 -28 -31 -29 33 -16 35 36 37 51 43 -40 42 48 46 -38 47 -44 -39 -43 -42 -41 59 -14 53 -53 55 -37 57 -56 -17 60 -46 -26
right_child=1 5 3 -5 -6 7 8 -9 -10 12 -12 -13 13 14 17 16 25 -19 -20 26 23 22 -24 -25 61 -27 29 31 -30 30 -32 -33 -34 -35 -36 54 38 40 39 49 41 44 45 -45 50 -47 -48 -49 -50 -51 -52 52 -54 -55 56 -57 -58 -59 -60 -61 -62 -63
leaf_value=-0.023860345488168726 0.014989005801104786 0.043278315481094502 0.084754504653208163 -0.027470243583600198 -0.015660552528778883 -0.024037410831423186 -0.20055625807772409 0.03041030154598566 -0.040999418536284526 -0.013767437247498624 0.016594071051016668 -0.0071913316561627236 -0.0099816531520451612 0.17789388100959755 -0.05464028793384082 0.23854618680197748 0.10817506588937249 0.022786399426071774 -0.043403752774629295 -0.23807380442495038 0.17556461284722025 0.16456908948215035 0.010807805653397324 0.023619029756304068 0.1041908674140129 -0.046605588449769982 0.034574907452299186 0.12406992949966798 -0.069538715727853403 0.075683964890642816 -0.052096870231819407 -0.03938925516471934 -0.033368850962223306 -0.23115091414105768 -0.026254810547686292 0.039021524763081093 0.10333468792816967 0.016256657324659363 -0.090850689317597905 0.20037035654052435 0.039151501406744116 -0.024678322011403072 0.064563740014014756 -0.016903894792384144 0.095280720264675614 -0.10076805957258471 -0.13530464347451926 -0.18064031489031221 0.19283627249309435 0.084502610649358004 -0.10247001778887642 0.031603538863433221 -0.02378632657519078 0.20129794266747789 0.10238523315821364 0.16693524598226173 0.13803046899934726 -0.0089802395528248702 0.10757788600695793 0.097018963039946504 -0.095126351619210958 -0.0094222870385868764
leaf_weight=29948 450 9277 631 8135 7236 3786 305 10403 334 2710 10519 1211 486 246 306 302 255 279 526 222 298 335 690 370 347 307 1379 220 831 259 1579 334 287 426 1300 397 357 206 214 339 446 322 410 1334 225 205 779 243 207 846 201 308 218 381 406 424 213 1291 336 406 285 469
leaf_count=29948 450 9277 631 8135 7236 3786 305 10403 334 2710 10519 1211 486 246 306 302 255 279 526 222 298 335 690 370 347 307 1379 220 831 259 1579 334 287 426 1300 397 357 206 214 339 446 322 410 1334 225 205 779 243 207 846 201 308 218 381 406 424 213 1291 336 406 285 469
internal_value=2.82516e-05 0.0160365 -0.0145793 -0.00409844 0.00624349 0.0177377 -0.0627018 0.0125618 -0.117352 0.00627701 0.0204587 0.0374507 0.0107328 0.0182304 -0.0227953 0.026906 0.101475 -0.0913826 0.0332888 -0.00270352 0.0196858 0.00680939 0.0611729 0.0915642 0.0712791 0.0236915 -0.0231387 -0.0601509 -0.105262 -0.004637 -0.0340594 0.0256289 -0.122634 -0.157539 0.0197105 0.025072 0.0158532 -0.000211216 0.0435438 0.0858334 -0.0197451 0.0079959 -0.0602093 0.00852667 -0.0231327 0.00937902 -0.103623 -0.0919564 0.0880897 0.117791 0.0117308 0.0549434 0.089705 0.125596 0.0534718 0.105204 0.0311914 0.0177081 0.169849 0.0368746 -0.0111012 0.0389595
internal_weight=107997 51528 56469 26521 18386 50439 1089 39951 639 29548 11150 10488 25762 16535 2886 13649 1200 1298 1588 9227 4403 3735 1025 668 1062 562 4824 1607 1053 3217 1838 554 1019 732 12449 11149 8418 5328 3090 1399 3935 2335 1600 1691 1682 615 985 565 653 1185 1117 1393 907 689 2731 821 1910 1697 638 916 510 816
internal_count=107997 51528 56469 26521 18386 50439 1089 39951 639 29548 11150 10488 25762 16535 2886 13649 1200 1298 1588 9227 4403 3735 1025 668 1062 562 4824 1607 1053 3217 1838 554 1019 732 12449 11149 8418 5328 3090 1399 3935 2335 1600 1691 1682 615 985 565 653 1185 1117 1393 907 689 2731 821 1910 1697 638 916 510 816
is_linear=0
shrinkage=0.05


Tree=62
num_leaves=63
num_cat=0
split_feature=12 30 30 32 14 13 14 14 30 17 20 13 18 6 14 13 26 13 11 13 26 27 18 30 14 9 11 23 26 13 28 14 28 14 0 14 13 9 5 8 7 11 30 14 13 26 13 30 13 32 32 9 5 13 13 26 27 32 13 32 13 14
split_gain=8210.81 3593.61 3549.35 3872.25 2911.27 2797.38 2591.08 2419.01 6525.39 2346.88 2871.34 1969.95 1941.59 1884.65 1828.39 2782.06 2785.15 3886.01 3046.7 1818.75 4061.04 1799.24 1675.81 1546.84 2183.04 1482.69 2393.23 1574.05 1646.87 1350.62 1328.42 1265.1 1107.19 1154.08 1094.02 1081.36 1811.48 1057.89 1321.48 1111.88 1037.38 1526.38 1840.52 2472.61 1607.04 1554.91 1359.73 2252.91 2785.6 2005.83 1482.41 1330.07 1318.27 1436.85 3663.85 1269.21 1577.44 1701.19 1848.31 1233.77 1375.56 1833.78
threshold=17.200347222222227 24.500000000000004 17.500000000000004 7.4477741228070187 55.750000000000007 -17.249999999999996 52.750000000000007 44.750000000000007 13.500000000000002 1.0000000180025095e-35 32.500000000000007 3.2500000000000004 1.0000000180025095e-35 6.1293012093425885 47.750000000000007 -7.7499999999999991 2.3992994373022207 -3.2499999999999996 -0.42854166666666665 1.2500000000000002 2.2179213069854629 1.0409469043701043 3.5000000000000004 16.500000000000004 44.250000000000007 11.500000000000002 -0.92076388888888883 2.5000000000000004 2.5424437587710806 4.2500000000000009 0.5953463203463204 47.750000000000007 0.44681818181818184 43.250000000000007 2562.5000000000005 54.750000000000007 2.7500000000000004 26.500000000000004 -17.499999999999996 1.0000000180025095e-35 0.13148969511405839 0.88965277777777796 7.5000000000000009 53.250000000000007 8.2500000000000018 2.4509386200583063 3.2500000000000004 9.5000000000000018 5.7500000000000009 5.4157528907749564 5.9432523997741393 5.5000000000000009 3.5000000000000004 -5.2499999999999991 -6.2499999999999991 1.6792468952945201 1.0344938508421586 3.1164277500773037 5.7500000000000009 4.3002850833223745 -3.7499999999999996 48.750000000000007
decision_type=2 10 10 10 2 2 2 2 10 2 8 2 10 2 2 2 2 2 2 2 2 2 10 10 2 2 2 2 2 2 2 2 2 2 2 2 2 2 2 2 2 2 8 2 2 2 2 10 2 10 10 2 2 2 2 2 2 10 2 10 2 2
left_child=25 2 3 4 5 -2 7 11 30 10 12 23 -7 -6 15 -4 17 -17 -19 20 -10 31 -12 24 -5 -1 -27 -28 37 -20 -9 -21 33 -11 -14 40 -37 39 -39 -29 41 52 43 44 55 46 49 48 -48 -44 -49 -52 53 54 -34 -43 -57 58 -58 -55 -61 -62
right_child=1 -3 14 6 13 9 -8 8 19 32 22 -13 34 -15 -16 16 -18 18 29 21 -22 -23 -24 -25 -26 26 27 28 -30 -31 -32 -33 35 -35 -36 36 -38 38 -40 -41 -42 42 45 -45 -46 -47 47 50 -50 -51 51 -53 -54 59 -56 56 57 -59 -60 60 61 -63
leaf_value=-0.032228197820545722 0.1827345450116501 -0.16797817951755925 -0.097981942632090202 -0.033588123623185848 0.16670721269938873 -0.017505108140385365 -0.16661842979766905 -0.25435974203204614 0.082405049966669364 -0.15318939038789123 0.01615770954782696 -0.16025722544409707 0.041489021026911918 0.0019934753577498005 0.19995117693201361 0.25428467037285024 -0.052121227685522908 -0.094267521221089459 0.21928761434931032 0.11626060823215144 -0.13642646960666169 0.20671325478795916 -0.036096421904885663 0.065272509834523929 -0.2126309680171532 0.018546145281780991 -0.030925066808705062 -0.12876266875600614 0.087106701893650967 0.039197258252577097 -0.075992028555338723 -0.042242974761784791 0.01847077922848378 -0.0058054953044066673 0.084826658295335033 -0.14514453698354313 0.045882900630675474 -0.022927435767246623 0.042841817301599854 -0.015002281471808945 -0.011358726055936786 0.049019155679885656 0.031099949294842996 0.14103905529071745 0.053893955332342161 -0.090119034801441511 0.21357233648947682 -0.12951185769376464 0.0016438164603579969 0.21400080001312161 -0.070046722545073589 0.1072335564664432 0.076008826379685646 0.044084965926999585 -0.091238055267270093 -0.079962627655874169 0.06142931398095202 -0.13189945636308928 -0.096141046903554406 0.092250735608907772 -0.0025905116653834174 -0.16438194310060844
leaf_weight=11773 238 278 236 1087 503 945 343 207 616 235 22259 416 3492 265 273 375 277 229 215 314 322 299 1647 294 201 5492 12032 219 459 202 212 209 3454 304 2502 312 205 1296 1857 9115 8122 317 380 206 444 248 248 306 411 247 220 202 1000 4668 975 2256 711 226 251 267 908 216
leaf_count=11773 238 278 236 1087 503 945 343 207 616 235 22259 416 3492 265 273 375 277 229 215 314 322 299 1647 294 201 5492 12032 219 459 202 212 209 3454 304 2502 312 205 1296 1857 9115 8122 317 380 206 444 248 248 306 411 247 220 202 1000 4668 975 2256 711 226 251 267 908 216
internal_value=4.35057e-05 0.0110882 0.0118506 0.00988992 0.0132965 0.012024 -0.0347122 -0.0238433 0.0125918 0.0113226 0.0207763 -0.0635654 0.0490897 0.109949 0.0809336 0.059636 0.0883472 0.12647 0.0519963 0.0548229 0.00721849 0.109071 0.0125563 -0.0380543 -0.0616721 -0.0171588 -0.0113355 -0.0179061 -0.00580492 0.132352 -0.164507 0.0529601 0.000656191 -0.0702285 0.05959 0.00208439 -0.0694563 -0.00922689 0.0158095 -0.0176849 0.00349422 0.010137 -0.00888139 -0.0276838 -0.0359809 0.0277801 0.0423355 0.0146864 0.0816012 0.103378 -0.045915 0.0148655 0.021184 0.0159499 -0.00569567 -0.0466025 -0.0554156 -0.00877296 0.0202597 0.0317707 -0.00955636 -0.0338006
internal_weight=108038 65795 65517 63710 59190 58422 4520 4177 2179 58184 30845 1998 6939 768 1807 1534 1298 1021 646 1760 938 822 23906 1582 1288 42243 30470 24978 12946 417 419 523 27339 539 5994 26800 517 12487 3153 9334 26283 18161 6673 4411 4205 2262 2014 1387 659 627 728 422 11488 10488 4429 3761 3444 1188 962 6059 1391 1124
internal_count=108038 65795 65517 63710 59190 58422 4520 4177 2179 58184 30845 1998 6939 768 1807 1534 1298 1021 646 1760 938 822 23906 1582 1288 42243 30470 24978 12946 417 419 523 27339 539 5994 26800 517 12487 3153 9334 26283 18161 6673 4411 4205 2262 2014 1387 659 627 728 422 11488 10488 4429 3761 3444 1188 962 6059 1391 1124
is_linear=0
shrinkage=0.05


end of trees

feature_importances:
pregame_total=442
pregame_spread=416
wind_x_pass_rate=338
total_decayed=312
spread_decayed=275
wind_mph=254
away_pass_rate=211
yardline_100=209
home_pass_rate=186
score_diff_per_min=182
score_diff_x_sqrt_time=135
plays_per_min=104
score_diff=92
home_score=88
has_ball_away=87
away_score=81
has_ball_home=74
down=65
pace_ratio=64
total_points_so_far=56
seconds_remaining=48
expected_remaining_total=43
field_pos_value=32
is_dome=25
away_timeouts=23
half_seconds_remaining=17
timeout_diff=16
home_timeouts=13
plays_run=7
sqrt_seconds_remaining=5
distance=5
clock_seconds=1

parameters:
[boosting: gbdt]
[objective: regression]
[metric: l2]
[tree_learner: serial]
[device_type: cpu]
[data_sample_strategy: bagging]
[data: ]
[valid: ]
[num_iterations: 700]
[learning_rate: 0.05]
[num_leaves: 63]
[num_threads: 0]
[seed: 7]
[deterministic: 0]
[force_col_wise: 0]
[force_row_wise: 0]
[histogram_pool_size: -1]
[max_depth: -1]
[min_data_in_leaf: 200]
[min_sum_hessian_in_leaf: 0.001]
[bagging_fraction: 0.85]
[pos_bagging_fraction: 1]
[neg_bagging_fraction: 1]
[bagging_freq: 1]
[bagging_seed: 17422]
[bagging_by_query: 0]
[feature_fraction: 0.85]
[feature_fraction_bynode: 1]
[feature_fraction_seed: 7040]
[extra_trees: 0]
[extra_seed: 6516]
[early_stopping_round: 0]
[early_stopping_min_delta: 0]
[first_metric_only: 0]
[max_delta_step: 0]
[lambda_l1: 0]
[lambda_l2: 1]
[linear_lambda: 0]
[min_gain_to_split: 0]
[drop_rate: 0.1]
[max_drop: 50]
[skip_drop: 0.5]
[xgboost_dart_mode: 0]
[uniform_drop: 0]
[drop_seed: 15215]
[top_rate: 0.2]
[other_rate: 0.1]
[min_data_per_group: 100]
[max_cat_threshold: 32]
[cat_l2: 10]
[cat_smooth: 10]
[max_cat_to_onehot: 4]
[top_k: 20]
[monotone_constraints: ]
[monotone_constraints_method: basic]
[monotone_penalty: 0]
[feature_contri: ]
[forcedsplits_filename: ]
[refit_decay_rate: 0.9]
[cegb_tradeoff: 1]
[cegb_penalty_split: 0]
[cegb_penalty_feature_lazy: ]
[cegb_penalty_feature_coupled: ]
[path_smooth: 0]
[interaction_constraints: ]
[verbosity: -1]
[saved_feature_importance_type: 0]
[use_quantized_grad: 0]
[num_grad_quant_bins: 4]
[quant_train_renew_leaf: 0]
[stochastic_rounding: 1]
[linear_tree: 0]
[max_bin: 255]
[max_bin_by_feature: ]
[min_data_in_bin: 3]
[bin_construct_sample_cnt: 200000]
[data_random_seed: 61]
[is_enable_sparse: 1]
[enable_bundle: 1]
[use_missing: 1]
[zero_as_missing: 0]
[feature_pre_filter: 1]
[pre_partition: 0]
[two_round: 0]
[header: 0]
[label_column: ]
[weight_column: ]
[group_column: ]
[ignore_column: ]
[categorical_feature: ]
[forcedbins_filename: ]
[precise_float_parser: 0]
[parser_config_file: ]
[objective_seed: 15521]
[num_class: 1]
[is_unbalance: 0]
[scale_pos_weight: 1]
[sigmoid: 1]
[boost_from_average: 1]
[reg_sqrt: 0]
[alpha: 0.9]
[fair_c: 1]
[poisson_max_delta_step: 0.7]
[tweedie_variance_power: 1.5]
[lambdarank_truncation_level: 30]
[lambdarank_norm: 1]
[label_gain: ]
[lambdarank_position_bias_regularization: 0]
[eval_at: ]
[multi_error_top_k: 1]
[auc_mu_weights: ]
[num_machines: 1]
[local_listen_port: 12400]
[time_out: 120]
[machine_list_filename: ]
[machines: ]
[gpu_platform_id: -1]
[gpu_device_id: -1]
[gpu_device_id_list: ]
[gpu_use_dp: 0]
[num_gpu: 1]

end of parameters

pandas_categorical:[]
