tree
version=v4
num_class=1
num_tree_per_iteration=1
label_index=0
max_feature_idx=32
objective=regression
feature_names=seconds_remaining sqrt_seconds_remaining half_seconds_remaining period clock_seconds score_diff score_diff_x_sqrt_time score_diff_per_min home_score away_score total_points_so_far spread_decayed total_decayed pregame_spread pregame_total expected_remaining_total has_ball_home has_ball_away down distance yardline_100 field_pos_value timeout_diff home_timeouts away_timeouts plays_run plays_per_min pace_ratio home_pass_rate away_pass_rate wind_mph is_dome wind_x_pass_rate
feature_infos=[0:3600] [0:60] [0:1800] [1:4] [0:900] [-49:49] [-28.303003374200415:30.198385718445284] [-45.230769230769234:44] [0:57] [0:59] [0:105] [-22:18] [0:63.5] [-22:18] [32:63.5] [0:63.5] [0:1] [0:1] [1:4] [0:46] [1:99] [0.01:0.98999999999999999] [-3:3] [0:3] [0:3] [0:171] [0:6.486486486486486] [0:4] [0.27702702702702703:0.7944444444444444] [0.176056338028169:0.78804347826086951] [0:71] [0:1] [0:44.411239281339327]
tree_sizes=5573 5779 5778 5765 5768 5759 5761 5770 5753 5749 5758 5761 5764 5781 5758 5738 5757 5782 5742 5797 5750 5788 5763 5776 5776 5776 5748 5779 5777 5778 5767 5786 5797 5740 5800 5822 5794 5834 5786 5799 5807 5729 5835 5751 5758 5764 5795 5834 5815 5764 5739 5816 5845 5816 5782 5788 5800 5785 5720 5818 5790 5749 5748 5747 5755 5775 5819 5770 5754 5764 5820 5857 5827

Tree=0
num_leaves=63
num_cat=0
split_feature=12 12 12 12 13 12 12 12 13 13 13 11 13 11 13 13 7 13 12 13 7 30 14 7 11 16 31 7 14 13 11 12 12 14 16 20 13 11 20 20 30 13 12 31 6 16 20 24 13 14 28 11 20 16 16 14 14 0 30 14 13 31
split_gain=3.51444e+06 484354 446924 95227.1 89858.5 56045.9 52546.6 49435.2 48287.5 33811.7 31590.2 24876.1 17540.7 14257.5 13248.9 10310.3 10835 10131.2 8924.54 8663.37 8058.94 7200.42 8768.51 6648.74 6866.57 6065.33 5994.24 5880.59 5454.7 5222.01 5217.79 5175 5045.03 4788.54 4748.08 5818.96 4317.61 4245.03 4205.28 4188.84 4175.05 4925.52 4147.76 3941.88 3808.48 3753.36 4782.94 3729.93 3618.76 3537.17 3508.01 3290.29 3212.54 3175.6 3045.1 2996.81 2968.15 2893.66 2756.34 2743.19 2741.9 2708.33
threshold=22.000069444444446 35.624583333333341 10.09263888888889 27.498055555555556 -7.7499999999999991 16.367222222222225 4.0561805555555557 43.838055555555563 -8.2499999999999982 -8.2499999999999982 4.2500000000000009 2.7813194444444451 -8.2499999999999982 4.0002777777777787 -11.249999999999998 -7.7499999999999991 -0.72830750797428789 1.2500000000000002 30.622569444444448 -2.7499999999999996 -1.1830060318096971 8.5000000000000018 50.750000000000007 -0.58909208781244293 1.679027777777778 1.0000000180025095e-35 1.0000000180025095e-35 -2.9890579366521446 48.250000000000007 -6.7499999999999991 -7.7909027777777764 24.585625000000004 13.072500000000002 39.750000000000007 1.0000000180025095e-35 34.500000000000007 -11.249999999999998 -1.9882638888888886 34.500000000000007 53.500000000000007 1.5000000000000002 -4.2499999999999991 38.881250000000009 1.0000000180025095e-35 -6.0610549929969961 1.0000000180025095e-35 34.500000000000007 2.5000000000000004 -11.249999999999998 43.250000000000007 0.52051335998316872 -1.5206944444444439 27.500000000000004 1.0000000180025095e-35 1.0000000180025095e-35 46.750000000000007 52.750000000000007 1804.5000000000002 11.500000000000002 48.250000000000007 -8.7499999999999982 1.0000000180025095e-35
decision_type=2 2 2 2 2 2 2 2 2 2 2 2 2 2 2 2 2 2 2 2 2 10 2 2 2 2 2 2 2 2 2 2 2 2 2 8 2 2 8 8 8 2 2 2 2 2 8 2 2 2 2 2 8 2 2 2 2 2 8 2 2 2
left_child=2 3 6 9 14 15 27 10 36 48 19 18 -7 21 -3 -4 -17 25 54 42 -8 22 51 -14 45 39 52 -1 43 -22 -30 -19 -18 -20 35 -29 -5 -35 53 -11 41 -24 -6 -16 -28 46 -25 -13 -2 -46 -49 -9 -21 -31 -10 -51 -15 -26 -12 -38 -50 -39
right_child=1 4 5 8 7 12 20 13 11 17 58 47 23 56 28 16 32 31 33 26 29 -23 40 24 57 -27 44 34 30 38 -32 -33 -34 37 -36 -37 59 61 -40 -41 -42 -43 -44 -45 49 -47 -48 50 60 55 -52 -53 -54 -55 -56 -57 -58 -59 -60 -61 -62 -63
leaf_value=11.057077859758145 11.420190555334365 11.678151229645829 11.287556704329466 11.554553778376242 11.94583978309808 11.38886201618889 11.16973565712043 12.127230332917474 11.843447328992879 11.774683984684906 12.279049299959011 11.932325413407982 11.439459949053637 12.389281107106207 11.78782070208255 11.300774614979021 11.397316972833787 11.723952937425793 11.75408018977075 12.146859643638265 11.20894019064189 12.091051131303102 12.213554088074879 11.678597839765915 11.62562375200184 11.638349416846369 11.978852812539326 11.241953906026184 12.144502923385664 11.408578334442794 11.838420301231334 11.824003324333278 11.468096117373157 11.868023117768493 11.090186841923298 11.131302243195083 11.659965596633679 11.917791375179231 11.269475893260974 11.679730750515521 12.238679029784286 12.489551051695326 12.032398811158382 11.997874895539384 12.031958466696892 11.520608010074611 11.558523229542285 11.951241271045838 11.588479673684258 12.377941459468506 12.104119523419357 12.264447284061216 12.027585741258415 11.287536776918522 11.764090791950322 12.186173124158316 12.617788393348038 11.769934534920495 12.141992101668261 11.840375729362631 11.390037478845107 12.020521190996144
leaf_weight=3586 847 1038 1871 904 2489 1660 2375 1151 2586 2083 1650 776 1000 616 892 1798 4860 2740 573 715 2495 885 231 1079 1392 4062 223 1615 364 1159 229 2454 5248 3674 4194 4732 1033 2297 5654 2630 572 638 3217 299 241 4064 3573 525 1019 319 1422 749 3004 1032 2290 653 207 462 507 264 209 910
leaf_count=3586 847 1038 1871 904 2489 1660 2375 1151 2586 2083 1650 776 1000 616 892 1798 4860 2740 573 715 2495 885 231 1079 1392 4062 223 1615 364 1159 229 2454 5248 3674 4194 4732 1033 2297 5654 2630 572 638 3217 299 241 4064 3573 525 1019 319 1422 749 3004 1032 2290 653 207 462 507 264 209 910
internal_value=11.6098 11.894 11.3237 11.7756 12.0828 11.4673 11.1792 12.1238 11.8572 11.6879 12.0722 11.8891 11.5408 12.2567 11.8203 11.3967 11.4139 11.7159 11.8589 12.0374 11.253 12.2192 12.253 11.5626 11.5743 11.6831 12.0845 11.1128 11.9029 11.2722 12.0269 11.7713 11.434 11.8933 11.1318 11.1594 11.6384 11.9049 11.2923 11.7217 12.3467 12.417 11.9947 11.8408 12.1718 11.5557 11.5864 12.026 11.4996 12.2069 12.0631 12.1816 12.0507 11.3514 11.8062 12.2498 12.4479 11.6617 12.2471 11.6968 11.5546 11.9471
internal_weight=108036 54187 53849 33298 20889 27007 26842 18067 17254 16044 13018 15053 13230 5049 2822 13777 11906 13969 12330 10861 12715 4226 3341 11570 10570 8775 5155 14127 1784 10340 593 5194 10108 7454 10541 6347 2201 6881 7845 4713 1441 869 5706 1191 1436 8716 4652 2723 2075 1213 1947 1900 3719 2191 4876 972 823 1854 2157 1297 1228 3207
internal_count=108036 54187 53849 33298 20889 27007 26842 18067 17254 16044 13018 15053 13230 5049 2822 13777 11906 13969 12330 10861 12715 4226 3341 11570 10570 8775 5155 14127 1784 10340 593 5194 10108 7454 10541 6347 2201 6881 7845 4713 1441 869 5706 1191 1436 8716 4652 2723 2075 1213 1947 1900 3719 2191 4876 972 823 1854 2157 1297 1228 3207
is_linear=0
shrinkage=1


Tree=1
num_leaves=63
num_cat=0
split_feature=12 12 12 13 13 12 12 12 12 11 13 11 13 13 32 14 11 7 13 7 12 20 16 20 20 12 16 13 7 12 16 14 13 31 7 12 16 16 20 12 12 11 14 12 7 11 13 8 14 11 14 29 12 16 7 30 20 13 12 32 12 13
split_gain=3.19231e+06 436024 402630 94015.2 66606.6 60282.1 59237.1 51614.9 47712.6 24390.4 20292.1 17266.4 16673.3 16226.9 10314.4 9926.14 9479.98 9063.1 8058.09 8318.17 7814.65 6183.62 6089.63 6354.25 5390.23 5372.3 5212.05 5049.74 5009.04 4852.9 4695.99 4511.6 4677.2 4475.43 4833.34 4311.82 4133.29 3983.43 4931.62 3883.5 3733.29 3714.7 3165.99 2795.76 2781.33 2730.31 2682.28 3213.48 2620.46 2610.53 2597.97 2666.94 2553.48 2492.47 2474.05 2472.97 2462.77 2446.75 2444.2 2431.25 2364.16 2245.6
threshold=22.000069444444446 34.210555555555565 10.453888888888889 -6.7499999999999991 -8.2499999999999982 27.313541666666669 41.584027777777784 3.8789583333333342 16.367222222222225 3.2298611111111115 -11.249999999999998 2.306805555555556 4.2500000000000009 -8.2499999999999982 0.5755360009172209 50.750000000000007 1.0317361111111116 -1.0045949876694136 -7.7499999999999991 -0.72830750797428789 44.119166666666679 29.500000000000004 1.0000000180025095e-35 45.500000000000007 34.500000000000007 26.269305555555558 1.0000000180025095e-35 -2.7499999999999996 -2.9890579366521446 23.814375000000005 1.0000000180025095e-35 40.250000000000007 -2.7499999999999996 1.0000000180025095e-35 1.0000000180025095e-35 13.46340277777778 1.0000000180025095e-35 1.0000000180025095e-35 30.500000000000004 23.954236111111111 8.0710416666666678 7.5001388888888902 52.750000000000007 30.622569444444448 -0.58909208781244293 -3.6005555555555548 -11.249999999999998 13.500000000000002 48.250000000000007 5.5018055555555563 40.750000000000007 0.62712842712842731 20.500138888888895 1.0000000180025095e-35 -0.16429514802710854 13.500000000000002 34.500000000000007 -12.249999999999998 44.500763888888898 6.7340460360381895 37.614652777777785 -11.249999999999998
decision_type=2 2 2 2 2 2 2 2 2 2 2 2 2 2 8 2 2 2 2 2 2 8 2 8 8 2 2 2 2 2 2 2 2 2 2 2 2 2 8 2 2 2 2 2 2 2 2 2 2 2 2 2 2 2 2 8 8 2 2 8 2 2
left_child=2 4 7 10 25 16 9 28 18 21 -3 27 14 61 15 -8 29 -9 -4 -20 -12 30 23 -15 26 57 -19 43 -1 -6 -5 -23 60 50 -35 56 -31 38 -30 -18 -26 54 -14 -7 -24 -17 -27 -48 -22 -11 -29 -52 -46 -37 -13 -51 -21 -2 -16 -41 -33 -10
right_child=1 3 8 6 5 11 12 17 13 49 20 41 42 22 58 45 39 24 19 35 48 31 44 -25 40 46 -28 33 37 36 -32 32 -34 34 -36 53 -38 -39 -40 59 -42 -43 -44 -45 52 -47 47 -49 -50 55 51 -53 -54 -55 -56 -57 -58 -59 -60 -61 -62 -63
leaf_value=-0.52496418996651972 -0.19605644176017892 0.06059227944501451 -0.29991389945183217 0.53112752689106146 0.019866663065073911 0.15294651148441088 0.55111334064720374 -0.41493768238494327 -0.27889225521721633 0.50121248682911279 0.25843676478323807 0.25337065875833398 0.71467937995874609 0.053310661949373721 0.46088562445926035 0.59143070814633136 0.10137072348421119 -0.19553658558281861 -0.28715317787896416 -0.13898295525148094 0.30886343951026601 0.21765406287488448 -0.1880718059193941 -0.050766286410906782 -0.36597876839621851 -0.066980121141033508 -0.32568823009399545 0.11761643262559658 -0.34566601900262561 0.13748667077944118 0.37726526562412149 0.27265082419985148 0.40404612749877455 0.25374548720355 0.45740130859335637 -0.095316432206286342 0.050517921363887788 -0.49474910760563406 -0.45414888055558145 0.21594158904860308 -0.29531294854364426 0.53760130133831285 0.91852712782602475 0.22261840648064105 -0.095447860781531599 0.80657403612291656 -0.00060752412753064503 0.17640095960148336 0.49973290001786186 0.64311531915185227 0.26134042529260909 0.074141495956036335 -0.017572422087774993 -0.16981265520652872 0.36771443530608311 0.44648475270826843 -0.21973132483410585 -0.071255389902039654 0.54441864754441038 0.10245238249003888 0.36040464419366636 -0.16136358799508466
leaf_weight=3599 617 1212 1763 971 3273 2851 1343 2985 706 1201 3079 638 1074 2381 1756 201 1991 1556 1685 1283 284 580 566 3815 4832 839 1535 456 1366 2920 1048 1473 3458 678 518 2346 2570 4026 4786 2274 3108 264 251 2937 3357 769 937 352 526 955 2495 207 1534 2163 1959 205 3656 1083 1896 599 1659 973
leaf_count=3599 617 1212 1763 971 3273 2851 1343 2985 706 1201 3079 638 1074 2381 1756 201 1991 1556 1685 1283 284 580 566 3815 4832 839 1535 456 1366 2920 1048 1473 3458 678 518 2346 2570 4026 4786 2274 3108 264 251 2937 3357 769 937 352 526 955 2495 207 1534 2163 1959 205 3656 1083 1896 599 1659 973
internal_value=-0.00024331 0.270121 -0.272499 0.429783 0.144612 0.172645 0.481343 -0.405101 -0.131976 0.410828 0.239292 0.249655 0.592993 -0.0656422 0.557118 0.640116 0.0991483 -0.337491 -0.200541 -0.184779 0.294954 0.373908 -0.0446939 -0.0107694 -0.316498 -0.0503963 -0.260255 0.21901 -0.473854 0.0680652 0.451489 0.352003 0.363792 0.259739 0.342259 -0.166493 0.0967911 -0.455731 -0.430121 0.155122 -0.338358 0.358172 0.753959 0.188332 -0.0832034 0.762648 0.00255349 0.0478292 0.433274 0.554298 0.228388 0.247032 -0.0710318 -0.131083 0.339732 0.60878 -0.198788 -0.116639 0.50439 0.192324 0.319234 -0.21092
internal_weight=108420 54399 54021 23941 30458 26630 18840 27793 26228 11550 5101 13003 7290 13332 5965 2313 13627 14016 12896 11133 3889 9189 11653 6196 11031 3828 3091 10142 13777 8763 2019 7170 6590 4354 1196 9448 5490 10178 6152 4864 7940 2861 1325 5788 5457 970 2128 1289 810 2361 3158 2702 4891 4509 2597 1160 4939 1700 3652 2873 3132 1679
internal_count=108420 54399 54021 23941 30458 26630 18840 27793 26228 11550 5101 13003 7290 13332 5965 2313 13627 14016 12896 11133 3889 9189 11653 6196 11031 3828 3091 10142 13777 8763 2019 7170 6590 4354 1196 9448 5490 10178 6152 4864 7940 2861 1325 5788 5457 970 2128 1289 810 2361 3158 2702 4891 4509 2597 1160 4939 1700 3652 2873 3132 1679
is_linear=0
shrinkage=0.05


Tree=2
num_leaves=63
num_cat=0
split_feature=12 12 15 13 12 13 12 12 12 11 13 13 13 11 12 12 11 13 7 20 7 7 11 16 30 14 13 16 16 14 20 13 16 20 20 14 16 7 14 5 13 11 13 12 16 20 12 31 5 31 11 5 0 12 8 11 13 5 14 14 14 14
split_gain=2.86127e+06 428944 340348 94650 72009.8 51750.5 49943.2 38841.9 34878.2 22778.5 20041.2 18217.2 14241.1 12026.1 11975.8 9989.17 7455.57 7432.27 8246.9 6756.01 6588.2 6558.64 6288.48 5843.07 5344.74 5275.72 5119.82 5099.09 5088.5 4980.92 4433.94 4388.45 4382.37 4517.32 4343.54 4155.19 4066.68 3892.01 3728.81 4082.58 3640.64 3434.93 3414.47 3409.65 3315.46 3680.25 3188.63 2991.66 3553.35 2959.03 2923.12 3079.79 2890.65 2852.38 2798.51 2763.41 2599.87 2454.04 3687.24 2424.74 3230.79 2382.1
threshold=21.582222222222224 32.229583333333338 9.3007638888888895 -6.7499999999999991 40.186041666666675 -8.2499999999999982 15.324930555555557 26.269305555555558 3.535416666666666 3.1102083333333339 -11.249999999999998 4.2500000000000009 -8.2499999999999982 2.4293750000000003 46.049166666666672 40.423125000000006 1.5728472222222225 -7.7499999999999991 -0.72830750797428789 34.500000000000007 -1.4310988856414981 -0.63896143452423371 1.271597222222222 1.0000000180025095e-35 1.5000000000000002 40.250000000000007 -11.249999999999998 1.0000000180025095e-35 1.0000000180025095e-35 48.250000000000007 28.500000000000004 -8.7499999999999982 1.0000000180025095e-35 34.500000000000007 34.500000000000007 50.750000000000007 1.0000000180025095e-35 -1.9269899031315665 40.250000000000007 2.5000000000000004 -2.7499999999999996 5.7887500000000012 -2.7499999999999996 47.663819444444449 1.0000000180025095e-35 47.500000000000007 23.814375000000005 1.0000000180025095e-35 1.0000000180025095e-35 1.0000000180025095e-35 6.9356944444444446 -7.4999999999999991 2153.5000000000005 11.751666666666667 12.500000000000002 6.0889583333333341 -6.2499999999999991 -4.4999999999999991 45.750000000000007 49.750000000000007 48.250000000000007 40.750000000000007
decision_type=2 2 2 2 2 2 2 2 2 2 2 2 2 2 2 2 2 2 2 8 2 2 2 2 8 2 2 2 2 2 8 2 2 8 8 2 2 2 2 2 2 2 2 2 2 8 2 2 2 2 2 2 2 2 2 2 2 2 2 2 2 2
left_child=2 5 8 10 9 26 17 16 37 19 -3 14 -8 27 40 -12 23 -4 -19 28 -10 -14 38 46 35 -21 52 30 -5 -17 -9 54 33 -22 36 -16 -20 -1 -23 -40 -6 57 -27 -13 45 -39 -7 -44 -49 59 51 -15 -2 -36 -28 -18 -41 -11 -59 60 -42 -24
right_child=1 3 6 4 11 7 12 13 20 41 15 43 21 50 24 29 55 18 34 25 32 22 61 -25 -26 42 31 -29 -30 -31 -32 -33 -34 -35 53 -37 -38 44 39 56 49 -43 47 -45 -46 -47 -48 48 -50 -51 -52 -53 -54 -55 -56 -57 -58 58 -60 -61 -62 -63
leaf_value=-0.49486830560984629 -0.19937627652996326 0.045244482225794511 -0.30650797493437781 0.46787252024710657 0.42290631625593705 0.050362719725589603 -0.21039761196792406 0.30710222665783876 -0.41776504015053723 0.34801058218099967 0.20234363672780042 0.6562601979295799 -0.17974196947003665 0.16900804233029143 0.55346799564057803 0.27946844896586071 0.12774251144755608 -0.28992542450969355 -0.061268426971831436 0.17768807228952838 -0.21400755028733551 -0.14519105102035249 0.10674720378729795 0.0091368737143067268 0.53414562736725935 0.27719077732131192 -0.041930231221929931 0.1384406342472424 0.32796859657471739 0.44760950597783911 0.18868415672669259 -0.17825829604433643 -0.35577891627289271 -0.31717162812070776 -0.23717748481340886 0.76994741293732261 -0.18669427637831087 -0.35882455521216311 -0.094880217086483851 -0.096463666693226147 0.46602041778907655 0.56426315857548148 0.31958442264289977 0.85011460350619439 -0.47510128847190319 -0.44473909950032486 0.12979711353682968 0.34694386711745173 0.54122370863788238 0.58603593818449817 0.47234779659336734 0.32078769458366163 -0.053413670641534475 -0.17123817086011589 0.085607468776012718 0.3074274888068631 0.0017657763210723678 0.40923845968684375 0.59321891223802181 0.32892979146174667 0.66440921467009595 -0.0053745659791558436
leaf_weight=4202 863 1395 1797 1240 2511 2615 1734 995 2112 480 2800 1420 1004 433 362 1014 3019 1974 1332 786 1455 1307 610 4225 1205 3213 990 4376 1399 791 3907 359 4738 4021 2801 641 1257 2105 3264 858 1503 991 2577 287 3324 3194 2447 626 388 845 242 1523 560 4007 759 230 3121 685 470 264 245 2108
leaf_count=4202 863 1395 1797 1240 2511 2615 1734 995 2112 480 2800 1420 1004 433 362 1014 3019 1974 1332 786 1455 1307 610 4225 1205 3213 990 4376 1399 791 3907 359 4738 4021 2801 641 1257 2105 3264 858 1503 991 2577 287 3324 3194 2447 626 388 845 242 1523 560 4007 759 230 3121 685 470 264 245 2108
internal_value=0.000742743 0.250215 -0.26473 0.387514 0.435258 0.109942 -0.142041 0.136223 -0.397277 0.358569 0.211314 0.541405 -0.0763073 0.202685 0.507988 0.2616 0.0753691 -0.211947 -0.196978 0.324778 -0.337149 -0.0573451 -0.0464243 0.0525522 0.606335 0.30071 -0.0687685 0.177735 0.393858 0.353359 0.212778 -0.0192813 -0.32044 -0.289805 -0.177424 0.692445 -0.122213 -0.455034 -0.0674826 -0.0534419 0.46743 0.490021 0.314893 0.689332 -0.435568 -0.410684 0.0887798 0.348541 0.421744 0.5064 0.307872 0.287292 -0.142013 -0.198398 0.0134336 0.140553 -0.0194346 0.444705 0.484553 0.47268 0.494191 0.0198189
internal_weight=108006 55681 52325 28138 22138 27543 27174 24012 25151 12855 6000 9283 14006 11476 7576 4605 12536 13168 11371 10229 12326 12272 11268 9287 2208 7590 3531 9278 2639 1805 4902 2108 10214 5476 9397 1003 2589 12825 8550 7243 5368 2626 6804 1707 8623 5299 5062 3591 1014 2857 2198 1956 1423 6808 1749 3249 3979 1635 1155 2012 1748 2718
internal_count=108006 55681 52325 28138 22138 27543 27174 24012 25151 12855 6000 9283 14006 11476 7576 4605 12536 13168 11371 10229 12326 12272 11268 9287 2208 7590 3531 9278 2639 1805 4902 2108 10214 5476 9397 1003 2589 12825 8550 7243 5368 2626 6804 1707 8623 5299 5062 3591 1014 2857 2198 1956 1423 6808 1749 3249 3979 1635 1155 2012 1748 2718
is_linear=0
shrinkage=0.05


Tree=3
num_leaves=63
num_cat=0
split_feature=12 12 15 13 13 12 12 12 12 13 13 13 13 12 13 11 12 12 12 13 6 30 17 11 14 6 13 13 11 20 6 11 30 17 20 20 16 14 6 32 9 6 14 12 14 16 14 32 9 12 20 16 14 14 30 30 20 29 14 11 20 12
split_gain=2.60392e+06 364609 329165 74603.7 55530.2 51269 43612.7 43058.2 31112.8 25428.1 17241 15778.3 12824.8 12233.9 11306.8 11017.3 8016.17 7780.92 7697.06 6057.47 6214.35 5987.95 5951.25 5159.49 5000.3 5033.23 4931.29 4771.92 4471.14 4408.73 4286.64 4156.96 3954.67 3619.95 3577.16 3405.6 3464.89 3401.61 3053.32 2960.55 2926.53 2878.38 3806.81 2862.38 2817.44 2797.72 2743.3 2702.97 2688.86 2620.48 2565.46 2556.99 2524.03 2365.84 3497.13 2333.19 2296.21 2266.22 3753.39 2265.43 2183.8 2131.06
threshold=22.000069444444446 34.026111111111121 9.3007638888888895 -4.7499999999999991 -6.2499999999999991 14.900763888888891 41.584027777777784 26.621180555555558 3.535416666666666 -11.249999999999998 5.2500000000000009 -8.2499999999999982 -11.249999999999998 44.119166666666679 4.2500000000000009 2.306805555555556 18.036180555555557 28.799166666666668 47.027222222222228 -7.7499999999999991 -4.229443750389005 8.5000000000000018 1.0000000180025095e-35 1.5728472222222225 41.750000000000007 -1.7222401130664096 -8.2499999999999982 -8.7499999999999982 0.81847222222222238 34.500000000000007 14.567219658640726 1.5314583333333338 1.5000000000000002 1.0000000180025095e-35 30.500000000000004 34.500000000000007 1.0000000180025095e-35 41.750000000000007 -6.2899721709352763 3.6338818444689065 12.500000000000002 -4.1001524333570893 40.250000000000007 6.8340277777777789 52.750000000000007 1.0000000180025095e-35 53.250000000000007 1.0837513834038144 16.500000000000004 36.803888888888899 58.500000000000007 1.0000000180025095e-35 48.250000000000007 46.250000000000007 3.5000000000000004 1.5000000000000002 34.500000000000007 0.60403138528138534 48.250000000000007 3.8376388888888897 39.500000000000007 30.394652777777782
decision_type=2 2 2 2 2 2 2 2 2 2 2 2 2 2 2 2 2 2 2 2 2 10 2 2 2 2 2 2 2 10 2 2 8 2 8 8 2 2 2 8 2 2 2 2 2 2 2 8 2 2 8 2 2 2 10 10 8 2 2 2 8 2
left_child=2 4 8 9 12 19 10 23 33 -3 21 -7 53 26 18 24 45 -14 39 -4 -21 31 43 30 -9 -26 27 52 41 -24 51 37 46 -1 -35 36 -22 55 -17 -8 59 -18 -43 -10 -16 50 -20 48 -30 -39 -13 56 -11 54 -2 -5 -6 58 -33 -25 -51 -27
right_child=1 3 5 6 7 11 14 15 22 13 -12 16 17 -15 44 38 28 -19 32 20 35 -23 29 40 25 61 -28 -29 47 -31 -32 57 -34 34 -36 -37 -38 49 -40 -41 -42 42 -44 -45 -46 -47 -48 -49 -50 60 -52 -53 -54 -55 -56 -57 -58 -59 -60 -61 -62 -63
leaf_value=-0.45627701837183143 -0.21834925846230213 0.049226627450395966 -0.29556871388823169 0.35495045837723144 0.16531045700909727 -0.20260312965263372 0.51729648181317112 0.13022467384745562 -0.38391434896472915 0.18639721622807359 0.52010628641491896 -0.023402363193086861 -0.00013092120020707337 0.43148590848712925 0.64638828173755936 0.20985216889563213 -0.11660451467065369 0.11914910471244022 0.62642155603094163 -0.2604709581673228 -0.057398423480368423 0.28536452628694203 -0.21754591580817739 0.15332635987827761 0.16488827231714817 0.22126923521936331 0.29506273069834582 -0.0057569136147229173 0.16160927978881257 -0.31265012342812937 0.28807532725889889 0.41945266648496998 0.53402637344054227 -0.33774921180346557 -0.42711525604880984 -0.19123160511153894 -0.18312491307915549 0.31457811550753223 0.33951077533606977 0.42322573874588809 0.087220116311573337 -0.13668246502083253 -0.0091104023804947677 -0.31468124534458486 0.83777583011492041 -0.13572530383849704 0.84296790559282186 -0.0043169328922390256 -0.022853504816691083 0.47117193663094992 -0.11905991388342248 0.030262894975308666 0.3524979126395531 -0.19558233397078395 -0.0078916597565160812 0.15711627255236224 0.070442998118520672 0.31739696118980648 0.59546199004234734 0.27889329660955509 0.36514721437909703 0.28858486896960572
leaf_weight=7202 277 1198 1670 262 811 2018 2099 1833 3676 908 1928 1612 3740 1391 1063 567 1258 2154 429 2594 1135 2319 1719 1461 2482 2542 3730 264 580 4287 217 1189 705 1578 4100 5911 1061 1313 2417 1462 1292 701 3503 2588 253 2752 246 2270 299 802 1240 3242 308 600 681 351 2993 319 418 479 1326 2235
leaf_count=7202 277 1198 1670 262 811 2018 2099 1833 3676 908 1928 1612 3740 1391 1063 567 1258 2154 429 2594 1135 2319 1719 1461 2482 2542 3730 264 580 4287 217 1189 705 1578 4100 5911 1061 1313 2417 1462 1292 701 3503 2588 253 2752 246 2270 299 802 1240 3242 308 600 681 351 2993 319 418 479 1326 2235
internal_value=0.000425554 0.244616 -0.246272 0.38867 0.128094 -0.130247 0.44896 0.167164 -0.378222 0.2612 0.385262 -0.0718032 0.00974753 0.299657 0.552996 0.231543 -0.0532215 0.0434735 0.518029 -0.206924 -0.193064 0.353876 -0.321179 0.0930725 0.204136 0.22278 0.264385 0.186922 -0.0229266 -0.285471 0.0696698 0.380393 0.618825 -0.432534 -0.402343 -0.171466 -0.118199 0.351397 0.314952 0.478805 0.145626 -0.0502799 -0.03041 -0.355365 0.683791 -0.0997597 0.706471 0.0245191 0.0989079 0.370789 -0.0650198 0.0629035 0.228724 -0.117786 -0.0689085 0.242112 0.0907066 0.441211 0.465577 0.184457 0.405308 0.252818
internal_weight=108060 54306 53754 24283 30023 28604 16484 22571 25150 7799 10227 16233 7452 6601 6257 12076 14215 5894 4941 12371 10701 8299 12270 10495 9092 7259 5210 1480 8611 6006 7263 5980 1380 12880 5678 8107 2196 4054 2984 3561 3232 5462 4204 6264 1316 5604 675 3149 879 3441 2852 7046 1216 1558 958 613 3804 1926 1607 1940 2128 4777
internal_count=108060 54306 53754 24283 30023 28604 16484 22571 25150 7799 10227 16233 7452 6601 6257 12076 14215 5894 4941 12371 10701 8299 12270 10495 9092 7259 5210 1480 8611 6006 7263 5980 1380 12880 5678 8107 2196 4054 2984 3561 3232 5462 4204 6264 1316 5604 675 3149 879 3441 2852 7046 1216 1558 958 613 3804 1926 1607 1940 2128 4777
is_linear=0
shrinkage=0.05


Tree=4
num_leaves=63
num_cat=0
split_feature=12 12 12 13 12 12 12 12 13 13 11 13 13 13 13 13 13 7 12 20 11 32 14 14 7 13 12 12 14 13 7 13 25 9 16 5 16 20 16 20 7 31 6 16 14 13 6 20 28 11 13 6 32 14 20 14 22 16 20 20 16 32
split_gain=2.36079e+06 341372 293695 62184.8 52820.3 42556.8 39307.6 33508.2 29011.4 23702.7 15699.7 14771.9 14343.6 13521 10649.5 9365.92 7982.76 8347.69 7415.93 5988.12 5982.64 5879.63 6960.49 5431.83 5165.9 5101.05 4770.06 4602.88 4542.15 4318.84 4130.67 4023.97 3580.54 3353.25 3353.09 3332.37 3301.45 4730.99 3240.76 3122.21 3047.51 2871.39 4898.67 2823.65 2810.57 2746.09 2608.58 2586.14 2499.13 3045.96 2497.76 2484.4 2450.45 2413.15 2373.45 2292.45 2253.36 2242.88 2234.48 2190.23 2395.63 2139.15
threshold=22.800277777777779 10.816319444444447 35.624583333333341 -6.7499999999999991 28.799166666666668 5.232916666666668 18.036180555555557 42.380069444444452 -8.2499999999999982 -8.2499999999999982 2.7813194444444451 4.2500000000000009 -11.249999999999998 -8.2499999999999982 4.2500000000000009 -2.7499999999999996 -7.7499999999999991 -0.6664815843050157 1.9811111111111106 34.500000000000007 3.1102083333333339 0.5755360009172209 50.750000000000007 48.250000000000007 -1.0045949876694136 -7.2499999999999991 13.46340277777778 25.619722222222226 39.750000000000007 -8.2499999999999982 -0.32539318399626421 -2.7499999999999996 20.500000000000004 16.500000000000004 1.0000000180025095e-35 -9.4999999999999982 1.0000000180025095e-35 14.500000000000002 1.0000000180025095e-35 34.500000000000007 -1.7768844300873856 1.0000000180025095e-35 2.4492345610174353 1.0000000180025095e-35 40.250000000000007 -2.7499999999999996 6.1944531626926223 54.500000000000007 0.52909799051704687 5.2802083333333334 -11.249999999999998 -8.646900521267737 1.0983511222175084 52.750000000000007 31.500000000000004 48.250000000000007 1.0000000180025095e-35 1.0000000180025095e-35 59.500000000000007 30.500000000000004 1.0000000180025095e-35 2.1687968155682102
decision_type=2 2 2 2 2 2 2 2 2 2 2 2 2 2 2 2 2 2 2 8 2 8 2 2 2 2 2 2 2 2 2 2 2 2 2 2 2 8 2 8 2 2 2 2 2 2 2 10 2 2 2 2 8 2 8 2 2 2 8 8 2 8
left_child=1 5 4 12 9 18 16 11 -6 50 28 19 -4 -8 21 35 -3 -18 -1 43 30 22 -9 29 -7 -26 -19 54 -10 52 -15 -30 -25 -22 47 -11 37 -32 39 -27 -20 -33 -43 -5 -21 -46 -47 -28 61 56 -2 -29 -14 -16 -17 -52 -50 58 -37 60 -42 -12
right_child=2 6 3 7 8 24 13 14 10 15 48 -13 23 20 53 27 17 26 40 44 33 -23 -24 32 25 38 34 51 31 -31 36 41 -34 -35 -36 57 -38 -39 -40 -41 59 42 -44 -45 45 46 -48 -49 49 -51 55 -53 -54 -55 -56 -57 -58 -59 -60 -61 -62 -63
leaf_value=-0.42965845516255574 -0.1397168721575047 -0.24209094814203391 0.060209845715634862 0.48184887827840622 0.029175483547007337 -0.34084410161967166 -0.16897035428334642 0.4750873544806779 0.10147138185954344 -0.034672556882383 0.40442184329289815 0.50327751724474301 0.26674038628058405 -0.093294913919402367 0.62427805209092879 0.17965001953650223 -0.23141254167253555 -0.1629765476459267 -0.41378619768504676 0.20249946350457915 0.17071855623013021 0.45071721932758529 0.66362071445379245 0.44021152571849581 -0.32854859582791357 -0.13624568306426668 -0.024889306008028605 0.063373665854880953 0.19620142165114474 0.29069277307875269 0.20170262718516768 0.23658813208700191 0.2645548439392279 -0.027144836164940862 -0.13146884978068804 0.14675045892879482 -0.044920782205323646 0.0050807407818164799 -0.27255449315145758 -0.23427332596157691 -0.23497213264938344 0.25046999199436476 0.46132984218868622 0.36395985565231731 0.29503629425128841 0.34550598134006211 0.47586699181600756 -0.10919174632627537 0.38724995591030059 0.4998973546104104 -0.068783127858609822 0.1984042073445664 0.10063748995037698 0.81025403260178708 0.088956924827579067 0.086017456467335052 0.20199563408121818 0.041059583188169782 0.061390616203260896 -0.36187689112740812 -0.36077909863978713 0.22683054751517773
leaf_weight=8269 842 2117 1037 1017 1813 2241 1579 1098 791 777 260 1893 321 1767 889 918 2010 4208 2203 452 653 3179 911 636 1962 1123 2034 381 5094 1221 329 3126 546 318 3409 1551 3563 4196 3635 2987 840 756 438 1065 2641 2632 459 1646 787 509 905 3312 723 236 3385 324 212 2548 1520 4724 705 505
leaf_count=8269 842 2117 1037 1017 1813 2241 1579 1098 791 777 260 1893 321 1767 889 918 2010 4208 2203 452 653 3179 911 636 1962 1123 2034 381 5094 1221 329 3126 546 318 3409 1551 3563 4196 3635 2987 840 756 438 1065 2641 2632 459 1646 787 509 905 3312 723 236 3385 324 212 2548 1520 4724 705 505
internal_value=-4.62431e-06 -0.223372 0.244131 0.388482 0.14576 -0.344396 -0.0985995 0.433425 0.216088 0.0847001 0.243241 0.377121 0.223323 -0.0323343 0.523957 0.107458 -0.151889 -0.137522 -0.395858 0.348172 -0.0123919 0.493472 0.560867 0.272362 -0.272263 -0.256397 -0.120797 0.143532 0.216731 0.226822 -0.0240622 0.226403 0.359363 0.105958 -0.0957401 0.0623445 -0.00892718 0.019418 -0.238079 -0.207528 -0.36282 0.261963 0.328142 0.421749 0.323336 0.332828 0.365012 -0.0626157 0.362118 0.399686 -0.0734282 0.184494 0.151916 0.663977 0.108343 -0.0279365 0.348178 0.0757638 0.104535 -0.344847 -0.292575 0.287638
internal_weight=108228 56518 51710 20956 30754 28689 27829 16472 14291 16463 12478 10159 4484 12405 6313 14392 15424 13307 16741 8266 10826 5188 2009 3447 11948 9707 11297 7996 10205 2265 9855 9414 1182 971 7089 6396 8088 4525 7745 4110 8472 4320 1194 2082 6184 5732 3091 3680 2273 1508 2071 3693 1044 1125 4303 1229 999 5619 3071 6269 1545 765
internal_count=108228 56518 51710 20956 30754 28689 27829 16472 14291 16463 12478 10159 4484 12405 6313 14392 15424 13307 16741 8266 10826 5188 2009 3447 11948 9707 11297 7996 10205 2265 9855 9414 1182 971 7089 6396 8088 4525 7745 4110 8472 4320 1194 2082 6184 5732 3091 3680 2273 1508 2071 3693 1044 1125 4303 1229 999 5619 3071 6269 1545 765
is_linear=0
shrinkage=0.05


Tree=5
num_leaves=63
num_cat=0
split_feature=12 12 12 13 12 12 12 12 13 13 13 13 13 13 13 4 13 17 13 7 20 32 14 13 13 14 17 0 7 20 14 13 7 20 32 17 16 20 6 2 20 14 32 31 18 29 20 12 29 12 16 16 14 13 20 14 14 13 32 16 13 20
split_gain=2.11839e+06 311277 264069 54851.2 48688.3 39710.7 36575.1 31935.5 26790 20713.3 14369.1 14117.7 13181.7 11111.6 10582 7201.05 7117.44 6967.68 6048.37 6337.74 6017.83 5952.06 6546.32 5422.38 5393.42 5315.16 4846.75 4104.26 3914.85 3764.6 3734.81 3733.45 3707.61 3585.19 3483.69 3482.64 3468.46 4761.14 3450.1 3067.89 3030.41 3017.25 3743.22 4127.92 2915.02 2909.46 2836.25 2788.62 2728.96 2709.2 2692.02 2569.68 2448.91 2439.43 2437.13 2408.42 2349.6 2318.37 2239.13 2176.64 2175.21 2071.23
threshold=22.800277777777779 10.816319444444447 35.624583333333341 -6.7499999999999991 28.600763888888896 5.6268055555555554 16.976875000000003 42.380069444444452 -2.7499999999999996 -6.2499999999999991 -8.2499999999999982 5.2500000000000009 -11.249999999999998 -8.2499999999999982 4.2500000000000009 178.50000000000003 6.7500000000000009 1.0000000180025095e-35 -10.749999999999998 -0.72830750797428789 34.500000000000007 0.5755360009172209 50.750000000000007 -11.249999999999998 3.2500000000000004 48.250000000000007 1.0000000180025095e-35 1850.5000000000002 -0.46661482633488849 47.500000000000007 40.250000000000007 -8.2499999999999982 -0.58909208781244293 44.500000000000007 1.1240962989673484 1.0000000180025095e-35 1.0000000180025095e-35 47.500000000000007 -5.7713251875089968 896.50000000000011 31.500000000000004 51.750000000000007 3.7462331495098042 1.0000000180025095e-35 3.5000000000000004 0.59853819889031168 32.500000000000007 24.585625000000004 0.57481343283582098 39.967847222222225 1.0000000180025095e-35 1.0000000180025095e-35 54.750000000000007 -11.249999999999998 39.500000000000007 52.750000000000007 43.250000000000007 -8.7499999999999982 0.5755360009172209 1.0000000180025095e-35 -1.2499999999999998 13.500000000000002
decision_type=2 2 2 2 2 2 2 2 2 2 2 2 2 2 2 2 2 2 2 2 8 8 2 2 2 2 2 2 2 8 2 2 2 8 8 2 2 8 2 2 8 2 8 2 8 2 10 2 2 2 2 2 2 2 8 2 2 2 8 2 2 8
left_child=1 5 4 12 9 15 18 11 13 23 53 20 -4 -6 21 59 34 32 -3 -20 50 22 -9 -2 28 31 -7 45 -12 -28 -30 57 -11 -19 38 -17 37 44 -10 -18 -36 42 43 -27 -21 -26 -37 -34 -24 -22 -5 54 60 -8 -32 -16 -40 -14 -52 61 -23 -1
right_child=2 6 3 7 8 26 10 14 16 17 24 -13 25 -15 55 35 39 33 19 36 49 52 48 -25 27 41 29 -29 30 -31 51 -33 47 -35 40 46 -38 -39 56 -41 -42 -43 -44 -45 -46 -47 -48 -49 -50 -51 58 -53 -54 -55 -56 -57 -58 -59 -60 -61 -62 -63
leaf_value=-0.27330785324339463 -0.13426829428075338 -0.28888044399542373 0.055030024732570598 0.46125644347846406 0.030976761718839615 -0.28609696748588526 -0.23657124454310582 0.45318994044188199 0.16929971481749514 -0.12180932971392498 -0.13569019620709855 0.49028268259227137 0.18388055026748271 0.17247656153424309 0.59766806586325527 -0.37183750606415611 0.33039287498440473 0.19723303044369242 -0.2349507756676148 -0.01551931163612807 0.28264976134055925 0.40122047469651867 0.53828701638121856 0.0091563126326690124 0.048400482009623352 0.66013880634759836 -0.17370916946548987 0.18554160754669752 -0.101472126874118 -0.25745512263928672 0.072511368355012512 0.2749959533680873 0.039853225938992431 0.1160150202137952 0.30281738860707763 -0.2389782434094897 -0.15988836293253153 -0.14257725720240452 0.23938453837746101 0.50554468288786736 0.20196665566326233 0.243640228454445 0.25483468998032127 0.35626836211830382 -0.1387963389837342 -0.075651815887907245 -0.33331067023681005 0.10837053810476163 0.71725546932244644 0.3526804273677111 0.44877028047466533 -0.044351409194066528 0.27070066676760207 -0.11987687856281418 -0.011354131406072554 0.77988193941310169 0.38310181453174386 0.00057215961977976173 0.29585364944057541 -0.43386782247371186 0.49165633547524473 -0.39301366041495384
leaf_weight=402 833 768 1021 1034 1825 5633 756 1102 357 228 901 1643 840 5792 907 4417 813 2448 1670 1734 4299 1707 415 3140 1848 210 2453 420 1392 2994 1254 1217 2359 3069 980 1119 5159 3245 400 370 3182 441 252 249 662 634 2892 4015 492 2075 367 3394 244 1108 2796 245 1048 217 728 3928 1152 4774
leaf_count=402 833 768 1021 1034 1825 5633 756 1102 357 228 901 1643 840 5792 907 4417 813 2448 1670 1734 4299 1707 415 3140 1848 210 2453 420 1392 2994 1254 1217 2359 3069 980 1119 5159 3245 400 370 3182 441 252 249 662 634 2892 4015 492 2075 367 3394 244 1108 2796 245 1048 217 728 3928 1152 4774
internal_value=0.000113084 -0.211954 0.231194 0.368621 0.138301 -0.327662 -0.0926055 0.410836 0.203861 0.07813 -0.0377505 0.355948 0.212786 0.138582 0.499668 -0.374502 0.273374 0.110608 -0.152695 -0.144285 0.329937 0.468588 0.536021 -0.0209411 -0.0186318 0.25977 -0.253518 0.0411873 -0.0364625 -0.21978 -0.0263301 0.215259 0.0759314 0.152082 0.251072 -0.341049 -0.130245 -0.103111 0.309234 0.385555 0.22578 0.347371 0.411277 0.496427 -0.0496237 0.016695 -0.30706 0.0830227 0.636051 0.305499 0.402923 -0.0122671 0.42477 -0.167307 0.0146246 0.637063 0.343594 0.146284 0.347468 -0.405431 0.43782 -0.383771
internal_weight=108069 56353 51716 20857 30859 28612 27741 16410 14767 16092 14503 10146 4447 7617 6264 17532 7150 12119 13238 12470 8503 5112 2009 3973 12639 3426 11080 2902 9737 5447 8836 2274 6602 5517 5967 8428 10800 5641 1805 1183 4162 1152 711 459 2396 2482 4011 6374 907 6374 2129 7444 3103 1864 4050 1152 1448 1057 1095 9104 2859 5176
internal_count=108069 56353 51716 20857 30859 28612 27741 16410 14767 16092 14503 10146 4447 7617 6264 17532 7150 12119 13238 12470 8503 5112 2009 3973 12639 3426 11080 2902 9737 5447 8836 2274 6602 5517 5967 8428 10800 5641 1805 1183 4162 1152 711 459 2396 2482 4011 6374 907 6374 2129 7444 3103 1864 4050 1152 1448 1057 1095 9104 2859 5176
is_linear=0
shrinkage=0.05


Tree=6
num_leaves=63
num_cat=0
split_feature=12 12 12 13 13 12 12 15 12 13 13 13 12 11 13 13 12 12 7 11 7 7 7 11 13 7 32 13 32 12 12 12 6 6 7 12 16 20 12 20 6 28 20 24 16 20 9 32 16 11 10 32 16 20 8 32 6 13 32 32 7 18
split_gain=1.90915e+06 286509 221509 59896.7 41132.6 38581.9 30604.5 28910.4 25430.9 18312.5 11307.1 10292.9 9927.21 9609.96 9309.36 8929.73 7292.16 5671.39 4900.43 5012.41 4621.83 4492.09 4183.49 4266.09 4158.55 5148.54 4099.5 4043.16 4014.53 3756.28 3471.31 3322.14 3160.77 3142.94 2881.94 2810.91 2589.07 3509.11 2556.3 2510.77 2465.8 2428.24 2417.63 2413.1 2404.68 2295.72 2258.31 2248.56 2226.24 2155.34 2149.13 2145.18 2131.78 2160.23 2097.69 3231.62 2264.58 2014.22 1956.77 1951.31 1914.31 1906.28
threshold=21.450138888888894 33.223055555555568 10.09263888888889 -4.7499999999999991 -6.2499999999999991 40.186041666666675 25.619722222222226 4.622361111111112 14.900763888888891 -11.249999999999998 4.2500000000000009 4.2500000000000009 43.838055555555563 2.1336805555555562 -7.7499999999999991 -11.249999999999998 46.049166666666672 23.814375000000005 -0.63896143452423371 1.5314583333333338 -2.7127161229878198 -1.0045949876694136 -0.61356664807585048 1.7722916666666668 -6.2499999999999991 -0.76455262711176375 4.7676282051282062 -7.2499999999999991 3.800030618493571 29.991666666666671 37.207222222222228 1.636180555555556 -6.4388361609007818 -6.2899721709352763 0.67682567463790122 47.027222222222228 1.0000000180025095e-35 33.500000000000007 50.363750000000003 34.500000000000007 -8.646900521267737 0.59294019933554831 47.500000000000007 2.5000000000000004 1.0000000180025095e-35 29.500000000000004 2.5000000000000004 4.6714945199366946 1.0000000180025095e-35 5.7887500000000012 13.500000000000002 1.0983511222175084 1.0000000180025095e-35 26.500000000000004 1.0000000180025095e-35 1.5792323705748004 5.5830596945653497 -11.249999999999998 1.871601906158358 3.3463478150406512 0.083275507578848162 1.0000000180025095e-35
decision_type=2 2 2 2 2 2 2 2 2 2 2 2 2 2 2 2 2 2 2 2 2 2 2 2 2 2 10 2 10 2 2 2 2 2 2 2 2 8 2 8 2 2 10 2 2 8 2 10 2 2 2 8 2 8 2 10 2 2 8 10 2 10
left_child=2 4 7 9 15 10 22 20 24 -3 28 16 30 29 57 43 47 -17 -16 36 -1 -9 -6 34 -4 -26 38 -23 33 40 -11 -22 -15 -5 52 -13 37 -20 -18 44 -8 -12 48 58 -27 -29 -45 60 61 -25 -42 -21 53 -24 55 -19 -56 -10 -2 -53 -7 -35
right_child=1 3 8 5 6 11 13 21 14 12 41 35 -14 32 18 17 26 54 19 51 31 27 23 49 25 39 -28 45 -30 -31 -32 -33 -34 42 -36 -37 -38 -39 -40 -41 50 -43 -44 46 -46 -47 -48 -49 -50 -51 -52 59 -54 -55 56 -57 -58 -59 -60 -61 -62 -63
leaf_value=-0.40926562315707776 -0.30337570537539094 0.044399392700866201 -0.22530076142298272 0.19416980967647579 -0.10704077016184295 0.39662373266019652 0.016708775379437695 -0.31934520948841594 -0.23507482362075782 0.16719070478504428 0.39038025157760103 0.53335649989153644 0.35908585780688301 0.15322238195448135 -0.15464388163844581 -0.058847004303168297 0.50688844382364373 0.25982258399258845 0.043289896601479201 0.11138370244485074 -0.37917447560752654 -0.30734530576920893 0.1570015084832462 0.11249262071294347 -0.2414963371194343 -0.0291221328736396 0.35248836647268594 -0.17384561396445231 0.23283622102913748 0.1958539495639452 0.24796788577430362 -0.32394630399071422 0.27731603939797034 0.30031810356147259 0.22291619883810587 0.6962593442944538 -0.086626937380629584 -0.057051632530742726 0.65785546752810475 -0.15326141198674825 0.10309603364549647 0.54584051568649317 0.2866389142609812 0.051300140526853034 -0.14399269675813478 -0.24049759533731485 -0.11822447425470904 0.32976198802790502 0.30492196605766198 0.27405534335879778 0.16705047355938438 -0.080496731521906673 0.014285850158349076 0.053578200667200732 0.0067126237555705411 0.036830124657491262 0.087389066497537693 -0.13015822845982242 -0.12368247436616964 0.036967424143949761 0.50209568838247465 0.45105323088585891
leaf_weight=3998 220 1345 2605 541 344 2824 439 2371 746 2282 1716 1340 1518 637 1082 1557 1102 288 1130 547 4659 1879 602 2160 1356 946 338 1705 2798 3577 3226 6782 2734 296 234 348 4459 3796 399 4913 2287 303 2253 315 879 5520 519 1095 937 228 3110 539 3116 3120 2271 372 1409 1197 491 1023 528 807
leaf_count=3998 220 1345 2605 541 344 2824 439 2371 746 2282 1716 1340 1518 637 1082 1557 1102 288 1130 547 4659 1879 602 2160 1356 946 338 1705 2798 3577 3226 6782 2734 296 234 348 4459 3796 399 4913 2287 303 2253 315 879 5520 519 1095 937 228 3110 539 3116 3120 2271 372 1409 1197 491 1023 528 807
internal_value=-0.0005262 0.202109 -0.218297 0.323632 0.0969028 0.375943 0.13049 -0.31806 -0.111815 0.213462 0.308632 0.45736 0.245815 0.181456 -0.0687056 -0.00504518 0.427744 0.0229929 -0.0529598 -0.043375 -0.362755 -0.2579 0.0640214 0.0702525 -0.170305 -0.152579 0.511812 -0.241865 0.280715 0.155481 0.214538 -0.346467 0.253919 0.308374 0.0507287 0.567333 -0.0590262 -0.0340297 0.54743 -0.134652 0.130706 0.41397 0.322717 -0.112008 -0.0844974 -0.224795 -0.0542106 0.392871 0.362402 0.128026 0.139974 0.0262676 0.0448046 0.0703437 0.0523603 0.134382 0.0376174 -0.17054 -0.179632 -0.00359155 0.413382 0.410911
internal_weight=108158 56026 52132 25996 30030 17625 22588 26914 25218 8371 9651 7974 7026 12784 14519 7442 6286 5897 12576 11494 15439 11475 9804 9460 10699 8094 1839 9104 7632 9413 5508 11441 3371 4834 7072 1688 9385 4926 1501 6738 5836 2019 4293 1545 1825 7225 834 4447 2040 2388 5397 2109 6838 3722 4340 660 3680 1943 711 1562 3352 1103
internal_count=108158 56026 52132 25996 30030 17625 22588 26914 25218 8371 9651 7974 7026 12784 14519 7442 6286 5897 12576 11494 15439 11475 9804 9460 10699 8094 1839 9104 7632 9413 5508 11441 3371 4834 7072 1688 9385 4926 1501 6738 5836 2019 4293 1545 1825 7225 834 4447 2040 2388 5397 2109 6838 3722 4340 660 3680 1943 711 1562 3352 1103
is_linear=0
shrinkage=0.05


Tree=7
num_leaves=63
num_cat=0
split_feature=15 15 15 13 15 15 13 15 15 13 13 13 15 13 13 15 17 20 14 32 13 7 13 10 17 17 13 17 13 32 14 32 20 20 15 28 7 14 20 13 31 14 14 24 7 18 7 32 14 32 32 14 18 15 24 20 7 16 16 18 7 13
split_gain=1.72322e+06 243485 220367 56127.9 45192.4 31151.5 30385.8 22120.5 18240 15637.3 13793.5 9253.12 7428.51 6972.87 6543.39 6118.44 6063.54 6294.43 5359.6 5003.09 4909.53 5384.17 4753.79 4484.21 4432.92 4143.78 4124.87 3891.96 3850.34 3425.89 3419.33 3862.06 3295.32 3256.49 3208.74 3104.36 2987.5 4446.79 2899.41 2762.06 2732.61 3096.18 3217.32 2633.29 2445.53 2417.41 2391.42 2381.41 2380.76 2357.19 2350.08 2349.32 2268.11 2235.45 2207 2136.3 2115.9 2092.61 2083.87 2077.16 2075.54 2040.32
threshold=22.000069444444449 32.229583333333338 10.819861111111113 -7.7499999999999991 40.423125000000006 5.6268055555555563 -6.2499999999999991 16.367222222222228 27.313541666666669 4.2500000000000009 4.2500000000000009 -8.2499999999999982 47.663819444444449 -11.249999999999998 -11.249999999999998 1.7368055555555559 1.0000000180025095e-35 53.500000000000007 46.250000000000007 4.8302887390460212 -6.2499999999999991 -0.56441984226712749 1.7500000000000002 8.5000000000000018 1.0000000180025095e-35 1.0000000180025095e-35 3.2500000000000004 1.0000000180025095e-35 -2.7499999999999996 6.7340460360381895 40.750000000000007 6.696107792925015 47.500000000000007 55.500000000000007 28.799166666666668 0.53015151515151526 0.094364357728725368 39.750000000000007 14.500000000000002 -3.2499999999999996 1.0000000180025095e-35 51.750000000000007 47.250000000000007 2.5000000000000004 -0.27741000047223185 3.5000000000000004 -0.61356664807585048 2.7413983585858595 39.750000000000007 6.9276724807276366 2.1687968155682102 41.750000000000007 2.5000000000000004 38.454444444444455 2.5000000000000004 42.500000000000007 -0.072043228820751662 1.0000000180025095e-35 1.0000000180025095e-35 3.5000000000000004 -1.530477626406763 -2.7499999999999996
decision_type=2 2 2 2 2 2 2 2 2 2 2 2 2 2 2 2 2 10 2 10 2 2 2 2 2 2 2 2 2 8 2 8 10 8 2 2 2 2 10 2 2 2 2 2 2 8 2 8 2 8 8 2 8 2 2 8 2 2 2 8 2 2
left_child=2 6 5 13 9 15 14 20 24 16 12 -9 28 43 54 -1 48 39 -15 -14 -4 -22 51 -20 46 60 36 -17 -6 -12 -28 44 45 -27 -16 50 -13 -38 -29 -18 41 42 -30 -3 -32 -26 -8 -45 -5 -24 -11 -10 -41 -19 -2 57 -53 59 -37 -23 -7 -48
right_child=1 3 7 4 10 25 8 11 22 35 29 26 19 18 34 27 17 53 23 -21 21 55 49 -25 32 33 30 38 40 -31 31 -33 -34 -35 -36 58 37 -39 -40 52 -42 -43 -44 47 -46 -47 61 -49 -50 -51 -52 56 -54 -55 -56 -57 -58 -59 -60 -61 -62 -63
leaf_value=-0.37162272794386242 -0.17289868806673248 -0.13232398580583693 -0.19795338921134836 0.09866015048905645 0.32717326657693158 -0.34527726696942468 -0.11318524860200428 -0.15826215900082249 0.078771518059676832 0.42827846975331862 0.58282075349386442 -0.07718996137428441 0.53101811794178699 0.10435109682386962 -0.002704473468530524 -0.34078682485299855 0.27764710110111446 0.20866726210314562 0.3256042932751278 0.29927434016587368 -0.19757662459065853 0.011716236766849833 0.24499934253846578 0.11985880511950422 0.19054563213748121 -0.1618456203733844 0.15127988859077618 -0.15886520149053496 0.34529989071907996 0.40374055772024975 -0.035906108637248961 -0.1266004683457467 0.077337269087928914 -0.24011454571535193 0.08636306907117075 0.47838110774341103 -0.15904239541352061 -0.0012354953803871296 -0.29124770021809571 0.42794034564027439 0.47308235143754784 0.19410977856318157 0.48367171404385795 0.14920682101192312 0.083284715832195294 0.082103118375043874 0.020454315900068073 0.0060448379453577825 0.22351313916329094 0.13911994258928115 0.2275413001661078 0.10852839342098411 0.31390909820712254 0.31766580256953125 -0.044179314182323667 -0.12529220804306015 0.19094886096839295 -0.11437752141886537 0.3670049942885919 -0.11909465364827915 -0.24854605561933765 0.079829024467133844
leaf_weight=7371 610 200 2938 411 3602 632 209 1663 1024 223 1284 4496 1212 1282 3776 5386 1206 2195 749 294 1930 1014 2677 412 1683 2899 430 462 1276 351 753 489 2743 2474 1380 898 503 3907 4303 980 985 224 643 482 1002 743 2266 729 5826 660 435 1148 820 605 734 4339 2454 1327 840 432 4989 4006
leaf_count=7371 610 200 2938 411 3602 632 209 1663 1024 223 1284 4496 1212 1282 3776 5386 1206 2195 749 294 1930 1014 2677 412 1683 2899 430 462 1276 351 753 489 2743 2474 1380 898 503 3907 4303 980 985 224 643 482 1002 743 2266 729 5826 660 435 1148 820 605 734 4339 2454 1327 840 432 4989 4006
internal_value=0.000491207 0.199206 -0.200212 0.301175 0.32928 -0.295436 0.0892195 -0.0925496 0.120268 0.272874 0.411753 -0.0480088 0.385308 0.123857 -0.00447013 -0.336843 0.249622 0.286445 0.174954 0.486006 -0.141778 -0.123505 0.178589 0.252758 0.0803925 -0.229417 -0.032163 -0.311555 0.362706 0.544646 0.0222911 -0.00248235 0.114928 -0.197923 0.0211465 0.389595 -0.0485134 -0.0192668 -0.278448 0.336764 0.403505 0.371319 0.391892 0.0353276 0.0321534 0.157381 0.0528349 0.063102 0.215303 0.224106 0.296119 0.145714 0.376196 0.232324 -0.102686 -0.103379 0.164718 -0.0690589 0.424793 -0.0274195 -0.259482 0.0583843
internal_weight=108016 54277 53739 28164 24310 28516 26113 25223 19613 14439 9871 13243 8236 3854 6500 17522 12043 5806 2443 1506 11980 9042 7963 1161 11650 10994 11580 10151 6730 1635 2674 2244 5169 5373 5156 2396 8906 4410 4765 3006 3128 2143 1919 1411 1755 2426 6481 1211 6237 3337 658 4626 1800 2800 1344 7112 3602 2773 1738 1446 5621 6272
internal_count=108016 54277 53739 28164 24310 28516 26113 25223 19613 14439 9871 13243 8236 3854 6500 17522 12043 5806 2443 1506 11980 9042 7963 1161 11650 10994 11580 10151 6730 1635 2674 2244 5169 5373 5156 2396 8906 4410 4765 3006 3128 2143 1919 1411 1755 2426 6481 1211 6237 3337 658 4626 1800 2800 1344 7112 3602 2773 1738 1446 5621 6272
is_linear=0
shrinkage=0.05


Tree=8
num_leaves=63
num_cat=0
split_feature=12 12 12 13 13 12 12 12 12 13 13 12 13 11 11 12 13 7 32 7 11 13 5 7 13 11 31 9 14 13 14 31 6 12 32 14 20 14 20 12 32 28 24 20 20 16 13 5 14 10 30 14 13 14 14 29 13 11 29 16 32 32
split_gain=1.55896e+06 242551 181778 40930.6 34042.8 32321.3 26299.3 21194.7 17801.8 15161.7 11960.4 11143.2 10293 9592.08 6047.68 5864.05 5168.85 5369.21 5118.72 4817 4739.78 4719.84 4299.56 4254.29 4939.57 4019.94 3817.11 4338.91 3708.3 3446.06 3438.42 3269.91 6058.92 3265.1 3189.13 5411.87 3161.2 3018.48 3014.68 2989.41 2977.19 2974.78 2927.54 2817.87 2787.56 2776.48 2771.14 2722.29 2688.51 2569.47 2459.75 2424.03 2371.51 2257.03 2187.63 2141.34 2121.35 2116.69 2079.22 2073.03 2053.17 2165.88
threshold=23.187708333333337 11.37541666666667 35.624583333333341 -4.7499999999999991 -2.7499999999999996 5.232916666666668 18.036180555555557 43.838055555555563 28.400694444444451 -8.2499999999999982 -11.249999999999998 29.396111111111114 -6.7499999999999991 3.3370833333333336 4.0002777777777787 43.838055555555563 -7.7499999999999991 -0.6664815843050157 3.6608079228007537 -2.7127161229878198 3.3370833333333336 5.7500000000000009 -16.499999999999996 -1.0045949876694136 -6.2499999999999991 6.4937500000000012 1.0000000180025095e-35 16.500000000000004 41.750000000000007 -11.249999999999998 48.250000000000007 1.0000000180025095e-35 2.3487289615752043 1.636180555555556 1.0837513834038144 50.750000000000007 27.500000000000004 40.250000000000007 30.500000000000004 14.705208333333335 1.0658544869120592 0.59459064327485389 2.5000000000000004 31.500000000000004 33.500000000000007 1.0000000180025095e-35 -11.249999999999998 -9.4999999999999982 50.250000000000007 21.500000000000004 11.500000000000002 42.250000000000007 -8.7499999999999982 51.750000000000007 54.250000000000007 0.50724789915966395 -7.7499999999999991 8.6143750000000008 0.620426149040607 1.0000000180025095e-35 8.0085230024213097 5.9812281468531472
decision_type=2 2 2 2 2 2 2 2 2 2 2 2 2 2 2 2 2 2 8 2 2 2 2 2 2 2 2 2 2 2 2 2 2 2 8 2 8 2 10 2 10 2 2 8 8 2 2 2 2 2 8 2 2 2 2 2 2 2 2 2 10 10
left_child=1 5 4 10 9 19 16 13 25 29 -4 47 46 18 34 56 -3 -18 36 -1 22 28 -14 -7 -25 26 43 49 -10 42 40 53 -33 -21 35 -9 -5 -20 -26 -19 -31 -23 -2 -6 45 -24 -8 -11 -32 -28 57 -22 -42 60 -36 -46 -12 -15 -45 -13 61 -30
right_child=2 6 3 7 8 23 12 14 21 11 15 59 20 50 -16 -17 17 39 37 33 51 41 44 24 38 -27 27 -29 31 30 48 32 -34 -35 54 -37 -38 -39 -40 -41 52 -43 -44 58 55 -47 -48 -49 -50 -51 -52 -53 -54 -55 -56 -57 -58 -59 -60 -61 -62 -63
leaf_value=-0.36958251079763083 -0.15667894833277096 -0.19611909641238096 0.059393489851020033 0.41847745527810298 0.16085535758319325 -0.27940524648326509 -0.18832391361058815 0.38783692208263609 0.13526503525083952 -0.032399685348511911 0.159703842073594 0.18725605746106774 -0.13387771611420152 0.41712448093631949 0.58137930289556061 0.32739278426087703 -0.18778300409674628 -0.12026211973582926 0.070218398174794583 -0.34032728428124398 0.22492406746330387 0.28020124459562767 0.10584967340689298 -0.25941706315176316 -0.13517044474868217 0.33295992616341885 0.17399714104891628 0.023235888069251944 0.223875370033181 0.073975338224618714 0.27852756856675615 0.21504478441387428 0.4447234752596968 -0.28735154610047603 0.40692857454371895 0.5901180446639257 0.3121725943517813 0.26392113857076788 -0.20345159716268191 -0.066613353225459235 -0.021828944331884967 0.47472774770062465 -0.015832529806081862 0.084877748169052317 -0.075607332079550116 -0.011220859599378991 -0.075942640533377029 0.068138550227978198 0.043708135619145043 0.3233007998307153 0.32326736517386906 0.052179852454382426 -0.20195347368717195 0.066756813884226246 0.23808169365095508 -0.0020620872694868514 0.23691283658353141 0.56535924814091432 -0.028172335487485319 0.12321382285232894 0.34289499729985851 0.097744751202839403
leaf_weight=4105 626 1877 1047 892 1136 2304 720 674 1252 764 1314 2544 637 1539 842 1523 1757 5163 216 4668 308 1437 1098 2975 2285 217 1030 366 2239 651 203 759 465 7954 1639 670 3445 3099 5604 5234 823 230 897 3320 1190 939 2307 5638 304 403 600 595 234 267 223 5857 2823 297 463 2532 301 404
leaf_count=4105 626 1877 1047 892 1136 2304 720 674 1252 764 1314 2544 637 1539 842 1523 1757 5163 216 4668 308 1437 1098 2975 2285 217 1030 366 2239 651 203 759 465 7954 1639 670 3445 3099 5604 5234 823 230 897 3320 1190 939 2307 5638 304 403 600 595 234 267 223 5857 2823 297 463 2532 301 404
internal_value=0.00023413 -0.177467 0.203449 0.316483 0.123591 -0.276217 -0.0708162 0.364754 0.179012 0.0715381 0.214705 0.100019 -0.0214047 0.325897 0.461486 0.24342 -0.118885 -0.106942 0.298293 -0.322356 0.00177317 0.233211 -0.00840988 -0.217587 -0.204452 0.121513 0.114635 0.176962 0.211441 -0.0159184 0.0238883 0.23291 0.302592 -0.306969 0.429826 0.48904 0.334128 0.251325 -0.183694 -0.0932636 -0.0100727 0.307309 -0.0737896 0.0918089 0.000402107 0.0519044 -0.102727 0.0561374 0.138092 0.216182 0.412447 0.111284 -0.0618583 0.206262 0.386845 -0.0144904 0.212434 0.441398 0.0710378 0.155341 0.218887 0.20464
internal_weight=107925 57577 50348 20843 29505 29895 27682 14136 14289 15216 6707 11478 13651 10088 4048 5660 14031 12154 7652 16727 10624 7354 9721 13168 10864 6935 6718 1799 5687 3738 2215 4435 1224 12622 3206 1344 4337 3315 7889 10397 1708 1667 1523 4919 9084 2037 3027 6402 507 1433 2436 903 1057 3211 1862 7047 4137 1836 3783 5076 2944 2643
internal_count=107925 57577 50348 20843 29505 29895 27682 14136 14289 15216 6707 11478 13651 10088 4048 5660 14031 12154 7652 16727 10624 7354 9721 13168 10864 6935 6718 1799 5687 3738 2215 4435 1224 12622 3206 1344 4337 3315 7889 10397 1708 1667 1523 4919 9084 2037 3027 6402 507 1433 2436 903 1057 3211 1862 7047 4137 1836 3783 5076 2944 2643
is_linear=0
shrinkage=0.05


Tree=9
num_leaves=63
num_cat=0
split_feature=12 12 15 13 12 12 12 13 13 12 11 13 13 13 11 11 20 16 20 32 14 17 7 14 17 20 11 12 14 13 20 14 0 13 16 20 13 16 14 11 16 20 14 30 32 30 11 32 7 28 32 14 11 14 32 32 27 16 12 18 18 13
split_gain=1.40727e+06 220148 163782 40903 34544.5 27239 25415.8 19045.7 15906.2 15122.5 11430.7 8580.14 6967.93 6345.65 6290.14 5871.18 5014.08 4644.68 5399.77 4594.04 5092.43 4190.05 3976.25 3809.34 3622.99 3746.22 3606.61 3586.43 3505.68 3383.8 3178.33 3039.39 2959.57 2926.98 2852.48 3408.49 2810.74 2747.29 2711.46 2629.69 2605.26 2900.11 2537 3227.15 5584.03 2508.46 3966.79 2480.83 2399.78 2721.87 2269.14 2255.6 5112.87 2108.79 2096.33 3001.05 2080.24 2072.64 2056.4 2028.99 2018.81 1991.22
threshold=21.450138888888894 34.210555555555565 8.8751388888888911 -6.7499999999999991 27.134861111111118 41.845902777777788 15.324930555555557 -6.2499999999999991 -8.2499999999999982 3.2054166666666659 3.1102083333333339 -11.249999999999998 4.2500000000000009 -8.2499999999999982 2.7813194444444451 1.7722916666666668 34.500000000000007 1.0000000180025095e-35 31.500000000000004 4.796771638872614 50.750000000000007 1.0000000180025095e-35 -0.58909208781244293 39.250000000000007 1.0000000180025095e-35 27.500000000000004 2.8568055555555563 23.814375000000005 48.250000000000007 -8.2499999999999982 61.500000000000007 39.250000000000007 1876.5000000000002 -11.249999999999998 1.0000000180025095e-35 28.500000000000004 -8.7499999999999982 1.0000000180025095e-35 49.250000000000007 -2.6861805555555551 1.0000000180025095e-35 34.500000000000007 51.750000000000007 6.5000000000000009 0.55830748646840611 15.500000000000002 7.5001388888888902 0.5755360009172209 -0.16429514802710854 0.58138586956521754 1.0983511222175084 47.250000000000007 0.88965277777777796 42.250000000000007 0.55830748646840611 3.3675004132830049 1.0769450737995208 1.0000000180025095e-35 38.881250000000009 3.5000000000000004 3.5000000000000004 -11.249999999999998
decision_type=2 2 2 2 2 2 2 2 2 2 2 2 2 2 2 2 10 2 8 10 2 2 2 2 2 8 2 2 2 2 10 2 2 2 2 8 2 2 2 2 2 8 2 8 10 8 2 10 2 2 8 2 2 2 8 8 2 2 2 8 8 2
left_child=2 4 9 11 8 10 17 33 -2 40 16 -3 19 -8 23 27 39 18 60 20 38 -11 -15 -9 -25 -26 34 -10 29 36 59 -18 -17 -6 35 -24 50 -29 51 -5 41 -1 43 44 -30 46 48 -41 -16 -50 -13 -7 -53 -28 56 -56 -22 -12 -33 -23 -4 -20
right_child=1 3 6 5 7 12 13 14 15 21 57 28 -14 22 45 32 31 -19 61 -21 54 30 26 24 25 -27 53 37 42 -31 -32 58 -34 -35 -36 -37 -38 -39 -40 47 -42 -43 -44 -45 -46 -47 -48 -49 49 -51 -52 52 -54 -55 55 -57 -58 -59 -60 -61 -62 -63
leaf_value=-0.24252437307306099 -0.085421984271825166 0.046266106616646527 -0.013359409090901709 0.2403013834041422 -0.042089733335298384 0.34203003720075142 -0.14684770345369333 0.03149778300361307 0.01079762300690662 -0.27076923944524578 0.41568163875056757 0.25691996497798314 0.50843109185467406 -0.12888497758966874 0.14896555000117848 0.065502700411618486 0.059344565630532232 -0.17952590785601888 -0.27567324171131347 0.29326469099642377 0.48015876006059544 -0.16422716544870974 0.064646969491793313 0.13318680636697666 0.29122018894720697 0.17413242141603263 0.16595215005687922 0.098178451502049541 0.25878882006057824 0.21946309111279216 -0.26038845213087691 0.21216664819940156 0.16035085997954857 0.067527101075341253 -0.069079342560299725 -0.035677799483487004 -0.040661876913318303 0.03154247053805987 0.24747571760921608 0.41319277136911081 -0.34791383882843141 -0.31903107964246197 0.17634161180988916 0.19008438987530718 0.60021317144042086 0.11363444827248653 0.463950001055079 0.29379700476927811 0.24482879977016936 0.43415323810691531 0.093063139974982778 0.37188951076351773 0.63236232886083743 0.0010477847403725031 0.27865570207774748 0.49913198800137515 0.66115926747658749 0.32355880023016304 0.27148745205311425 -0.24981282894042325 -0.13908186686049243 -0.13939025905107844
leaf_weight=1652 2211 1196 1285 965 769 1427 1648 570 5218 6308 1309 308 1259 1191 489 1520 259 7000 283 1264 736 2917 1058 4381 863 3329 331 3308 293 1409 2194 3949 1797 2915 4713 4221 258 2907 447 751 5203 5196 480 293 205 299 232 1079 1049 234 675 715 260 466 282 355 215 1201 2357 915 424 5158
leaf_count=1652 2211 1196 1285 965 769 1427 1648 570 5218 6308 1309 308 1259 1191 489 1520 259 7000 283 1264 736 2917 1058 4381 863 3329 331 3308 293 1409 2194 3949 1797 2915 4713 4221 258 2907 447 751 5203 5196 480 293 205 299 232 1079 1049 234 675 715 260 466 282 355 215 1201 2357 915 424 5158
internal_value=0.000255629 0.174228 -0.18664 0.288949 0.0886141 0.323016 -0.103624 0.143537 0.0396143 -0.281199 0.276916 0.163545 0.401587 -0.0548835 0.175362 0.0583616 0.251448 -0.150559 -0.122178 0.377907 0.401948 -0.242228 -0.0422215 0.156724 0.165045 0.198301 -0.0326437 0.0413635 0.199297 0.166432 -0.212311 0.227483 0.11692 0.0446404 -0.0408096 -0.0155626 0.106093 0.0670203 0.361617 0.307637 -0.321062 -0.300613 0.267636 0.322743 0.400256 0.249253 0.269421 0.342994 0.243705 0.27967 0.144613 0.382746 0.441926 0.0696559 0.474033 0.402117 0.52173 0.371749 0.234379 -0.184723 -0.044614 -0.146528
internal_weight=108201 56038 52163 23947 32091 18830 27778 15130 16961 24385 11870 5117 6960 13628 11446 14750 9360 14150 7150 5701 4437 12334 11980 9143 8573 4192 10789 11433 3921 2650 6026 6565 3317 3684 9992 5279 1241 6215 2849 2795 12051 6848 1271 791 498 2303 2004 1830 1772 1283 983 2402 975 797 1588 637 951 2510 6306 3832 1709 5441
internal_count=108201 56038 52163 23947 32091 18830 27778 15130 16961 24385 11870 5117 6960 13628 11446 14750 9360 14150 7150 5701 4437 12334 11980 9143 8573 4192 10789 11433 3921 2650 6026 6565 3317 3684 9992 5279 1241 6215 2849 2795 12051 6848 1271 791 498 2303 2004 1830 1772 1283 983 2402 975 797 1588 637 951 2510 6306 3832 1709 5441
is_linear=0
shrinkage=0.05


Tree=10
num_leaves=63
num_cat=0
split_feature=12 12 15 13 12 12 15 13 13 13 12 13 13 11 12 11 12 16 20 5 13 30 14 17 17 13 5 13 20 20 16 20 20 14 19 14 30 6 16 20 20 6 20 12 6 11 10 8 19 13 11 30 30 14 8 26 28 11 14 16 32 30
split_gain=1.2686e+06 213627 132003 40216.4 31609.4 26306.3 20363.6 16240.9 12789.6 11660.6 10848.6 9776.35 7186.13 6284.93 6058.97 5885.11 5472.67 4820.43 5387.86 4683.61 5078.22 4068.59 4525.37 3836.95 3645.24 3591.1 4298.01 3465.85 3434.38 3367.24 3233.89 2909.75 2854.75 2492.76 2413.78 2404.98 2302.19 2295.38 2240.88 2197.04 2140.41 2136.11 2124.32 2109.14 2076.11 2062.54 2002.26 1994.78 1964.54 1950.84 1860.46 2689 2894.79 2600.11 1951.89 1858.42 1837.04 2032.11 2796.13 1809.59 1774.26 1716.54
threshold=20.671180555555559 33.223055555555568 8.0723611111111122 -6.2499999999999991 25.619722222222226 43.163750000000007 13.261805555555556 -6.2499999999999991 -8.2499999999999982 5.2500000000000009 2.6253472222222238 -11.249999999999998 -10.749999999999998 2.4979166666666672 42.639513888888892 4.0002777777777787 37.614652777777785 1.0000000180025095e-35 48.500000000000007 -9.4999999999999982 5.7500000000000009 8.5000000000000018 53.250000000000007 1.0000000180025095e-35 1.0000000180025095e-35 -7.7499999999999991 2.5000000000000004 -11.249999999999998 29.500000000000004 49.500000000000007 1.0000000180025095e-35 28.500000000000004 20.500000000000004 39.250000000000007 1.0000000180025095e-35 40.250000000000007 8.5000000000000018 -6.4388361609007818 1.0000000180025095e-35 14.500000000000002 39.500000000000007 -2.5778705669865252 14.500000000000002 17.412847222222222 9.9106003848117403 1.5728472222222225 10.500000000000002 4.0000000000000009 1.0000000180025095e-35 -2.7499999999999996 6.0889583333333341 5.5000000000000009 2.5000000000000004 46.250000000000007 2.5000000000000004 2.1656229171047805 0.52591804746977167 4.8493055555555564 44.250000000000007 1.0000000180025095e-35 0.5755360009172209 2.5000000000000004
decision_type=2 2 2 2 2 2 2 2 2 2 2 2 2 2 2 2 2 2 8 2 2 10 2 2 2 2 2 2 8 10 2 8 8 2 2 2 10 2 2 8 10 2 8 2 2 2 2 2 2 2 2 10 10 2 2 2 2 2 2 2 8 8
left_child=2 4 10 11 8 9 25 27 44 16 38 -3 -8 23 -13 21 33 18 34 49 30 22 -7 35 -12 -4 -27 -6 59 48 32 -25 -21 -5 -14 -9 45 55 39 -1 -28 -37 -11 -19 -2 -30 -33 -35 -26 -10 51 52 -44 -52 -53 -15 -39 -58 -59 -18 -24 -22
right_child=1 3 6 5 7 15 12 13 19 42 24 14 17 37 -16 -17 28 43 -20 20 61 -23 60 31 29 26 40 -29 36 -31 -32 46 -34 47 -36 41 -38 56 -40 -41 -42 -43 50 -45 -46 -47 -48 -49 -50 -51 53 54 -54 -55 -56 -57 57 58 -60 -61 -62 -63
leaf_value=-0.1876033195628164 -0.12257837093214884 0.034832186560760307 -0.23055690284852243 0.083335540826507237 -0.056867954828271353 0.36863456554435126 -0.20949241720326658 -0.0068851154608125745 -0.090816895286815039 0.51708557533307209 -0.26813193568480903 0.15367684639101273 -0.077926905871507815 0.20324053688335769 0.27551780458165365 0.51237383242476919 0.41044702413577605 -0.11868959497973337 -0.073882128929402754 0.16311088391504161 0.24338384105111133 0.27661238592572074 0.59226391587748839 0.23384398784589311 -0.26240758469642755 -0.17919404591762342 -0.073467360814954114 0.057031634316189753 0.25609698192191205 -0.2513957146481311 0.0083504040139702317 0.098226127772779656 0.052952353567338677 0.1905997074868637 0.031737894749831776 0.060418381447365645 0.20363149372963585 0.17526956881320446 -0.33835641582766746 -0.30006285615428774 -0.1431233014319824 0.13350213459025637 0.31533147968868747 -0.064196339077369713 0.0014069734123903653 0.34048620757447612 0.17120799393918734 0.25160679036892469 -0.15659417304448353 0.0064785318075612931 0.46190595359319542 0.30230686571273324 0.092673295147979576 0.29656473947449524 0.49021403994411233 0.024543252326040765 0.2301126527798345 0.48407275298923519 0.2344419775554886 0.29164086116609145 0.42460260682117446 0.11086080303106274
leaf_weight=479 1584 1313 1582 360 838 2662 907 486 762 215 6370 3635 616 337 1422 932 651 3906 4247 667 357 881 358 1070 538 5467 1939 3276 2548 2949 4275 1627 4943 2858 2686 1475 1358 783 4451 5425 2569 3120 417 3264 429 1032 2243 2567 2437 1586 651 317 226 388 257 256 985 225 230 664 312 782
leaf_count=479 1584 1313 1582 360 838 2662 907 486 762 215 6370 3635 616 337 1422 932 651 3906 4247 667 357 881 358 1070 538 5467 1939 3276 2548 2949 4275 1627 4943 2858 2686 1475 1358 783 4451 5425 2569 3120 417 3264 429 1032 2243 2567 2437 1586 651 317 226 388 257 256 985 225 230 664 312 782
internal_value=0.000805935 0.159014 -0.184476 0.265645 0.0731911 0.301034 -0.110188 0.120285 0.0212988 0.266548 -0.273627 0.156428 -0.072963 0.14799 0.187986 0.398215 0.246195 -0.0645363 -0.0366427 0.0389878 0.0526437 0.372845 0.398199 0.129419 -0.241814 -0.160509 -0.149377 0.0338227 0.27867 -0.213474 0.0411148 0.160807 0.0660764 0.21105 0.0112621 0.0988754 0.259415 0.214008 -0.311371 -0.290972 -0.113186 0.11006 0.365563 -0.093895 -0.0961677 0.280512 0.140559 0.219508 -0.175811 -0.0251221 0.3509 0.308255 0.237338 0.400506 0.387146 0.126268 0.237347 0.270956 0.358677 0.350724 0.514938 0.152575
internal_weight=108192 58360 49832 26024 32336 19654 27183 16951 15385 14509 22649 6370 15626 12837 5057 5145 12038 14719 7549 13372 11024 4213 3332 10021 12294 11557 9975 4114 6253 5924 9885 4940 5610 5785 3302 5081 4938 2816 10355 5904 4508 4595 2471 7170 2013 3580 3870 5425 2975 2348 2256 1217 643 1039 574 593 2223 1440 455 1315 670 1139
internal_count=108192 58360 49832 26024 32336 19654 27183 16951 15385 14509 22649 6370 15626 12837 5057 5145 12038 14719 7549 13372 11024 4213 3332 10021 12294 11557 9975 4114 6253 5924 9885 4940 5610 5785 3302 5081 4938 2816 10355 5904 4508 4595 2471 7170 2013 3580 3870 5425 2975 2348 2256 1217 643 1039 574 593 2223 1440 455 1315 670 1139
is_linear=0
shrinkage=0.05


Tree=11
num_leaves=63
num_cat=0
split_feature=12 12 12 11 12 12 11 12 12 11 11 11 11 12 12 17 12 11 11 16 21 11 10 32 17 21 11 6 32 14 6 21 21 12 18 11 29 14 5 32 6 9 11 32 11 14 17 32 26 28 14 6 14 21 5 16 21 22 26 11 32 11
split_gain=1.15176e+06 192608 121436 31205.9 25375.8 21585.2 20788.3 16156.7 16080.3 8964.89 7433.72 7195.02 7056.51 5742.37 5212.5 4726.72 4592.68 4189.76 3859.14 3794.99 3910.1 3724.42 4274.6 3474.27 3332.3 3161.08 2925.22 2889.82 2883.66 3547.41 2817.21 2759.47 2759.3 2659.51 2543.04 2503.89 2670.21 2476.68 2470.24 2444.22 3115.44 2271.15 2185.69 2128.64 2059.85 2014.61 1928.19 1867.88 1855.45 2251.36 1824.11 1819.14 1799.57 1786.25 1778.57 1765.71 2409.59 1751.73 1735.35 1729.95 2999.92 1831.81
threshold=23.814375000000005 11.559444444444445 35.624583333333341 -4.4996527777777766 5.8325000000000014 18.036180555555557 -2.4443055555555548 29.991666666666671 43.163750000000007 -4.1247222222222213 1.5005555555555559 -9.9547916666666634 -6.1859722222222215 29.396111111111114 44.500763888888898 1.0000000180025095e-35 2.3534722222222233 0.88965277777777796 4.0002777777777787 1.0000000180025095e-35 0.50500000000000012 2.7813194444444451 10.500000000000002 6.5000761498629318 1.0000000180025095e-35 0.65500000000000014 8.6143750000000008 -6.2053404418188718 4.6937575732540218 53.250000000000007 2.7997519661099513 0.65500000000000014 0.8650000000000001 29.991666666666671 3.5000000000000004 5.0633333333333344 0.64595037453183535 40.250000000000007 -2.4999999999999996 1.7590670866507578 2.854309606193052 23.500000000000004 1.3097222222222227 6.9276724807276366 -3.0220833333333328 40.250000000000007 1.0000000180025095e-35 2.7413983585858595 2.1633183934170694 0.53934468524251822 52.750000000000007 5.5099530807386659 48.250000000000007 0.72500000000000009 -14.499999999999998 1.0000000180025095e-35 0.65500000000000014 1.0000000180025095e-35 2.0002825656965251 -2.8111805555555551 1.0000000180025095e-35 0.42145833333333343
decision_type=2 2 2 2 2 2 2 2 2 2 2 2 2 2 2 2 2 2 2 2 10 2 2 8 2 10 2 2 8 2 2 8 10 2 8 2 2 2 2 8 2 2 2 8 2 2 2 8 2 2 2 2 2 10 2 2 10 2 2 2 10 2
left_child=1 4 6 11 16 19 12 15 10 -7 25 47 33 -14 55 41 -1 30 28 20 -3 22 58 26 -6 45 27 -12 29 42 -11 -17 -26 -2 -22 36 39 -32 -18 40 -19 -8 -10 57 -21 -5 -40 -4 49 -41 -20 53 -53 -29 -46 56 -13 -23 -9 60 -39 -61
right_child=2 5 3 8 24 9 7 21 18 17 23 14 13 -15 -16 31 38 35 50 44 34 43 -24 -25 32 -27 -28 51 -30 -31 37 -33 -34 -35 -36 -37 -38 59 46 48 -42 -43 -44 -45 54 -47 -48 -49 -50 -51 -52 52 -54 -55 -56 -57 -58 -59 -60 61 -62 -63
leaf_value=-0.29739990736013622 -0.075704886251930101 -0.1100153042755274 0.14656683508879864 0.073328259887094516 -0.20579995105547588 -0.11782197300866043 0.080857971141480869 0.1928537454870331 0.32720670518577755 -0.046964688076416912 0.22170367758482512 0.18233434728273085 0.037175691758776185 0.12318575965032691 0.29690898468497151 0.11852094053874387 -0.27969451672701368 0.043820921828053215 0.44189995968647394 -0.21079069647161461 -0.0063300966166219665 0.31381633965773892 0.23599397056473551 0.24179106957782565 -0.16451021175236225 0.3038378494167111 0.50348110237399812 0.31193243694842349 0.29404340711223026 0.50788193534231096 -0.10044567427937551 0.20306082972910505 -0.047902135867974101 0.027208737746321876 -0.10758878424723968 0.15958046497827449 -0.12415075354330557 -0.16747303060614147 -0.25665442741085448 -0.007710614653340872 0.21250291095489279 -0.08356118329787908 0.44009471149047069 0.15952640092705914 -0.19109517864506481 0.22477448881594964 -0.19485872192199852 0.018225923548652771 -0.021781535974492474 0.13875910535459454 0.610889536621808 0.35897071691063637 0.55788314177573306 0.4240889623348042 -0.10908215640311628 0.14421093253033859 0.31694313919807182 0.16885321429439301 0.11184666234978394 0.061956700655373391 0.026235730272257726 -0.08864965239673385
leaf_weight=9476 1070 3771 467 234 6288 1906 5251 1054 1366 5116 483 1579 3902 3862 1197 3434 3417 1047 750 685 2250 1296 2106 978 5497 1383 285 1728 1004 552 446 1347 560 1516 855 369 283 285 2448 558 370 218 646 395 756 3894 2661 720 1877 494 215 279 205 460 5350 1985 424 253 1792 2144 663 222
leaf_count=9476 1070 3771 467 234 6288 1906 5251 1054 1366 5116 483 1579 3902 3862 1197 3434 3417 1047 750 685 2250 1296 2106 978 5497 1383 285 1728 1004 552 446 1347 560 1516 855 369 283 285 2448 558 370 218 646 395 756 3894 2661 720 1877 494 215 279 205 460 5350 1985 424 253 1792 2144 663 222
internal_value=-0.000405016 -0.147117 0.181107 0.272156 -0.235513 -0.0560146 0.11211 0.145888 0.312781 -0.0161735 0.277092 0.179919 0.0561452 0.0799695 0.205339 0.106059 -0.273383 -0.00220161 0.390874 -0.102011 -0.0758067 0.205063 0.181959 0.325478 -0.180271 0.238251 0.349193 0.3351 0.366603 0.394889 -0.0228192 0.142377 -0.153739 -0.0153863 -0.0342386 0.0344106 0.0244004 0.0100378 -0.246658 0.0341 0.0879851 0.07429 0.363653 0.263795 -0.128528 0.216209 -0.224513 0.0687998 0.00801017 0.0611354 0.480144 0.355508 0.444197 0.335695 -0.119266 0.177787 0.210973 0.290264 0.141904 0.0249326 -0.0321146 0.0477939
internal_weight=108124 59794 48330 20834 30347 29447 27496 17146 14462 15780 9929 6372 10350 7764 5185 10250 18002 13874 4533 13667 6876 6896 4952 4418 12345 5511 3440 3155 3568 2564 8876 4781 6057 2586 3105 4998 4629 3760 8526 4346 1417 5469 2012 1944 6791 4128 5109 1187 2929 1052 965 2672 484 2188 6106 3988 2003 1549 2846 3314 948 2366
internal_count=108124 59794 48330 20834 30347 29447 27496 17146 14462 15780 9929 6372 10350 7764 5185 10250 18002 13874 4533 13667 6876 6896 4952 4418 12345 5511 3440 3155 3568 2564 8876 4781 6057 2586 3105 4998 4629 3760 8526 4346 1417 5469 2012 1944 6791 4128 5109 1187 2929 1052 965 2672 484 2188 6106 3988 2003 1549 2846 3314 948 2366
is_linear=0
shrinkage=0.05


Tree=12
num_leaves=63
num_cat=0
split_feature=12 12 12 13 12 13 12 12 12 11 13 13 13 13 9 13 7 7 17 11 12 7 13 30 14 17 21 8 30 14 14 11 21 17 13 31 14 14 17 21 21 14 10 14 32 18 21 12 30 11 30 21 6 13 29 12 14 23 7 29 26 13
split_gain=1.03528e+06 161706 121220 31541.5 22236.2 20326.6 19536.8 17416.1 12064.3 9154.01 7073.06 6896.97 4940.41 4830.7 4812.02 4646.08 4594.48 4426.69 4226.32 3729.69 3660.07 3507.45 3866.84 3479.51 3938.6 3445.3 3457.32 3350.1 2954.37 2943.05 2886.61 4337.8 2862.32 3274.91 2793 3400.35 3601.9 3152.74 2792.06 3261.76 2731.91 2675.2 2655.49 2417.42 2970.23 2409.07 2341.49 2320.64 2241.2 2602.61 2115.22 2072.34 1999.25 2183.15 1991.91 1952.55 1841.53 1814.24 1862.57 1790.93 1790.03 1694.59
threshold=23.187708333333337 11.37541666666667 34.026111111111121 -6.7499999999999991 5.6268055555555554 -6.2499999999999991 42.074513888888895 18.452638888888895 29.585694444444446 3.1102083333333339 -11.249999999999998 -7.2499999999999991 -11.249999999999998 4.2500000000000009 23.500000000000004 -11.249999999999998 -0.72830750797428789 -2.7127161229878198 1.0000000180025095e-35 2.7102083333333336 46.501041666666673 -1.0045949876694136 -7.7499999999999991 8.5000000000000018 50.750000000000007 1.0000000180025095e-35 0.52500000000000013 1.0000000180025095e-35 16.500000000000004 49.250000000000007 47.250000000000007 0.88965277777777796 0.50500000000000012 1.0000000180025095e-35 -2.7499999999999996 1.0000000180025095e-35 49.250000000000007 50.750000000000007 1.0000000180025095e-35 0.65500000000000014 0.65500000000000014 46.250000000000007 10.500000000000002 47.250000000000007 2.6022812585312587 3.5000000000000004 0.65500000000000014 28.799166666666668 11.500000000000002 8.6143750000000008 3.5000000000000004 0.85500000000000009 12.125775951550336 3.2500000000000004 0.60215677179962912 37.207222222222228 44.250000000000007 2.5000000000000004 -0.11000764198745458 0.57008771929824575 2.1120750347158164 -11.249999999999998
decision_type=2 2 2 2 2 2 2 2 2 2 2 2 2 2 2 2 2 2 2 2 2 2 2 10 2 2 10 2 8 2 2 2 8 2 2 2 2 2 2 10 8 2 2 2 8 8 8 2 8 2 10 10 2 2 2 2 2 2 2 2 2 2
left_child=1 4 5 10 17 15 9 12 14 27 -4 54 -3 23 18 41 -14 -1 52 42 28 -6 -23 24 29 -19 -27 -5 55 30 -8 -32 -13 -34 37 36 43 -29 -18 -40 -20 50 -10 44 -36 -28 -24 -17 49 57 -2 -35 53 -7 61 -12 -46 -11 -59 -16 -52 -9
right_child=2 7 3 6 21 8 13 11 19 48 20 32 16 -15 59 47 38 25 40 -21 -22 22 46 -25 -26 26 45 34 -30 -31 31 -33 33 51 35 -37 -38 -39 39 -41 -42 -43 -44 -45 56 -47 -48 -49 -50 -51 60 -53 -54 -55 -56 -57 -58 58 -60 -61 -62 -63
leaf_value=-0.30652602077501218 -0.13702195798721487 -0.21829667406205999 0.031491009651506495 0.18823102200060093 -0.2327039495773261 0.042940493860654634 0.28395180629122141 -0.18250358245161885 0.11814248378787157 0.44622601730915817 0.11053522872699306 -0.023340193546583503 -0.16607247525645563 0.43668433679579244 0.031169225323465794 0.0070556131545815763 -0.1005434615557903 -0.27194649828253364 0.10309003762392333 0.23917537726890969 0.30891728894602544 -0.23299753238796767 -0.16630015280860588 0.2492642424911018 0.40950402387692819 -0.25740091343270954 -0.15797589745990012 0.17704557795022216 0.021908010069010636 0.19243556735585834 0.33173974973247633 0.57079384306084313 -0.0055805714910964407 0.051755574531998028 0.094525759511734295 0.37265675224745637 0.10626847354670031 0.31414665771672173 -0.075207420424232424 0.0056450577632767502 0.18020017763044416 -0.15316443401716637 0.18804702057495237 0.40612522392022998 0.1975846442966834 -0.25556729210238432 -0.11072142055840356 0.075667435979220543 0.2426126033424236 0.49507125041314537 -0.036907082872793956 0.17609139352268025 0.20785079145196159 0.10970755732633833 0.024717223472366188 0.19533090187013399 0.36207443638783415 0.20619452026415128 0.33654454615379953 -0.17363480479099547 0.14448779104467557 -0.080988778099771452
leaf_weight=4132 228 754 1216 5032 2090 4668 1299 589 2981 267 996 5148 1624 1195 201 2946 6180 6838 4117 1501 420 1602 5891 1194 1574 3250 2370 1850 385 453 683 267 2989 1908 247 760 369 545 4587 1713 1597 553 2510 309 290 868 2808 2118 686 265 305 406 238 1660 310 2166 428 376 1079 226 244 1368
leaf_count=4132 228 754 1216 5032 2090 4668 1299 589 2981 267 996 5148 1624 1195 201 2946 6180 6838 4117 1501 420 1602 5891 1194 1574 3250 2370 1850 385 453 683 267 2989 1908 247 760 369 545 4587 1713 1597 553 2510 309 290 868 2808 2118 686 265 305 406 238 1660 310 2166 428 376 1079 226 244 1368
internal_value=0.000994393 -0.144184 0.166263 0.246495 -0.224828 0.0913808 0.276088 -0.0568871 0.116522 0.23919 0.137022 -0.0139364 -0.0936481 0.34526 0.0874847 0.0139182 -0.0869694 -0.261193 0.0932232 0.169273 0.169354 -0.173575 -0.161556 0.32521 0.346354 -0.247115 -0.220906 0.216833 0.152746 0.309429 0.332898 0.399456 0.00321527 0.0289941 0.246784 0.284975 0.244214 0.208362 -0.0766633 -0.0532258 0.124669 -0.069215 0.150125 0.284054 0.244585 -0.184208 -0.148374 0.0357615 0.3213 0.34833 -0.00934716 0.0736374 0.0658428 0.0604698 -0.0929734 0.168664 0.296004 0.325474 0.303024 -0.0773806 0.043829 -0.111619
internal_weight=107869 57425 50444 24351 29849 26093 19168 27576 19699 12503 5183 12718 14858 6665 12707 6394 14104 17458 12280 6992 3967 12391 10301 5470 4276 13326 6488 9830 3547 2702 2249 950 10451 5303 4798 2403 1643 2395 12480 6300 5714 1330 5491 1274 965 3238 8699 5064 2673 1987 777 2314 6566 6328 2267 3162 718 1722 1455 427 549 1957
internal_count=107869 57425 50444 24351 29849 26093 19168 27576 19699 12503 5183 12718 14858 6665 12707 6394 14104 17458 12280 6992 3967 12391 10301 5470 4276 13326 6488 9830 3547 2702 2249 950 10451 5303 4798 2403 1643 2395 12480 6300 5714 1330 5491 1274 965 3238 8699 5064 2673 1987 777 2314 6566 6328 2267 3162 718 1722 1455 427 549 1957
is_linear=0
shrinkage=0.05


Tree=13
num_leaves=63
num_cat=0
split_feature=12 12 15 13 12 13 12 12 13 12 12 12 13 11 11 13 7 7 14 11 16 20 13 7 20 17 14 13 6 13 32 32 18 17 21 14 32 7 14 20 20 10 5 13 13 13 14 28 14 16 20 7 11 29 29 14 32 13 17 20 32 6
split_gain=936044 154582 98569.8 35262.8 25760.8 18988.3 16249.8 12823.9 10120.3 7749.1 7342.06 7303.81 5387.78 4784.97 4235.03 4170.87 3989.01 3782.01 3710.51 3512.37 3371.41 6482.87 3333.99 4247.33 3223.47 3029.38 2815.6 5315.23 2540.59 2312.41 2303.55 2183.57 2126.51 2021.96 2110.35 2007.15 2557.41 2450.15 1989.81 2007.32 1955.7 1949.91 1931.3 1927.88 1912.75 3207.67 1957.19 1899.77 2191.37 1895.11 2035.25 1875.92 1799.46 1792.87 1788.97 1788.53 1783.94 1763.97 1737.56 1950.22 1726.63 1890.41
threshold=20.825138888888894 31.209583333333338 8.0723611111111122 -4.7499999999999991 38.881250000000009 -8.2499999999999982 13.877500000000003 25.619722222222226 -11.249999999999998 2.6253472222222238 47.027222222222228 41.35958333333334 4.2500000000000009 1.134652777777778 5.2802083333333334 -6.2499999999999991 -0.12524228696486792 -1.6433854971567463 39.750000000000007 1.5728472222222225 1.0000000180025095e-35 47.500000000000007 -7.7499999999999991 -0.56441984226712749 30.500000000000004 1.0000000180025095e-35 40.750000000000007 3.2500000000000004 -7.0692602991644238 -10.749999999999998 6.1875831854480934 3.6608079228007537 3.5000000000000004 1.0000000180025095e-35 0.38500000000000006 40.750000000000007 6.0606022189440045 -0.13056656642165207 40.250000000000007 20.500000000000004 34.500000000000007 11.500000000000002 13.500000000000002 1.7500000000000002 -8.2499999999999982 -8.7499999999999982 48.250000000000007 0.52051335998316872 46.250000000000007 1.0000000180025095e-35 14.500000000000002 -0.24157831598742016 0.85527777777777791 0.60903263403263408 0.5255756148613292 42.750000000000007 3.255783367678529 -11.249999999999998 1.0000000180025095e-35 58.500000000000007 0.5755360009172209 2.6524098052593357
decision_type=2 2 2 2 2 2 2 2 2 2 2 2 2 2 2 2 2 2 2 2 2 8 2 2 8 2 2 2 2 2 8 10 8 2 10 2 8 2 2 8 10 2 2 2 2 2 2 2 2 2 8 2 2 2 2 2 8 2 2 10 8 2
left_child=2 5 9 8 14 42 22 19 -3 49 12 44 24 58 18 57 43 -11 -5 28 21 32 -4 -24 -6 -15 27 -18 -7 -19 -12 -26 -20 -31 -35 -21 37 -37 -30 -40 -14 -22 -2 -17 45 46 -10 -16 -49 50 -1 -43 -25 -46 -54 -39 -44 -8 -9 -60 61 -28
right_child=1 3 6 4 10 7 15 13 11 17 30 -13 40 25 47 16 26 29 20 35 41 -23 23 52 31 -27 60 -29 38 33 -32 -33 -34 34 -36 36 -38 55 39 -41 -42 51 56 -45 53 -47 -48 48 -50 -51 -52 -53 54 -55 -56 -57 -58 -59 59 -61 -62 -63
leaf_value=-0.14959453181957547 -0.076049429536425142 0.020019981094016141 -0.20088627412271812 0.071456355650749953 0.34303906835016929 -0.046986610965421657 -0.17424708362932692 0.058499189428347746 0.079030053119169497 -0.26488468725501202 0.4322431047396702 0.22801946272834073 0.45813380606734921 0.10824032635747459 0.17694037901870388 -0.11239216179320272 -0.14096001108503478 -0.28513421997216215 0.32943301709027117 0.18900012310215086 0.14279550833545726 0.17488547335931204 -0.17888056268453845 -0.11851843667298512 0.27698967274798592 0.19633204553867523 -0.023685622509502999 0.090585768769288547 -0.052851260080799184 -0.21226202289517171 0.27951843310087243 0.20805751050223922 0.21202114184537135 -0.20973745985665537 -0.14035044098529026 0.035904783826679963 -0.017312727010974738 0.27531936761780912 0.099049372921236917 0.025285224629715872 0.33660293227366983 0.10022320182040884 0.10434825911930523 -0.047503834330772203 0.13661404276317676 -0.071456630400323365 0.22304365510103019 0.38380112112507875 0.21530319723023422 -0.29175448858474257 -0.25703119527398094 0.24095524415601755 0.042274545649795436 0.27571346318281648 -0.088032735740572507 0.11193043228329867 -0.055218900746833055 -0.087800107533005739 0.13982662906657167 0.063362122831685602 -0.021727870637300247 0.085627671601740951
leaf_weight=485 2797 1554 1707 635 1217 1294 740 3683 987 2382 1424 2624 471 2007 286 2276 1006 661 1389 360 3014 2547 2815 6855 3193 1909 677 328 692 4485 308 1826 545 1720 3059 1082 729 202 1072 6577 1219 298 317 2307 3782 285 310 574 298 4452 5440 1192 344 247 1116 981 389 2933 2003 1433 3679 949
leaf_count=485 2797 1554 1707 635 1217 1294 740 3683 987 2382 1424 2624 471 2007 286 2276 1006 661 1389 360 3014 2547 2815 6855 3193 1909 677 328 692 4485 308 1826 545 1720 3059 1082 729 202 1072 6577 1219 298 317 2307 3782 285 310 574 298 4452 5440 1192 344 247 1116 981 389 2933 2003 1433 3679 949
internal_value=-0.0003678 0.137057 -0.157789 0.215122 0.252502 0.0513368 -0.0945532 0.0671941 0.137067 -0.23509 0.311819 0.159149 0.291351 0.106825 0.199325 -0.0590154 -0.0438716 -0.208207 0.188409 0.0335191 0.196666 0.227417 -0.135781 -0.125778 0.269785 0.151223 -0.0190987 -0.084003 0.0181748 -0.19458 0.405261 0.251957 0.296473 -0.188088 -0.165362 0.0775801 0.0641242 0.0903312 0.0282882 0.0356348 0.370724 0.166028 -0.0574027 -0.079746 0.126907 0.0802348 0.113597 0.28977 0.326531 -0.266949 -0.248264 0.212895 -0.107781 0.145208 -0.0573223 0.140038 0.0164744 -0.105259 0.0823855 0.107964 -0.00276501 0.0401275
internal_weight=108168 57752 50416 30225 20436 27527 27732 24024 9789 22684 9658 8235 7926 11035 10778 14895 11222 12307 9620 12989 8985 4481 12837 11130 6236 3916 6639 1334 9635 9925 1732 5019 1934 9264 4779 3354 2994 2265 8341 7649 1690 4504 3503 4583 5611 1582 1297 1158 872 10377 5925 1490 8315 4029 1460 1183 706 3673 7119 3436 5305 1626
internal_count=108168 57752 50416 30225 20436 27527 27732 24024 9789 22684 9658 8235 7926 11035 10778 14895 11222 12307 9620 12989 8985 4481 12837 11130 6236 3916 6639 1334 9635 9925 1732 5019 1934 9264 4779 3354 2994 2265 8341 7649 1690 4504 3503 4583 5611 1582 1297 1158 872 10377 5925 1490 8315 4029 1460 1183 706 3673 7119 3436 5305 1626
is_linear=0
shrinkage=0.05


Tree=14
num_leaves=63
num_cat=0
split_feature=12 12 12 13 13 12 12 12 12 13 12 13 13 13 7 20 11 11 11 11 13 7 11 31 7 7 13 31 7 7 14 13 14 27 13 16 20 32 7 30 14 29 16 20 10 29 18 11 16 20 28 30 9 28 7 28 28 14 14 10 32 11
split_gain=846921 124455 106154 25188.3 19535.5 17206.1 15551.1 13714.9 10638.7 9734.73 8214.17 6048.68 5028.08 4120.12 4460.52 3840.11 3596.69 3542.84 3360.9 3125.28 2884.83 3570.04 2843.17 2806.77 4720.34 2791.05 2771.21 2726.38 3863.74 2725.25 2937.3 2416.21 3166.57 2494.64 2387.85 2377.54 3223.39 2351.7 2565.87 2345.3 2738.93 2342.17 2462.52 2306.02 2256.94 2090.75 2012.96 2002.73 1954 2984.06 1887.57 1951.14 1885.85 1909.47 1863.01 3561.59 1818.58 2504.57 5426.83 2192.31 1973.63 1868.11
threshold=22.800277777777779 10.260138888888889 35.624583333333341 -7.7499999999999991 -2.7499999999999996 16.976875000000003 44.500763888888898 4.4255555555555555 28.400694444444451 -1.7499999999999998 27.667777777777783 -8.2499999999999982 -8.2499999999999982 -6.2499999999999991 -0.18168447768889148 34.500000000000007 5.0633333333333344 -5.6331944444444435 4.0002777777777787 0.81847222222222238 -10.749999999999998 -0.32539318399626421 6.0889583333333341 1.0000000180025095e-35 1.0000000180025095e-35 -3.4984662576687113 -11.249999999999998 1.0000000180025095e-35 -0.027952482299365679 -0.35239938754054251 40.250000000000007 -8.7499999999999982 48.250000000000007 0.97041797127566742 7.2500000000000009 1.0000000180025095e-35 58.500000000000007 1.0983511222175084 -0.13272239231640312 8.5000000000000018 50.750000000000007 0.6301041666666668 1.0000000180025095e-35 31.500000000000004 11.500000000000002 0.59812675070028021 3.5000000000000004 -1.5206944444444439 1.0000000180025095e-35 47.500000000000007 0.58865863617803205 13.500000000000002 2.5000000000000004 0.48250713994288053 0.12767898151801949 0.55721726190476206 0.59294019933554831 49.250000000000007 48.250000000000007 9.5000000000000018 2.6022812585312587 1.134652777777778
decision_type=2 2 2 2 2 2 2 2 2 2 2 2 2 2 2 8 2 2 2 2 2 2 2 2 2 2 2 2 2 2 2 2 2 2 2 2 10 8 2 10 2 2 2 8 2 2 8 2 2 8 2 8 2 2 2 2 2 2 2 2 8 2
left_child=1 7 4 26 10 13 9 25 22 35 17 -7 -12 -3 -15 -11 23 -2 39 29 -9 -22 27 56 -25 -1 -4 43 -29 -13 -31 32 -28 -33 54 36 46 38 -21 40 47 42 -14 -6 -26 -39 -5 -8 49 -27 -45 -52 -32 -54 -17 -56 57 58 60 -58 61 -10
right_child=2 5 3 6 8 11 18 20 16 15 12 19 41 14 -16 34 -18 -19 -20 37 21 -23 -24 24 44 48 31 28 -30 30 52 33 -34 -35 -36 -37 -38 45 -40 -41 -42 -43 -44 50 -46 -47 -48 -49 -50 -51 51 -53 53 -55 55 -57 59 -59 -60 -61 -62 -63
leaf_value=-0.28472078832691927 -0.07590588641785477 -0.14768328330251618 0.028615064971544892 0.2915299944763371 0.12066428857207752 -0.10919266915105739 0.24293628364995132 -0.26804353302089423 -0.042159610024148308 0.33748515592782169 0.013792461806024017 -0.10257933374458857 0.12743012405597126 -0.12472754109797637 -0.059650148209025783 0.22286604969422763 0.25930584904723591 0.022855641621541235 0.43666201972089169 -0.00087379708372313394 -0.20118588609141008 -0.14390746277032743 0.24225665135841284 0.14437217257903784 0.21511780617663923 -0.17516914479051104 0.10704529737422108 0.057076959598370981 0.19757052538161651 -0.095308699491830948 0.07430691676524076 -0.062250774927444012 0.26795936749364757 0.16865718833880849 0.33537414666793663 0.15816387825002096 0.15930330453768951 0.02073267380575999 0.14028680738536964 0.23645426618819865 0.38945009550646836 0.26534836924779165 0.065135096958774147 0.025900380283069836 0.40441486416039646 -0.071261808076868854 0.18735868042005288 0.36230412922661381 -0.25662126394500934 -0.24176804508697552 0.066170894242408448 0.24494968001552697 0.078797059629592436 -0.025018508992308969 0.20214323216566332 0.45729825679917591 0.095751536884949418 0.011324211113493552 0.35985522750233945 0.2787970432567965 0.1418462148757631 0.11534245232484588
leaf_weight=3206 1067 3574 1034 1380 1247 1827 898 736 318 1671 2135 1135 3212 4407 6549 3762 984 6063 718 579 4415 7141 279 991 294 2829 834 942 1020 1066 662 277 484 201 704 3516 1468 2559 724 726 1362 212 3142 3255 350 813 711 592 4801 4209 611 203 488 4702 296 258 261 439 255 444 2592 459
leaf_count=3206 1067 3574 1034 1380 1247 1827 898 736 318 1671 2135 1135 3212 4407 6549 3762 984 6063 718 579 4415 7141 279 991 294 2829 834 942 1020 1066 662 277 484 201 704 3516 1468 2559 724 726 1362 212 3142 3255 350 813 711 592 4801 4209 611 203 488 4702 296 258 261 439 255 444 2592 459
internal_value=-0.000635862 -0.134566 0.14562 0.232603 0.0865655 -0.0625696 0.254335 -0.211162 0.127566 0.228381 0.0478563 -0.0241429 0.0804565 -0.101058 -0.0858362 0.271643 0.170238 0.00806747 0.337428 -0.0119271 -0.171949 -0.165806 0.0858378 0.156511 0.213097 -0.243185 0.0938618 0.079809 0.13018 -0.0308032 -0.0190142 0.131389 0.166295 0.0349959 0.249664 0.187434 0.216297 0.020588 0.0776082 0.317398 0.337913 0.102128 0.0966408 0.0611975 0.318464 -0.00146204 0.256215 0.290574 -0.231914 -0.215027 0.0429479 0.111002 -0.00510248 -0.0152437 0.235608 0.32158 0.137067 0.124144 0.137804 0.211263 0.120895 0.0509108
internal_weight=108089 56422 51667 20892 30775 29085 18062 27337 14944 13766 15831 14555 8701 14530 10956 6691 7387 7130 4296 12728 12292 11556 7557 6403 1635 15045 2830 7278 1962 8053 6918 1796 1318 478 5020 7075 3559 4675 1303 3578 2852 6566 6354 5316 644 3372 2091 1490 11839 7038 4069 814 5852 5190 4316 554 4768 4063 3624 705 3369 777
internal_count=108089 56422 51667 20892 30775 29085 18062 27337 14944 13766 15831 14555 8701 14530 10956 6691 7387 7130 4296 12728 12292 11556 7557 6403 1635 15045 2830 7278 1962 8053 6918 1796 1318 478 5020 7075 3559 4675 1303 3578 2852 6566 6354 5316 644 3372 2091 1490 11839 7038 4069 814 5852 5190 4316 554 4768 4063 3624 705 3369 777
is_linear=0
shrinkage=0.05


Tree=15
num_leaves=63
num_cat=0
split_feature=12 12 15 13 12 13 12 12 13 12 13 12 12 13 11 30 13 13 7 7 6 7 7 13 6 8 13 13 20 14 7 28 6 14 12 14 17 20 24 30 14 14 18 14 20 30 14 11 29 14 20 13 7 30 11 7 6 9 29 14 6 6
split_gain=763872 126073 83897.3 27518.7 20317.6 16469.9 13118.8 10214.2 8382.19 6361.92 6199.89 5726.92 4534.82 4180.63 4067.27 4038.91 3852.39 3204 3491.84 3186.79 3185.04 3079.49 2925.25 2918.33 2862.76 2833.2 2801.59 2642.59 2640.44 2568.63 2533.09 2391.24 2277.02 2287.6 2258.75 2252.58 2135.96 2866.2 2103.89 2049.84 2023.63 2184.87 2021.83 2007.14 1968.65 1955.06 2693.36 2263.83 1975.95 1921.31 1912.16 1874.06 1832.21 1800.07 2795.22 1879.57 1799.77 1916.5 1739.87 1729.76 1721.57 1680.88
threshold=20.825138888888894 31.805347222222228 8.0723611111111122 -4.7499999999999991 40.186041666666675 -6.2499999999999991 13.877500000000003 25.619722222222226 -11.249999999999998 2.9045138888888897 4.2500000000000009 37.207222222222228 45.251666666666672 -8.2499999999999982 2.3692361111111118 8.5000000000000018 -11.249999999999998 -10.749999999999998 0.15166105178801409 0.26134030341992465 -7.0692602991644238 -0.72830750797428789 0.43602390686861736 5.7500000000000009 15.161505397549766 1.0000000180025095e-35 -8.2499999999999982 5.7500000000000009 34.500000000000007 39.250000000000007 -1.6433854971567463 0.59294019933554831 5.1994924882996925 45.750000000000007 46.501041666666673 40.750000000000007 1.0000000180025095e-35 47.500000000000007 2.5000000000000004 5.5000000000000009 39.750000000000007 54.250000000000007 3.5000000000000004 42.250000000000007 38.500000000000007 8.5000000000000018 53.250000000000007 1.3577083333333337 0.57481343283582098 46.250000000000007 34.500000000000007 -2.7499999999999996 0.063369127117509708 15.500000000000002 6.9356944444444446 -0.15143548384956249 -2.6163747117235769 6.5000000000000009 0.60903263403263408 40.750000000000007 6.0641478225181986 8.8299679096155881
decision_type=2 2 2 2 2 2 2 2 2 2 2 2 2 2 2 10 2 2 2 2 2 2 2 2 2 2 2 2 10 2 2 2 2 2 2 2 2 10 2 8 2 2 8 2 8 8 2 2 2 2 8 2 2 8 2 2 2 2 2 2 2 2
left_child=2 5 9 8 10 16 17 20 38 -1 15 -10 28 -8 22 19 49 -4 -19 29 51 -15 40 24 -22 26 -18 -23 -6 -5 -11 60 33 -27 58 -20 -31 42 -3 -40 52 56 -38 -25 -37 46 47 -14 -48 61 -32 -7 -9 54 55 -16 -42 -58 -13 -29 -12 -2
right_child=1 3 6 4 12 7 13 14 11 30 31 34 45 21 53 -17 25 18 35 -21 23 27 -24 43 -26 32 -28 59 -30 36 50 -33 -34 -35 -36 44 37 -39 39 -41 41 -43 -44 -45 -46 -47 48 -49 -50 -51 -52 -53 -54 -55 -56 -57 57 -59 -60 -61 -62 -63
leaf_value=-0.24066219063121894 -0.080674926349145415 -0.12696369115576567 -0.22204722063796103 0.035013107959404849 0.32279155159625572 -0.10461253246592164 -0.12239902872259562 0.06161730465187381 0.094715746791143113 -0.23704359396145352 0.2535908576238578 0.159213881747863 0.27715717193361572 -0.12505738355745824 0.093464582799248005 0.11614112155893408 -0.012405201299279406 -0.14043122943049696 -0.16554114410049126 0.3423980685041258 0.034912150182677924 -0.043484772656082978 0.21229709189450158 0.24383799031761744 0.22556430157573693 -0.082910180093372532 0.20058805575737587 0.15554567833957467 0.24191264972819077 0.16086963186367823 -0.14008047196379186 0.37830536651476099 0.030682423006110116 0.0056468227612662706 0.26346179312833684 -0.031925079774825733 0.31577620975423326 0.17373392815477368 0.1160007514951418 -0.012421765868158748 0.056493564849463863 -0.037922633862204902 0.18255360189343045 0.088058317691346893 -0.097724456733902287 0.27227037420508843 0.33560942416744577 0.40060935593693936 0.52610172377538322 -0.16038247892280744 -0.19054260772869602 0.0084604855857879756 -0.11988028109793201 0.054057029229691959 0.35088443658672852 0.20068498307680338 0.08649125487652351 0.15039004589185312 0.29925543748015215 0.0050900463241691134 0.098675410158524476 0.077457424632527624
leaf_weight=11197 712 213 742 282 1408 490 1858 374 3102 2117 1893 3838 861 1033 644 2520 284 6377 780 329 7863 10670 463 270 201 1444 337 229 3691 3129 2633 364 2035 1472 724 1775 921 1527 542 726 2018 317 420 883 3167 744 223 674 386 564 6684 1444 220 315 220 1132 2869 1993 236 1128 200 219
leaf_count=11197 712 213 742 282 1408 490 1858 374 3102 2117 1893 3838 861 1033 644 2520 284 6377 780 329 7863 10670 463 270 201 1444 337 229 3691 3129 2633 364 2035 1472 724 1775 921 1527 542 726 2018 317 420 883 3167 744 223 674 386 564 6684 1444 220 315 220 1132 2869 1993 236 1128 200 219
internal_value=-0.000139891 0.124014 -0.142393 0.19768 0.231431 0.0499083 -0.0841348 0.0714838 0.127249 -0.213845 0.189099 0.14771 0.292801 -0.052239 0.106712 0.170082 -0.016391 -0.121183 -0.114979 0.190632 0.0381006 -0.0422489 0.0902759 0.0503403 0.0396916 0.00273556 0.103317 -0.0351267 0.264305 0.182627 -0.187565 0.259649 -0.00989863 -0.0382199 0.181945 -0.086594 0.189561 0.220797 0.0180753 0.0425199 0.0829982 0.090318 0.274218 0.124717 -0.0741028 0.343005 0.367412 0.331589 0.457013 -0.0876315 -0.176298 -0.0202271 -0.00569253 0.16535 0.182877 0.16188 0.0962314 0.11271 0.167398 0.030576 0.238842 -0.0434341
internal_weight=108126 57736 50390 28953 19572 28783 27759 21716 9381 22631 11585 7900 7987 14918 10565 9128 7067 12841 12099 6608 11151 13060 8254 9217 8064 5572 621 12027 5099 6279 11434 2457 4951 2916 4798 5722 5997 2868 1481 1268 7791 7197 1341 1153 4942 2888 2144 1535 609 1495 9317 1934 594 2311 1996 1776 6880 4862 4074 1357 2093 931
internal_count=108126 57736 50390 28953 19572 28783 27759 21716 9381 22631 11585 7900 7987 14918 10565 9128 7067 12841 12099 6608 11151 13060 8254 9217 8064 5572 621 12027 5099 6279 11434 2457 4951 2916 4798 5722 5997 2868 1481 1268 7791 7197 1341 1153 4942 2888 2144 1535 609 1495 9317 1934 594 2311 1996 1776 6880 4862 4074 1357 2093 931
is_linear=0
shrinkage=0.05


Tree=16
num_leaves=63
num_cat=0
split_feature=12 12 15 12 13 12 13 13 12 12 13 13 17 11 20 5 20 17 13 5 31 20 13 31 5 13 11 16 20 13 11 10 9 32 14 13 14 5 9 14 13 12 14 32 28 17 20 11 20 28 14 20 11 14 14 16 20 11 28 30 12 14
split_gain=689399 96675.1 89851.2 22784.3 18529.3 12422.9 10611.2 10346.2 9587.3 9015.89 7513.67 4649.05 4231.54 3752.14 3053.25 3051.45 3005.35 3249.26 2918.53 2784.16 2901.48 2751.57 2711.3 2526.57 3030.51 2630.69 2486.75 2400.07 2683.86 2303.25 2153.49 2540.15 2222.23 2152.56 2395.66 4024.53 6991.12 2086.43 2048.45 2033.66 3348.08 1996.33 1943.47 3873.37 2163.99 1924.3 2096.15 1880.55 1813.51 1790.4 2232.19 1773.74 1760.45 1830.16 1755.9 1749.08 2314.97 1731.89 1652.12 1611.55 2362.63 1816.74
threshold=22.000069444444446 36.597847222222235 9.7106250000000021 29.396111111111114 -7.7499999999999991 15.324930555555557 -6.2499999999999991 -2.7499999999999996 2.9045138888888897 45.251666666666672 -1.7499999999999998 -7.7499999999999991 1.0000000180025095e-35 -6.8585416666666648 27.500000000000004 -13.499999999999998 34.500000000000007 1.0000000180025095e-35 -5.7499999999999991 5.5000000000000009 1.0000000180025095e-35 13.500000000000002 -7.2499999999999991 1.0000000180025095e-35 6.5000000000000009 6.2500000000000009 4.0002777777777787 1.0000000180025095e-35 34.500000000000007 -11.249999999999998 5.2802083333333334 10.500000000000002 14.500000000000002 4.796771638872614 45.750000000000007 -10.749999999999998 50.750000000000007 -5.4999999999999991 24.500000000000004 40.250000000000007 3.2500000000000004 23.954236111111111 45.250000000000007 8.436812280185304 0.55366743471582192 1.0000000180025095e-35 45.500000000000007 4.0002777777777787 22.500000000000004 0.52234706616729099 46.250000000000007 34.500000000000007 2.1336805555555562 40.250000000000007 40.250000000000007 1.0000000180025095e-35 31.500000000000004 2.3692361111111118 0.59511904761904766 8.5000000000000018 50.363750000000003 51.250000000000007
decision_type=2 2 2 2 2 2 2 2 2 2 2 2 2 2 8 2 10 2 2 2 2 8 2 2 2 2 2 2 8 2 2 2 2 8 2 2 2 2 2 2 2 2 2 8 2 2 10 2 10 2 2 10 2 2 2 2 8 2 2 10 2 2
left_child=2 3 8 6 33 18 29 13 -1 10 27 -7 38 -5 -12 -10 17 -13 -4 48 -21 -14 -17 25 -25 42 59 28 -6 -2 31 -9 51 34 -3 -36 -37 54 47 40 -39 -23 -16 44 -44 -24 -47 58 -20 -32 -51 -33 53 -43 -18 56 -15 -46 -8 60 -11 -61
right_child=1 4 5 7 9 11 12 30 15 26 14 16 21 55 23 22 37 -19 19 20 -22 41 45 24 -26 -27 -28 -29 -30 -31 49 32 -34 -35 35 36 -38 39 -40 -41 -42 52 43 -45 57 46 -48 -49 -50 50 -52 -53 -54 -55 -56 -57 -58 -59 -60 61 -62 -63
leaf_value=-0.22809780601944707 -0.086724108237589803 0.052173786078420305 -0.14083343074129703 0.014915514759024907 0.29681075197414625 -0.10355573367559159 0.024783220362309656 0.13104911563473479 -0.2217018426617115 0.28146893308471416 0.33339243028684196 -0.026454918668309114 0.19457866705123417 0.20975926606444079 0.1555254583808198 -0.20505684587329506 0.043107231558112996 0.064002682884912593 -0.056390167952468651 -0.076178637262605611 0.037536379655369517 0.040042538089060747 -0.16826805361251257 0.26618113232832002 0.46970365398447034 0.29808379403805013 0.40190170156205351 0.15025822500890196 0.18674056449365606 -0.0029342924555695472 0.13084633993460751 0.27873394851916006 0.043611829004743523 0.0281260814442107 0.048264820659412198 0.37750135540745144 0.018731788966516796 -0.13351260711971299 -0.11196624978658989 -0.010662970855346879 0.087534344086449278 -0.028728559118822036 0.12615188097567104 0.4302041577450898 0.3337728918959697 -0.090214499757929209 -0.15372757748117993 0.12639584608636031 -0.12025375888985146 0.35028548021649208 0.15185421035038654 0.18184767415191039 0.16051456090641378 0.096322168706169123 -0.08711901159848956 0.075360481490553535 0.10531788805540679 0.1711731974297144 0.083757416504316562 0.27664102962572534 0.40293436094032575 0.092058167629644722
leaf_weight=11167 1035 665 3374 1560 716 2073 5906 3842 2164 1893 1109 2278 605 680 1426 2419 287 1758 1460 2053 771 1895 5029 1065 223 838 595 3255 2505 3937 273 672 220 861 384 398 206 816 216 5427 216 323 525 222 374 2386 2868 633 4695 429 215 1638 981 3066 2588 3166 2432 298 1486 403 517 201
leaf_count=11167 1035 665 3374 1560 716 2073 5906 3842 2164 1893 1109 2278 605 680 1426 2419 287 1758 1460 2053 771 1895 5029 1065 223 838 595 3255 2505 3937 273 672 220 861 384 398 206 816 216 5427 216 323 525 222 374 2386 2868 633 4695 429 215 1638 981 3066 2588 3166 2432 298 1486 403 517 201
internal_value=0.000239362 0.126659 -0.126321 0.0778778 0.218603 -0.0638014 0.0429671 0.12422 -0.19307 0.238243 0.218183 -0.0339021 0.0638137 0.0843263 0.258131 -0.166745 -0.0230955 0.0129527 -0.101174 -0.0862573 -0.0451302 0.0927918 -0.157365 0.241277 0.301755 0.22005 0.307954 0.180643 0.211293 -0.0203904 0.167102 0.156739 0.195683 0.0922763 0.125653 0.175008 0.255373 -0.0386823 0.0396481 -0.0229046 -0.087207 0.082933 0.196968 0.238477 0.202589 -0.146127 -0.124907 0.0437424 -0.105117 0.238862 0.284377 0.210141 0.101518 0.0843988 -0.0741086 0.101569 0.128199 0.262029 0.0366484 0.289281 0.307682 0.215469
internal_weight=107718 53889 53829 35210 18679 27796 20083 15127 26033 16165 12556 15443 15111 7838 6080 14866 13370 4036 12353 8979 2824 6870 12702 4971 1288 3683 3609 6476 3221 4972 7289 6372 2530 2514 1653 988 604 9334 8241 6459 1032 6265 2845 1419 1197 10283 5254 8025 6155 917 644 2310 4370 3389 2875 6278 3112 672 7392 3014 2410 604
internal_count=107718 53889 53829 35210 18679 27796 20083 15127 26033 16165 12556 15443 15111 7838 6080 14866 13370 4036 12353 8979 2824 6870 12702 4971 1288 3683 3609 6476 3221 4972 7289 6372 2530 2514 1653 988 604 9334 8241 6459 1032 6265 2845 1419 1197 10283 5254 8025 6155 917 644 2310 4370 3389 2875 6278 3112 672 7392 3014 2410 604
is_linear=0
shrinkage=0.05


Tree=17
num_leaves=63
num_cat=0
split_feature=12 12 12 13 12 13 12 12 13 12 13 13 12 7 13 7 20 13 30 17 6 9 32 28 20 11 28 7 32 7 13 20 13 30 12 7 19 6 28 6 16 24 32 28 13 16 30 11 20 29 16 20 12 0 20 11 20 7 7 32 32 20
split_gain=629565 104669 63573.6 18527.7 15690.4 14271.2 11527.5 9644.43 6084.65 6027.8 5755.97 4599.08 4273.61 3847.18 3820.86 3850.68 3581.93 3134.4 3051.47 2949.83 2807.73 2801.04 3120.79 3077.8 2670.51 2640.56 2475.35 2472.91 2435.96 2434.4 2727.61 2369.9 2358.84 2228.79 2196.64 2097.01 2085.21 2055.93 2051.55 2033.74 2014.4 1984.2 1979.96 1930.74 1886.64 1880.92 1876.73 1860.74 1814.44 1798.66 1798.52 1715.78 1707.15 1686.27 1678.93 1624.92 1600.27 1524.35 1464.49 1448 1438.89 1415.3
threshold=23.814375000000005 11.751666666666667 35.624583333333341 -6.7499999999999991 6.4269444444444437 -2.7499999999999996 19.613194444444449 44.500763888888898 -11.249999999999998 29.585694444444446 4.2500000000000009 -8.2499999999999982 30.622569444444448 -1.9269899031315665 -4.7499999999999991 -0.63896143452423371 34.500000000000007 -11.249999999999998 1.0000000180025095e-35 1.0000000180025095e-35 6.6868236932200089 23.500000000000004 1.1240962989673484 0.59769353128313896 47.500000000000007 4.1937500000000005 0.54016129032258076 -0.027952482299365679 1.0658544869120592 -0.72830750797428789 -10.749999999999998 30.500000000000004 3.2500000000000004 1.5000000000000002 50.363750000000003 -0.46661482633488849 1.0000000180025095e-35 2.3994212258108472 0.59511904761904766 6.4214051575157525 1.0000000180025095e-35 2.5000000000000004 2.2682823724894834 0.59294019933554831 -11.249999999999998 1.0000000180025095e-35 16.500000000000004 -0.99784722222222222 59.500000000000007 0.5100505050505052 1.0000000180025095e-35 55.500000000000007 39.743611111111122 1876.5000000000002 31.500000000000004 0.23201388888888888 13.500000000000002 0.14230052924046696 3.8106442577030819 4.9924023429917321 6.696107792925015 38.500000000000007
decision_type=2 2 2 2 2 2 2 2 2 2 2 2 2 2 2 2 8 2 8 2 2 2 8 2 8 2 2 2 8 2 2 8 2 8 2 2 2 2 2 2 2 2 8 2 2 2 8 2 8 2 2 10 2 2 8 2 10 2 2 10 8 8
left_child=1 4 5 17 13 8 14 10 41 21 16 -8 45 -1 44 -16 40 59 20 58 55 22 27 42 36 33 -20 -7 37 -6 -31 -32 35 34 -9 -13 -21 -11 50 52 56 -2 -24 61 -3 48 57 -41 -10 -37 51 -12 -18 60 -44 -17 -5 -19 -15 -4 -34 -30
right_child=2 6 3 7 29 9 11 25 12 28 38 32 -14 19 15 18 39 46 26 24 -22 -23 23 -25 -26 -27 -28 -29 43 30 31 -33 53 -35 -36 49 -38 -39 -40 47 -42 -43 54 -45 -46 -47 -48 -49 -50 -51 -52 -53 -54 -55 -56 -57 -58 -59 -60 -61 -62 -63
leaf_value=-0.23633853189782134 -0.12044303344219531 -0.17142617532646801 0.073287427162184657 0.37715351791360552 -0.16960577932601276 0.085829836541955667 -0.082127963390300276 0.28994025967363268 0.092697139971441189 0.16738856839454613 0.35574468349231714 -0.094373488955579676 0.09748519583543197 -0.19556367513805686 -0.11968420471923438 -0.061436732030961817 0.13661954294060361 0.15588760643539892 -0.089732957717367015 -0.21491046580577305 0.11142134453761032 -0.0889340900679194 -0.038313563226659589 0.17045585192765758 -0.19354880050306736 0.38286482820355328 -0.029335235382309699 0.19097950356702503 0.16819591893065958 -0.21227111936524889 -0.059544029206672892 -0.12147969256147556 0.052367383585098029 0.23857889332278834 0.44673242813514924 -0.043971018509897368 -0.1128347845444353 0.2799051045090159 0.39145647858890398 0.18198948936049075 0.196003944093183 -0.00028728972315222596 0.13003542868819384 0.21985509347009602 -0.089290051763441181 0.011904048882953678 0.021885778010437743 0.33405215976928626 0.026202719092462121 0.014995496716587939 0.2041883022011986 0.22310069152867898 0.18670654296222991 0.12777492063311652 0.049196409790020192 0.025706348217029436 0.24869211168652977 0.02379583201425917 -0.24830983017504452 -0.054273810591070615 -0.049665049900236506 0.10238215604002632
leaf_weight=5286 569 829 735 349 2533 1011 1618 1099 2153 1148 602 602 4852 5251 1714 1075 3476 2844 3024 611 519 210 490 685 3500 684 3866 1258 1227 656 2046 6340 1500 1889 286 1642 2791 635 329 503 1293 865 850 618 4496 3706 340 341 1961 6074 915 423 3370 553 2630 1063 843 237 1783 318 448 2471
leaf_count=5286 569 829 735 349 2533 1011 1618 1099 2153 1148 602 602 4852 5251 1714 1075 3476 2844 3024 611 519 210 490 685 3500 684 3866 1258 1227 656 2046 6340 1500 1889 286 1642 2791 635 329 503 1293 865 850 618 4496 3706 340 341 1961 6074 915 423 3370 553 2630 1063 843 237 1783 318 448 2471
internal_value=0.000306605 -0.108054 0.134749 0.200451 -0.172258 0.0845731 -0.0399223 0.225054 0.0495784 0.12187 0.203394 -0.00353176 0.0606252 -0.199957 -0.0672078 -0.0506975 0.187295 0.110224 -0.0383009 -0.186142 0.00721773 0.0906453 0.0961039 0.072641 -0.162853 0.293085 -0.0558528 0.144186 0.158373 -0.126247 -0.114083 -0.106378 0.00822895 0.274217 0.322617 -0.00457434 -0.131225 0.207595 0.275474 0.170379 0.239553 -0.0480149 0.055725 0.137995 -0.102107 0.0377455 0.133439 0.24375 0.0610156 0.00244308 0.255613 0.301276 0.161299 0.0507958 0.0689733 -0.018118 0.286588 0.145738 -0.208967 0.0347497 0.0288886 0.124259
internal_weight=108035 59820 48215 20876 30797 27339 29023 16402 14106 13233 12444 12437 12672 19222 16586 11261 10175 4474 9547 13936 2657 7134 6924 4655 6902 3958 6890 2269 6099 11575 9042 8386 10819 3274 1385 8318 3402 1783 2269 7690 2485 1434 3970 4316 5325 7820 3421 844 4114 7716 1940 1025 6846 2501 3480 2138 1192 3081 7034 1053 1948 3698
internal_count=108035 59820 48215 20876 30797 27339 29023 16402 14106 13233 12444 12437 12672 19222 16586 11261 10175 4474 9547 13936 2657 7134 6924 4655 6902 3958 6890 2269 6099 11575 9042 8386 10819 3274 1385 8318 3402 1783 2269 7690 2485 1434 3970 4316 5325 7820 3421 844 4114 7716 1940 1025 6846 2501 3480 2138 1192 3081 7034 1053 1948 3698
is_linear=0
shrinkage=0.05


Tree=18
num_leaves=63
num_cat=0
split_feature=0 15 12 13 12 13 12 14 12 13 13 4 13 11 6 12 13 30 14 14 31 13 31 13 11 14 17 20 18 5 13 10 13 14 6 13 13 17 20 13 17 14 14 24 14 30 27 13 20 11 20 5 18 30 30 14 8 30 14 13 30 30
split_gain=565355 77501.7 73236.3 18758 15900.9 13184.2 9076.51 7530.01 7198.04 6646.88 6341.8 5011.22 5001.99 4580.69 4263.16 3913.51 3735.75 3591.82 3579.43 3519.17 3281.51 3358.8 3218.75 3200.44 3159.31 3109.9 2839.81 3696.71 2661.65 2643.64 2952.16 2635.87 2614.07 2562.09 2363.12 2407.54 2692.51 2206.86 2891.7 2062.55 2058.68 2043.48 2041.36 2035.8 2754.94 2901.53 2629.83 2008.06 1939.31 1910.94 1909.41 1888.96 1875.02 1816.83 1764.9 1717.82 1706.35 1695.29 2239.55 2008.65 1691.78 1669.58
threshold=1809.5000000000002 8.0723611111111122 34.026111111111121 -2.7499999999999996 14.705208333333335 -8.2499999999999982 27.134861111111118 51.250000000000007 39.743611111111122 -10.749999999999998 -4.2499999999999991 175.50000000000003 -6.2499999999999991 1.1884722222222226 2.2396986230580409 39.07972222222223 3.2500000000000004 1.5000000000000002 46.750000000000007 43.250000000000007 1.0000000180025095e-35 -2.7499999999999996 1.0000000180025095e-35 4.2500000000000009 0.67756944444444445 51.750000000000007 1.0000000180025095e-35 60.500000000000007 3.5000000000000004 -2.4999999999999996 -6.7499999999999991 8.5000000000000018 -8.7499999999999982 47.250000000000007 -3.622805849166149 2.2500000000000004 -2.2499999999999996 1.0000000180025095e-35 51.500000000000007 -11.249999999999998 1.0000000180025095e-35 43.750000000000007 40.750000000000007 2.5000000000000004 45.750000000000007 6.5000000000000009 0.94055668880484611 -10.749999999999998 20.500000000000004 -1.2755555555555551 24.500000000000004 -16.499999999999996 1.0000000180025095e-35 11.500000000000002 13.500000000000002 49.250000000000007 4.0000000000000009 8.5000000000000018 47.250000000000007 -7.7499999999999991 6.5000000000000009 15.500000000000002
decision_type=2 2 2 2 2 2 2 2 2 2 2 2 2 2 2 2 2 8 2 2 2 2 2 2 2 2 2 8 8 2 2 2 2 2 2 2 2 2 10 2 2 2 2 2 2 8 2 2 10 2 10 2 10 8 10 2 2 10 2 2 8 8
left_child=1 11 5 7 26 32 16 9 37 18 31 -1 39 -8 24 -11 19 -12 41 -7 -16 -22 23 25 51 33 -3 28 48 -13 -31 -9 43 54 -24 36 -36 -5 52 -6 -15 -4 -18 46 60 47 -2 -46 -28 -35 -42 -14 -39 -44 -10 -51 -21 58 -17 -60 -45 -25
right_child=2 4 3 8 12 6 13 10 22 15 17 29 14 40 20 57 42 -19 -20 56 21 -23 34 61 -26 -27 27 -29 -30 30 -32 -33 -34 49 35 -37 -38 38 -40 -41 50 -43 53 44 45 -47 -48 -49 -50 55 -52 -53 -54 -55 -56 -57 -58 -59 59 -61 -62 -63
leaf_value=-0.21166650861452951 -0.15642408744419276 -0.12302938643721624 -0.0031953942689228812 0.15501216381217067 -0.14280746954438733 -0.0048700409226308944 0.08265770623557861 0.20987246972453658 0.17026172484789318 0.10131674626019389 0.44003843741716242 -0.19066194194046299 -0.16121190864438886 0.11207643144257724 -0.004979880559388329 0.14831011128079971 0.1886064621337705 0.22994363354898298 -0.090747042409019929 -0.0028537186666548926 -0.0032055577433109288 0.15084961916284689 0.16810186917621106 0.3283662436587943 -0.0057612181089441673 0.091450974853529099 0.039344208129645827 -0.12125074791403366 -0.12038709296751673 -0.19258283217962019 -0.12660636262193459 0.056189765046932995 -0.14837634220700185 0.16537234284666377 0.41470847696347057 0.392556181957259 0.19767265717928642 0.15638488143880125 0.16439233920103843 -0.059390662520070858 0.26247388798191784 0.15768387019363647 0.10112828972350596 -0.090157342206063959 0.076818881026042507 -0.041575059583761002 -0.012054802964097493 0.29972827480923309 -0.049377144372492583 0.400953594059897 0.15358447938269151 -0.055400011259986781 0.29577987735683564 -0.0013657809238217813 0.32422170307754478 0.2345593831045516 0.070625425661646243 0.116377109506588 0.35031363997014542 0.20193354561631183 0.034679840722304511 0.17118108761873482
leaf_weight=8979 437 7369 378 2867 939 4129 8168 760 1278 4303 405 5441 471 2349 3648 2045 485 417 493 971 624 816 228 1124 4087 464 831 2992 983 2391 5880 442 388 205 211 949 452 310 1343 3519 527 412 1751 488 202 205 1128 203 2372 435 1743 3999 1151 574 219 250 4238 1268 275 1394 609 203
leaf_count=8979 437 7369 378 2867 939 4129 8168 760 1278 4303 405 5441 471 2349 3648 2045 485 417 493 971 624 816 228 1124 4087 464 831 2992 983 2391 5880 442 388 205 211 949 452 310 1343 3519 527 412 1751 488 202 205 1128 203 2372 435 1743 3999 1151 574 219 250 4238 1268 275 1394 609 203
internal_value=8.26632e-05 -0.111625 0.116998 0.180855 -0.0622951 0.0627709 0.0757778 0.138493 0.226475 0.12155 0.226853 -0.182601 -0.0310135 0.10518 -0.0159882 0.136289 0.0448225 0.333866 0.0148624 0.0296064 0.0202533 0.0841365 0.264595 0.240179 -0.0375373 0.21016 -0.101219 -0.0788135 -0.0484592 -0.163554 -0.1457 0.153454 -0.0258399 0.233187 0.319874 0.341223 0.267265 0.185982 0.217582 -0.076989 0.144982 0.0807995 0.095359 -0.0112684 0.0264883 0.111578 -0.0524416 0.189012 -0.0263538 0.300513 0.178969 -0.0665829 0.26633 0.0758347 0.192986 0.340656 0.0569304 0.166468 0.183533 0.226577 -0.0208855 0.304468
internal_weight=108217 55341 52876 24281 32650 28595 24935 12592 11689 10568 2024 22691 18103 12787 13645 9285 12148 822 1283 9338 5088 1440 6018 4178 8557 2851 14547 7178 4186 13712 8271 1202 3660 2387 1840 1612 663 5671 2804 4458 4619 790 2810 3272 1707 610 1565 405 3203 890 2270 4470 1461 2325 1497 685 5209 4982 3714 1669 1097 1327
internal_count=108217 55341 52876 24281 32650 28595 24935 12592 11689 10568 2024 22691 18103 12787 13645 9285 12148 822 1283 9338 5088 1440 6018 4178 8557 2851 14547 7178 4186 13712 8271 1202 3660 2387 1840 1612 663 5671 2804 4458 4619 790 2810 3272 1707 610 1565 405 3203 890 2270 4470 1461 2325 1497 685 5209 4982 3714 1669 1097 1327
is_linear=0
shrinkage=0.05


Tree=19
num_leaves=63
num_cat=0
split_feature=12 12 12 13 12 13 12 12 13 11 13 11 20 16 20 32 32 7 12 16 11 16 29 21 32 32 17 20 11 14 20 16 26 28 13 7 7 30 30 11 12 13 13 24 27 32 32 9 20 12 17 29 32 14 13 14 26 13 7 29 19 14
split_gain=505758 86578.6 54243.7 14772.4 13027.6 11672.5 9467.8 7862.94 5083.61 4336.33 4201.54 4186.4 3798.22 3558.25 4228.17 3429.15 3314.22 3235.12 3115.12 2993.95 2861.54 2794.05 2707.16 2637.58 2525.97 2455.16 2422.69 2377.74 2305.81 2502.83 2254.5 2212.79 2209.68 2192.65 2180.23 2173.67 2164.93 2155.44 2050.02 1879.3 1847.58 1820.77 1771.17 2535.36 2497.34 1788.96 2963.48 1752.17 1741.26 1690.45 1684.42 1652.06 1647.57 1960.03 3537.38 6714.37 3360.46 1639.21 1716.91 1625.9 1611.71 1602.82
threshold=23.814375000000005 11.751666666666667 35.624583333333341 -7.7499999999999991 6.4269444444444437 -2.7499999999999996 19.053472222222229 41.584027777777784 -8.2499999999999982 5.2802083333333334 -8.2499999999999982 1.5314583333333338 31.500000000000004 1.0000000180025095e-35 33.500000000000007 7.5759836624562658 1.1240962989673484 -2.7127161229878198 47.663819444444449 1.0000000180025095e-35 -2.6861805555555551 1.0000000180025095e-35 0.60903263403263408 0.65500000000000014 2.2053342816500714 5.6718972719353831 1.0000000180025095e-35 34.500000000000007 3.452291666666667 42.250000000000007 13.500000000000002 1.0000000180025095e-35 2.0903590304355757 0.51574900793650802 1.2500000000000002 -0.081067389578027865 -0.45353922706591626 17.500000000000004 8.5000000000000018 8.6143750000000008 30.204027777777782 -10.749999999999998 -8.7499999999999982 2.5000000000000004 0.93797233003188352 3.6608079228007537 1.1361530781935836 9.5000000000000018 33.500000000000007 25.937638888888895 1.0000000180025095e-35 0.62712842712842731 4.796771638872614 45.750000000000007 -10.749999999999998 50.750000000000007 2.0340407748455394 -5.2499999999999991 0.12767898151801949 0.49253565062388599 1.0000000180025095e-35 40.250000000000007
decision_type=2 2 2 2 2 2 2 2 2 2 2 2 8 2 8 8 8 2 2 2 2 2 2 10 8 8 2 8 2 2 8 2 2 2 2 2 2 10 10 2 2 2 2 2 2 8 10 2 8 2 2 2 8 2 2 2 2 2 2 2 2 2
left_child=1 4 5 52 17 8 13 11 42 12 -8 22 19 14 -3 32 35 -1 20 -7 -9 48 61 -19 34 39 -6 -22 36 -30 -28 60 33 -11 -18 -14 -12 40 -20 50 51 -15 43 44 -2 46 -46 -36 -10 -23 -13 -26 53 -4 -55 56 -56 -16 -59 -38 -25 -5
right_child=2 6 3 7 26 9 10 18 21 15 28 25 16 41 57 -17 24 23 38 -21 27 49 -24 31 37 -27 30 -29 29 -31 -32 -33 -34 -35 47 -37 59 -39 -40 -41 -42 -43 -44 -45 45 -47 -48 -49 -50 -51 -52 -53 -54 54 55 -57 -58 58 -60 -61 -62 -63
leaf_value=-0.21917571224629026 -0.15943527599377316 0.024499129830258908 0.04122384351074157 0.036346093472807914 -0.13604218693157996 0.20006718819489655 -0.076204298862078496 0.1775997225712283 0.13536763269136973 0.17492545302401286 -0.069668279399640515 0.18393652290304052 0.072848627098797303 -0.18055050652532495 -0.10053547025067562 0.011119326284806719 -0.14902496579486657 -0.18250127929151286 0.31855580378853782 0.09755654564582765 0.3231037940111578 -0.020195216626045905 0.25000123555044201 -0.21692969034041615 0.054828114478709333 0.14570513516084699 0.010059488702970038 0.22496180572985583 0.20536774494969123 0.026253852190021729 -0.10006262149118375 -0.17639421679831527 0.15658220081548288 0.38607504610478705 0.12207362519260848 0.16130046755027452 -0.045850734723692617 0.21562402723501473 0.18283437090686391 0.38264523493710922 0.10301683699550901 -0.079769852074587116 -0.11479911028090606 0.039073985909970528 -0.062324028346903593 -0.074071080207830861 0.20698242767236721 -0.070307012649566361 0.069002366761602901 0.048742581367347437 0.26806583320658084 -0.069025917426504269 0.022076896228876146 0.038653062725969557 0.20175907297388598 -0.007387004904448987 0.47974025075210308 -0.071614655177659914 -0.0055234740511619362 0.014465545138450451 -0.086340793319874556 0.14135063920714197
leaf_weight=4246 381 2006 773 390 5853 1445 1787 2571 1295 200 1020 1244 1130 478 1728 202 237 10827 1474 1411 801 1145 555 268 2894 1025 510 2800 284 619 5220 1805 461 330 264 1813 1280 257 349 206 2185 7142 359 1872 207 453 200 213 4192 3973 1165 296 957 463 237 219 204 2207 1771 8742 1983 5501
leaf_count=4246 381 2006 773 390 5853 1445 1787 2571 1295 200 1020 1244 1130 478 1728 202 237 10827 1474 1411 801 1145 555 268 2894 1025 510 2800 284 619 5220 1805 461 330 264 1813 1280 257 349 206 2185 7142 359 1872 207 453 200 213 4192 3973 1165 296 957 463 237 219 204 2207 1771 8742 1983 5501
internal_value=0.00051819 -0.0967354 0.120757 0.181362 -0.155272 0.0744734 -0.0348766 0.198047 0.0427112 0.10799 -0.00472147 0.168652 0.0990389 -0.0618828 -0.0379319 0.198952 0.0835177 -0.180616 0.235105 0.149474 0.218052 0.0599022 0.144396 -0.169601 0.0631619 0.211554 -0.113404 0.246876 0.00597801 0.0827513 -0.0902611 -0.13513 0.237189 0.306875 -0.0254044 0.127375 -0.00030733 0.0743924 0.292687 0.237299 0.0676007 -0.0861146 -0.00979976 0.00234204 -0.0530535 -0.0057935 0.0701963 0.0362004 0.0846872 0.0333189 0.224716 0.0433177 0.0755894 0.102574 0.144729 0.218972 0.331143 -0.0598806 -0.0421997 0.0067582 -0.101978 0.134406
internal_weight=108125 59776 48349 20934 30712 27415 29064 18081 14077 13338 13732 10086 12145 15332 7712 1193 9289 19129 7995 2856 6172 10605 6446 14883 6346 3640 11583 3601 11945 903 5730 4056 991 530 714 2943 11042 5632 1823 2615 5375 7620 3472 3113 1241 860 407 477 5487 5118 2409 3190 2853 1896 1123 660 441 5706 3978 10022 2251 5891
internal_count=108125 59776 48349 20934 30712 27415 29064 18081 14077 13338 13732 10086 12145 15332 7712 1193 9289 19129 7995 2856 6172 10605 6446 14883 6346 3640 11583 3601 11945 903 5730 4056 991 530 714 2943 11042 5632 1823 2615 5375 7620 3472 3113 1241 860 407 477 5487 5118 2409 3190 2853 1896 1123 660 441 5706 3978 10022 2251 5891
is_linear=0
shrinkage=0.05


Tree=20
num_leaves=63
num_cat=0
split_feature=0 15 12 11 13 12 12 12 12 24 13 11 14 13 17 20 13 6 20 13 8 16 18 30 20 6 24 14 5 16 13 26 32 29 32 13 29 13 32 6 5 13 13 28 14 13 28 14 14 32 14 30 13 14 14 32 9 28 12 11 5 28
split_gain=463068 64822.8 61313.9 15240.6 11536.3 10572.7 8966.68 8310.58 5910.53 5813.1 5071.4 4436.76 4052.61 3708.65 3687.58 4061.89 3156.99 3341.54 3016.09 2945.99 2882.41 2794.5 2768.49 2685.87 2583.22 2520.11 3240.61 2296.35 2236.07 2231.96 2216.67 2155.96 2028.26 2660.88 2267.63 1993.6 1891.61 2456.04 2131.19 1886.32 1838.66 2218.31 1874.61 1782.86 2180.59 6541.14 4252.98 2796.64 1898.3 1838.71 2225.13 1775.7 1765.87 1761.8 2077.47 1732.06 1913.94 1694.23 1676.55 1667.48 1665.36 1637.03
threshold=1817.5000000000002 10.457916666666668 37.614652777777785 2.1336805555555562 -4.2499999999999991 30.622569444444448 18.036180555555557 4.4255555555555555 47.027222222222228 1.5000000000000002 -8.2499999999999982 -7.4985416666666653 41.750000000000007 -11.249999999999998 1.0000000180025095e-35 55.500000000000007 -6.2499999999999991 1.7184456725269264 40.500000000000007 -11.249999999999998 11.500000000000002 1.0000000180025095e-35 3.5000000000000004 29.000000000000004 48.500000000000007 -6.2053404418188718 2.5000000000000004 40.750000000000007 -13.499999999999998 1.0000000180025095e-35 -10.749999999999998 2.3546180553439346 0.5755360009172209 0.51398669796557128 1.2900102015022392 -5.7499999999999991 0.55901702786377727 -6.2499999999999991 7.5759836624562658 2.7997519661099513 13.500000000000002 -8.7499999999999982 -9.7499999999999982 0.60822072072072075 42.250000000000007 6.2500000000000009 0.52541332988891776 38.750000000000007 45.250000000000007 1.1361530781935836 46.750000000000007 1.0000000180025095e-35 -1.7499999999999998 54.750000000000007 49.750000000000007 2.4146062271062276 2.5000000000000004 0.53519091847265232 1.542499999999998 -2.5556944444444438 7.5000000000000009 0.59112762237762251
decision_type=2 2 2 2 2 2 2 2 2 2 2 2 2 2 2 10 2 2 10 2 2 2 8 8 8 2 2 2 2 2 2 2 8 2 8 2 2 2 10 2 2 2 2 2 2 2 2 2 2 10 2 8 2 2 2 10 2 2 2 2 2 2
left_child=1 7 3 5 19 10 16 58 14 -5 40 -7 31 -8 52 22 -3 -18 29 -4 -15 24 39 25 -14 26 -11 60 -9 59 -30 36 33 -22 -34 -35 37 -12 -39 -16 41 42 -2 44 45 47 -47 -27 -45 -46 -51 -29 -6 54 -21 56 -56 -49 -1 -13 -19 -61
right_child=2 6 4 9 8 11 13 28 -10 23 12 18 21 20 15 -17 17 27 -20 53 32 -23 -24 -25 -26 43 -28 51 30 -31 -32 -33 34 35 -36 -37 -38 38 -40 -41 -42 -43 -44 48 49 46 -48 57 -50 50 -52 -53 -54 -55 55 -57 -58 -59 -60 61 -62 -63
leaf_value=-0.19895643200525678 -0.0546763975365962 -0.11014840228139747 0.040257611665126945 -0.019887621266132766 0.13033169516529577 0.005355881417531576 -0.13308958197049855 -0.17763313264176336 0.30198548261025243 -0.014732460398633669 0.11259226191171703 0.12403965473788579 0.12071218380668358 -0.035097640818466967 0.28264736585329492 0.18101267689557787 -0.079939008899108543 -0.028622922334367432 0.079192148192975598 0.12992167561593823 -0.071905762822905062 0.028132005702304265 0.18977694805343881 0.01683566850126985 0.051677543876929202 -0.029760408163434122 0.15228672112003627 0.037864466332031027 -0.19994954437077528 0.098665720342657776 -0.11045541067495571 -0.11178387441056002 -0.16978519583371149 -0.015867626779291728 0.0025803480114775083 0.10619553374691859 0.070820349295124971 -0.048791453034917859 0.11009947729881031 0.41054419573644801 0.054586898568187561 -0.1972071526123553 0.1043901837995061 0.16851614285419642 0.19482933333167352 0.22711642497193277 0.51860105933341305 0.26448512374272498 0.37820453932418407 0.07377164306252372 0.17928698751868077 -0.033690811529263363 0.19283832424598868 0.009645981278990497 0.33702197536643425 0.13801184049906184 0.16476505633759297 0.11236883070929214 -0.16511199967146317 0.18551244867248182 -0.18549403724868574 0.34391697753111233
leaf_weight=6530 1695 3958 821 564 1794 1339 623 1738 1680 457 337 928 2291 5264 1364 2044 7385 320 5766 3477 354 4880 664 373 3322 204 795 1228 743 2031 10240 413 200 437 3765 1422 910 1998 235 374 459 244 207 233 979 287 225 326 205 1379 785 2943 3103 237 366 518 294 422 8468 861 359 203
leaf_count=6530 1695 3958 821 564 1794 1339 623 1738 1680 457 337 928 2291 5264 1364 2044 7385 320 5766 3477 354 4880 664 373 3322 204 795 1228 743 2031 10240 413 200 437 3765 1422 910 1998 235 374 459 244 207 233 979 287 225 326 205 1379 785 2943 3103 237 366 518 294 422 8468 861 359 203
internal_value=-0.000470583 -0.100312 0.106823 0.0694961 0.185665 0.0528414 -0.0470197 -0.154638 0.215556 0.134218 0.0280267 0.0907243 0.0396506 -0.0143881 0.199985 0.232998 -0.0713303 -0.0587648 0.1024 0.127962 -0.00791389 0.0558137 0.277141 0.147249 0.0798712 0.15497 0.0913589 -0.0265133 -0.124889 0.135634 -0.116527 -0.00391773 0.0152501 0.0535861 -0.00615462 0.0775087 0.00891206 -0.0130278 -0.032028 0.31039 -0.0361565 -0.0555816 -0.037319 0.170735 0.161499 0.211967 0.355971 0.134226 0.267296 0.137932 0.112113 -0.0126199 0.169971 0.14267 0.149439 0.206888 0.260655 0.17893 -0.17986 0.173258 -0.111714 0.216029
internal_weight=108066 55977 52089 35353 16736 28119 28258 27719 11023 7234 16991 11128 14386 12065 9343 4446 16193 12235 9789 5713 11442 10493 2402 6670 5613 6297 1252 4850 12721 4023 10983 3893 6178 2213 3965 1859 3480 2570 2233 1738 2605 2146 1902 5045 4607 1464 512 952 438 3143 2164 4171 4897 4892 4655 1178 660 748 14998 1992 679 1064
internal_count=108066 55977 52089 35353 16736 28119 28258 27719 11023 7234 16991 11128 14386 12065 9343 4446 16193 12235 9789 5713 11442 10493 2402 6670 5613 6297 1252 4850 12721 4023 10983 3893 6178 2213 3965 1859 3480 2570 2233 1738 2605 2146 1902 5045 4607 1464 512 952 438 3143 2164 4171 4897 4892 4655 1178 660 748 14998 1992 679 1064
is_linear=0
shrinkage=0.05


Tree=21
num_leaves=63
num_cat=0
split_feature=0 15 12 13 12 12 11 13 13 14 7 24 11 13 7 14 5 4 8 30 14 14 13 32 28 17 20 11 30 32 18 13 28 8 29 9 14 28 30 20 17 30 13 14 14 32 14 30 30 32 30 32 14 14 31 29 32 13 17 22 14 32
split_gain=416323 56849.2 54849.7 16808.6 12633.5 10812.4 8200.94 5332.35 4919.01 4671.16 4315.62 4173.05 3798.47 3430.89 3754.55 3185.58 3111.83 2735.72 2708.39 2691.52 4284.01 3153.8 2709.67 2546.81 3318.38 2498.32 3027.37 2421.32 3958.17 5130.3 2388.14 2337.31 2333.28 2301.32 2821.57 2281.29 2252.44 4094.18 2175.07 2085.44 2709.28 2063.64 2094.43 3824.89 3244.39 3801.44 2860.82 3363.5 2952.94 2676.23 2548.14 2022.23 2021.65 3964.58 2511.67 1991.37 1973.7 1966.81 1879.25 1860.67 1858.91 3623.33
threshold=1804.5000000000002 8.4945138888888909 31.805347222222228 -7.7499999999999991 38.881250000000009 14.900763888888891 1.8675694444444446 4.2500000000000009 -8.2499999999999982 41.750000000000007 -1.9269899031315665 1.5000000000000002 3.0001388888888894 -6.2499999999999991 -0.12524228696486792 39.750000000000007 20.500000000000004 128.50000000000003 4.0000000000000009 8.5000000000000018 50.750000000000007 52.250000000000007 -2.7499999999999996 0.5755360009172209 0.56960594315245483 1.0000000180025095e-35 50.500000000000007 -2.9015277777777775 1.5000000000000002 3.6899298512508456 3.5000000000000004 -7.2499999999999991 0.61617524916943534 13.500000000000002 0.51481562774363487 21.500000000000004 49.750000000000007 0.5578316610925308 29.000000000000004 33.500000000000007 1.0000000180025095e-35 13.500000000000002 -10.249999999999998 46.750000000000007 45.750000000000007 5.4521938228210747 43.750000000000007 5.5000000000000009 5.5000000000000009 1.0837513834038144 1.5000000000000002 7.5759836624562658 49.250000000000007 48.250000000000007 1.0000000180025095e-35 0.55901702786377727 6.5445113788487292 -8.7499999999999982 1.0000000180025095e-35 -1.0000000180025095e-35 40.250000000000007 2.8527441388432773
decision_type=2 2 2 2 2 2 2 2 2 2 2 2 2 2 2 2 2 2 2 10 2 2 2 8 2 2 8 2 8 10 8 2 2 2 2 2 2 2 8 10 2 10 2 2 2 8 2 10 8 10 10 10 2 2 2 2 8 2 2 2 2 10
left_child=1 10 6 36 12 25 8 19 57 27 -1 -8 15 -7 -15 -5 35 -12 -17 20 22 -21 -6 33 -25 -3 30 28 -10 -30 -27 -19 55 -16 -35 39 41 -38 -13 40 -11 42 43 46 45 49 47 -4 -48 -44 -46 60 53 54 -24 -22 -9 -2 -33 -14 61 -29
right_child=2 5 3 4 7 13 11 56 9 16 17 38 59 14 23 18 -18 31 -20 21 32 -23 52 24 -26 26 -28 51 29 -31 -32 58 -34 34 -36 -37 37 -39 -40 -41 -42 -43 44 -45 50 -47 48 -49 -50 -51 -52 -53 -54 -55 -56 -57 -58 -59 -60 -61 -62 -63
leaf_value=-0.19385453641801195 -0.014745716325657136 -0.10571556875524313 -0.14430275521421934 0.0099358227843202428 0.13985750258860238 -0.06540924774235933 -0.0095575627974619215 0.29642732699141278 -0.12498959815177349 0.052992229001825798 -0.17740184508348864 0.12806960524421027 0.29457258767459865 -0.046020708689028147 -0.021221911110316363 0.09457448772532559 0.20385556574964869 -0.17449947556860659 0.14792516686570154 0.1556750694163167 0.16388294251696886 -0.030862354937749421 0.15972471229809354 -0.042546881728655006 0.038302613199723411 -0.0016063426640253653 -0.09426121993514415 0.0049219505966650937 0.22085346504507025 -0.012934296356834844 -0.098584985001484757 -0.14288832624146994 0.40748317133356293 -0.076585222853206195 0.10958403042306755 -0.081960957167664161 0.31997912557905211 0.057757891875431989 -0.02377897557019594 0.039142611066589894 0.13796132088346144 -0.082365155738146831 0.085939671099999337 -0.095864121479668329 0.093564315187896416 0.21235051077510259 0.2366704857231115 0.10234542087784836 0.015145504024330077 -0.14310467772496244 0.32826103001376089 0.074822043459874241 0.094757846838502746 0.38070685378052821 0.28341596049163492 0.27100681964757051 0.17854711884082747 -0.14223909113429462 -0.10123503996511954 0.16518066944111018 -0.0040156898621721412 -0.16548076065924133
leaf_weight=5591 2746 7192 272 703 2934 4182 735 1612 243 2587 4480 4076 323 5246 761 4958 344 2639 4590 2220 638 252 1324 3221 2093 2334 3728 562 457 481 871 5405 226 236 1450 311 203 553 250 7307 1473 347 228 561 257 205 336 279 272 287 211 395 334 354 599 1399 463 339 5459 2052 1272 700
leaf_count=5591 2746 7192 272 703 2934 4182 735 1612 243 2587 4480 4076 323 5246 761 4958 344 2639 4590 2220 638 252 1324 3221 2093 2334 3728 562 457 481 871 5405 226 236 1450 311 203 553 250 7307 1473 347 228 561 257 205 336 279 272 287 211 395 334 354 599 1399 463 339 5459 2052 1272 700
internal_value=-0.000169584 -0.096809 0.0994051 0.145833 0.161088 -0.0526554 0.0439592 0.19704 0.0290431 0.0401052 -0.155455 0.10058 0.125895 -0.0260194 -0.0133507 0.112672 0.0558356 -0.143506 0.120235 0.182243 0.196657 0.136654 0.172928 0.00873541 -0.0107019 -0.0850651 -0.0636309 -0.00590959 0.0545001 0.101083 -0.0279841 -0.132248 0.254695 0.0509333 0.0834948 0.0514583 0.0508053 0.128499 0.119291 0.0551155 0.0838461 0.0327264 0.0464834 0.0112023 0.0975115 0.0308048 0.0630644 -0.0194528 0.137755 -0.0417325 0.199853 -0.0302776 0.210023 0.226881 0.198381 0.237552 0.270223 -0.0287971 -0.121969 0.182895 -0.0466836 -0.0896524
internal_weight=108158 54888 53270 28992 24981 31314 24278 12355 19217 16132 23574 5061 12626 17189 13007 10251 12022 17983 9548 10280 7808 2472 5545 7761 5314 14125 6933 4110 1181 938 3205 13503 2263 2447 1686 11678 4011 756 4326 11367 4060 3255 2908 1720 1188 720 1159 551 608 515 468 2929 2611 2277 1923 2037 2075 3085 10864 2375 2534 1262
internal_count=108158 54888 53270 28992 24981 31314 24278 12355 19217 16132 23574 5061 12626 17189 13007 10251 12022 17983 9548 10280 7808 2472 5545 7761 5314 14125 6933 4110 1181 938 3205 13503 2263 2447 1686 11678 4011 756 4326 11367 4060 3255 2908 1720 1188 720 1159 551 608 515 468 2929 2611 2277 1923 2037 2075 3085 10864 2375 2534 1262
is_linear=0
shrinkage=0.05


Tree=22
num_leaves=63
num_cat=0
split_feature=12 12 12 13 12 13 15 12 13 11 13 7 16 20 14 13 17 13 16 21 20 22 30 17 6 13 14 32 14 11 14 32 14 14 14 14 20 8 14 32 32 6 22 24 21 20 14 23 32 32 32 30 32 13 32 11 26 6 14 14 14 32
split_gain=372263 64337.8 37424.6 14119.5 11420.1 9370.86 7094.26 5390.78 4170.94 3612.69 3445.69 3121.77 2946.3 3332.66 2944.79 2788.15 2701.64 2684.93 2589.71 2991.75 2587.79 2567.64 2519.29 2404.61 2399.25 2385.21 2893.79 2690.55 2916.1 4233.41 2400.34 2222.83 2205.69 2119.64 2279.07 2043.49 2035.63 1981.28 2338.84 1927.81 2557.75 2393.17 2383.11 1922.22 1899.32 1893.53 1881.71 1874.73 2585.68 1799.57 1695.87 3889.59 1758.36 2597.74 1687.12 1681.65 1666.75 1646.54 1611.88 1578.32 1719.01 1530.29
threshold=20.329513888888894 31.605833333333337 7.2333333333333352 -6.7499999999999991 40.186041666666675 -6.2499999999999991 13.261805555555556 24.077430555555559 4.2500000000000009 4.3975000000000009 4.2500000000000009 -1.9269899031315665 1.0000000180025095e-35 34.500000000000007 38.750000000000007 -11.249999999999998 1.0000000180025095e-35 -11.249999999999998 1.0000000180025095e-35 0.85500000000000009 13.500000000000002 -1.0000000180025095e-35 16.500000000000004 1.0000000180025095e-35 -7.0692602991644238 3.7500000000000004 47.250000000000007 0.5755360009172209 54.250000000000007 0.99840277777777786 53.750000000000007 2.8731142558801905 39.750000000000007 51.250000000000007 49.250000000000007 41.250000000000007 34.500000000000007 1.0000000180025095e-35 46.250000000000007 8.0085230024213097 5.4820577671152497 2.9951813094881463 -1.0000000180025095e-35 2.5000000000000004 0.35500000000000004 13.500000000000002 48.250000000000007 2.5000000000000004 2.4512299835573228 4.9924023429917321 4.4136075814429487 10.500000000000002 1.2099818056339797 -7.2499999999999991 6.4125247035573132 -2.5143055555555551 2.4420077855526436 12.125775951550336 41.750000000000007 46.250000000000007 43.750000000000007 7.4477741228070187
decision_type=2 2 2 2 2 2 2 2 2 2 2 2 2 8 2 2 2 2 2 10 8 2 10 2 2 2 2 10 2 2 2 10 2 2 2 2 10 2 2 10 10 2 2 2 8 8 2 2 8 8 8 10 10 2 8 2 2 2 2 2 2 8
left_child=2 5 11 17 8 14 36 24 18 23 25 -1 13 -8 -2 -16 -13 43 19 44 -18 -10 47 57 -7 26 55 30 29 31 56 -29 -17 34 -33 -34 -4 -37 39 40 42 -42 -39 -3 -5 -25 54 48 -19 59 52 -52 -40 -54 -12 61 -28 -9 -47 60 -45 -6
right_child=1 3 6 4 10 7 12 9 21 -11 46 16 -14 -15 15 32 20 22 -20 -21 -22 -23 -24 45 -26 -27 27 28 -30 -31 -32 33 35 -35 -36 37 -38 38 50 -41 41 -43 -44 49 -46 58 -48 -49 -50 -51 51 -53 53 -55 -56 -57 -58 -59 -60 -61 -62 -63
leaf_value=-0.18540597134624728 0.16163221734549979 -0.12612311242618293 -0.062822900485878408 0.086966646404492615 0.13211519472887276 -0.038908505718927996 0.037388086453804224 0.035369440206041186 0.30955271544796548 0.15515080160858918 0.25004056195637375 -0.1620331108566494 -0.063065007397725151 -0.038293522021633136 -0.082692576308489696 -0.16487293843202117 -0.033525451698302074 0.14031570363661339 0.089424087621130799 0.26249493901729498 -0.12989762631812082 0.16403429257024774 -0.071708342028332178 0.17404450025439447 0.030008429839902664 0.016534404993916934 0.21134747035696197 0.03165764174062393 0.043002393054591741 0.34098557302438959 0.3646496926125446 0.21737037041670404 0.11256309577735729 0.33425957647192739 0.04749779614765709 0.097050037636328718 -0.10452383662035228 -0.15458698387649397 0.0024371393138248442 -0.18611418828003157 -0.044930383375864108 0.19621158876241401 -0.026734212289061261 0.033129383934868709 0.15005605831739627 0.019826842047502388 0.31967426380330721 0.11007970792358542 -0.062912561756361021 -0.050481888320911862 -0.18669580019512871 0.072767931186526233 0.17911589974704545 -0.034709540572748235 0.084548041024314832 0.18534023749023298 0.36268653337476564 0.17866829187037866 0.088238626112634944 0.00015818948158994318 0.22097359863457397 -0.015639594715574516
leaf_weight=5404 224 213 4377 1898 1165 1537 1976 6422 353 1098 689 7782 7228 5505 1497 209 775 260 5631 441 6956 2189 231 527 7061 207 1610 279 353 411 400 540 376 206 312 410 8869 496 866 235 203 207 1369 224 3237 1072 791 3984 390 411 276 301 445 208 200 1620 207 206 4388 383 267 206
leaf_count=5404 224 213 4377 1898 1165 1537 1976 6422 353 1098 689 7782 7228 5505 1497 209 775 260 5631 441 6956 2189 231 527 7061 207 1610 279 353 411 400 540 376 206 312 410 8869 496 866 235 203 207 1369 224 3237 1072 791 3984 390 411 276 301 445 208 200 1620 207 206 4388 383 267 206
internal_value=-2.77131e-05 0.0845736 -0.102059 0.1371 0.155376 0.0326202 -0.0642077 0.0487272 0.12651 0.0681874 0.198517 -0.152641 -0.0403008 -0.018301 -0.0164594 -0.0221017 -0.141215 0.0711819 0.113374 0.137539 -0.120242 0.184356 0.0892016 0.0606065 0.0176856 0.183991 0.18873 0.214951 0.174229 0.20069 0.253446 0.157339 -0.00589543 0.190421 0.155292 0.000296141 -0.09075 -0.00814016 -0.0175226 -0.0500726 -0.0359444 0.0769981 -0.0608015 0.0126397 0.126758 0.0835753 0.263358 0.0972365 0.0184694 0.035721 0.0214619 -0.0514512 0.0491739 0.111057 0.212946 0.150817 0.228779 0.0398495 0.074813 0.0762695 0.135518 0.109919
internal_weight=107813 58941 48872 29308 22945 29633 27955 22311 13749 13713 9196 20917 14709 7481 7322 7098 15513 6363 11207 5576 7731 2542 4865 12615 8598 7516 7309 4318 2101 1748 2217 1337 5601 1058 852 5392 13246 5016 4606 2510 2275 410 1865 1498 5135 5987 1680 4634 650 1285 2096 577 1519 653 889 2991 1817 6628 5460 874 491 1371
internal_count=107813 58941 48872 29308 22945 29633 27955 22311 13749 13713 9196 20917 14709 7481 7322 7098 15513 6363 11207 5576 7731 2542 4865 12615 8598 7516 7309 4318 2101 1748 2217 1337 5601 1058 852 5392 13246 5016 4606 2510 2275 410 1865 1498 5135 5987 1680 4634 650 1285 2096 577 1519 653 889 2991 1817 6628 5460 874 491 1371
is_linear=0
shrinkage=0.05


Tree=23
num_leaves=63
num_cat=0
split_feature=0 12 15 13 13 12 14 32 13 12 32 14 14 32 13 12 6 17 12 20 13 13 7 29 30 14 14 11 31 11 32 12 13 7 10 14 32 29 13 13 20 31 14 14 29 14 9 13 29 22 6 14 17 20 26 11 32 30 14 7 14 13
split_gain=340877 46445.5 45358.6 11168.1 11042.1 7593.37 6155.08 4902.88 4899.39 4725.46 4647.13 5196.44 6800.12 4389.31 4214.58 4213.41 3909.17 3400.99 3385.08 3254.9 3248.23 3101.41 3007.66 2917.79 2347.53 2310.29 2259.33 2726.71 2250.48 2890.28 2204.16 2200.69 2176.61 2222.63 2096.23 2059.86 3512.42 1960.53 1951.71 1936.97 1930.92 1867.03 2505.64 4073.15 2387.98 1861.79 2079.03 1798.26 2394.53 1951.03 1884.19 2042.53 1786.36 1803.82 1742.5 1915.8 1737.44 1729.75 5590.18 2831.46 1795.43 4349.92
threshold=1804.5000000000002 35.624583333333341 8.8751388888888911 -2.7499999999999996 -1.7499999999999998 14.705208333333335 51.250000000000007 1.1240962989673484 -4.2499999999999991 27.667777777777783 2.4512299835573228 41.250000000000007 43.250000000000007 0.55830748646840611 -10.749999999999998 2.6253472222222238 -1.0000000180025095e-35 1.0000000180025095e-35 29.991666666666671 58.500000000000007 -6.7499999999999991 1.2500000000000002 -0.6664815843050157 0.59294019933554831 17.500000000000004 46.750000000000007 39.250000000000007 -5.7581944444444426 1.0000000180025095e-35 1.7367361111111115 2.9585076441573155 41.105694444444445 -11.249999999999998 -0.76455262711176375 20.500000000000004 48.250000000000007 1.7993741889518025 0.61816756272401452 2.7500000000000004 -12.249999999999998 28.500000000000004 1.0000000180025095e-35 43.750000000000007 47.250000000000007 0.55901702786377727 54.750000000000007 5.5000000000000009 3.2500000000000004 0.59511904761904766 1.0000000180025095e-35 1.2783452430499149 40.250000000000007 1.0000000180025095e-35 14.500000000000002 2.0830563199040171 4.1937500000000005 6.3250386996904036 8.5000000000000018 49.250000000000007 -0.13446454642623004 49.750000000000007 -6.7499999999999991
decision_type=2 2 2 2 2 2 2 8 2 2 8 2 2 8 2 2 2 2 2 8 2 2 2 2 10 2 2 2 2 2 10 2 2 2 2 2 10 2 2 2 8 2 2 2 2 2 2 2 2 2 2 2 2 10 2 2 8 10 2 2 2 2
left_child=2 3 15 9 6 32 14 16 45 23 11 -9 -13 -10 25 -1 41 31 24 56 -7 -14 -22 26 54 -3 -2 -28 29 -18 -15 -6 -4 -34 -30 36 -23 57 -36 -11 -17 44 -43 -44 -5 46 -8 49 -49 50 -35 -52 -24 -54 55 -12 -19 59 -59 -16 -61 -62
right_child=1 4 5 7 17 20 8 10 13 39 18 12 21 30 37 40 28 19 -20 -21 22 35 52 -25 -26 -27 27 -29 34 -31 -32 -33 33 47 38 -37 -38 -39 -40 -41 -42 42 43 -45 -46 -47 -48 48 -50 -51 51 -53 53 -55 -56 -57 -58 58 -60 60 61 -63
leaf_value=-0.1628112728179498 -0.10772612540144622 0.068464733486403515 -0.16528981850546509 0.057300164434821048 0.12610571992450087 -0.067009992133880592 0.21028390453417889 -0.23036333492839192 0.36729672981034867 -0.027015011490299459 0.06328901490856513 0.24814119981144961 -0.19696275444926117 0.034426604834671068 -0.008640265494968798 -0.08742861392306378 -0.059143942076857997 0.28580918959683665 0.11688760542071895 0.17338976524869842 -0.092955097456980412 0.098262069207748937 -0.025866646164173557 0.06434087603001927 0.18444125860191726 -0.080063589750213576 -0.086897698152379729 0.0061812637135826715 0.15858502760931045 0.19986617172524188 0.24802477087451785 0.19641798176914843 -0.12011981809134856 -0.093335896514183614 0.36021155216556311 0.14603780585233694 -0.15312715195637125 0.22096993064531423 0.16774568961861325 0.056408753184318289 -0.13109336360582546 -0.040829920582652383 0.21271853622079276 0.018182399253380468 0.29196233588358012 0.0081682891761850722 0.041585564561216024 0.020490935855346941 -0.10596767140626065 -0.1238380593276425 -0.1332556114521346 -0.026521273169082801 0.10030218623800291 0.0034020667710547453 0.025299537461574029 0.19615915989598787 0.18043796095637765 0.09903580447449567 -0.13711200730054529 0.11931849988997195 0.36706011316174481 0.10529284689323481
leaf_weight=10383 628 635 654 234 2263 3760 581 240 556 762 2100 264 231 201 397 3324 230 1825 3425 1811 1124 255 6534 1299 331 444 929 5110 1619 201 303 2208 1980 2685 292 207 303 394 245 7944 10749 519 431 714 202 278 267 1268 530 1489 510 3657 524 5638 3513 311 507 2030 285 5188 258 413
leaf_count=10383 628 635 654 234 2263 3760 581 240 556 762 2100 264 231 201 397 3324 230 1825 3425 1811 1124 255 6534 1299 331 444 929 5110 1619 201 303 2208 1980 2685 292 207 303 394 245 7944 10749 519 431 714 202 278 267 1268 530 1489 510 3657 524 5638 3513 311 507 2030 285 5188 258 413
internal_value=-0.000374382 0.0895529 -0.087962 0.0522228 0.147823 -0.0471309 0.117263 0.0822482 0.1933 0.023644 0.0642421 -0.0176384 0.0230312 0.270441 0.100696 -0.138635 0.125176 0.191192 0.0769307 0.223874 -0.0258117 -0.0368255 -0.0145988 -0.00418464 0.0550366 0.00732896 -0.0175438 -0.00814941 0.166316 0.0618304 0.163077 0.160866 -0.076469 -0.0716626 0.187165 0.0117236 -0.0382747 0.111931 0.272876 0.0491048 -0.120787 0.0744394 0.0502482 0.0915313 0.166439 0.120505 0.157279 -0.0621887 -0.0168237 -0.0719644 -0.0606754 -0.0396133 -0.00765501 0.0116571 0.0477763 0.0805024 0.262988 0.106894 0.069917 0.120563 0.129318 0.206339
internal_weight=108192 53383 54809 32539 20844 30353 12230 15867 2186 16672 11180 1500 1260 1060 10044 24456 4687 8614 9680 4143 17580 996 13820 7966 6255 1079 6667 6039 2587 431 504 4471 12773 12119 2156 765 558 8965 537 8706 14073 2100 1664 1145 436 1126 848 10139 1798 8341 6852 4167 12696 6162 5924 2411 2332 8571 2315 6256 5859 671
internal_count=108192 53383 54809 32539 20844 30353 12230 15867 2186 16672 11180 1500 1260 1060 10044 24456 4687 8614 9680 4143 17580 996 13820 7966 6255 1079 6667 6039 2587 431 504 4471 12773 12119 2156 765 558 8965 537 8706 14073 2100 1664 1145 436 1126 848 10139 1798 8341 6852 4167 12696 6162 5924 2411 2332 8571 2315 6256 5859 671
is_linear=0
shrinkage=0.05


Tree=24
num_leaves=63
num_cat=0
split_feature=1 15 15 15 15 11 11 16 14 11 20 17 20 17 11 7 11 20 20 30 11 20 7 11 14 11 14 11 14 14 20 16 32 2 14 32 30 6 20 10 7 11 14 27 19 29 30 14 28 30 14 32 5 11 32 32 32 9 11 14 32 11
split_gain=309871 43205.2 40358.7 11023.3 9364.77 7346.79 6335.87 4540.27 4175.17 4081.23 3575.88 3439.98 4064.4 2772.22 2466.81 2466.64 2397.25 2282.78 2193.98 2142.55 3224.27 2058.41 1981.91 2807.46 1977.22 4046.73 1975 2295.79 1957.35 1917.94 1892.17 1780.42 1778.02 1777.13 1730.36 2319.61 1841.41 1964.53 1664.27 1565.71 1541.35 1818.84 1521.57 1504.76 1501.94 1471 1864.24 2037.95 1684.76 1470.7 1449.54 1439.34 3015.59 1428.64 2510.56 2333.37 2286.36 1695.03 1428.53 1411.75 1404.25 1384.54
threshold=42.632147091274966 12.875555555555557 37.614652777777785 27.498055555555556 6.6325000000000012 -1.5206944444444439 -2.1540972222222217 1.0000000180025095e-35 50.750000000000007 1.679027777777778 62.500000000000007 1.0000000180025095e-35 57.500000000000007 1.0000000180025095e-35 -7.7909027777777764 -3.4984662576687113 -8.9545833333333302 30.500000000000004 14.500000000000002 1.5000000000000002 -3.8852083333333325 30.500000000000004 -0.6664815843050157 -1.0178472222222221 49.250000000000007 -3.3098611111111107 43.250000000000007 -5.7581944444444426 47.250000000000007 46.750000000000007 56.500000000000007 1.0000000180025095e-35 0.55830748646840611 1596.5000000000002 40.750000000000007 5.1859418734760689 11.500000000000002 -5.1958182864810381 12.500000000000002 13.500000000000002 -0.56441984226712749 -2.8568055555555549 42.250000000000007 0.97041797127566742 1.0000000180025095e-35 0.58372274143302194 19.500000000000004 39.750000000000007 0.55930823345492453 6.5000000000000009 43.750000000000007 2.8875000000000002 1.0000000180025095e-35 -1.7447222222222221 7.5759836624562658 0.5755360009172209 7.2424801806618175 13.500000000000002 1.8675694444444446 52.750000000000007 1.0983511222175084 -1.4656944444444442
decision_type=2 2 2 2 2 2 2 2 2 2 10 2 10 2 2 2 2 10 8 10 2 8 2 2 2 2 2 2 2 2 10 2 8 2 2 10 8 2 8 2 2 2 2 2 2 2 8 2 2 8 2 10 2 2 8 10 10 2 2 2 10 2
left_child=1 4 3 9 15 8 14 10 16 26 18 -8 38 33 29 -1 -4 -16 -3 20 59 31 -6 -24 28 -26 45 -28 -18 50 -15 44 -25 -7 35 -11 37 -36 -13 -29 -9 -42 -39 -22 -17 46 47 -2 -47 58 -5 -21 -53 54 57 -55 -57 -41 -32 -10 -14 -20
right_child=2 7 5 6 22 13 11 40 19 34 -12 12 60 30 17 21 24 -19 61 51 43 -23 23 32 25 -27 27 39 -30 -31 49 -33 -34 -35 36 -37 -38 42 -40 53 41 -43 -44 -45 -46 48 -48 -49 -50 -51 -52 52 -54 55 -56 56 -58 -59 -60 -61 -62 -63
leaf_value=-0.17910796129965809 -0.096889400662503733 0.086060032779473827 0.042966411911805412 -0.020681204840330973 -0.12118555551722804 0.13328729425269462 0.078739849944682888 -0.10112570808115268 0.20100460692285138 0.080245992467602972 -0.044630481208192338 0.25743433081292744 0.13372310407645169 0.25977137217170682 0.1031975240986802 -0.17615534296749327 0.11059722282950656 0.045717447754446867 -0.023961763655067764 0.032581799188330506 0.23962851436551952 -0.14161599684109519 -0.10988140245643728 -0.016784098636379724 0.13578526764140161 -0.10503530081179811 -0.06967377288310804 -0.0080891527633898379 0.17772262384464838 -0.1107536757038371 0.12454939082640559 -0.13688889240348848 -0.072759573801451288 0.204599047958342 0.010616052109013759 0.28903006614366572 -0.019771197579694214 0.24199798820585738 0.15532103031100594 0.075229486323808534 -0.086500976637003027 -0.03282408124579133 0.092530960207596477 0.39448843261116223 -0.052814361070137553 -0.011501164831930684 0.079181152584632403 -0.014063072602547131 0.15506738399368103 0.12905860120798787 0.096273038599272859 0.22856843309555008 0.012847743417212974 0.14832565827559557 -0.11019036230416253 0.0073251017798742135 0.18951567277992862 -0.029715740627873299 0.27108482670416284 0.0427495709107154 0.054427706439353296 0.021644174237858901
leaf_weight=3294 1034 908 1256 700 3043 2218 5702 1367 382 397 4092 468 893 1789 2405 284 3955 6137 2768 280 398 12387 3785 2019 444 286 552 1432 1503 347 237 1786 4776 1454 661 200 609 204 2803 1365 2007 7387 1026 268 1859 377 377 2631 253 687 425 548 230 811 298 1001 207 535 579 224 1494 4170
leaf_count=3294 1034 908 1256 700 3043 2218 5702 1367 382 397 4092 468 893 1789 2405 284 3955 6137 2768 280 398 12387 3785 2019 444 286 552 1432 1503 347 237 1786 4776 1454 661 200 609 204 2803 1365 2007 7387 1026 268 1859 377 377 2631 253 687 425 548 230 811 298 1001 207 535 579 224 1494 4170
internal_value=0.000569886 -0.0811505 0.088331 0.058039 -0.117468 0.152288 0.0806132 -0.027976 0.124301 0.0234974 -0.00674397 0.106173 0.1338 0.191545 0.0516105 -0.139593 0.105991 0.0619111 0.0130185 0.182728 0.226498 -0.131605 -0.0856119 -0.0753698 0.118775 0.0414218 0.00907142 0.0275664 0.129111 -0.0081653 0.224918 -0.100015 -0.0561325 0.161573 0.074125 0.150557 0.0558202 0.0801621 0.170005 0.037079 -0.0515274 -0.0443 0.117497 0.302443 -0.0692346 -0.0154771 -0.0265555 -0.0374508 0.0555304 0.183287 0.0235478 0.129941 0.164893 0.0524155 0.0245061 0.082772 0.0386758 0.045679 0.228729 0.142674 0.0841365 0.0034483
internal_weight=108014 55932 52082 35344 33233 16738 21374 22699 9774 13970 11938 11360 5658 6964 10014 19610 7444 8542 7846 2330 1272 16316 13623 10580 6188 730 10873 6201 5458 1472 3292 3929 6795 3672 3097 597 2500 1891 3271 5649 10761 9394 1230 666 2143 4672 4042 3665 630 1503 1125 1058 778 4217 2198 2019 1208 1900 816 606 2387 6938
internal_count=108014 55932 52082 35344 33233 16738 21374 22699 9774 13970 11938 11360 5658 6964 10014 19610 7444 8542 7846 2330 1272 16316 13623 10580 6188 730 10873 6201 5458 1472 3292 3929 6795 3672 3097 597 2500 1891 3271 5649 10761 9394 1230 666 2143 4672 4042 3665 630 1503 1125 1058 778 4217 2198 2019 1208 1900 816 606 2387 6938
is_linear=0
shrinkage=0.05


Tree=25
num_leaves=63
num_cat=0
split_feature=12 12 12 13 12 12 13 16 21 18 11 16 12 20 17 13 20 20 13 24 12 20 26 32 14 16 20 22 28 9 26 18 13 18 14 13 17 20 14 13 11 7 9 18 32 14 14 14 29 7 7 13 32 27 18 20 11 14 9 11 30 7
split_gain=278380 45950.5 30990.1 9397.89 8235.42 7460.26 6623.78 5163.59 5322.19 3722.41 3458.34 3383.35 3014.38 2776.39 2748.38 2675.19 2460.34 2339.68 2301.49 2621.91 2287.29 2243.94 2142.15 2014.39 2977.81 2011.39 2051.51 1935.01 2227.81 2020.05 1739.12 1735.31 1730.96 1720.18 1686.68 1665.12 1646.89 1895.71 1617.52 1892.04 1584.77 1571.94 1545.41 1450.05 1429.21 1765.71 1738.52 1348.81 1336.56 1333.46 1286.61 1272.01 1245.5 1227.56 1220.01 1211.81 1206.61 1175.26 1368.01 1146.24 1102.91 1075.5
threshold=23.814375000000005 12.875555555555557 38.881250000000009 -8.2499999999999982 6.6325000000000021 30.622569444444448 -4.2499999999999991 1.0000000180025095e-35 0.45500000000000007 3.5000000000000004 3.0001388888888894 1.0000000180025095e-35 45.251666666666672 29.500000000000004 1.0000000180025095e-35 -10.749999999999998 33.500000000000007 44.500000000000007 -8.7499999999999982 2.5000000000000004 1.636180555555556 22.500000000000004 2.0522712069723719 2.7413983585858595 45.750000000000007 1.0000000180025095e-35 55.500000000000007 1.0000000180025095e-35 0.52690637065637069 10.500000000000002 2.1235387265921624 3.5000000000000004 7.2500000000000009 3.5000000000000004 47.250000000000007 -7.7499999999999991 1.0000000180025095e-35 34.500000000000007 39.750000000000007 -3.7499999999999996 3.0001388888888894 -0.61356664807585048 16.500000000000004 3.5000000000000004 4.7676282051282062 53.250000000000007 51.250000000000007 42.250000000000007 0.5891973125884018 0.10783286148717942 -0.35239938754054251 -11.249999999999998 2.1687968155682102 1.0461625208735446 3.5000000000000004 21.500000000000004 3.3370833333333336 39.750000000000007 10.500000000000002 -2.7340277777777775 6.5000000000000009 -1.3369378315329092
decision_type=2 2 2 2 2 2 2 2 8 8 2 2 2 10 2 2 8 8 2 2 2 10 2 8 2 2 8 2 2 2 2 8 2 8 2 2 2 10 2 2 2 2 2 8 8 2 2 2 2 2 2 2 8 2 8 10 2 2 2 2 8 2
left_child=1 4 3 18 20 11 35 8 -3 21 13 17 16 14 -7 -9 49 42 19 22 -1 -10 -2 24 -21 26 31 28 52 48 -29 -6 -18 55 -26 -4 -22 54 39 -15 41 -17 43 -5 45 53 -46 -42 -30 59 -39 -24 -12 -14 -38 -16 -11 58 -43 -8 -53 -27
right_child=2 7 6 5 25 10 12 15 9 56 27 -13 44 38 33 40 32 -19 -20 23 36 -23 51 -25 34 61 -28 30 29 -31 -32 -33 -34 -35 -36 -37 37 50 -40 -41 47 57 -44 -45 46 -47 -48 -49 -50 -51 -52 60 -54 -55 -56 -57 -58 -59 -60 -61 -62 -63
leaf_value=-0.15544210685039458 -0.13447030190561193 -0.038867103630738004 0.066249090590936449 0.1412169294245344 -0.016221017540810536 0.084240754040397242 0.090741256869501546 -0.1348992467028384 0.10202265473696377 -0.024757238054937347 0.18338423848041507 0.022067006374184427 0.18674546828735483 0.10492254264716959 0.24785572328195915 -0.10222290924020268 0.131289833126042 0.048705961719190144 -0.11222974699727456 -0.0013127812874055434 -0.13667280270970034 0.028538485835107361 -0.073642002831848741 -0.001963163304354993 0.27046136526957804 -0.16181007726565452 -0.090627191949267868 0.14433370267850873 0.18841197048185662 0.049824302338899298 -0.056790094221434974 -0.097468149268739396 0.23211807159982789 0.094642320324814927 0.096087860752579191 0.12682059271760893 -0.034465028222728469 -0.15868724497000752 0.077946627122510048 -0.065362073650433769 0.12924030967988073 -0.1302441651468281 0.0035516643210022308 0.059459574969814105 0.20836963972437228 0.31516492341931501 0.03660192405537626 -0.014492736868125078 0.29946374496621958 0.32952038143956386 -0.099477963265265257 0.12314930279552937 0.030713562021308795 0.29988854105464152 -0.12988892913303604 0.13050819725550425 0.095670000548712553 -0.033561449486163721 0.0085016541953348082 0.2158198537491218 -0.023721943523126961 -0.094750334981588413
leaf_weight=6979 478 5794 1874 1887 2661 1837 224 804 1537 3095 201 6894 1128 260 712 1100 4640 4879 454 500 6766 3205 369 1442 229 665 3422 229 1179 213 201 872 470 458 354 2891 1369 1380 8311 434 231 666 334 764 508 581 208 550 357 214 2769 249 396 309 443 324 222 8791 242 1058 261 6072
leaf_count=6979 478 5794 1874 1887 2661 1837 224 804 1537 3095 201 6894 1128 260 712 1100 4640 4879 454 500 6766 3205 369 1442 229 665 3422 229 1179 213 201 872 470 458 354 2891 1369 1380 8311 434 231 666 334 764 508 581 208 550 357 214 2769 249 396 309 443 324 222 8791 242 1058 261 6072
internal_value=-0.000543557 -0.072813 0.0886654 0.0629468 -0.111713 0.0729318 0.151027 -0.0232932 -0.00232017 0.0239567 0.0976255 0.0476408 0.175506 0.0862654 0.125274 -0.0467519 0.157176 0.0700546 -0.00583916 0.00662893 -0.132412 0.052373 -0.0494011 0.0367485 0.0882469 -0.0819157 -0.0630372 0.148059 0.165928 0.194398 0.0504064 -0.036296 0.140607 0.175637 0.164927 0.103018 -0.119772 -0.100568 0.0718237 -0.00150751 -0.0406207 -0.0455951 0.104921 0.117686 0.219721 0.241321 0.158591 0.0281308 0.214401 0.213639 -0.119205 -0.00304019 0.082336 0.211266 -0.0578532 0.211318 -0.0166709 -0.0391628 -0.093297 0.194053 0.0480865 -0.101393
internal_weight=107946 59635 48311 34206 33398 29870 14105 26237 13853 8059 15112 14758 9340 12336 3331 12384 6606 7864 4336 3882 19706 4742 1357 2525 1083 13692 6955 2776 2346 1749 430 3533 5110 1494 583 4765 12727 5961 9005 694 11580 10799 2985 2651 2734 2018 716 781 1536 1496 4149 879 597 1437 1812 1036 3317 9699 908 1282 510 6737
internal_count=107946 59635 48311 34206 33398 29870 14105 26237 13853 8059 15112 14758 9340 12336 3331 12384 6606 7864 4336 3882 19706 4742 1357 2525 1083 13692 6955 2776 2346 1749 430 3533 5110 1494 583 4765 12727 5961 9005 694 11580 10799 2985 2651 2734 2018 716 781 1536 1496 4149 879 597 1437 1812 1036 3317 9699 908 1282 510 6737
is_linear=0
shrinkage=0.05


Tree=26
num_leaves=63
num_cat=0
split_feature=0 12 12 13 12 13 11 30 30 32 5 12 32 14 14 13 12 13 14 26 11 11 30 32 10 13 14 32 14 14 14 14 30 32 12 11 11 13 0 14 6 13 13 6 28 14 13 13 7 13 24 14 32 13 26 7 13 17 20 11 32 28
split_gain=249813 36696 30209.5 9575.68 6508.34 6129.91 4684.15 4437.73 4274.46 5072.34 4987.92 4241.88 4154.77 8408.69 7932.95 3986.09 3959.58 3442.36 3234.09 3314.27 3348.4 4223.15 3683.51 3563.09 3214.48 3072.46 2854.08 2742.66 5388.5 2721.28 2671.52 3766.25 6302.08 2643.09 2571.93 2516.12 2431.03 2796.12 2396.83 2348.42 2278.72 2272.92 2234.71 3036.29 2213.16 2644.38 2423.5 2145.66 2120.55 2086.74 2032.71 2593.65 4347.34 2301.52 2066.7 1918.11 2876.36 1916.72 1873.17 1863.14 2048.32 2283.9
threshold=1829.5000000000002 9.7069444444444475 37.614652777777785 -2.7499999999999996 16.976875000000003 -2.7499999999999996 5.2802083333333334 15.500000000000002 17.500000000000004 1.1361530781935836 -1.0000000180025095e-35 3.2054166666666659 2.3804053424383209 41.250000000000007 43.250000000000007 2.7500000000000004 47.663819444444449 -8.2499999999999982 44.250000000000007 2.1674160368589099 -0.53097222222222207 2.2502083333333336 6.5000000000000009 2.7777999220521545 6.5000000000000009 -11.249999999999998 43.750000000000007 1.0983511222175084 54.250000000000007 40.250000000000007 48.250000000000007 49.250000000000007 4.5000000000000009 3.8273786073224936 30.622569444444448 2.4979166666666672 0.75000000000000033 3.7500000000000004 2263.5000000000005 41.750000000000007 -6.2053404418188718 -8.7499999999999982 -6.2499999999999991 2.1479641326927688 0.52348345588235301 42.250000000000007 10.250000000000002 2.7500000000000004 -0.63896143452423371 -8.2499999999999982 2.5000000000000004 45.750000000000007 3.8963524548589983 -10.749999999999998 2.0854879103054289 -0.32539318399626421 -6.7499999999999991 1.0000000180025095e-35 65.500000000000014 0.75000000000000033 6.5445113788487292 0.54318633952254658
decision_type=2 2 2 2 2 2 2 8 10 8 2 2 8 2 2 2 2 2 2 2 2 2 8 10 2 2 2 8 2 2 2 2 10 10 2 2 2 2 2 2 2 2 2 2 2 2 2 2 2 2 2 2 8 2 2 2 2 2 10 2 8 2
left_child=1 11 3 17 42 16 8 44 9 10 26 -1 13 -11 -15 -10 49 41 19 20 29 22 -22 -23 47 -6 35 40 30 -14 -29 33 -33 -32 -19 -5 -16 -38 -20 -31 -7 50 -3 -44 46 -46 -8 -21 -27 -4 54 -52 53 -53 -2 -13 -57 -51 -59 -50 -61 -62
right_child=2 4 5 6 25 27 7 -9 15 12 -12 55 18 14 36 -17 -18 34 38 24 21 23 -24 -25 -26 48 -28 28 -30 39 31 32 -34 -35 -36 -37 37 -39 -40 -41 -42 -43 43 -45 45 -47 -48 -49 59 57 51 52 -54 -55 -56 56 -58 58 -60 60 61 -63
leaf_value=-0.13728452452057069 -0.11428401624171081 -0.090661560159108201 0.047843868935928097 -0.1141158419716148 -0.10884907774027051 0.07154551174329675 -0.0018685284778513164 -0.044710540949507105 0.084428519759789156 -0.31756955766922812 0.15898411146331659 -0.12056215918305402 0.0063251184986822988 0.26449608396478869 -0.19665449524968778 0.37649807319232181 0.19655905765347104 0.021222232997636242 0.055540636180151065 -0.024044571278780451 0.13548358830239846 -0.082441010555603378 -0.079089139394599106 0.14858174611338457 -0.07440581378217391 -0.082715372045570501 0.092613251361206642 0.13317711128082252 -0.094388866334351729 0.34744328463812013 0.45719877035792811 -0.034748012141210101 0.23692935468839749 0.2210564726555104 0.065871152947058018 0.10057909057431279 0.07362256134061311 -0.14216913376403215 0.13129772857806993 0.12712990995238707 0.22370080077606769 -0.11557876441297142 -0.065806841496979768 -0.013269681373041528 0.39345982336801377 0.19263290268184075 0.22030321359021185 0.18908429947148406 -0.014898051726374643 0.081630908681064152 -0.010966560964894057 0.072680227077965218 -0.049757236261886162 0.27067941322591371 0.0049594197824166719 -0.12861920663630252 -0.064513336177368028 0.17070316633811233 0.083381043690099299 0.042330389666916012 -0.12583455789790943 0.027104790996331559
leaf_weight=12016 613 3877 1858 389 778 275 248 225 252 218 2477 5281 211 257 215 218 1073 7419 2171 238 254 206 927 866 1100 868 1317 3566 222 210 217 300 737 268 5707 209 421 232 2015 288 2438 461 7670 4288 215 704 242 233 9351 3042 1453 279 327 311 890 2425 6298 1730 957 3490 429 564
leaf_count=12016 613 3877 1858 389 778 275 248 225 252 218 2477 5281 211 257 215 218 1073 7419 2171 238 254 206 927 866 1100 868 1317 3566 222 210 217 300 737 268 5707 209 421 232 2015 288 2438 461 7670 4288 215 704 242 233 9351 3042 1453 279 327 311 890 2425 6298 1730 957 3490 429 564
internal_value=-0.000103281 -0.0716004 0.0807487 0.053718 -0.0351361 0.13586 0.0809579 0.161319 0.072149 0.0673131 0.112143 -0.115482 0.047736 -0.0341085 0.0210532 0.220411 0.106664 0.0278821 0.0603451 0.0310717 0.0622007 0.0323464 -0.032865 0.104152 -0.027622 -0.0120805 0.0515035 0.167357 0.146398 0.15689 0.156921 0.212428 0.158376 0.327435 0.0406385 -0.0390377 -0.0512475 -0.00314478 0.0920302 0.220543 0.20831 -0.0107525 -0.0576726 -0.0469703 0.194228 0.239993 0.108082 0.0815658 -0.0069527 0.093926 0.00175146 0.0305933 0.0963857 0.177331 -0.0437178 -0.0967661 -0.0823475 0.10886 0.139645 -0.00219341 0.0243044 -0.0390288
internal_weight=108036 57335 50701 34018 31315 16683 16558 1634 14924 14454 4392 26020 10062 1343 1125 470 8660 17460 8719 4533 2962 2253 1181 1072 1571 15480 1915 8023 5310 709 5088 1522 1037 485 13126 598 868 653 4186 498 2713 4334 15835 11958 1409 919 490 471 14702 7587 3873 2370 917 590 1503 14004 8723 5729 2687 13834 4483 993
internal_count=108036 57335 50701 34018 31315 16683 16558 1634 14924 14454 4392 26020 10062 1343 1125 470 8660 17460 8719 4533 2962 2253 1181 1072 1571 15480 1915 8023 5310 709 5088 1522 1037 485 13126 598 868 653 4186 498 2713 4334 15835 11958 1409 919 490 471 14702 7587 3873 2370 917 590 1503 14004 8723 5729 2687 13834 4483 993
is_linear=0
shrinkage=0.05


Tree=27
num_leaves=63
num_cat=0
split_feature=12 12 12 13 12 13 16 20 12 18 13 17 20 10 12 13 32 5 32 13 13 27 17 20 13 16 12 30 13 7 20 20 20 20 9 14 30 32 9 14 14 32 32 10 32 13 11 18 14 29 8 14 18 24 13 32 13 20 0 8 14 32
split_gain=228890 38808.5 25212.3 7295.35 6131 5511.51 5109.04 5019.13 3894.88 3773.54 3610.46 2976.41 3151.37 2763.42 2674.81 2369.26 2208.43 2434.46 2109.33 2103.11 2000.14 2018.51 1917.83 1953.26 1914.85 1766.69 1761.6 1744.88 1860.94 1703.85 1682.95 1670.62 1655.8 1486.74 1431.11 1749.32 1551.99 3389.38 1532.81 1422.33 1385.69 2400.07 2006.23 1699.48 3621.98 1884.03 1862.52 1372.14 1309.18 1310.1 1300.16 1346.73 1273.13 1236.79 1203.79 1200.84 1195.75 1164.37 1146.49 1132.6 1132.55 1656.01
threshold=23.954236111111111 11.751666666666667 38.248194444444451 -2.7499999999999996 5.8325000000000014 -7.7499999999999991 1.0000000180025095e-35 49.500000000000007 30.394652777777782 3.5000000000000004 4.2500000000000009 1.0000000180025095e-35 33.500000000000007 36.500000000000007 45.641111111111123 -10.749999999999998 1.0658544869120592 -1.0000000180025095e-35 2.4146062271062276 1.2500000000000002 5.2500000000000009 0.96377904790300584 1.0000000180025095e-35 48.500000000000007 -9.2499999999999982 1.0000000180025095e-35 17.412847222222222 15.500000000000002 11.250000000000002 -3.4984662576687113 47.500000000000007 21.500000000000004 47.500000000000007 14.500000000000002 13.500000000000002 47.250000000000007 8.5000000000000018 1.1492362904944662 7.5000000000000009 39.750000000000007 44.250000000000007 8.215192307692309 6.6190823956566289 6.5000000000000009 4.6000565610859736 2.7500000000000004 -0.74999999999999978 1.5000000000000002 49.250000000000007 0.50819892473118289 1.0000000180025095e-35 54.750000000000007 3.5000000000000004 2.5000000000000004 -1.7499999999999998 1.1361530781935836 -7.7499999999999991 56.500000000000007 1307.5000000000002 11.500000000000002 49.750000000000007 7.6361081275768141
decision_type=2 2 2 2 2 2 2 10 2 8 2 2 8 2 2 2 8 2 8 2 2 2 2 8 2 2 2 8 2 2 8 10 10 8 2 2 10 8 2 2 2 8 10 2 8 2 2 8 2 2 2 2 8 2 2 8 2 8 2 2 2 8
left_child=1 4 3 11 29 60 7 9 13 31 14 24 47 22 50 -8 17 -10 19 -18 40 -22 -5 -24 53 30 -17 28 32 -1 52 -3 -12 -31 36 -36 37 38 -26 -38 43 42 54 45 -45 46 -20 -13 49 -41 -7 -52 -6 -2 -42 -25 -35 -16 -11 -19 61 -4
right_child=2 6 5 8 25 10 15 -9 16 58 27 12 -14 -15 57 26 18 59 20 -21 21 -23 23 55 34 -27 -28 -29 -30 33 -32 -33 -34 56 35 -37 39 -39 -40 48 41 -43 -44 44 -46 -47 -48 -49 -50 -51 51 -53 -54 -55 -56 -57 -58 -59 -60 -61 -62 -63
leaf_value=-0.15573296419263574 -0.08181341464747835 0.093500192427708254 0.05891802876297117 0.036765315035369547 -0.009548804695546545 0.10666651363346276 -0.12380109654083178 -0.034335227198263013 0.081723328432067213 -0.065145482008334851 0.25541101472986261 0.17066139431362268 0.037743862304728745 -0.12588325217583071 0.21370614157613571 -0.06177623282380075 -0.10776890513290296 0.1654234372367327 0.12772182832462492 0.066001395190985496 0.21553125643273674 0.090315979795694973 0.12586001487750717 0.1108596453684218 -0.015942703853061613 -0.096764912558353205 -0.024573201877004101 0.079067133276897725 0.36411604975248774 -0.066186011788155613 -0.081653660887237814 0.030427686993666572 0.15793072773870512 -0.1570355270001042 -0.11392052808914838 0.019553667966048044 -0.12987291668773401 0.095234526590248239 0.091065061035845996 -0.07082682950202171 -0.0019954338909954159 0.22168394346315512 -0.053889712720866435 0.14516744782439564 -0.085047979083791581 0.18844320178487911 -0.052155755332904764 0.081436577420953116 -0.10415508273507706 0.056062614333561883 0.15855323834447288 0.024879627071502736 -0.084875282673826144 0.00077611102115872994 0.13156707145220126 0.02502934142414644 -0.1146619968717449 0.14770148838836505 0.0004759110131903636 0.28190536034553587 0.12222899214175414 -0.0820600665549958
leaf_weight=3288 726 1627 1303 3992 2032 5765 910 7272 913 879 817 646 5895 203 1215 5533 245 1207 292 595 659 633 1708 594 1646 6285 7492 250 201 1371 3719 2961 951 1964 376 703 200 2175 419 253 205 389 229 258 501 336 282 1303 208 1022 2533 204 774 1204 951 1296 11260 1518 2732 255 511 247
leaf_count=3288 726 1627 1303 3992 2032 5765 910 7272 913 879 817 646 5895 203 1215 5533 245 1207 292 595 659 633 1708 594 1646 6285 7492 250 201 1371 3719 2961 951 1964 376 703 200 2175 419 253 205 389 229 258 501 336 282 1303 208 1022 2533 204 774 1204 951 1296 11260 1518 2732 255 511 247
internal_value=0.000106056 -0.0649282 0.081475 0.0564509 -0.104255 0.133918 -0.0238781 -0.00409788 0.0808974 0.0227217 0.145582 0.0335062 0.0559782 0.0557664 0.134046 -0.0458366 0.105522 0.145915 0.0882912 0.0152505 0.101243 0.154301 0.0606407 0.0871129 0.0137674 -0.0778399 -0.0403805 0.203907 0.219709 -0.123171 -0.0595989 0.05281 0.203096 -0.115826 0.0259213 -0.0270206 0.0355687 0.0516906 0.00580334 -0.00505394 0.0812935 0.112058 0.08113 0.0485461 -0.00670489 0.0945859 0.0394129 0.111083 0.0118555 0.030848 0.120183 0.148603 -0.0303495 -0.0303175 0.1079 0.0520489 -0.120967 0.177112 -0.0155115 0.185919 0.0577398 0.0364141
internal_weight=108133 60099 48034 32519 30693 15515 29406 15471 15743 8199 13454 16776 7844 7793 11235 13935 7950 2375 5575 840 4735 1292 7590 3598 8932 12810 13025 2219 1969 17883 6525 4588 1768 14595 7002 1079 5923 4240 2065 1683 3443 1774 1385 1669 759 910 574 1949 1483 1275 8502 2737 2806 1930 1156 1890 13224 2733 3611 1462 2061 1550
internal_count=108133 60099 48034 32519 30693 15515 29406 15471 15743 8199 13454 16776 7844 7793 11235 13935 7950 2375 5575 840 4735 1292 7590 3598 8932 12810 13025 2219 1969 17883 6525 4588 1768 14595 7002 1079 5923 4240 2065 1683 3443 1774 1385 1669 759 910 574 1949 1483 1275 8502 2737 2806 1930 1156 1890 13224 2733 3611 1462 2061 1550
is_linear=0
shrinkage=0.05


Tree=28
num_leaves=63
num_cat=0
split_feature=12 12 12 12 13 13 13 31 7 7 32 6 14 13 30 13 30 13 14 28 13 14 14 14 32 29 13 13 16 32 13 14 8 14 32 14 24 32 6 7 13 7 32 21 30 28 13 30 14 14 32 9 32 9 14 8 5 21 16 21 10 14
split_gain=211978 40334.7 18516.1 9203.71 7426.99 5946.17 3674.11 3634.01 5326.47 3349.99 3303.86 4378.49 3120.35 3019.28 2907.1 3519.1 2783.1 3583.43 3064.19 2802.94 2612.12 2497.58 2572.79 2381 2330 5221.75 4389.06 4072.62 2308.2 2278.54 2258.66 2235.79 2233.84 2214.64 4517.13 2152.42 2144.59 2734.7 2581.71 2086.46 2006.7 1956.67 2133.08 1935.24 1898.68 1877.29 1863.67 1843.92 2784.26 4083.13 4500.56 2769.86 2321.4 2246.81 2071.68 1843.77 1737.59 1737.45 1731.74 2645.82 1714.89 1714.66
threshold=19.998750000000005 31.805347222222228 7.2333333333333352 43.838055555555563 -3.2499999999999996 -2.7499999999999996 -11.249999999999998 1.0000000180025095e-35 -0.027952482299365679 -0.6664815843050157 1.1130772005772009 -6.1174953772438849 54.250000000000007 5.7500000000000009 17.500000000000004 10.250000000000002 17.500000000000004 6.2500000000000009 39.750000000000007 0.59112762237762251 -11.249999999999998 42.750000000000007 47.250000000000007 40.250000000000007 2.9107822304100401 0.620426149040607 1.2500000000000002 -1.7499999999999998 1.0000000180025095e-35 10.381804656457303 -4.2499999999999991 44.750000000000007 11.500000000000002 46.250000000000007 4.1599540133779271 48.250000000000007 2.5000000000000004 7.5759836624562658 1.3599427939158104 -1.9269899031315665 2.7500000000000004 -0.35239938754054251 7.5759836624562658 0.81500000000000006 2.5000000000000004 0.54640396210163666 -6.7499999999999991 8.5000000000000018 49.750000000000007 45.750000000000007 7.4477741228070187 2.5000000000000004 2.4146062271062276 2.5000000000000004 46.750000000000007 20.500000000000004 -6.4999999999999991 0.65500000000000014 1.0000000180025095e-35 0.68500000000000016 8.5000000000000018 44.250000000000007
decision_type=2 2 2 2 2 2 2 2 2 2 8 2 2 2 10 2 10 2 2 2 2 2 2 2 8 2 2 2 2 8 2 2 2 2 10 2 2 8 2 2 2 2 10 10 8 2 2 10 2 2 10 2 8 2 2 2 2 10 2 10 2 2
left_child=2 5 39 4 28 20 -4 12 21 -8 11 -6 14 23 15 24 17 18 -12 33 -2 -9 31 29 25 26 27 -7 43 56 -5 -23 -13 34 -19 -35 -25 38 -38 -1 -28 44 58 -3 -22 -16 -41 52 49 -49 51 -51 53 -20 -55 -10 -11 -26 59 -43 -42 -17
right_child=1 3 6 30 10 7 9 8 55 13 16 32 -14 -15 45 61 -18 19 47 -21 41 22 -24 36 57 -27 40 -29 -30 -31 -32 -33 -34 35 -36 -37 37 -39 -40 46 60 42 -44 -45 -46 -47 -48 48 -50 50 -52 -53 -54 54 -56 -57 -58 -59 -60 -61 -62 -63
leaf_value=-0.13950151112913442 -0.058140082992301202 0.072320726120534223 -0.12955118268331539 0.11752803082099428 0.026594961810273772 0.058117241701601367 -0.087034370863071794 -0.11401050163816245 0.1232860100204414 0.010741158837973254 -0.058227457729905535 0.16264625165025023 -0.15783811112064564 0.021736632932258942 0.048693210057736865 0.27112280905246733 0.22921445261668275 0.068672474758285626 0.11592505834585823 0.33800678224178959 0.017424825394923734 0.0048316226908662026 -0.0067047247085260057 -0.073407669278839516 0.024743832570090787 -0.21373336133925971 0.15548906631397511 -0.18041016332065085 0.035786168543393213 0.048238465454422688 0.18382310583808906 0.19964233240117416 0.30289397193178252 -0.033130249825545535 0.31956592912462334 0.16922262950746481 -0.046148279950795873 -0.078892261234299849 0.0018509280442177264 -0.13390580903874791 -0.099250085535756455 0.022402784349151716 -0.052619413725208446 0.16975379573194185 -0.11713243530549367 0.25277635260273107 -0.093574350464289177 0.026785585039535788 -0.099223525495850923 -0.032784476595707546 0.36766620082690299 0.1990937342334107 0.12914986631998371 0.071263221063919732 -0.12427952095866204 0.26139778429010352 -0.11868089491799766 0.081867865103760498 -8.9289847737788122e-05 0.10342419690237568 0.04841295377041225 0.081360842702451919
leaf_weight=5450 1606 4419 1387 1928 577 284 4174 276 1821 295 383 3143 212 1920 209 204 396 359 543 202 478 236 859 3265 5384 294 365 481 5112 277 3900 391 313 287 359 241 4855 2236 6621 3805 234 5290 1090 576 579 245 11684 1602 266 241 205 275 3139 266 274 279 2135 1768 5577 1244 1204 287
leaf_count=5450 1606 4419 1387 1928 577 284 4174 276 1821 295 383 3143 212 1920 209 204 396 359 543 202 478 236 859 3265 5384 294 365 481 5112 277 3900 391 313 287 359 241 4855 2236 6621 3805 234 5290 1090 576 579 245 11684 1602 266 241 205 275 3139 266 274 279 2135 1768 5577 1244 1204 287
internal_value=0.000629553 0.0633997 -0.0775366 0.105743 0.0916129 0.0236453 -0.0502986 0.046177 0.0879825 -0.0460296 0.116502 0.15415 0.0317175 -0.0381036 0.0353985 0.0300361 0.0996874 0.0937263 0.0792613 0.165488 0.0022924 0.0238559 0.0495217 -0.0439412 0.0236193 -0.0145032 0.00838013 -0.0918985 0.0594163 -0.0874862 0.161916 0.126441 0.175432 0.13727 0.194389 0.0593769 -0.0369932 -0.0283177 -0.0184577 -0.112869 0.050955 0.00910303 0.0143456 0.083588 -0.0563236 0.15914 -0.10349 0.087 0.0537451 0.0712963 0.170021 0.0909401 0.107375 0.0442008 -0.0280029 0.141751 -0.102971 0.0388746 0.0203763 0.0378418 0.0243321 0.160594
internal_weight=108007 59903 48104 29006 23178 30897 27165 15033 3862 25778 13071 4033 11171 21604 10959 10505 9038 8642 7194 1448 15864 1762 1486 19684 10014 2862 2568 765 10107 2707 5828 627 3456 1246 718 528 16977 13712 11476 20939 1803 14258 13201 4995 1057 454 15489 6811 2589 2323 721 516 4222 1083 540 2100 2430 7152 12111 6534 1438 491
internal_count=108007 59903 48104 29006 23178 30897 27165 15033 3862 25778 13071 4033 11171 21604 10959 10505 9038 8642 7194 1448 15864 1762 1486 19684 10014 2862 2568 765 10107 2707 5828 627 3456 1246 718 528 16977 13712 11476 20939 1803 14258 13201 4995 1057 454 15489 6811 2589 2323 721 516 4222 1083 540 2100 2430 7152 12111 6534 1438 491
is_linear=0
shrinkage=0.05


Tree=29
num_leaves=63
num_cat=0
split_feature=15 15 15 13 15 13 15 13 14 31 5 29 14 14 5 20 14 32 30 11 16 13 32 13 20 20 9 15 11 30 28 13 29 32 13 25 28 32 14 14 13 30 28 14 13 32 11 26 14 14 27 32 9 32 32 13 10 31 13 13 14 5
split_gain=187524 30695.6 20083.2 7135.1 5810.8 4906.14 4542.51 4269.73 4100.45 3873.95 4717.7 3051.08 3035.84 2770.72 2608.01 2501.35 2449.84 2876.27 2449.2 2845.42 2376.08 2298.06 2237.32 3127.69 2200.05 2106.72 2094.6 2071.57 1964.65 1904.44 2370.7 2329.41 1889.59 2582.25 2077.42 1955.42 1835.99 2080.69 2681.31 3135.97 2544.54 1987.98 1897.39 1931.76 1760.97 1698.57 1694.28 2328.03 1644.92 1596.1 2331.4 1576.99 1556.35 1552.29 4260.75 2269.77 1944.2 1739.36 1525.81 1517.85 2744.36 2581.54
threshold=23.814375000000002 12.875555555555557 38.881250000000009 -6.2499999999999991 4.622361111111112 -4.2499999999999991 31.805347222222228 -2.7499999999999996 38.750000000000007 1.0000000180025095e-35 5.5000000000000009 0.60130858706808088 39.750000000000007 41.250000000000007 20.500000000000004 34.500000000000007 47.750000000000007 1.1240962989673484 17.500000000000004 5.0633333333333344 1.0000000180025095e-35 -8.2499999999999982 4.4136075814429487 -5.2499999999999991 9.5000000000000018 34.500000000000007 24.500000000000004 50.363750000000003 6.9356944444444446 19.500000000000004 0.5889988998899891 -15.749999999999998 0.59812675070028021 2.2053342816500714 2.7500000000000004 79.500000000000014 0.58865863617803205 0.55830748646840611 49.250000000000007 48.250000000000007 -4.7499999999999991 3.5000000000000004 0.53384104443426483 39.250000000000007 -11.249999999999998 1.7590670866507578 -2.9956944444444442 2.3699615389427051 39.750000000000007 43.750000000000007 0.86934105486402102 2.2053342816500714 9.5000000000000018 1.2099818056339797 2.4146062271062276 -6.7499999999999991 8.5000000000000018 1.0000000180025095e-35 4.2500000000000009 -8.7499999999999982 47.250000000000007 9.5000000000000018
decision_type=2 2 2 2 2 2 2 2 2 2 2 2 2 2 2 8 2 8 10 2 2 2 10 2 8 10 2 2 2 8 2 2 2 8 2 2 2 8 2 2 2 8 2 2 2 10 2 2 2 2 2 8 2 10 10 2 2 2 2 2 2 2
left_child=1 4 3 8 -1 -4 14 11 -2 18 -11 44 -10 21 26 20 17 -13 19 32 -8 -14 52 -24 -7 -6 28 58 36 31 -31 -15 -9 -34 -35 -36 37 40 39 42 -5 -38 43 -39 -3 -40 -44 51 -17 50 -33 -48 -19 55 -55 57 -56 -51 -26 60 -59 -61
right_child=2 7 5 6 25 24 15 9 12 10 -12 16 13 29 -16 48 -18 22 -20 -21 -22 -23 23 -25 27 -27 -28 -29 -30 30 -32 49 33 34 35 -37 41 38 45 -41 -42 -43 46 -45 -46 -47 47 -49 -50 53 -52 -53 -54 54 56 -57 -58 59 -60 61 -62 -63
leaf_value=-0.11376095240160518 0.20449706988000627 -0.10782865017543604 0.081934172606571112 -0.055345326936506525 -0.04717256806014733 0.26080461922149684 0.1744294338564539 -0.011909752373986589 -0.15278377156006173 0.010845263759679482 0.1459899481327803 -0.082162372896782479 0.026286824220322243 -0.10468652117171605 0.20426244069795163 0.00037836451925061371 -0.057823552567543748 0.22774407924875986 0.10563110468617681 0.13084523557395231 0.084218068693767523 0.24419229967124037 0.11264533943297694 -0.12923115591371531 0.12162074705459354 -0.083756693451576394 -0.10425202898055806 0.23370702735093585 0.17430736833315152 0.024011204147647167 -0.18417120573770565 -0.1720587691533991 -0.20058856835252925 0.021795247928494563 -0.010348648390552906 -0.14749335530961563 0.026231103689283188 -0.12852396812549857 -0.18422553991100621 0.13586014950406122 0.082705935487100118 0.11222360911220025 0.15990240930705624 0.0050904914548134004 -0.042809985496045366 -0.022870467149909514 -0.047126213801565814 -0.091291090358060281 0.081914902741610313 -0.12637823644179333 0.0002895637230806867 0.068291101962115172 0.071717028049070305 0.19291219480880301 0.09588901298766693 0.11953453602436526 0.00042055368196297215 0.18360067077446729 0.17326022905124097 0.011693328364534118 -0.033618414317166508 -0.19365620165018838
leaf_weight=15422 268 1162 4822 375 5821 387 1454 6963 289 2255 904 319 261 405 258 674 786 321 408 304 1472 225 322 227 6613 12178 233 543 294 260 287 232 304 729 460 597 1084 300 209 646 2991 1771 302 2670 10012 732 344 320 7520 338 1243 2091 320 471 763 322 1766 255 1835 537 336 213
leaf_count=15422 268 1162 4822 375 5821 387 1454 6963 289 2255 904 319 261 405 258 674 786 321 408 304 1472 225 322 227 6613 12178 233 543 294 260 287 232 304 729 460 597 1084 300 209 646 2991 1771 302 2670 10012 732 344 320 7520 338 1243 2091 320 471 763 322 1766 255 1835 537 336 213
internal_value=-0.000194034 -0.0594051 0.0729636 0.052213 -0.0912347 0.122949 0.065312 -0.0190978 0.0124074 0.00143276 0.0495531 -0.0387963 0.00610751 0.0119284 0.0469879 0.0893971 0.0137088 0.0509818 -0.0141378 -0.0193709 0.129091 0.127463 0.0867124 0.0125813 0.144028 -0.0719284 0.0441486 0.138973 0.0466031 0.00435303 -0.0853547 0.0114956 -0.024429 -0.0661123 -0.0431232 -0.087875 0.0438769 0.0345834 0.0201068 0.0312504 0.067314 0.0795942 0.0200172 -0.00844464 -0.0495804 -0.0588656 0.0476627 0.0353055 0.075209 0.0187766 -0.026917 0.0519731 0.150085 0.0322562 0.0550006 -0.00185395 0.0292499 -0.0251912 0.132857 0.000388189 0.0602574 -0.0468061
internal_weight=108225 59814 48411 34211 33421 14200 25740 26393 8471 12924 3159 13469 8203 7914 14620 11120 2295 1509 9765 9357 2926 486 1190 549 9378 17999 14362 8991 14129 7428 547 6881 9053 2090 1786 1057 13835 10980 7614 6673 3366 2855 6027 2970 11174 941 3057 2755 8194 6476 1475 2435 641 5001 3000 2001 2529 1679 8448 1341 591 750
internal_count=108225 59814 48411 34211 33421 14200 25740 26393 8471 12924 3159 13469 8203 7914 14620 11120 2295 1509 9765 9357 2926 486 1190 549 9378 17999 14362 8991 14129 7428 547 6881 9053 2090 1786 1057 13835 10980 7614 6673 3366 2855 6027 2970 11174 941 3057 2755 8194 6476 1475 2435 641 5001 3000 2001 2529 1679 8448 1341 591 750
is_linear=0
shrinkage=0.05


Tree=30
num_leaves=63
num_cat=0
split_feature=0 12 12 13 12 13 14 13 12 7 11 30 32 5 30 32 14 14 13 22 30 14 14 11 14 13 29 7 32 32 14 11 11 29 31 32 5 14 11 13 30 14 27 32 32 9 14 13 14 29 14 14 13 13 6 13 29 14 14 30 13 7
split_gain=172513 25731.9 20595.4 7077 5121.61 4597.82 3987.59 3262.77 3165.16 2898.1 2873.76 3307.23 3262.77 3397.14 3252.97 3092.8 4952.48 6584.59 3008.55 2949.58 2690.55 3617.25 3357.99 2645.19 2532.49 2786.41 2852.93 2775.45 6507.84 2469.77 2462.04 2688.56 2355.01 3159.55 2695.55 3278.65 2444.71 2319.23 2196.15 4858.46 2859.17 2544.26 2911.73 2310.47 4163.26 2572.21 3553.14 2190.48 2173.67 2089.47 2073.25 2998.1 1979.9 2193.21 1955.95 3260.65 1947.48 1953.36 1915.79 2270.91 1888.17 1928
threshold=1834.5000000000002 12.675694444444447 37.614652777777785 -2.7499999999999996 5.8325000000000014 -6.2499999999999991 56.750000000000007 -11.249999999999998 27.134861111111118 -0.63896143452423371 5.2802083333333334 17.500000000000004 1.1361530781935836 -1.0000000180025095e-35 14.500000000000002 2.3000305250305253 42.250000000000007 43.750000000000007 2.7500000000000004 -1.0000000180025095e-35 8.5000000000000018 53.250000000000007 53.750000000000007 1.5314583333333338 44.750000000000007 -2.2499999999999996 0.62712842712842731 -0.11000764198745458 8.0085230024213097 5.9057790289189667 43.750000000000007 2.5618750000000001 0.60875000000000001 0.65604707792207806 1.0000000180025095e-35 0.62025565014695461 10.500000000000002 42.250000000000007 -0.72159722222222211 2.7500000000000004 14.500000000000002 40.250000000000007 0.9225512144873832 2.9585076441573155 3.8521009690142987 6.5000000000000009 41.250000000000007 5.2500000000000009 40.250000000000007 0.56440092165898637 51.750000000000007 47.250000000000007 1.2500000000000002 3.7500000000000004 1.0911257905232825 -6.2499999999999991 0.59013888888888899 45.250000000000007 54.250000000000007 1.5000000000000002 -10.749999999999998 -0.6664815843050157
decision_type=2 2 2 2 2 2 2 2 2 2 2 10 8 2 8 8 2 2 2 2 8 2 2 2 2 2 2 2 10 10 2 2 2 2 2 10 2 2 2 2 8 2 2 10 10 2 2 2 2 2 2 2 2 2 2 2 2 2 2 10 2 2
left_child=1 4 3 8 -1 -4 7 -3 -2 -9 11 12 13 30 37 16 -14 -18 -13 -15 21 23 47 -7 38 -26 27 29 50 -27 31 -5 48 34 35 -34 -36 -12 41 40 -40 -17 -43 -41 -45 49 -47 -22 -11 -46 51 -29 -19 -54 -50 -56 57 -37 -23 -60 -6 -62
right_child=2 6 5 10 60 20 -8 9 -10 32 14 18 15 19 -16 24 17 52 -20 -21 22 58 -24 -25 25 26 -28 28 -30 -31 -32 -33 33 -35 36 56 -38 -39 39 43 -42 42 -44 44 45 46 -48 -49 54 -51 -52 -53 53 -55 55 -57 -58 -59 59 -61 61 -63
leaf_value=-0.10556370098921769 -0.0066212011253277379 -0.10054689541357627 0.067290587061171248 -0.11514655999058571 -0.13639880177583369 0.10688180788237547 0.19843349078319211 -0.074106385233946179 0.038491747370898277 -0.088778876580302701 0.26617722652909409 0.074055629060215622 -0.23886737554948381 0.22919206799204722 -0.028939146797691707 -0.021061569483542486 0.26135897761254118 -0.18456599305133994 0.33385649374907928 0.10150892245243566 0.086889091155826714 0.30479430638477528 -0.087558927300075695 0.16721345276644506 -0.047763567795891755 0.093214797908664493 -0.035546657033879055 0.078357749927196768 0.41475076650579767 -0.084615988719311586 0.08186350487543706 0.1077431335059159 -0.11375401375746395 -0.14164484665498464 0.050791604466242146 0.0027061580799222543 0.22835157809333995 0.12155844679749649 -0.019084557077011358 -0.031537965262581694 -0.17981884512954149 0.28862651547350254 0.063569810765364096 0.22783137883662299 0.051517125317483273 0.1419508911913468 -0.097315713004674773 0.18490185631908054 -0.040386535709481572 0.22959332100801755 -0.025943011930004495 0.21699059251006708 0.070510887299012906 -0.13158880180310248 -0.045030176078488318 0.022946785795854859 -0.036582194516074522 0.082993507274316439 0.24919640431273732 0.063633483906306146 -0.093923313194465216 -0.050973874260463195
leaf_weight=17958 5895 1252 4123 401 895 4548 206 2075 11418 1176 392 239 234 593 261 291 214 204 209 1914 3009 465 239 3037 365 705 359 930 203 269 1304 203 550 318 1371 1771 225 955 1116 579 367 250 338 390 514 224 499 704 5580 242 223 673 365 211 2752 4910 1264 1323 399 282 3464 10659
leaf_count=17958 5895 1252 4123 401 895 4548 206 2075 11418 1176 392 239 234 593 261 291 214 204 209 1914 3009 465 239 3037 365 705 359 930 203 269 1304 203 550 318 1371 1771 225 955 1116 579 367 250 338 390 514 224 499 704 5580 242 223 673 365 211 2752 4910 1264 1323 399 282 3464 10659
internal_value=0.000366267 -0.0586138 0.0680066 0.0453722 -0.0875415 0.113185 -0.0201053 -0.0219458 0.0231315 -0.0177208 0.0690853 0.0621028 0.0578675 0.0935354 0.132527 0.0417332 -0.032439 0.0163481 0.195731 0.13179 0.128098 0.143601 0.0938219 0.131057 0.052405 0.0833384 0.0975817 0.113503 0.146798 0.044065 0.0432282 -0.0401807 -0.0122091 0.0119936 0.0195261 0.00116598 0.0759509 0.163811 0.0284241 0.0124371 -0.0589561 0.0998244 0.159585 0.0556936 0.0827196 0.0443268 -0.0230924 0.105517 -0.0236609 0.108748 0.116799 0.13666 -0.0511215 -0.00362191 -0.0178716 -0.00147154 0.0156922 0.0370529 0.226435 0.172561 -0.0659857 -0.0615141
internal_weight=108104 57749 50355 33549 32976 16806 24773 24567 17313 23315 16236 14628 14180 4415 1608 9765 1228 994 448 2507 12683 8731 3952 7585 8537 3727 3362 3003 2029 974 1908 604 21240 6822 6504 4908 1596 1347 4810 3931 1483 879 588 2448 1869 1479 723 3713 14418 756 1826 1603 780 576 13242 7662 4358 3094 1146 681 15018 14123
internal_count=108104 57749 50355 33549 32976 16806 24773 24567 17313 23315 16236 14628 14180 4415 1608 9765 1228 994 448 2507 12683 8731 3952 7585 8537 3727 3362 3003 2029 974 1908 604 21240 6822 6504 4908 1596 1347 4810 3931 1483 879 588 2448 1869 1479 723 3713 14418 756 1826 1603 780 576 13242 7662 4358 3094 1146 681 15018 14123
is_linear=0
shrinkage=0.05


Tree=31
num_leaves=63
num_cat=0
split_feature=12 12 12 12 17 11 20 13 13 31 5 18 13 24 13 7 14 30 7 28 14 14 13 13 7 11 4 14 9 20 30 11 14 17 20 18 14 10 14 14 11 20 20 14 11 30 14 7 9 14 13 13 13 30 14 14 30 26 7 11 11 14
split_gain=154395 27610 13906.3 7510.15 5215.9 4529.37 4253.67 3410.91 3242.83 3369.33 5391.49 2568.51 2486.96 2220.51 2303.73 2279.52 3029.82 2209.81 2440.88 2104.48 2593.92 2368 4437.84 2728.97 2603.61 1992.16 1962.29 1872.51 2070.65 1867.68 1655.4 1939.65 1614.3 1610.17 1808.96 1529.13 1521.37 1500.66 1632.68 1524.16 1420.45 1419.44 1417.09 1411.79 1398.67 1386.99 1489.93 1376.68 1357.49 2087.27 1343.17 1322.09 1308.65 1195.93 1183.27 2667.56 2351.73 1175.34 1159.56 1132.52 1803.24 1340.31
threshold=19.998750000000005 30.622569444444448 7.2333333333333352 40.186041666666675 1.0000000180025095e-35 -2.0820833333333328 59.500000000000007 -6.7499999999999991 -2.7499999999999996 1.0000000180025095e-35 2.5000000000000004 3.5000000000000004 -10.749999999999998 2.5000000000000004 -10.749999999999998 0.041536868943438554 40.250000000000007 1.5000000000000002 -0.063168978958452623 0.54361413043478268 49.750000000000007 45.250000000000007 6.7500000000000009 -2.2499999999999996 0.09040115548215559 -7.4985416666666653 128.50000000000003 42.750000000000007 29.500000000000004 38.500000000000007 17.500000000000004 2.8568055555555563 48.750000000000007 1.0000000180025095e-35 47.500000000000007 3.5000000000000004 48.250000000000007 11.500000000000002 46.750000000000007 44.750000000000007 4.0002777777777787 20.500000000000004 34.500000000000007 42.250000000000007 0.75000000000000033 1.5000000000000002 54.750000000000007 -0.58909208781244293 6.5000000000000009 47.250000000000007 -5.7499999999999991 2.2500000000000004 -2.2499999999999996 8.5000000000000018 49.750000000000007 52.750000000000007 6.5000000000000009 2.1735930267182808 0.54129524843035426 -0.84763888888888872 2.7813194444444451 42.750000000000007
decision_type=2 2 2 2 2 2 10 2 2 2 2 8 2 2 2 2 2 8 2 2 2 2 2 2 2 2 2 2 2 8 10 2 2 2 10 8 2 2 2 2 2 10 10 2 2 8 2 2 2 2 2 2 2 10 2 2 8 2 2 2 2 2
left_child=2 4 26 5 12 25 11 54 13 30 27 41 -2 -4 -15 -16 50 18 -7 20 36 22 59 -23 48 -3 -1 -11 -29 -9 31 42 -12 -28 35 -35 -19 38 39 -20 47 -6 -10 -42 -8 51 -47 -14 -25 -50 -17 52 -31 58 -5 56 -56 -44 -43 -21 -61 -62
right_child=1 3 8 7 6 17 44 29 9 10 32 -13 40 14 15 16 -18 19 37 21 -22 23 -24 24 -26 -27 33 28 -30 45 -32 -33 -34 34 -36 -37 -38 -39 -40 -41 43 53 57 -45 -46 46 -48 -49 49 -51 -52 -53 -54 -55 55 -57 -58 -59 -60 60 61 -63
leaf_value=-0.1186929430558445 -0.079797539120962199 -0.0014567184157131575 -0.09735877680123825 0.043318533325020135 0.12451727436977543 0.062990565845232577 -0.01067332122488468 0.16454695075098866 -0.019963755669016828 -0.13455480564760208 0.1313964702970597 0.016554208326808661 -0.091249446963523467 -0.11430466543032983 -0.071569888490171055 -0.04881759163481119 -0.0085767532976190938 0.045083306469081194 0.12803843035202875 0.12767932045854721 -0.10232998221248096 -0.015788766158329064 0.24457512713908158 0.065296548501681678 0.28005535634309053 0.054925284012667913 -0.10216189423648701 0.013527520790718492 -0.14228565304788698 0.14672217673634222 0.058476119638122263 0.041103753393948186 0.0057227850366450318 -0.018997244628777027 -0.093447712208097153 -0.095949170240515635 0.17529458849342072 0.22148819196724406 0.046405172403947474 0.28257682817483992 0.17317793244895127 0.075592834829433964 -0.029594937241341997 0.028362314910696379 0.043983940753829977 0.10593163156847699 -0.028356360960496613 0.0023523574582836847 0.28473562769328226 0.10841361914671238 -0.18502461382173907 0.19789001567867393 0.038304473407487709 0.025097327477648021 0.28439245775944605 -0.016672665433337293 0.060077438251551797 -0.077429572840242766 0.19617242550434069 -0.028453742453698989 0.13413818161973143 -0.012400536387858372
leaf_weight=6955 952 1931 3043 1747 1472 939 3605 2966 2737 367 954 2016 404 1203 3742 360 5254 2128 611 277 278 241 291 497 374 8302 7400 1416 250 1072 411 626 349 2267 3401 902 250 676 407 217 223 2839 1829 679 1732 3808 218 13072 264 464 365 831 377 1196 271 239 206 4324 214 891 422 247
leaf_count=6955 952 1931 3043 1747 1472 939 3605 2966 2737 367 954 2016 404 1203 3742 360 5254 2128 611 277 278 241 291 497 374 8302 7400 1416 250 1072 411 626 349 2267 3401 902 250 676 407 217 223 2839 1829 679 1732 3808 218 13072 264 464 365 831 377 1196 271 239 206 4324 214 891 422 247
internal_value=0.000317264 0.053943 -0.0663274 0.0862213 0.0182105 0.0673582 0.0414105 0.11789 -0.0427709 -0.0250613 0.0184073 0.0650951 -0.00157671 -0.0595849 -0.0490546 -0.0409688 -0.0218082 0.0922707 0.129096 0.0764092 0.0419387 0.0994659 0.0635017 0.141002 0.164629 0.0442867 -0.0969782 -0.0324785 -0.00992514 0.131786 -0.0396694 -0.0439141 0.0977658 -0.0861597 -0.0681231 -0.0409236 0.0588404 0.161528 0.128555 0.168831 0.00360766 0.0821944 -0.0499047 0.064317 0.00706935 0.116353 0.098655 -0.000460314 0.129188 0.172657 -0.117551 0.147548 0.11856 0.0675064 0.0655479 0.11965 0.187847 -0.0632177 0.0841063 0.0347003 0.0181194 0.0800972
internal_weight=108001 59846 48155 31442 28404 19707 13074 11735 27230 13263 3336 7737 15330 13967 10924 9721 5979 9474 2850 6624 2656 3968 2128 1840 1599 10233 20925 2033 1666 9272 9927 9516 1303 13970 6570 3169 2378 1911 1235 828 14378 5721 8890 902 5337 6306 4026 13476 1225 728 725 2280 1449 4249 2463 716 477 6153 3053 1837 1560 669
internal_count=108001 59846 48155 31442 28404 19707 13074 11735 27230 13263 3336 7737 15330 13967 10924 9721 5979 9474 2850 6624 2656 3968 2128 1840 1599 10233 20925 2033 1666 9272 9927 9516 1303 13970 6570 3169 2378 1911 1235 828 14378 5721 8890 902 5337 6306 4026 13476 1225 728 725 2280 1449 4249 2463 716 477 6153 3053 1837 1560 669
is_linear=0
shrinkage=0.05


Tree=32
num_leaves=63
num_cat=0
split_feature=12 12 12 12 13 12 11 20 13 20 17 13 31 6 18 17 17 20 5 13 14 14 32 8 14 32 28 11 14 11 10 13 24 32 17 13 14 28 5 7 28 10 13 30 13 7 14 14 32 11 22 30 14 7 20 8 32 6 32 13 13 14
split_gain=138465 25307.8 12407.4 5848.04 5446.97 4526.21 3604.79 3386.56 2669.11 2468.14 2327 2208.87 2699.74 3483.35 1983.13 1947.64 1920.66 2398.94 1899.09 2581.19 1979.98 2460.1 1865.41 2488.87 2153.93 1986.93 2441.1 2181.59 2106.94 2540.85 2375.34 1985.01 1784.97 1767.15 1723.65 1702.12 1644.29 1628.39 1628.32 1596.97 2584.49 1524.26 1521.8 1520.47 1502.35 1909.08 2024.7 1472.88 2389.71 1438.64 1711.31 1429.76 1423.5 1396.34 1387.92 1360.34 1275.01 1274.1 1401.82 1242.6 2457.33 2490.97
threshold=19.613194444444449 34.614166666666669 7.2333333333333352 26.269305555555558 -7.7499999999999991 42.380069444444452 -2.0473611111111105 23.500000000000004 -8.2499999999999982 28.500000000000004 1.0000000180025095e-35 -2.7499999999999996 1.0000000180025095e-35 1.4905256227035355 1.0000000180025095e-35 1.0000000180025095e-35 1.0000000180025095e-35 62.500000000000007 -9.4999999999999982 5.7500000000000009 40.750000000000007 41.750000000000007 0.5755360009172209 14.500000000000002 54.250000000000007 2.3804053424383209 0.52094298245614046 4.3975000000000009 44.250000000000007 -0.72159722222222211 8.5000000000000018 1.2500000000000002 2.5000000000000004 2.083884636413341 1.0000000180025095e-35 -2.7499999999999996 46.250000000000007 0.51895777178796065 13.500000000000002 -0.32539318399626421 0.60150588768115953 6.5000000000000009 -2.2499999999999996 6.5000000000000009 -11.249999999999998 0.041536868943438554 40.250000000000007 39.750000000000007 7.5078585311150059 2.9359722222222229 1.0000000180025095e-35 7.5000000000000009 43.250000000000007 -0.52715732475128652 19.500000000000004 4.0000000000000009 7.0723603189007012 2.9951813094881463 5.106690730743594 -8.7499999999999982 -9.7499999999999982 49.750000000000007
decision_type=2 2 2 2 2 2 2 8 2 10 2 2 2 2 10 2 2 8 2 2 2 2 8 2 2 8 2 2 2 2 2 2 2 10 2 2 2 2 2 2 2 2 2 8 2 2 2 2 8 2 2 10 2 2 8 2 8 2 8 2 2 2
left_child=2 3 16 8 59 9 -5 10 38 15 -4 32 -13 -14 -12 -6 -1 53 20 47 -10 -22 23 -8 25 31 57 28 29 -28 -30 -24 -9 -33 -7 -23 -29 43 -2 -32 42 -31 -41 -21 -34 -46 -47 48 51 55 -51 -20 -39 -18 -36 -11 -37 58 -27 60 61 -3
right_child=1 4 7 6 5 34 22 11 18 49 14 12 13 -15 -16 -17 17 -19 19 37 21 35 24 -25 -26 26 27 36 30 41 39 33 44 -35 54 56 -38 52 -40 40 -42 -43 -44 -45 45 46 -48 -49 -50 50 -52 -53 -54 -55 -56 -57 -58 -59 -60 -61 -62 -63
leaf_value=-0.1067849171946135 -0.063796033565879165 0.0013620083891963672 -0.03800979276160521 0.021003481650585201 0.085704176466772863 0.11102127823274109 0.083181050176737423 -0.10417228477342098 0.1124542981965445 0.045419867713932728 -0.066334518612764612 -0.04818272228047165 -0.033117678222370987 0.086290217377536782 0.050639006540365065 0.16382153832089019 -0.092710452147556799 -0.11145275253338749 -0.031366309692930736 0.087248056131019769 -0.18050341870982781 -0.079734848353056109 -0.098455732790580328 0.23385720537944896 -0.094374814947534885 0.097783052783618832 0.14114367029305255 0.22965360158499479 -0.010330324668411009 0.079222223541038417 0.0035743800206826286 0.10032585419504086 -0.11894143688859958 -0.07528946171536971 0.25700443273643031 0.025973877034341921 0.064331826634001582 0.23019817282297114 0.03107582481067267 0.0032807671062906568 0.27836874251120858 -0.053142836708409406 0.14726187120159145 -0.09125009585911649 -0.079055905860784592 -0.1162393949526994 -0.015831507527438612 0.018721863043975839 0.10531314095868818 0.12242765107534254 -0.030156477403465498 -0.16894975902794518 0.087514389074080087 -0.042564733638522534 0.14962328343899908 0.089753589619079491 -0.099022568113127346 -0.052855998361522688 -0.014433474239649342 -0.039618441711936341 0.18219963658872684 0.13055355652799824
leaf_weight=11264 1951 1856 2533 8266 1739 3763 2743 2357 247 4934 439 7877 1681 958 2054 1481 2040 3232 500 277 262 802 376 304 244 592 355 432 354 309 207 455 829 208 339 1465 232 234 588 237 314 728 813 208 3027 571 4111 11613 211 1903 203 303 693 4353 2798 2668 236 471 524 528 287 466
leaf_count=11264 1951 1856 2533 8266 1739 3763 2743 2357 247 4934 439 7877 1681 958 2054 1481 2040 3232 500 277 262 802 376 304 244 592 355 432 354 309 207 455 829 208 339 1465 232 234 588 237 314 728 813 208 3027 571 4111 11613 211 1903 203 303 693 4353 2798 2668 236 471 524 528 287 466
internal_value=0.0001513 0.0501229 -0.0639616 0.0249458 0.0915106 0.101196 0.0453814 -0.0412022 0.00599635 0.083731 -0.00426514 -0.0498722 -0.0335205 0.0102456 0.0300224 0.121673 -0.0927625 -0.0763428 0.0131187 0.0208477 -0.0229012 -0.035029 0.0657356 0.0982858 0.0512466 0.056638 0.0684806 0.0893794 0.0727786 0.0258901 0.106653 -0.00683146 -0.0656506 0.0452004 0.133903 -0.0197355 0.172074 0.0849365 -0.0418213 0.133004 0.152629 -0.013663 0.114797 0.010666 -0.0550054 -0.0481154 -0.0280991 0.0136749 -0.0440875 0.071135 0.107713 -0.0834269 0.123741 -0.0585782 0.161306 0.060989 0.00858364 0.0160326 0.0451278 0.0302782 0.0444334 0.0273344
internal_weight=108045 60719 47326 37754 22965 19828 18164 26437 19590 12928 5026 21411 10516 2639 2493 3220 20889 9625 17051 14039 3012 2765 9898 3047 6851 6607 5568 3981 3317 1392 1925 1039 10895 663 6900 2503 664 1412 2539 1571 1364 1037 1050 485 8538 7709 4682 12627 1014 9708 2106 803 927 6393 3137 7602 1701 1587 1116 3137 2609 2322
internal_count=108045 60719 47326 37754 22965 19828 18164 26437 19590 12928 5026 21411 10516 2639 2493 3220 20889 9625 17051 14039 3012 2765 9898 3047 6851 6607 5568 3981 3317 1392 1925 1039 10895 663 6900 2503 664 1412 2539 1571 1364 1037 1050 485 8538 7709 4682 12627 1014 9708 2106 803 927 6393 3137 7602 1701 1587 1116 3137 2609 2322
is_linear=0
shrinkage=0.05


Tree=33
num_leaves=63
num_cat=0
split_feature=0 12 12 13 7 13 13 16 20 11 30 14 13 11 6 29 30 30 31 14 13 30 14 14 13 28 14 22 30 30 8 14 14 14 16 20 11 8 30 30 14 7 25 14 30 28 30 14 13 22 10 13 26 8 11 14 14 14 28 26 13 28
split_gain=124530 19337.6 13246.7 5554.01 4405.23 3730.23 3289.96 2881.32 3255.16 2840.92 3567.62 3338.04 3367.45 4798.86 5044.63 3817.91 3479.51 3290.87 2995.4 4790.12 3906.05 2961.53 4085.64 3203.1 3154.15 3164.37 3762.13 3126.95 2961.48 4409.45 2740.07 2632.95 3693.56 2524.19 2514.39 2950.32 2429.77 2352.21 2301.34 2439.66 2228.58 2285.45 2143.91 2128.25 3458.19 2054.89 2014.54 2013.11 1930.14 2603.95 2043.87 2034.73 1808.59 1750.78 1952.51 1743.21 2775.3 1648.28 2040.81 1948.69 1900.96 1645.35
threshold=1834.5000000000002 13.072500000000002 38.881250000000009 -2.7499999999999996 -0.97154424522845562 -6.2499999999999991 4.2500000000000009 1.0000000180025095e-35 29.500000000000004 5.2802083333333334 14.500000000000002 44.750000000000007 3.2500000000000004 -1.0000000180025095e-35 7.8512030212614796 0.53690087145969512 14.500000000000002 14.500000000000002 1.0000000180025095e-35 46.750000000000007 2.2500000000000004 4.5000000000000009 48.250000000000007 49.750000000000007 -2.2499999999999996 0.52870879120879133 51.750000000000007 1.0000000180025095e-35 13.500000000000002 10.500000000000002 6.5000000000000009 56.750000000000007 54.750000000000007 50.750000000000007 1.0000000180025095e-35 14.500000000000002 -1.6021527777777773 13.500000000000002 15.500000000000002 2.5000000000000004 43.250000000000007 -0.13446454642623004 127.50000000000001 44.750000000000007 13.500000000000002 0.5100505050505052 15.500000000000002 47.250000000000007 4.7500000000000009 -1.0000000180025095e-35 12.500000000000002 5.7500000000000009 2.0251970883213715 2.5000000000000004 1.8675694444444446 48.250000000000007 49.250000000000007 46.750000000000007 0.56377763871506059 2.0981777910967883 2.2500000000000004 0.53015151515151526
decision_type=2 2 2 2 2 2 2 2 8 2 8 2 2 2 2 2 8 10 2 2 2 8 2 2 2 2 2 2 8 10 2 2 2 2 2 8 2 2 8 10 2 2 2 2 8 2 8 2 2 2 2 2 2 2 2 2 2 2 2 2 2 2
left_child=1 4 3 34 -1 -6 31 8 -3 11 45 12 13 40 15 -15 53 18 21 20 -20 22 52 -24 -23 27 28 -26 29 57 -19 32 33 36 35 -2 -4 61 39 -35 41 -5 -7 -38 55 -11 -8 -47 50 -50 -14 -51 -13 -17 -55 -45 -57 60 -59 -60 -27 -21
right_child=2 7 6 9 5 42 46 -9 -10 10 -12 17 48 14 -16 16 -18 30 19 37 -22 24 23 -25 25 26 -28 -29 -30 -31 -32 -33 -34 38 -36 -37 43 -39 -40 -41 -42 -43 -44 44 -46 47 -48 -49 49 51 -52 -53 -54 54 -56 56 -58 58 59 -61 -62 -63
leaf_value=-0.10436699544001059 0.13554447708817599 0.051749256077223763 0.061901155767480724 -0.11656417578947274 -0.094223894940798983 -0.041645932487631092 0.17512402928715978 -0.034160490905258613 -0.011923557498571402 0.043690476921653891 -0.032206896974839881 0.023778258820442169 0.17418379847110874 -0.079213794238978896 -0.2079137936319381 0.0086274597181624398 -0.12171993660101091 0.065829763555705412 0.36302555861109398 0.12857172440421635 0.12444053623690664 -0.06504686163506132 0.23370361068199369 -0.032168721041331692 0.067117715905051084 0.19854606704675548 -0.05803634131379988 -0.12870916358015516 0.28528316123562253 -0.035877205038292184 0.29728477040062112 0.26772033525031469 -0.049930565312165408 0.16947983023618299 0.0036029977327031852 0.032225668612278019 0.053602545184254384 0.18211965554738291 0.28751475777444913 0.060471992642146005 0.1625523929226671 0.062379574912285976 -0.082701786634981275 0.078558498326595436 0.30806654426713509 0.21537768744619501 0.01912008508088741 0.051442446283280277 0.16644453888484201 -0.09326375231351007 0.042261575007125365 0.051338461405361281 -0.15099569493867004 0.068591714450142283 0.23840177360158338 0.27139985887848428 0.067860156189132215 0.1203229255764558 0.39400092475950277 0.17364821586631923 -0.0035270686353777204 0.0052965135148138201
leaf_weight=9001 750 2493 6258 203 7073 13575 1806 11293 10284 341 317 211 766 1123 350 660 283 223 294 372 414 392 214 239 715 209 264 284 307 369 301 201 482 1160 9090 8665 908 364 231 923 480 1426 4154 1044 282 952 234 234 304 373 477 695 493 585 238 379 301 372 200 206 261 987
leaf_count=9001 750 2493 6258 203 7073 13575 1806 11293 10284 341 317 211 766 1123 350 660 283 223 294 372 414 392 214 239 715 209 264 284 307 369 301 201 482 1160 9090 8665 908 364 231 923 480 1426 4154 1044 282 952 234 234 304 373 477 695 493 585 238 379 301 372 200 206 261 987
internal_value=-2.2357e-05 -0.0500128 0.0575952 0.0414595 -0.0744013 -0.0635226 0.0984741 -0.0157609 0.000503119 0.0616545 0.120349 0.0547332 0.0320359 0.00929469 -0.0289219 -0.00717275 0.0386571 0.078226 0.0693622 0.114473 0.223886 0.0461873 -0.0233377 0.0936691 0.0686632 0.0851247 0.118777 0.0113742 0.143056 0.115894 0.199097 0.0886093 0.085579 0.0912694 0.0223612 0.0404696 0.0794796 0.0694106 0.137946 0.121229 0.0679736 0.0400224 -0.0512697 0.117196 0.14594 0.15202 0.157248 0.183104 0.0785231 0.037594 0.123633 0.000796002 -0.0986537 0.0693231 0.117928 0.119258 0.181536 0.160761 0.205417 0.282898 0.0865617 0.0391104
internal_weight=108085 57873 50212 36003 33803 24802 14209 24070 12777 17498 1844 15654 7963 5348 3239 2889 1766 7691 7167 2431 708 4736 1157 453 3579 3187 2188 999 1924 1617 524 12169 11968 11486 18505 9415 9172 1723 2314 2083 2109 1629 17729 2914 2006 1527 2040 1186 2615 1372 1243 1068 704 1483 823 1724 680 1248 778 406 470 1359
internal_count=108085 57873 50212 36003 33803 24802 14209 24070 12777 17498 1844 15654 7963 5348 3239 2889 1766 7691 7167 2431 708 4736 1157 453 3579 3187 2188 999 1924 1617 524 12169 11968 11486 18505 9415 9172 1723 2314 2083 2109 1629 17729 2914 2006 1527 2040 1186 2615 1372 1243 1068 704 1483 823 1724 680 1248 778 406 470 1359
is_linear=0
shrinkage=0.05


Tree=34
num_leaves=63
num_cat=0
split_feature=12 15 12 13 16 12 21 12 13 21 18 17 21 5 18 13 32 10 5 16 18 6 29 29 29 32 27 28 13 32 32 13 10 10 9 12 21 27 13 21 32 13 28 13 27 29 28 6 32 32 29 5 29 32 32 6 13 26 26 32 31 27
split_gain=111982 21602.3 11251.8 4219.66 3814.63 3715.61 3622.8 3483.25 3276.78 3258.56 2718.65 2462.19 2839.76 2455 2332.7 2275.44 3166.93 2768.92 2252.71 2094.07 2220.44 2072.22 1913.16 1798.91 1583.2 1771.3 1652.32 2182.66 1971.61 3676.09 1851.24 1614.67 3839.23 3117.23 1594.2 1584.86 1541.71 1526.79 1514.2 1471.41 1401.16 2226.25 1533.15 1281.06 1252.04 1538.8 1238.79 2759.56 2155.43 2233.04 1425.63 1222.13 1184.01 2831.09 3192.21 2068.93 2074.79 1390.16 1387.91 1356.4 2972.53 1150.08
threshold=24.585625000000004 13.261805555555556 37.207222222222228 -6.7499999999999991 1.0000000180025095e-35 2.3534722222222233 0.50500000000000012 50.363750000000003 -11.249999999999998 0.65500000000000014 3.5000000000000004 1.0000000180025095e-35 0.39500000000000007 -8.4999999999999982 3.5000000000000004 1.7500000000000002 6.9276724807276366 31.500000000000004 4.5000000000000009 1.0000000180025095e-35 2.5000000000000004 11.241960085478253 0.48742088607594941 0.49152298850574716 0.6301041666666668 2.9313385627530368 1.0354789854121382 0.58597950268817212 -1.0000000180025095e-35 0.55830748646840611 1.6093433704453444 -4.2499999999999991 10.500000000000002 11.500000000000002 6.5000000000000009 29.991666666666671 0.81500000000000006 0.93501640142862763 -11.249999999999998 0.89500000000000013 8.0726726546698089 6.2500000000000009 0.53519091847265232 -1.7499999999999998 1.0652372225145703 0.57481343283582098 0.51481562774363487 2.8833574098634718 4.2701364883067994 2.8527441388432773 0.63289561170212771 -16.499999999999996 0.52094298245614046 1.2099818056339797 2.4146062271062276 0.90928845976456329 -8.2499999999999982 2.028342793102456 2.0370634543245107 2.7952441587840577 1.0000000180025095e-35 1.1218720057902167
decision_type=2 2 2 2 2 2 8 2 2 10 8 2 8 2 8 2 8 2 2 2 8 2 2 2 2 10 2 2 2 10 8 2 2 2 2 2 10 2 2 10 10 2 2 2 2 2 2 2 10 10 2 2 2 10 10 2 2 2 2 10 2 2
left_child=1 5 3 52 6 -1 -3 8 -4 43 -8 51 -13 22 36 17 21 24 40 20 39 23 -5 37 26 -26 27 28 -15 -30 61 33 -33 -32 -31 -34 -14 -17 -6 -11 42 -42 -18 44 45 -10 47 48 49 -25 -48 -7 58 55 -55 56 -54 -57 -2 60 -60 -28
right_child=2 4 7 13 38 11 10 -9 9 19 -12 12 14 15 -16 16 18 -19 -20 -21 -22 -23 -24 46 25 -27 30 -29 29 34 31 32 35 -35 -36 -37 -38 -39 -40 -41 41 -43 -44 -45 -46 -47 50 -49 -50 -51 -52 -53 53 54 -56 57 -58 -59 59 -61 -62 -63
leaf_value=-0.096958157864988806 -0.015987785320238725 -0.020639881752193667 -0.010562393839639059 0.12641190933998173 -0.098389933287047704 -0.11877957262713244 0.055390008632985502 0.19193970218043718 0.025856583109255701 0.18367312943968972 -0.0029278006128920712 -0.075492076750984391 -0.022748214038640198 0.042053928752442064 -0.071011121279859798 0.0983016515401407 -0.116282294861275 0.17770792003568739 -0.092871286215834722 0.095649871568487865 0.10117655918532371 0.23871288622497633 -0.0097815916477280544 0.091996720780697552 0.21333880594098256 0.020494770275832325 -0.027945407191115063 0.094537968211636014 0.094381436170153682 -0.19970309140078038 0.24241912390509276 -0.084281949186027327 0.021144558432814729 -0.012337792931660894 -0.019350164341916033 0.18302770584105299 0.040184242006095494 -0.080536464407507863 -0.026535133882794316 0.3220466540008784 0.18961512216927937 -0.019553456184734544 0.052788301800625242 0.096984498801526625 0.10381997814518924 0.079693319260230863 0.11864187345132984 -0.051020804867720849 -0.01126912915384618 0.29072252117990477 -0.0034051026460435608 -0.069946401716665788 -0.086626519467287444 0.15378238833362334 -0.0038230989072941994 -0.020314640331361444 0.080505695593454052 -0.16146590480565007 0.23045059704139878 0.012734002220767014 0.0061939125372604889 -0.16335865242352476
leaf_weight=9500 793 6850 836 288 778 1448 4385 812 2659 820 3671 4480 4263 6021 2034 207 202 366 378 1865 684 236 2392 482 265 216 659 1766 310 292 225 659 362 256 211 259 1260 279 12518 254 321 210 394 5347 1552 2652 3649 422 294 200 256 11246 377 379 2079 249 364 584 306 537 285 205
leaf_count=9500 793 6850 836 288 778 1448 4385 812 2659 820 3671 4480 4263 6021 2034 207 202 366 378 1865 684 236 2392 482 265 216 659 1766 310 292 225 659 362 256 211 259 1260 279 12518 254 321 210 394 5347 1552 2652 3649 422 294 200 256 11246 377 379 2079 249 364 584 306 537 285 205
internal_value=-0.00014392 -0.0436808 0.0593127 0.0397924 -0.0112773 -0.070376 0.00609015 0.0908376 0.0859014 0.0909951 0.0288184 -0.0601614 -0.0439536 0.0497829 -0.0252492 0.0559193 0.0774905 0.0424588 0.0126017 0.132645 0.171816 0.0936944 0.00489582 0.0877423 0.0382153 0.126962 0.0344015 0.0449988 0.0321852 -0.0408632 -0.000321154 0.0290877 -0.000283691 0.107087 -0.124237 0.0888467 -0.00838632 -0.00431923 -0.0307467 0.216667 0.0480287 0.107012 -0.00461294 0.0786267 0.064312 0.0527494 0.0961786 0.055728 0.101889 0.150614 0.110642 -0.0755257 0.0023959 -0.0129956 0.0205308 -0.0653311 -0.00452863 -0.119348 0.0346911 0.0703018 0.1225 -0.0602264
internal_weight=108149 62433 45716 28235 28202 34231 14906 17481 16669 15833 8056 24731 12037 22282 7557 19602 7530 12072 1505 3623 1758 6025 2680 5789 11706 481 11225 8600 6834 813 2625 1761 1280 481 503 621 5523 486 13296 1074 1127 531 596 12210 6863 5311 5303 1398 976 682 3905 12694 5953 4032 2458 1574 741 833 1921 1128 591 864
internal_count=108149 62433 45716 28235 28202 34231 14906 17481 16669 15833 8056 24731 12037 22282 7557 19602 7530 12072 1505 3623 1758 6025 2680 5789 11706 481 11225 8600 6834 813 2625 1761 1280 481 503 621 5523 486 13296 1074 1127 531 596 12210 6863 5311 5303 1398 976 682 3905 12694 5953 4032 2458 1574 741 833 1921 1128 591 864
is_linear=0
shrinkage=0.05


Tree=35
num_leaves=63
num_cat=0
split_feature=0 12 12 7 16 20 24 17 16 20 20 18 11 31 18 11 32 12 11 32 12 11 7 20 29 9 32 12 11 28 31 8 29 11 5 18 20 29 2 6 11 12 5 27 9 32 27 6 12 32 28 20 12 28 32 32 29 16 18 20 7 28
split_gain=103779 16920.4 10821.8 3770.16 3741.92 5455.65 2929.42 2895.78 2815.54 2733.11 2702.77 2891.21 2252.67 3032.62 2251.42 2124.17 1911.75 1862.18 1738.47 1693.7 1534.73 1470.91 1456.29 1424.54 1407.43 1399.3 1398.03 1350.72 1340.12 1957.34 2111.75 1404.69 1372.89 1229.95 1397.07 1222.07 1218.8 1201.62 1193.41 1186.67 1186.55 1182.28 1171.34 1152.36 1173.37 1132.01 1635.77 1225.98 1130.72 1123.91 1181.62 1118.39 1199.25 1073.86 1056.31 1961.48 988.175 960.432 995.446 945.561 861.244 977.38
threshold=1876.5000000000002 13.072500000000002 38.881250000000009 -0.97154424522845562 1.0000000180025095e-35 31.500000000000004 1.5000000000000002 1.0000000180025095e-35 1.0000000180025095e-35 29.500000000000004 58.500000000000007 3.5000000000000004 0.12638888888888888 1.0000000180025095e-35 1.0000000180025095e-35 1.134652777777778 3.6070009303561936 30.622569444444448 -5.1107638888888873 0.5755360009172209 48.401597222222229 -7.7909027777777764 -0.63896143452423371 23.500000000000004 0.63200995807127891 11.500000000000002 1.7590670866507578 49.159375000000004 -2.4873611111111109 0.56885775862068977 1.0000000180025095e-35 11.500000000000002 0.59112762237762251 -0.53097222222222207 1.5000000000000002 1.0000000180025095e-35 57.500000000000007 0.52790758047767405 1596.5000000000002 -6.2899721709352763 -3.3672916666666661 36.597847222222235 2.5000000000000004 1.1024710469882624 2.5000000000000004 1.1611497936928974 0.9189729630400324 5.3605296132764986 20.329513888888894 3.8273786073224936 0.54361413043478268 47.500000000000007 47.663819444444449 0.56960594315245483 5.8340857198141114 4.9290981624758237 0.56440092165898637 1.0000000180025095e-35 3.5000000000000004 15.500000000000002 -0.72830750797428789 0.5889988998899891
decision_type=2 2 2 2 2 8 2 2 2 8 10 8 2 2 10 2 10 2 2 8 2 2 2 8 2 2 8 2 2 2 2 2 2 2 2 10 10 2 2 2 2 2 2 2 2 8 2 2 2 8 2 10 2 2 8 10 2 2 8 8 2 2
left_child=1 3 4 -1 5 14 -5 18 9 35 11 51 23 16 -2 24 25 40 -4 27 -12 -19 -11 57 36 -14 -27 39 32 30 -30 -31 -24 -32 -35 -3 -7 -18 59 -20 -6 -16 -15 44 56 47 49 53 -33 -47 -51 52 -9 -17 55 -39 -41 58 -8 -21 -10 -62
right_child=2 8 7 6 17 15 12 10 60 22 20 -13 13 42 41 45 37 21 19 38 -22 -23 28 -25 -26 26 -28 -29 29 31 33 48 -34 34 -36 -37 -38 54 -40 43 -42 -43 -44 -45 -46 46 -48 -49 -50 50 -52 -53 -54 -55 -56 -57 -58 -59 -60 -61 61 -63
leaf_value=-0.094770896536415086 0.0073776140030396668 -0.036430914204769821 0.032835204735508119 -0.092450527302976551 -0.026644961798312862 0.04384686376704594 0.024970031613592569 0.18147466624940234 -0.078976037557316692 -0.082886992280192848 0.06921377140316505 0.073716280583161209 -0.14440971484788998 -0.00022614774085157513 0.11089214992687246 0.1148675714308082 0.049774771073095025 -0.028863939165776654 0.0072405467848794397 0.12833433769869082 0.18038096601127562 0.044943690831615417 -0.051187672854759017 -0.066810339523929535 0.14237054012550932 0.034020283472024453 -0.081644387039635336 0.23196028015418016 -0.034648367948577952 -0.006880184831616969 -0.0099994557780065975 0.02770779209499636 0.033592559500907858 0.0071804190811036797 0.15439017286876658 0.059413721087622995 0.00623642193077306 -0.056591227478450579 0.098409955962019194 -0.0037882335457569832 0.017065065805714191 0.19716116881572029 0.092389494640547173 0.23193553524971425 0.19479830640381376 0.19805986810922588 0.029069360731400141 0.19884246346104484 0.10323785782848449 -0.0029968457924195264 0.13967715119426455 0.12384371910289582 0.31205369712998027 -0.0085054986793316016 -0.070910142690014388 0.097997586559944588 0.11174999732518187 -0.057700802030766329 -0.069149155048505648 0.026774943738254339 -0.037096674310638303 -0.0055842042504908596
leaf_weight=8971 484 386 2153 4699 2170 4006 1093 1562 874 635 2729 994 578 733 2934 663 587 738 250 263 350 7834 2342 11582 256 353 999 252 3519 1208 617 1114 599 292 359 2376 4659 497 1563 263 5450 461 638 215 281 261 2019 300 893 272 310 769 200 240 890 348 623 1341 377 1746 8103 3534
leaf_count=8971 484 386 2153 4699 2170 4006 1093 1562 874 635 2729 994 578 733 2934 663 587 738 250 263 350 7834 2342 11582 256 353 999 252 3519 1208 617 1114 599 292 359 2376 4659 497 1563 263 5450 461 638 215 281 261 2019 300 893 272 310 769 200 240 890 348 623 1341 377 1746 8103 3534
internal_value=-5.48823e-05 -0.0434039 0.0554605 -0.0670039 0.0397715 0.0562544 -0.0569216 0.0919449 -0.0137952 0.00132818 0.116176 0.146079 -0.0485766 -0.0217351 0.108282 0.0407063 -0.0425838 0.0226011 0.0709018 0.0859145 0.081905 0.0385867 -0.00933416 -0.0590607 0.0270506 -0.0793446 -0.0514421 0.124279 -0.00505885 0.00554956 -0.0147155 0.0357185 -0.0339147 0.0405868 0.0884729 0.0460107 0.0236275 -0.012008 0.0656505 0.10752 0.0046156 0.122661 0.0429088 0.125642 0.105878 0.0706609 0.0535219 0.111357 0.061349 0.111982 0.0731071 0.174458 0.196465 0.0821043 -0.0329275 0.00711433 0.0774881 -0.0271179 0.000801383 0.0401274 -0.0311282 -0.0275281
internal_weight=107807 60537 47270 33686 33057 16865 24715 14213 26851 14340 6604 3525 20016 5623 3879 12986 4252 16192 7609 5456 3079 8572 11578 14393 8921 1930 1352 1884 10943 8002 4787 3215 2941 1268 651 2762 8665 2322 3572 1632 7620 3395 1371 1382 1167 4065 2862 1203 2007 843 582 2531 1762 903 1735 845 886 2811 1470 2009 12511 11637
internal_count=107807 60537 47270 33686 33057 16865 24715 14213 26851 14340 6604 3525 20016 5623 3879 12986 4252 16192 7609 5456 3079 8572 11578 14393 8921 1930 1352 1884 10943 8002 4787 3215 2941 1268 651 2762 8665 2322 3572 1632 7620 3395 1371 1382 1167 4065 2862 1203 2007 843 582 2531 1762 903 1735 845 886 2811 1470 2009 12511 11637
is_linear=0
shrinkage=0.05


Tree=36
num_leaves=63
num_cat=0
split_feature=12 12 12 17 20 13 13 18 2 31 5 29 30 11 30 14 14 13 13 5 13 30 14 30 32 32 14 14 14 14 13 14 11 10 32 11 6 26 14 14 30 8 11 29 14 29 6 14 13 5 29 14 11 29 29 13 30 13 14 13 14 32
split_gain=95065.1 15227.5 10508.6 3986.63 5005.54 3386.51 3021.16 2915.22 2915.07 2747.68 4227.39 2438.48 2200.55 2258.93 2173.01 2873.65 2483.55 2167.84 2013.6 1997.75 2322.03 1980.14 2530.93 2476.5 1967.93 3579.48 2232.49 1841.66 1702.11 1803.14 4435.82 2396.67 6031.41 1647.03 1604.68 2629.32 3336.88 1904.46 2871.87 2597.08 2240.26 1633.03 2682.05 1922.26 1978.64 1903.36 1569.8 1513.19 1463.51 1559.87 1351.51 1348.86 1328.56 1314.29 1609.42 1649.66 1517.2 1289.76 1284.61 1665.05 1265.43 1274.31
threshold=23.814375000000005 12.285138888888893 38.881250000000009 1.0000000180025095e-35 44.500000000000007 4.2500000000000009 -2.7499999999999996 3.5000000000000004 177.50000000000003 1.0000000180025095e-35 5.5000000000000009 0.59880132070054559 17.500000000000004 5.0633333333333344 8.5000000000000018 53.750000000000007 56.250000000000007 -6.2499999999999991 -7.7499999999999991 -2.4999999999999996 -6.7499999999999991 7.5000000000000009 54.750000000000007 6.5000000000000009 1.1240962989673484 3.1463051945768203 48.250000000000007 41.250000000000007 50.750000000000007 49.250000000000007 -6.7499999999999991 48.250000000000007 0.9244444444444444 4.0000000000000009 3.3463478150406512 -0.49999999999999989 7.1929652709055967 2.3492493548330065 43.250000000000007 46.250000000000007 6.5000000000000009 9.5000000000000018 2.0200694444444447 0.53233273596176833 42.250000000000007 0.58138586956521754 12.366340965551407 43.750000000000007 -13.749999999999998 6.5000000000000009 0.55275809716599211 51.750000000000007 -5.893958333333333 0.51967234262125916 0.63853769992383869 1.7500000000000002 5.5000000000000009 1.2500000000000002 53.750000000000007 -2.2499999999999996 47.750000000000007 7.5759836624562658
decision_type=2 2 2 2 10 2 2 8 2 2 2 2 10 2 10 2 2 2 2 2 2 10 2 10 8 10 2 2 2 2 2 2 2 2 10 2 2 2 2 2 10 2 2 2 2 2 2 2 2 2 2 2 2 2 2 2 8 2 2 2 2 8
left_child=1 8 3 17 7 14 11 -5 -1 12 -11 48 13 34 16 18 21 -2 -16 -10 -21 22 23 28 -13 -26 -27 -22 29 31 -31 52 33 -33 35 -8 53 40 -39 -40 -36 43 45 -42 -45 -43 -19 -44 -3 60 -14 -30 -4 56 55 -55 -37 -6 59 -53 61 -50
right_child=2 6 5 4 57 -7 9 -9 19 10 -12 24 50 -15 15 -17 -18 46 -20 20 27 -23 -24 -25 25 26 -28 -29 51 30 -32 32 -34 -35 37 36 -38 38 39 -41 41 42 47 44 -46 -47 -48 -49 49 -51 -52 58 -54 54 -56 -57 -58 -59 -60 -61 -62 -63
leaf_value=-0.089188027446739065 -0.0093170612666232458 -0.11309393699868367 0.032441264120776234 0.10934656902417912 0.018033956000735398 0.14811068567650024 0.050385964758461348 0.041170321397129887 -0.074070549324738597 0.005811515126119062 0.13047598197259683 -0.058654294927862095 0.19445951480728502 0.12253264932248083 -0.033388602210761197 -0.13906866807218007 0.25334541002312866 0.028617586703725953 0.075144790809620707 -0.076432483346209432 -0.073744385202879847 0.16974177362426857 -0.065116597571301435 -0.0073709168687070671 0.14141090769771716 0.029377241074762257 -0.13540663014152157 -0.020384451448912166 0.20723264071244843 0.18583977520577166 -0.067112851554993538 0.015872762250603602 0.40380539987101288 0.19578641242652128 0.16344307833122182 -0.034196525589529292 -0.1879524618949372 -0.15024912385444261 0.092248508598328838 -0.073992086060274895 -0.099060123746099002 0.040082050515565119 0.2318942527014729 0.11971178332751152 -0.038042871951079235 -0.077553297882248851 0.15201199002061111 0.058099851119135265 -0.051751824311674313 -0.012801001394171658 0.016026564307096935 0.13264342839486878 0.095129091135581503 -0.094345354361845268 -0.15753262969526916 0.013136630681778665 -0.17672650551975122 0.057891174601555108 0.209648669543994 -0.0054501813683411927 -0.0094705704590539175 -0.11916756110001475
leaf_weight=9113 4430 649 1195 4746 6250 2044 639 2344 9057 2350 956 657 201 287 525 204 228 13065 2285 3943 2025 661 290 664 602 881 267 8018 493 250 559 328 206 207 243 414 443 480 421 529 633 1110 225 298 592 497 262 283 4427 4412 224 590 2898 453 201 1670 340 3006 248 346 1435 833
leaf_count=9113 4430 649 1195 4746 6250 2044 639 2344 9057 2350 956 657 201 287 525 204 228 13065 2285 3943 2025 661 290 664 602 881 267 8018 493 250 559 328 206 207 243 414 443 480 421 529 633 1110 225 298 592 497 262 283 4427 4412 224 590 2898 453 201 1670 340 3006 248 346 1435 833
internal_value=0.000290145 -0.0418506 0.0524452 0.0373866 0.0552041 0.0885517 -0.0146433 0.086816 -0.0652458 0.00229163 0.0418894 -0.0307714 -0.010567 -0.0154218 0.0785429 0.0416947 0.0906576 0.0209828 0.0548625 -0.0557737 -0.0439207 0.0864783 0.0798068 0.0850783 0.0150739 0.0427713 -0.00903242 -0.0311498 0.0934642 0.0802932 0.0111884 0.0918537 0.174573 0.0857196 -0.0196147 -0.0428652 -0.0597982 -0.0013984 -0.0507035 -0.000301719 0.016777 0.00693827 0.0353583 -0.0325261 0.0148534 0.00367513 0.0310547 0.13538 -0.0401586 -0.0358871 0.100673 0.137709 0.076839 -0.0412986 -0.022668 -0.00983121 -0.0986163 0.0309829 0.108611 0.0816447 -0.0510966 -0.0624487
internal_weight=108132 59808 48324 34103 16346 14221 27652 7090 32156 13489 3306 14163 10183 9758 12177 3014 9163 17757 2810 23043 13986 8935 8274 7984 2407 1750 1148 10043 7320 5643 809 4834 741 535 9471 4160 3521 5311 1430 950 3881 3638 2115 1523 890 1607 13327 508 11756 11107 425 1677 4093 3078 2324 2123 754 9256 1184 936 6695 5260
internal_count=108132 59808 48324 34103 16346 14221 27652 7090 32156 13489 3306 14163 10183 9758 12177 3014 9163 17757 2810 23043 13986 8935 8274 7984 2407 1750 1148 10043 7320 5643 809 4834 741 535 9471 4160 3521 5311 1430 950 3881 3638 2115 1523 890 1607 13327 508 11756 11107 425 1677 4093 3078 2324 2123 754 9256 1184 936 6695 5260
is_linear=0
shrinkage=0.05


Tree=37
num_leaves=63
num_cat=0
split_feature=15 15 15 17 20 18 29 17 20 18 2 20 7 20 14 15 20 17 20 15 30 8 22 30 32 17 14 29 2 7 18 30 32 6 30 32 27 10 7 10 14 32 5 14 27 29 24 6 32 32 9 14 14 28 28 20 17 28 14 29 6 9
split_gain=86247.2 16830.6 8331.19 3996.86 3435.32 4492.08 3102.85 2828.09 4564.37 2729.89 2212.29 2115.54 2000.85 1628.53 1600.31 1497.24 1469.59 1484.74 1455.1 1470.72 1311.82 1528.82 1300.83 1993.01 1522.12 1288.72 1253.75 1215.46 1127.99 1080.39 1005.99 999.303 1147.53 986.167 978.473 958.285 1289.47 996.591 946.408 882.236 882.057 1712.77 1223.9 2968.15 1182.86 975.184 871.164 1265.99 967.631 914.578 857.389 947.156 912.235 1240.86 1171.82 847.965 843.407 820.244 944.42 956.46 1272.56 2200.82
threshold=20.148125000000004 33.223055555555568 7.2335416666666683 1.0000000180025095e-35 47.500000000000007 3.5000000000000004 0.41883445945945952 1.0000000180025095e-35 65.500000000000014 3.5000000000000004 1522.5000000000002 12.500000000000002 -1.0578134082542141 16.500000000000004 47.250000000000007 44.119166666666679 13.500000000000002 1.0000000180025095e-35 79.500000000000014 24.585625000000004 8.5000000000000018 6.5000000000000009 1.0000000180025095e-35 12.500000000000002 9.9716988783833909 1.0000000180025095e-35 39.750000000000007 0.55420094007050535 85.500000000000014 -0.27741000047223185 2.5000000000000004 8.5000000000000018 4.4643790818947915 -5.8659563962070171 10.500000000000002 1.0358661372350362 1.0571420776739748 24.500000000000004 0.54129524843035426 31.500000000000004 41.750000000000007 2.8875000000000002 10.500000000000002 44.250000000000007 1.1452762738951081 0.51481562774363487 2.5000000000000004 9.695725002528885 8.0726726546698089 6.0606022189440045 9.5000000000000018 38.750000000000007 39.750000000000007 0.53141447368421069 0.54884676564156953 18.500000000000004 1.0000000180025095e-35 0.63506756756756766 54.750000000000007 0.620426149040607 -6.2053404418188718 5.5000000000000009
decision_type=2 2 2 2 10 8 2 2 10 8 2 8 2 10 2 2 8 2 8 2 10 2 2 8 10 2 2 2 2 2 10 10 10 2 8 10 2 2 2 2 2 10 2 2 2 2 2 2 10 10 2 2 2 2 2 10 2 2 2 2 2 2
left_child=2 6 16 10 5 15 -2 18 9 13 57 25 -13 -9 30 55 17 -1 19 -8 33 -22 23 39 -25 -4 -12 -26 -18 -30 -6 32 -28 -16 35 36 37 -24 -15 40 44 -42 45 -44 50 -43 47 -21 49 -48 52 -52 53 -14 -54 -5 -31 58 59 60 -3 -62
right_child=1 3 11 4 14 -7 7 8 -10 -11 26 12 22 38 20 -17 28 -19 -20 46 21 -23 34 24 27 -27 31 -29 29 56 -32 -33 -34 -35 -36 -37 -38 -39 -40 -41 41 42 43 -45 -46 -47 48 -49 -50 -51 51 -53 54 -55 -56 -57 -58 -59 -60 -61 61 -63
leaf_value=-0.073480608230784505 -0.15521152550823872 -0.0093890371498905317 -0.02225005941242969 0.17966849253000791 0.064517135809197837 0.057468567513588364 -0.022833344036838673 0.11696109971191503 -0.0046402854329879234 0.0081929588364405039 -0.016060773807225152 -0.085180084510691687 0.028128153113242533 0.052618075315858027 0.012728159731668885 0.22903468390305837 -0.099702274006767191 0.015558118903261534 0.031520505707242463 -0.018828303402135562 0.093916432050983573 -0.063762640784285507 0.013160410205276675 -0.072149302223518272 0.084632450591552222 0.053232868239827071 0.095021598136371621 -0.050978469484722379 -0.086339824259353007 -0.075146202636312429 0.010066594123603417 0.047903423495274426 0.21855975470746555 0.12669881156461035 -0.013239787315987003 -0.096631112653633944 0.04333363385415822 -0.11583886849851806 0.13450242070474971 -0.0043963956570694674 -0.041062792768608379 -0.068052583418384285 0.17991115536366126 -0.028766052971453699 -0.1436105175745038 0.010559707131929934 0.024707084338965072 0.10373543144741182 0.10469452483726999 -0.048354388683348112 0.0046956487541490446 -0.097859841548880402 -0.016194004440513679 -0.12364024804445484 0.13097490761799746 0.12203886206714223 -0.044066349061210146 0.1117211364759285 -0.04099056010048107 0.10220555720319838 0.027786111252335578 0.097499578035795759
leaf_weight=965 257 1373 1129 941 2920 1794 5398 1392 5021 2530 308 1838 240 6123 210 569 4190 908 4074 2933 412 244 219 3237 303 1131 2859 361 6176 4208 1196 1118 201 1996 897 1692 345 471 374 6742 3673 513 319 364 314 1696 4365 226 340 474 306 850 413 305 200 2037 4549 365 387 555 4989 1464
leaf_count=965 257 1373 1129 941 2920 1794 5398 1392 5021 2530 308 1838 240 6123 210 569 4190 908 4074 2933 412 244 219 3237 303 1131 2859 361 6176 4208 1196 1118 201 1996 897 1692 345 471 374 6742 3673 513 319 364 314 1696 4365 226 340 474 306 850 413 305 200 2037 4549 365 387 555 4989 1464
internal_value=0.000547239 0.0409289 -0.0488921 0.0711668 0.0918053 0.12199 0.0175201 0.0188599 0.0345205 0.053391 0.0524929 -0.0308122 -0.0349527 0.0678832 0.0686879 0.154598 -0.0726202 -0.0303308 0.00528203 -0.00250185 0.0974044 0.0352597 -0.0310142 -0.0259792 -0.0580075 0.0155316 0.0812463 0.0109384 -0.0767604 -0.070317 0.0487015 0.0884218 0.103205 0.11586 -0.0585581 -0.0734544 -0.0355089 -0.0749358 0.0573517 -0.0181353 -0.0282097 -0.0184057 0.0103743 0.0688187 -0.0526846 -0.0077191 0.0106619 -0.0100298 0.0232826 0.0175419 -0.0402897 -0.0707322 -0.00986488 -0.0568773 0.0319571 0.140303 -0.059008 0.0383623 0.035296 0.0388231 0.0343157 0.0436147
internal_weight=107999 59445 48554 25938 12319 5341 33507 33250 15440 10419 13619 27558 25298 7889 6978 3547 20996 1873 17810 13736 2862 656 23460 19836 3901 2260 4486 664 19123 14933 4116 4178 3060 2206 3624 2727 1035 690 6497 15935 9193 6565 2892 683 2628 2209 8338 3159 5179 4839 2314 1156 1158 545 613 2978 8757 9133 8768 8381 7826 6453
internal_count=107999 59445 48554 25938 12319 5341 33507 33250 15440 10419 13619 27558 25298 7889 6978 3547 20996 1873 17810 13736 2862 656 23460 19836 3901 2260 4486 664 19123 14933 4116 4178 3060 2206 3624 2727 1035 690 6497 15935 9193 6565 2892 683 2628 2209 8338 3159 5179 4839 2314 1156 1158 545 613 2978 8757 9133 8768 8381 7826 6453
is_linear=0
shrinkage=0.05


Tree=38
num_leaves=63
num_cat=0
split_feature=0 15 15 13 13 7 13 31 28 13 17 20 18 14 30 5 8 29 29 8 14 29 28 26 24 13 14 14 30 8 30 6 16 11 30 26 28 30 30 11 14 20 20 31 5 6 9 26 30 10 15 14 28 13 30 14 6 14 30 14 14 14
split_gain=77275.8 10725.6 10384.5 3830.83 3549 2986.86 4046.09 2820.74 5223.58 3108.79 2397.12 3266.31 4000.47 2382.42 4222.76 2340.99 2211.17 2182.15 2147.84 2116.83 2105.51 2022.65 2667.25 1850.69 1835.15 1768.46 3864.66 3435.86 3554.57 2165.12 2437.61 2057.14 1673.44 1634.93 1624.15 1604.29 2089.37 1590.71 1590.5 2285.09 1565.4 1550.92 1496.81 1493.15 4194.76 2591.68 3104.35 1991.67 1885.97 1806.55 1468.3 1468.05 1852.32 1467.98 1459.09 1777.89 1441.8 1725.42 1429.74 2130.21 1426.48 1760.91
threshold=1817.5000000000002 8.0723611111111122 35.018541666666671 -2.7499999999999996 -7.7499999999999991 -0.63896143452423371 -4.7499999999999991 1.0000000180025095e-35 0.56833748443337495 2.2500000000000004 1.0000000180025095e-35 57.500000000000007 3.5000000000000004 47.250000000000007 10.500000000000002 13.500000000000002 17.500000000000004 0.56466547192353655 0.64318783068783081 19.500000000000004 51.750000000000007 0.59880132070054559 0.4893604980192417 2.2996816917531056 1.5000000000000002 6.7500000000000009 40.750000000000007 39.250000000000007 17.500000000000004 2.5000000000000004 3.5000000000000004 -6.1174953772438849 1.0000000180025095e-35 -0.55249999999999977 13.500000000000002 2.1525043702971804 0.55025252525252533 1.0000000180025095e-35 11.500000000000002 0.60875000000000001 43.750000000000007 23.500000000000004 14.500000000000002 1.0000000180025095e-35 -1.0000000180025095e-35 5.1137613898778005 4.0000000000000009 1.967369690137317 8.5000000000000018 20.500000000000004 45.251666666666672 47.250000000000007 0.52051335998316872 2.7500000000000004 7.5000000000000009 48.250000000000007 10.710560727854427 45.250000000000007 1.5000000000000002 48.750000000000007 43.250000000000007 49.250000000000007
decision_type=2 2 2 2 2 2 2 2 2 2 2 8 8 2 10 2 2 2 2 2 2 2 2 2 2 2 2 2 10 2 10 2 2 2 10 2 2 8 10 2 2 8 8 2 2 2 2 2 8 2 2 2 2 2 10 2 2 2 10 2 2 2
left_child=1 41 3 18 -4 -3 21 8 17 19 50 12 -12 -10 16 35 -15 54 32 -9 23 -7 -23 33 60 27 -27 38 29 30 37 -32 42 -21 -19 -11 -37 40 39 -26 -29 -1 -2 45 -45 47 56 48 -31 -46 -6 52 -28 -33 -8 -56 57 -47 -24 -60 -5 -62
right_child=2 5 4 24 10 6 7 9 13 15 11 -13 -14 14 -16 -17 -18 34 -20 20 -22 22 58 -25 25 26 51 28 -30 43 31 53 -34 -35 -36 36 -38 -39 -40 -41 -42 -43 -44 44 49 46 -48 -49 -50 -51 -52 -53 -54 -55 55 -57 -58 -59 59 -61 61 -63
leaf_value=-0.039996178598286553 0.09735958492383362 -0.061534693606564439 0.019127397151517626 -0.07123814542886911 0.051641403531369624 -0.053178841649184641 -0.042792321976744728 -0.036844683274513464 -0.0018772911896346924 -0.021771058525616512 0.15158508985177174 0.064193769500616712 0.04818622272348265 0.059046983341811771 -0.068911272809161692 0.22575054978592074 0.18138275178684854 -0.051301389725708871 0.14587573794478723 -0.04563142656252879 -0.072200464835497649 0.17298745396059184 -0.086562409316666894 0.16681348891446585 0.057077136563537557 0.27242527194392796 0.0045733146025061918 -0.064648361955815775 0.23679209902231815 0.20113239848991069 -0.13117838476340227 -0.06499153634961112 -0.012221083403560871 0.13530567968633064 -0.14036311643124194 0.15484780478064999 0.028391540442753972 0.1519634435555578 0.0683013426387966 -0.13560158328457991 0.1010135966322189 -0.073377393892763529 0.014752706845715917 -0.0061213988764715344 0.11586157636391099 -0.043900168655304342 -0.12639944242193035 0.048526640161740957 0.053988637487127934 0.25549455509548019 0.099206651711895161 -0.0014370019229118926 0.13656951780418244 0.069161182574596469 -0.0018468727328581737 0.13445268712787178 0.12341846443271334 0.091158390856793059 0.05573989442036445 -0.10820548669932738 0.064410501725105956 -0.07316850325937227
leaf_weight=4294 593 4282 2970 554 8106 8177 2177 1849 3243 473 3579 4177 1268 965 442 232 599 3810 274 326 277 209 499 393 213 259 383 300 249 484 435 399 7346 201 591 595 724 328 229 549 270 18439 7149 646 925 681 401 2737 397 310 2030 556 868 415 1987 271 325 361 812 261 837 321
leaf_count=4294 593 4282 2970 554 8106 8177 2177 1849 3243 473 3579 4177 1268 965 442 232 599 3810 274 326 277 209 499 393 213 259 383 300 249 484 435 399 7346 201 591 595 724 328 229 549 270 18439 7149 646 925 681 401 2737 397 310 2030 556 868 415 1987 271 325 361 812 261 837 321
internal_value=8.59263e-05 -0.0405833 0.0440479 0.0247756 0.0699922 -0.0225488 -0.0168127 -0.00337238 -0.0148839 0.0286046 0.0778754 0.0966232 0.124551 0.0246193 0.0674347 0.076619 0.105987 -0.0383509 0.00739706 -0.00331461 0.0484667 -0.0426633 0.00561889 0.0848369 0.0432721 0.0498128 0.0921457 0.0415958 0.0506892 0.0457421 0.00162577 -0.0435355 0.00487276 0.0235043 -0.0632905 0.0571967 0.08551 0.0644177 -0.0470333 -0.0817384 0.0138626 -0.0670741 0.0210918 0.0587741 0.0971233 0.0453655 -0.00425027 0.0696056 0.134962 0.15109 0.0611764 0.0661696 0.0961941 0.00340422 -0.0135938 0.0145638 0.0316475 0.00293329 -0.0167289 0.0157977 -0.00532483 0.0262431
internal_weight=108052 56128 51924 29794 22130 33395 29113 19155 14085 5070 19160 9024 4847 5249 2006 2024 1564 8836 15362 3046 1197 9958 1781 920 14432 12720 2066 10654 9663 9414 2147 1249 15088 527 4401 1792 1319 898 991 762 570 22733 7742 7267 1881 5386 1768 3618 881 1235 10136 1807 1251 814 4435 2258 1367 1042 1572 1073 1712 1158
internal_count=108052 56128 51924 29794 22130 33395 29113 19155 14085 5070 19160 9024 4847 5249 2006 2024 1564 8836 15362 3046 1197 9958 1781 920 14432 12720 2066 10654 9663 9414 2147 1249 15088 527 4401 1792 1319 898 991 762 570 22733 7742 7267 1881 5386 1768 3618 881 1235 10136 1807 1251 814 4435 2258 1367 1042 1572 1073 1712 1158
is_linear=0
shrinkage=0.05


Tree=39
num_leaves=63
num_cat=0
split_feature=12 12 12 7 13 13 14 14 14 16 20 16 20 17 20 18 22 28 29 13 20 7 13 20 7 32 13 18 13 14 14 14 32 28 14 13 13 28 12 14 29 32 32 6 13 14 10 13 9 32 6 18 11 14 14 32 13 29 28 18 29 14
split_gain=71695.5 14290.2 5515.04 3382.86 3086.87 2851.64 2759.49 3051.41 3051.07 2568.21 2711.1 2488.45 2525.32 2354.72 2077.58 2357.66 1857.63 2435.42 1773.31 1767.19 1696.53 1646.82 1565.27 1495.81 1453.64 1447.65 1408.71 1393.06 1325.77 4685.9 1647.68 1682.98 1570.99 1727.48 2004.18 2493.24 1628.09 1414.61 1289.14 1115.52 1106.79 1115.53 1920.49 2354.6 1084.54 1228.68 1554.78 1028.58 1997.5 1364.28 1005.39 999.778 952.529 938.369 1296.94 986.193 932.433 2264.01 1127.41 921.071 917.905 884.671
threshold=25.619722222222226 14.705208333333335 36.218194444444457 -1.6433854971567463 -1.7499999999999998 -6.2499999999999991 56.250000000000007 54.750000000000007 51.250000000000007 1.0000000180025095e-35 14.500000000000002 1.0000000180025095e-35 31.500000000000004 1.0000000180025095e-35 47.500000000000007 3.5000000000000004 -1.0000000180025095e-35 0.54361413043478268 0.61816756272401452 -9.7499999999999982 47.500000000000007 0.13148969511405839 -11.249999999999998 54.500000000000007 2.4701609457342264 1.871601906158358 -11.249999999999998 3.5000000000000004 -3.7499999999999996 49.250000000000007 45.250000000000007 44.750000000000007 4.8302887390460212 0.60631648936170224 49.750000000000007 -4.2499999999999991 -7.7499999999999991 0.56885775862068977 47.663819444444449 46.750000000000007 0.51574900793650802 6.6190823956566289 4.6714945199366946 -2.6163747117235769 -11.249999999999998 46.250000000000007 29.500000000000004 -4.2499999999999991 5.5000000000000009 1.2900102015022392 2.6524098052593357 3.5000000000000004 -2.5143055555555551 42.750000000000007 44.250000000000007 0.51933824078220647 3.2500000000000004 0.59812675070028021 0.60122814948764325 1.5000000000000002 0.54836823020236303 54.250000000000007
decision_type=2 2 2 2 2 2 2 2 2 2 8 2 8 2 8 8 2 2 2 2 8 2 2 10 2 10 2 8 2 2 2 2 8 2 2 2 2 2 2 2 2 8 10 2 2 2 2 2 2 8 2 10 2 2 2 10 2 2 2 8 2 2
left_child=1 3 11 -1 6 44 7 8 18 10 -3 12 59 24 15 50 17 -6 22 -13 21 -18 25 27 -7 -4 -11 -12 30 40 31 53 33 34 35 37 -34 -32 -22 -27 -30 42 43 -42 -5 -46 -47 48 -10 52 -15 -14 -49 55 -55 -24 58 -58 -28 -2 -38 -21
right_child=2 9 4 5 16 13 -8 -9 47 26 23 19 51 14 -16 -17 20 -19 -20 61 38 -23 28 -25 -26 39 56 -29 29 -31 32 -33 36 -35 -36 -37 60 -39 -40 -41 41 -43 -44 -45 45 46 -48 49 -50 -51 -52 -53 -54 54 -56 -57 57 -59 -60 -61 -62 -63
leaf_value=-0.085503604028049754 0.13412878343235288 0.082110830365717036 -0.11831035222059914 -0.10660267804754789 0.046884728539004633 -0.045084658845599451 0.21009778362914813 -0.11480710565445632 0.13114275381466403 -0.087746156147288104 0.037572701450608273 -0.039478152064897395 0.043026471207335354 0.004462668134143909 -0.04068692193803905 -0.053166401117555585 0.10578719448388184 0.26650331966146562 0.15096578375365505 0.027429463375274594 0.058662438440534106 0.24145915585371558 0.17521853278163407 -0.015999252194806315 -0.095291409740932975 0.072768580563671845 -0.033427084969940894 -0.0046363086285425717 0.14866683293326663 -0.13607583566160084 -0.0069266581843587241 -0.089573051844056312 -0.078578206449820429 0.24042918735954963 0.19158798735735386 0.22596663644877199 0.15896270969524762 0.0970140385592341 0.14032704874526034 -0.067698839757787552 -0.10168324275124892 0.10090333351629302 -0.10367347253453491 0.063923665441624797 -0.078328216678627147 0.05458858207951002 -0.051739512728911245 0.29647093527019025 -0.038583260888316068 0.080369450131556996 0.058274202055398766 -0.015547643589833958 0.14772999105856141 -0.016997841037467515 0.10688257708230563 0.050015954556698543 0.037477226111809432 -0.072140172585504994 0.0073403615220877811 0.072321923970269306 0.02776545215900654 -0.052608732230975633
leaf_weight=6451 899 1161 279 1699 203 9504 275 273 572 756 4022 1203 8310 2629 5934 1408 2794 335 367 9764 4029 243 224 6077 1700 371 7655 3802 231 416 713 267 253 220 404 210 202 604 549 227 254 496 281 1357 4054 417 1939 205 248 310 1295 798 234 816 284 527 1866 629 2178 1845 390 357
leaf_count=6451 899 1161 279 1699 203 9504 275 273 572 756 4022 1203 8310 2629 5934 1408 2794 335 367 9764 4029 243 224 6077 1700 371 7655 3802 231 416 713 267 253 220 404 210 202 604 549 227 254 496 281 1357 4054 417 1939 205 248 310 1295 798 234 816 284 527 1866 629 2178 1845 390 357
internal_value=0.000836825 -0.0321885 0.0510818 -0.0525997 0.0705588 -0.0456557 0.0538769 0.0500347 0.0541501 -0.00533388 0.00874278 0.0345548 0.0505689 -0.0364803 -0.0203362 0.00231553 0.0940999 0.183877 0.0433602 0.017791 0.0877338 0.116719 0.0389686 0.00260967 -0.0527104 -0.0244787 -0.021538 0.0170637 0.045799 0.0196111 0.0613339 0.0275608 0.0851924 0.107879 0.0926604 0.0663788 0.027384 0.0407799 0.0684843 0.0194233 0.0443828 0.034237 0.0167159 0.0377662 -0.071073 -0.0616405 -0.0329048 0.118676 0.0798265 0.161046 0.0222319 0.0378933 0.217704 0.0444962 0.0150539 0.0875433 -0.0174711 0.00982439 -0.0243973 0.0926128 0.0727247 0.0246013
internal_weight=108015 65176 42839 37030 19663 30579 11510 11235 10962 28146 15062 23176 11852 22470 11266 5332 8153 538 9393 11324 7615 3037 9026 13901 11204 877 13084 7824 8149 3035 5114 2118 2996 2151 1931 1527 845 1317 4578 598 2619 2388 1892 1611 8109 6410 2356 1569 820 749 3924 9108 439 1851 1100 751 12328 2495 9833 2744 592 10121
internal_count=108015 65176 42839 37030 19663 30579 11510 11235 10962 28146 15062 23176 11852 22470 11266 5332 8153 538 9393 11324 7615 3037 9026 13901 11204 877 13084 7824 8149 3035 5114 2118 2996 2151 1931 1527 845 1317 4578 598 2619 2388 1892 1611 8109 6410 2356 1569 820 749 3924 9108 439 1851 1100 751 12328 2495 9833 2744 592 10121
is_linear=0
shrinkage=0.05


Tree=40
num_leaves=63
num_cat=0
split_feature=12 15 12 16 20 7 11 30 29 11 8 11 31 32 28 9 9 28 32 6 28 11 29 28 11 32 6 20 16 11 11 6 32 32 32 30 18 28 28 9 11 32 32 9 28 29 9 12 9 30 28 8 30 11 30 5 8 30 6 28 20 30
split_gain=62092.7 13099.8 5575.57 4144.27 4138.81 2796.63 2387.61 2699.25 2504.88 2349.71 2239.64 2220.13 2811.03 2023.92 1975.94 1907.97 2632.39 2599.34 1844.31 3215.35 2444.01 1801.27 1776.8 2250.23 2038.56 2637.59 1958.46 1713.01 1704.8 1671.74 1660.63 1669.2 1849.98 1643.36 2671.25 1626.07 1539.78 1516.31 2163.6 1452.04 1411.66 1411.51 1405.13 1399.94 1398.87 1367.18 1355.71 1345.16 1285.22 1368.49 1403.33 1279.72 1254.47 1253.44 1247.28 1219.98 1195.73 1169.33 1299.65 1280.42 1142.38 1132.48
threshold=25.779027777777781 14.078819444444445 41.584027777777784 1.0000000180025095e-35 14.500000000000002 -1.9269899031315665 0.64166666666666705 29.000000000000004 0.62202212138400459 1.1884722222222226 6.5000000000000009 0.060972222222222046 1.0000000180025095e-35 9.9716988783833909 0.53587516087516096 6.5000000000000009 21.500000000000004 0.53761792452830204 2.0428078817733994 8.091645211075905 0.5612726222564498 -5.2163888888888872 0.59393382352941193 0.4893604980192417 -1.0000000180025095e-35 4.8971779419329229 4.3059390490884519 43.500000000000007 1.0000000180025095e-35 -7.4985416666666653 -0.77284722222222213 4.3059390490884519 2.1174278932109871 1.1611497936928974 3.1762041505791507 10.500000000000002 3.5000000000000004 0.52541332988891776 0.63200995807127891 28.500000000000004 -0.79722222222222228 4.1040899629972252 9.1390937072503444 5.5000000000000009 0.57024396929824572 0.62812695434646659 16.500000000000004 50.363750000000003 1.0000000180025095e-35 7.5000000000000009 0.60973957549300029 11.500000000000002 5.5000000000000009 3.452291666666667 1.5000000000000002 13.500000000000002 5.5000000000000009 8.5000000000000018 9.695725002528885 0.50909391534391546 34.500000000000007 7.5000000000000009
decision_type=2 2 2 2 8 2 2 8 2 2 2 2 2 10 2 2 2 2 10 2 2 2 2 2 2 8 2 8 2 2 2 2 8 8 10 10 8 2 2 2 2 8 8 2 2 2 2 2 2 8 2 2 10 2 8 2 2 8 2 2 8 10
left_child=1 5 3 4 -2 -1 10 8 18 45 35 27 13 42 -9 -10 17 -17 19 20 46 -4 24 -24 30 26 -26 28 36 -5 48 32 -32 40 -35 41 -7 -36 -39 -14 -25 -3 43 -13 55 -6 53 60 -12 50 -50 52 -46 56 -49 -20 -8 58 61 -59 -23 -11
right_child=2 6 21 29 9 11 7 14 15 57 22 12 39 -15 -16 16 -18 -19 44 -21 -22 47 23 33 25 -27 -28 -29 -30 -31 31 -33 -34 34 37 -37 -38 38 -40 -41 -42 -43 -44 -45 51 -47 -48 54 49 -51 -52 -53 -54 -55 -56 -57 -58 59 -60 -61 -62 -63
leaf_value=-0.082934344645272481 0.13617954541374724 -0.052811850689802257 0.04590931774599874 -0.033485883635238994 0.02984081748075712 0.0046149680797969994 0.0014960051744535407 -0.21903141687313715 -0.18645255908469147 0.074879566131209524 0.028070720575157217 -0.12427756450936663 0.037385816671089818 0.10157147797721405 -0.019872525878007155 -0.073229725687769795 -0.16415529501730508 0.10965167221909061 0.003616878527172596 0.23119022447615861 -0.012454207684215405 0.12987315177076753 0.13615799847329491 -0.075252752223165548 -0.080486763553069121 0.054923424025130743 -0.27995772794105739 -0.065651000747687885 -0.059543041716563543 0.024101900376811661 -0.11886068677112936 0.13023043003291465 0.060908457066539058 0.11212874369087639 -0.10206856417876398 -0.11048278514555106 -0.060735906025027521 0.048618823230175787 -0.12940769695809909 -0.10323697275270034 0.07123235490244742 0.028872466970373087 -0.11112460587469562 -0.030458813896387382 0.11373217976735239 0.1179978428930854 0.011149490365642124 0.23676483696567732 -0.020672641146561855 -0.048129980179596965 0.042713332793122172 0.10058577064979204 -0.022925688888240557 0.20711369003308777 0.092007023343586763 -0.10898449076053041 0.13108534117417431 -0.061896568398538333 0.21448909857227122 0.059856487800560826 0.07658438508452145 0.17906704542152974
leaf_weight=5808 1422 2146 2577 1376 10089 3058 278 200 201 2745 1341 428 2015 242 328 357 236 424 3215 259 1035 1284 388 787 318 201 201 12582 4128 14875 218 389 412 718 315 879 1277 1071 202 201 207 701 723 5465 223 459 415 308 4869 3677 1063 728 670 286 291 259 494 251 206 1514 4685 288
leaf_count=5808 1422 2146 2577 1376 10089 3058 278 200 201 2745 1341 428 2015 242 328 357 236 424 3215 259 1035 1284 388 787 318 201 201 12582 4128 14875 218 389 412 718 315 879 1277 1071 202 201 207 701 723 5465 223 459 415 308 4869 3677 1063 728 670 286 291 259 494 251 206 1514 4685 288
internal_value=-0.000394105 -0.0308528 0.046791 0.0372732 0.0545514 -0.0511653 -0.00628973 0.0142118 0.0206062 0.0470794 -0.0160884 -0.0450366 -0.0243592 -0.0401772 -0.0955829 -0.046089 -0.0181916 0.0260687 0.0309433 0.0637975 0.0464256 0.0813626 -0.00812666 0.0224178 -0.0170053 -0.0986577 -0.158128 -0.0539505 -0.0365497 0.0192241 -0.0120857 0.0489359 -0.00138716 0.00900748 0.0321701 -0.0510715 -0.0146456 -0.00403024 0.0202901 0.02459 -0.0447064 -0.0326961 -0.0453766 -0.0372927 0.0130918 0.0336878 0.0877778 0.0952638 -0.0177682 -0.0241676 -0.00930874 0.0514303 0.0112896 0.117796 0.166711 -0.00480693 0.0844821 0.0752954 0.0931386 0.0425168 0.0880672 0.0848285
internal_weight=108008 65638 42370 33225 16974 35927 29711 9608 9080 15552 20103 30119 9074 6858 528 1218 1017 781 7862 2767 2508 9145 16377 3688 12689 720 519 21045 8463 16251 11969 1019 630 3300 2306 3726 4335 1588 1273 2216 994 2847 6616 5893 5095 10548 1473 6568 10950 9609 5932 1621 893 1058 599 3474 772 5004 3239 1765 5969 3033
internal_count=108008 65638 42370 33225 16974 35927 29711 9608 9080 15552 20103 30119 9074 6858 528 1218 1017 781 7862 2767 2508 9145 16377 3688 12689 720 519 21045 8463 16251 11969 1019 630 3300 2306 3726 4335 1588 1273 2216 994 2847 6616 5893 5095 10548 1473 6568 10950 9609 5932 1621 893 1058 599 3474 772 5004 3239 1765 5969 3033
is_linear=0
shrinkage=0.05


Tree=41
num_leaves=63
num_cat=0
split_feature=12 14 12 25 13 13 29 13 5 13 32 5 29 13 14 14 32 14 32 28 28 14 13 13 14 23 30 14 13 13 26 32 30 14 5 24 14 32 26 14 14 29 14 11 14 31 14 14 5 11 28 14 13 14 30 14 11 14 32 28 30 32
split_gain=57197.8 11089.5 10390.1 5246.35 4326.19 2925.1 2591.69 2336.6 2136.41 2123.77 2157.18 2585.34 2060.04 2024.54 1962.03 1933.11 9618.67 2888.06 1915.1 2070.78 1774.56 2329.79 1903.65 1820.41 1761.36 3552.25 2436.44 3090.73 2600.8 3564.42 3085.54 2205.62 2125.41 1881.43 2803.92 1864.49 2012.86 1795.51 1630.85 1603.29 5183.5 3975.8 3859.31 7078.77 5360.56 2897.4 3788.8 3753.16 2858.05 2641.59 2427.16 2610.29 2234.91 4474.88 2487.37 7299.86 4390.01 3202.51 2269.04 2641.07 1837.34 1692.65
threshold=19.613194444444449 57.750000000000007 31.416527777777784 113.50000000000001 -2.7499999999999996 1.2500000000000002 0.62812695434646659 4.2500000000000009 16.500000000000004 -3.2499999999999996 1.0658544869120592 5.5000000000000009 0.41883445945945952 -11.249999999999998 46.250000000000007 54.750000000000007 2.650221889817526 53.250000000000007 15.021942970822282 0.53519091847265232 0.48540068201193526 40.250000000000007 -1.7499999999999998 -15.749999999999998 47.250000000000007 2.5000000000000004 15.500000000000002 48.750000000000007 -5.2499999999999991 -3.2499999999999996 2.1354872172435937 0.55830748646840611 16.500000000000004 49.750000000000007 1.0000000180025095e-35 2.5000000000000004 45.750000000000007 1.0983511222175084 1.8719605911330051 49.750000000000007 50.250000000000007 0.53934468524251822 48.250000000000007 -0.64763888888888876 49.250000000000007 1.0000000180025095e-35 43.250000000000007 46.750000000000007 -4.4999999999999991 -0.79722222222222228 0.54745817245817252 51.250000000000007 6.2500000000000009 47.250000000000007 13.500000000000002 44.750000000000007 -0.79722222222222228 42.750000000000007 8.7985578338676991 0.5621778350515465 20.500000000000004 4.1889420520999474
decision_type=2 2 2 2 2 2 2 2 2 2 8 2 2 2 2 2 10 2 8 2 2 2 2 2 2 2 8 2 2 2 2 10 10 2 2 2 2 10 2 2 2 2 2 2 2 2 2 2 2 2 2 2 2 2 8 2 2 2 8 2 8 10
left_child=3 2 5 9 13 12 8 14 18 -1 11 -11 -2 -4 -8 17 -17 39 38 -20 21 -14 -23 -22 32 -26 27 28 30 31 -27 -30 35 34 37 36 -15 -29 -7 42 -41 -42 45 -44 48 52 -47 49 -45 -48 -43 -52 54 58 -6 56 -56 -58 59 -54 -57 -61
right_child=1 -3 4 -5 15 6 7 -9 -10 10 -12 -13 20 24 -16 16 -18 -19 19 -21 23 22 -24 -25 25 26 -28 33 29 -31 -32 -33 -34 -35 -36 -37 -38 -39 -40 40 41 50 43 44 -46 46 47 -49 -50 -51 51 -53 53 -55 55 60 57 -59 -60 61 -62 -63
leaf_value=-0.043675435496435114 -0.15859772943141984 0.39424655066537007 -0.02216080819493297 -0.06115345223848298 0.018684437049527911 0.12145911752333485 -0.0049134590785225593 0.034145482563584739 0.17319786734020803 -0.010643722460078485 -0.027510874112468511 0.071826570251619509 -0.097071419067072631 0.14381824529498374 -0.20180100218975766 0.14378055803759984 -0.29430130449501746 0.17692829257776382 -0.18198679883453048 0.027849012247635148 -0.12166966519926908 0.045546190288583088 0.19591735739095678 -0.0019222239415817453 -0.025205212007084782 -0.016591591291625459 0.19464701595064027 -0.20986441639053385 0.17222589677808309 0.057956760488586993 0.209490998185203 0.40569211347251422 -0.086909440296000784 0.060423955613890037 0.11268292483237741 0.020136421874681079 -0.01339413232604243 -0.0155953390251235 0.035404066563779701 -0.14029556212312574 0.24461892385163236 -0.07803459101415576 -0.026603832845931097 0.11358241660797851 0.034271645797225386 0.017350795358670051 0.3723963950503601 0.04717311744879317 0.31563527750799647 0.17388323517431592 0.20741913559782599 0.015793643727537585 0.09103602342702255 -0.11470881479476479 0.15848555571406428 0.29971680505276155 0.0096509563249853811 -0.24045917225297561 -0.0016191352867059598 0.15875619020354881 0.12495865995788741 0.33859631589889022
leaf_weight=11539 204 209 1506 20197 4658 592 220 489 292 3267 10823 1339 244 655 297 329 201 657 203 277 322 1399 247 18235 1018 446 406 210 201 272 227 208 412 2373 226 6586 295 273 7737 372 262 362 445 234 340 653 220 466 712 714 261 553 537 201 273 347 330 208 237 266 269 263
leaf_count=11539 204 209 1506 20197 4658 592 220 489 292 3267 10823 1339 244 655 297 329 201 657 203 277 322 1399 247 18235 1018 446 406 210 201 272 227 208 412 2373 226 6586 295 273 7737 372 262 362 445 234 340 653 220 466 712 714 261 553 537 201 273 347 330 208 237 266 269 263
internal_value=-0.000586764 0.0315281 0.0302674 -0.0418841 0.0513691 0.00990144 0.0319405 -0.044182 0.0403588 -0.0274511 -0.0153152 0.0133414 -0.000885911 0.0328753 -0.11819 0.0710741 -0.0226013 0.0746628 0.0359363 -0.0610879 0.000695261 0.0468375 0.0682163 -0.00400652 0.0388792 0.0596753 0.0775225 0.0667613 0.129704 0.198536 0.0598628 0.291657 0.0235407 0.0390759 -0.0323598 0.0295899 0.0950369 -0.100319 0.0415344 0.0695532 0.0258263 0.0688685 0.0765093 0.145243 0.204683 0.064156 0.116847 0.163209 0.265829 0.22099 0.0295386 0.0774153 0.0498884 0.104451 0.0363875 0.0941203 -0.0044784 -0.0873126 0.13832 0.169405 0.223728 0.248636
internal_weight=107816 60651 60442 47165 29684 30758 10107 1006 9101 26968 15429 4606 20651 15314 517 14370 530 13840 8809 480 20447 1890 1646 18557 13808 5860 4842 4436 1354 681 673 409 7948 3082 709 7536 950 483 8329 13183 1810 1438 11373 1731 1286 9642 2053 1400 946 934 1176 814 7589 1504 6085 1427 811 538 1303 1066 616 529
internal_count=107816 60651 60442 47165 29684 30758 10107 1006 9101 26968 15429 4606 20651 15314 517 14370 530 13840 8809 480 20447 1890 1646 18557 13808 5860 4842 4436 1354 681 673 409 7948 3082 709 7536 950 483 8329 13183 1810 1438 11373 1731 1286 9642 2053 1400 946 934 1176 814 7589 1504 6085 1427 811 538 1303 1066 616 529
is_linear=0
shrinkage=0.05


Tree=42
num_leaves=63
num_cat=0
split_feature=12 12 12 12 16 20 13 16 20 19 20 13 19 21 13 20 14 6 28 28 16 27 14 28 20 5 14 32 26 13 7 16 11 11 14 32 30 6 14 30 8 14 29 20 30 14 29 11 13 28 14 11 11 7 14 13 29 14 14 14 10 8
split_gain=51311.4 11917.3 4194.36 3478.54 3063.02 3793.27 2234.13 1996.54 2199.56 1915.42 1838.03 1685.76 1410.67 1340.43 1334.47 1430.17 1420.17 1329.17 1569.98 2392.95 1275.01 1445.21 1185.64 1156.42 1143.3 1125.13 1112 2108.17 1285.19 1097.14 2257.8 1084.42 1082.36 1078.35 1977.32 2312.5 1705.34 1644.07 1202.2 1486.68 1069.02 1374.15 1100.04 1066.38 1055.29 1048.62 1045.28 2249.26 1315.27 1962.7 1341.65 3128.11 1030.79 1010.05 1112.89 1335.48 1008.72 1008.64 2486.41 990.963 1004.19 979.135
threshold=19.053472222222229 29.991666666666671 6.4269444444444437 43.838055555555563 1.0000000180025095e-35 18.500000000000004 -11.249999999999998 1.0000000180025095e-35 60.500000000000007 1.0000000180025095e-35 33.500000000000007 -8.2499999999999982 1.0000000180025095e-35 0.52500000000000013 -7.7499999999999991 75.500000000000014 39.750000000000007 12.366340965551407 0.51967234262125916 0.59812675070028021 1.0000000180025095e-35 0.72910042460748514 54.750000000000007 0.59294019933554831 14.500000000000002 -16.499999999999996 46.250000000000007 1.1611497936928974 2.1257313943541494 -1.7499999999999998 0.063369127117509708 1.0000000180025095e-35 4.0002777777777787 1.9151388888888892 40.750000000000007 4.3880195712954349 11.500000000000002 -6.2053404418188718 43.250000000000007 8.5000000000000018 5.5000000000000009 48.750000000000007 0.55671097770154387 18.500000000000004 7.5000000000000009 45.750000000000007 0.62352614787071725 0.51173611111111128 -4.7499999999999991 0.57024396929824572 45.250000000000007 -1.0000000180025095e-35 2.7813194444444451 -0.12822470150714424 40.250000000000007 -6.2499999999999991 0.51895777178796065 45.250000000000007 44.250000000000007 42.750000000000007 12.500000000000002 10.500000000000002
decision_type=2 2 2 2 2 8 2 2 10 2 8 2 2 10 2 10 2 2 2 2 2 2 2 2 8 2 2 10 2 2 2 2 2 2 2 10 8 2 2 10 2 2 2 10 10 2 2 2 2 2 2 2 2 2 2 2 2 2 2 2 2 2
left_child=2 6 24 4 5 9 26 8 12 -3 32 56 -4 -5 -7 16 -16 25 -19 -20 21 -15 -13 -18 31 -12 27 -2 -29 -25 -31 -1 61 38 35 -35 37 45 59 44 -41 57 -43 -14 46 -36 48 -48 -40 50 51 -50 53 -9 -55 -56 -6 58 -42 -27 -61 -8
right_child=1 3 7 13 11 14 10 52 -10 -11 17 22 43 20 15 -17 23 18 19 -21 -22 -23 -24 29 -26 33 -28 28 -30 30 -32 -33 -34 34 36 -37 -38 -39 39 40 41 42 -44 -45 -46 -47 47 -49 49 -51 -52 -53 -54 54 55 -57 -58 -59 -60 60 -62 -63
leaf_value=0.018969330929659516 -0.14886259567070456 0.022874474430614165 -0.03613974768841241 0.066689196065377598 0.050855913697167181 0.0071610942881068203 0.011142963216244056 -0.059640169209597971 -0.040160637180661839 0.15275403825000011 -0.051059578772641417 0.035345934874852575 0.048553473196631551 0.0623239558369331 -0.018406844989692604 0.014463014234775954 0.060877353682996183 0.14838459248216276 -0.038734861404461939 0.14810380120383107 0.080496351289910659 0.19449827947352932 -0.063949931134442681 0.075184492625307686 -0.061743825638034246 -0.013625458473488495 -0.10882025419778728 -0.056395381862426756 0.078388359810937863 0.069522907999125624 0.27751690702915871 -0.057393588754009621 0.11027258035114076 0.030265391196667293 -0.10758902778632123 0.23965188959105449 -0.054747303842110621 0.056156206281149312 -0.012334122710081507 -0.089703203998873007 0.062865676562535888 0.010715851155926267 -0.13562372632871497 0.0014249992502934274 0.081987945027164513 0.025554708287430308 0.011097882324554262 -0.17916651846447942 0.17228962444259149 0.077430933369948995 -0.013561674310500607 -0.054059422805743378 0.038727442318866705 -0.083363939614106361 -0.055946517422308141 -0.0079988259364100183 -0.039497357393646376 0.053909745659549896 -0.12071408617564805 0.0026376920657967154 -0.11245517561538734 0.051745006495103135
leaf_weight=899 238 354 1912 3649 396 1633 3709 5496 4960 1440 1042 11245 1572 290 488 1732 6622 322 564 245 1172 731 308 804 17464 4181 556 302 424 276 248 961 420 330 291 219 744 1767 2248 532 373 210 329 5066 580 299 540 217 341 1652 1896 275 393 902 2187 4320 1392 777 363 288 553 2476
leaf_count=899 238 354 1912 3649 396 1633 3709 5496 4960 1440 1042 11245 1572 290 488 1732 6622 322 564 245 1172 731 308 804 17464 4181 556 302 424 276 248 961 420 330 291 219 744 1767 2248 532 373 210 329 5066 580 299 540 217 341 1652 1896 275 393 902 2187 4320 1392 777 363 288 553 2476
internal_value=-7.66218e-05 0.0296021 -0.0400171 0.0503137 0.0427257 0.0594262 0.00643197 -0.0272152 -0.0136761 0.127153 0.0096619 0.0257015 0.001691 0.0852895 0.0491222 0.0558585 0.0643527 0.00247928 0.0551913 0.0179609 0.116195 0.157054 0.0326934 0.0694345 -0.0577747 -0.000497199 -0.0525732 -0.0200528 0.0223208 0.112026 0.168304 -0.0204945 0.0326881 0.00227756 0.026702 0.114075 0.0112018 0.0320333 -0.00352968 0.00622389 -0.0266124 -0.0102198 -0.078694 0.0125915 0.0171756 -0.0401854 0.0119213 -0.0436073 0.0184828 0.0351187 0.00727264 0.0713171 -0.0409681 -0.0433979 -0.031343 -0.0241201 -0.019469 0.0142098 -0.027718 -0.0235954 -0.0730854 0.0274026
internal_weight=108215 62083 46132 32780 26938 13597 29303 26808 13510 1794 27783 13341 8550 5842 11803 10170 8438 21178 1131 809 2193 1021 11553 7950 19324 20047 1520 964 726 1328 524 1860 6605 19005 3650 549 3101 2357 15355 10333 2584 2052 539 6638 7749 590 7169 757 6412 4164 2512 616 13298 12905 7409 6507 1788 1513 736 5022 841 6185
internal_count=108215 62083 46132 32780 26938 13597 29303 26808 13510 1794 27783 13341 8550 5842 11803 10170 8438 21178 1131 809 2193 1021 11553 7950 19324 20047 1520 964 726 1328 524 1860 6605 19005 3650 549 3101 2357 15355 10333 2584 2052 539 6638 7749 590 7169 757 6412 4164 2512 616 13298 12905 7409 6507 1788 1513 736 5022 841 6185
is_linear=0
shrinkage=0.05


Tree=43
num_leaves=63
num_cat=0
split_feature=12 12 25 14 11 14 14 11 14 14 14 14 6 29 24 11 14 26 16 29 9 30 28 21 18 28 30 10 14 10 30 11 14 8 11 7 30 29 11 11 11 11 22 11 11 11 14 9 30 26 14 29 8 28 31 5 6 30 6 28 10 29
split_gain=47307.4 10824.7 3582.35 3103.96 2889.62 3410.14 2582.31 2840 3179.11 3246.74 5918.96 4103.67 3396.72 2760.03 2608.46 2500.89 2438.13 2367.62 2269.28 2228.81 2601.37 2271.57 2525.09 2225.51 2419.54 2176.29 2206.04 2560.96 2124.11 2792.14 2209.02 2117.69 2106.82 2104.82 2089.71 1932.62 1731.82 1699.94 3121.82 2932.38 1628.2 2857.83 1522.12 1509.05 3133.17 2521.99 1476.43 1927.57 1815.82 1937.71 2136.14 2089.77 1782.48 3407.06 2534.8 2152.5 1685.79 1605.73 1502.97 1475.22 1474.26 1434.49
threshold=18.036180555555557 30.394652777777782 122.50000000000001 56.750000000000007 3.2298611111111115 54.750000000000007 45.250000000000007 0.78333333333333366 45.750000000000007 47.250000000000007 49.250000000000007 50.250000000000007 2.6524098052593357 0.55721726190476206 2.5000000000000004 0.75000000000000033 45.750000000000007 1.9975489275807228 1.0000000180025095e-35 0.62812695434646659 6.5000000000000009 29.000000000000004 0.53587516087516096 0.39500000000000007 3.5000000000000004 0.5889988998899891 11.500000000000002 6.5000000000000009 46.750000000000007 16.500000000000004 3.5000000000000004 -3.5299305555555556 48.250000000000007 11.500000000000002 10.19513888888889 0.058584216360234302 3.5000000000000004 0.59294019933554831 0.35458333333333342 -2.4873611111111109 -3.4263888888888885 0.71256944444444459 -1.0000000180025095e-35 -2.769791666666666 -6.0198611111111102 -1.3017361111111108 45.250000000000007 23.500000000000004 2.5000000000000004 2.1333725144480362 42.750000000000007 0.55671097770154387 13.500000000000002 0.55842198581560287 1.0000000180025095e-35 10.500000000000002 -5.0352507247739977 1.5000000000000002 2.8833574098634718 0.58295107033639149 21.500000000000004 0.5781929347826088
decision_type=2 2 2 2 2 2 2 2 2 2 2 2 2 2 2 2 2 2 2 2 2 8 2 10 8 2 8 2 2 2 10 2 2 2 2 2 10 2 2 2 2 2 2 2 2 2 2 2 10 2 2 2 2 2 2 2 2 10 2 2 2 2
left_child=2 15 18 4 5 6 -3 14 -9 17 12 -12 32 -13 28 33 31 -10 23 21 -21 46 -23 -1 -25 26 34 -28 -8 43 -31 -16 -11 -2 42 -27 -22 38 39 60 -7 -42 -6 44 -30 -45 48 52 56 50 51 -50 -48 54 -54 57 -17 -55 -51 -15 -35 -41
right_child=1 3 -4 -5 25 40 7 8 9 10 11 13 -14 59 16 19 -18 -19 -20 20 36 22 -24 24 -26 35 27 -29 29 30 -32 -33 -34 37 -36 -37 -38 -39 -40 61 41 -43 -44 45 -46 -47 47 -49 49 58 -52 -53 53 55 -56 -57 -58 -59 -60 -61 -62 -63
leaf_value=-0.038415333568348198 -0.016025962763751591 0.025084440089274618 -0.060650506815050721 0.20810976930872443 0.17130368737800794 -0.18594390689760595 0.094119261271012722 0.24832871593092498 0.089019645616601667 0.048648267801893547 -0.096272127818914935 0.24035364730974262 0.39926149604833028 0.10272422466516551 0.044564182021551664 -0.017093716876149006 0.063576393489871028 -0.077402668949728318 -0.043612774238219992 -0.19853392103575529 -0.075805109923558059 -0.19463280470872468 0.029918166960323955 0.014305853300625809 -0.046531840470472423 0.11201681485387685 0.060567843819942416 -0.10537991441143862 -0.17525826106726561 0.19199695835482278 -0.034000732785918648 -0.13666873728626802 0.243100103118574 0.019411522275119154 0.22075467724902934 0.29215451133442089 0.065108100828015159 0.050973957453170238 -0.15621339792164707 0.060879710974842099 0.072661451584900977 -0.16697041734610454 0.062646823905624704 -0.20649498694903681 0.057556846679653974 0.0094305694345818009 0.048960293127429028 -0.060613232539947506 0.04777364255417791 -0.0032440420931643781 -0.020326183921687131 0.21593142755518785 -0.054570032624662215 0.034510067379368202 0.15527639510034916 0.33079906611645959 0.11342025137516241 0.22132332850599135 -0.10430899074419858 -0.061603054057951405 -0.042757147249260594 -0.032272497635019867
leaf_weight=6589 11925 10850 13446 302 366 203 432 320 402 240 349 266 205 405 359 348 8982 454 14919 208 416 219 290 6863 2144 585 680 352 211 216 215 291 333 1563 270 200 456 2482 294 2620 323 201 2679 366 453 214 2567 290 667 1377 722 255 342 209 247 210 853 256 501 205 2443 490
leaf_count=6589 11925 10850 13446 302 366 203 432 320 402 240 349 266 205 405 359 348 8982 454 14919 208 416 219 290 6863 2144 585 680 352 211 216 215 291 333 1563 270 200 456 2482 294 2620 323 201 2679 366 453 214 2567 290 667 1377 722 255 342 209 247 210 853 256 501 205 2443 490
internal_value=0.000809114 0.0281792 -0.0391484 0.0488161 0.0472885 0.0406341 0.0436478 0.0571465 0.0990669 0.0822794 0.117097 0.0485277 0.224862 0.10626 0.0457867 0.00774684 0.0568092 0.000766281 -0.0296721 0.0278803 -0.0401017 0.0357337 -0.0668883 -0.0163347 -0.000179332 0.0816285 0.0677631 0.00391829 -0.00460494 -0.0301079 0.0794426 -0.0366577 0.161881 -0.00188189 0.0876316 0.158225 -0.00212638 0.015169 0.00317071 0.00977674 -0.0660965 -0.0194014 0.075759 -0.0680964 -0.0165774 -0.126947 0.0416468 0.0635149 0.0225566 0.00444564 0.0440702 0.094465 0.0729245 0.121515 0.0335441 0.198115 0.07562 0.137612 -0.0302466 0.047489 -0.0185023 0.0461973
internal_weight=108140 64179 43961 31929 31627 26495 25768 14918 3179 2859 2003 1225 778 876 11739 32250 9632 856 30515 10433 1080 9353 509 15596 9007 5132 4347 1032 2107 1675 431 650 573 21817 3315 785 872 9892 7410 7116 727 524 3045 1244 664 580 8844 4121 4723 3522 1644 922 3831 1264 589 675 1201 465 1878 610 4006 3110
internal_count=108140 64179 43961 31929 31627 26495 25768 14918 3179 2859 2003 1225 778 876 11739 32250 9632 856 30515 10433 1080 9353 509 15596 9007 5132 4347 1032 2107 1675 431 650 573 21817 3315 785 872 9892 7410 7116 727 524 3045 1244 664 580 8844 4121 4723 3522 1644 922 3831 1264 589 675 1201 465 1878 610 4006 3110
is_linear=0
shrinkage=0.05


Tree=44
num_leaves=63
num_cat=0
split_feature=0 25 11 30 14 14 14 32 13 13 32 14 6 13 14 14 14 14 14 11 27 14 32 13 14 30 28 32 29 14 11 13 30 32 13 32 9 14 13 5 32 14 32 32 32 22 13 13 7 14 28 20 6 13 13 32 28 13 28 28 14 14
split_gain=41948.9 7686.48 4609.1 3636.38 4891.97 4798.47 3336.54 3177.01 2980.1 2787.92 5448.87 3142.48 2585.53 3080.37 4383.82 8289.38 3602.7 2655.29 3939.84 3560.47 2668.39 2489.66 2482.23 2376.36 4332.74 3788.62 2347.09 3504.14 2227.71 2207.32 2198.89 2633.56 2000.01 1974.03 2204.21 3314.29 2357.35 2426.39 2198.17 2090.2 1943.81 1900.81 2338.62 1826.39 2428.1 1923.87 2648.1 1884.1 2585.18 1808.44 2224.47 1885.87 1776.75 1753.97 1807.23 1752.16 1728.41 1713.94 2345.86 1782.15 2496.84 5192.66
threshold=1892.5000000000002 103.50000000000001 4.0002777777777787 8.5000000000000018 56.750000000000007 54.750000000000007 56.750000000000007 4.2701364883067994 -11.249999999999998 -1.7499999999999998 10.158713939989974 39.750000000000007 -6.2899721709352763 -4.7499999999999991 53.250000000000007 49.750000000000007 38.750000000000007 39.750000000000007 38.250000000000007 -0.84763888888888872 1.1232969385649774 45.750000000000007 3.3872900197628462 2.2500000000000004 44.750000000000007 13.500000000000002 0.51481562774363487 2.5775204016137914 0.59626969416126052 47.750000000000007 -0.64763888888888876 -3.2499999999999996 6.5000000000000009 1.1361530781935836 -9.7499999999999982 3.8521009690142987 5.5000000000000009 46.250000000000007 -5.2499999999999991 3.5000000000000004 0.54056029376924919 46.750000000000007 3.3463478150406512 7.9341502294093837 4.6714945199366946 -1.0000000180025095e-35 11.750000000000002 6.2500000000000009 -0.13056656642165207 54.750000000000007 0.56282894736842115 18.500000000000004 12.125775951550336 -10.749999999999998 -13.749999999999998 7.5078585311150059 0.51574900793650802 -13.749999999999998 0.61869703389830522 0.52758751902587531 51.250000000000007 49.750000000000007
decision_type=2 2 2 10 2 2 2 10 2 2 10 2 2 2 2 2 2 2 2 2 2 2 10 2 2 10 2 8 2 2 2 2 8 8 2 10 2 2 2 2 8 2 8 8 10 2 2 2 2 2 2 10 2 2 2 10 2 2 2 2 2 2
left_child=1 6 3 4 7 9 8 12 -1 11 23 55 32 14 15 16 -14 18 19 -15 52 30 -22 24 56 -26 27 -4 29 -23 31 -9 -2 38 39 36 -36 -38 53 -35 -17 42 -41 44 45 -28 -47 -46 -49 51 -51 -10 -19 54 -18 -5 -11 -13 59 -59 61 -61
right_child=2 -3 26 5 -6 -7 -8 21 49 10 -12 57 13 17 -16 40 33 20 -20 -21 22 28 -24 -25 25 -27 43 -29 -30 -31 -32 -33 -34 34 35 -37 37 -39 -40 41 -42 -43 -44 -45 47 46 -48 48 -50 50 -52 -53 -54 -55 -56 -57 -58 58 -60 60 -62 -63
leaf_value=-0.077475639373554436 0.0063308968953013703 -0.047178050584410776 0.11138213384265093 -0.16910341695139011 0.24881040599468079 -0.21976169324056671 0.18995281053049601 0.016240504972985109 0.015845437003624521 0.12502792789554457 0.26075866936948289 -0.097377648527102262 0.17479201766568195 0.20994986537479515 -0.19846264499952979 0.19790714743760093 -0.0019747357536517578 0.046870529557692865 -0.13651879206279086 -0.073844707287856734 0.16510740704303317 0.31369981047298229 -0.0020284472887629064 -0.0013271473019923034 0.086160070435029823 0.35094635647613298 0.20056056576807926 -0.084101616792425504 0.017750559854434758 0.12858575963399524 -0.091327980403390421 0.23082554801068175 -0.10713427263804139 -0.088680399494731554 0.10699549277086338 -0.11534659478690146 -0.080736670215188489 0.11535965160948958 -0.19305386246887973 0.17401478719844263 0.066481867251021107 -0.094753231846150907 -0.045675710058066907 0.022060638718476234 0.059114608852075458 0.049931276556801865 0.22272016088733629 0.063088896890700449 0.27276219496882897 -0.22135510983526571 -0.029232137703849956 -0.014081410254975064 0.15296849121055878 -0.0071717018089115184 -0.19072919333012048 -0.004836856403664231 -0.047712717734975742 -0.029288048899922578 -0.090116795171806888 0.040127096690702566 0.17858493900626687 -0.18384287678150849
leaf_weight=1694 2554 27708 426 440 274 230 203 416 6706 200 270 400 286 229 234 690 226 13191 449 212 959 279 289 2374 366 214 310 494 204 385 226 217 457 735 1408 271 418 252 202 296 477 209 204 731 261 2107 247 203 539 217 489 24471 406 2688 288 257 517 1452 542 3747 281 277
leaf_count=1694 2554 27708 426 440 274 230 203 416 6706 200 270 400 286 229 234 690 226 13191 449 212 959 279 289 2374 366 214 310 494 204 385 226 217 457 735 1408 271 418 252 202 296 477 209 204 731 261 2107 247 203 539 217 489 24471 406 2688 288 257 517 1452 542 3747 281 277
internal_value=-0.00055636 -0.0276591 0.0352697 0.0296136 0.0388945 0.00583743 -0.0116478 0.0369269 -0.0128723 0.0104333 0.0443945 -0.00766675 0.0328121 0.0381609 0.0146209 0.0204075 0.00107072 0.0514499 -0.0324062 0.0736641 0.0564791 0.102702 0.126433 0.0284144 0.0828117 0.184293 0.0790735 0.00643851 0.162381 0.206722 0.04228 0.0900509 -0.0109203 -0.00585607 0.0189488 0.0488254 0.0702809 -0.00691904 -0.033493 -0.0296527 0.144291 0.0315784 0.0844688 0.0942628 0.108646 0.0836263 0.0681485 0.17495 0.215561 -0.00943746 -0.0885137 -0.00764401 0.0500496 -0.0233699 -0.107901 -0.108628 0.000578587 0.00285248 0.00923175 0.0185991 0.0347536 0.0246678
internal_weight=108004 61488 46516 41198 29631 11567 33780 29357 33577 11337 3941 7396 27630 24619 8884 8650 7483 15735 890 441 14845 1727 1248 3671 1297 580 5318 920 868 664 859 633 3011 7197 3793 2349 2078 670 3404 1444 1167 709 500 4398 3667 2664 2354 1003 742 31883 706 31177 13597 3202 514 697 717 6699 6299 5757 4305 4024
internal_count=108004 61488 46516 41198 29631 11567 33780 29357 33577 11337 3941 7396 27630 24619 8884 8650 7483 15735 890 441 14845 1727 1248 3671 1297 580 5318 920 868 664 859 633 3011 7197 3793 2349 2078 670 3404 1444 1167 709 500 4398 3667 2664 2354 1003 742 31883 706 31177 13597 3202 514 697 717 6699 6299 5757 4305 4024
is_linear=0
shrinkage=0.05


Tree=45
num_leaves=63
num_cat=0
split_feature=0 15 15 13 13 20 32 14 17 24 14 30 26 13 14 32 14 11 32 7 13 14 20 17 14 30 5 5 26 30 13 18 20 13 8 32 32 9 32 24 30 13 26 14 29 6 5 5 29 13 30 14 32 14 32 13 30 14 13 32 26 9
split_gain=39143.8 5958.35 5063.42 3875.99 3824.97 2688.49 2665.26 2461.1 2408 2004.99 2924.33 3403.45 2613.58 2362.02 2331.33 3258.22 2150.44 1947.94 3366.05 1812.25 1797.94 1766.28 1776.91 1787.64 1714.56 3624.55 3326.21 2212.32 2034.47 1690.28 2820.63 1633.76 1619.09 1591.69 2690.35 1588.28 5253.32 1497.6 1446.27 1443.94 1394.83 1537.65 1387.15 1298.38 1318 1473.38 1222.58 2084.78 1198.29 1097.14 1774.87 2877.14 6596.13 3352.36 2694.74 3026.34 2367.8 2154.72 3270.15 3997.64 2584.72 2266.99
threshold=1829.5000000000002 11.751666666666669 44.500763888888898 -8.2499999999999982 -8.7499999999999982 34.500000000000007 5.4157528907749564 56.750000000000007 1.0000000180025095e-35 2.5000000000000004 44.250000000000007 6.5000000000000009 2.0854879103054289 -10.749999999999998 43.250000000000007 4.0052737371106621 46.250000000000007 6.4937500000000012 7.6361081275768141 -1.6433854971567463 -6.7499999999999991 54.750000000000007 46.500000000000007 1.0000000180025095e-35 39.750000000000007 21.500000000000004 -1.4999999999999998 -8.4999999999999982 2.3464172660007643 7.5000000000000009 -1.2499999999999998 3.5000000000000004 14.500000000000002 10.250000000000002 2.5000000000000004 1.2099818056339797 3.3675004132830049 13.500000000000002 5.8340857198141114 1.5000000000000002 14.500000000000002 -11.249999999999998 1.9811851746964499 54.750000000000007 0.46810134310134316 15.161505397549766 19.500000000000004 6.5000000000000009 0.52051335998316872 1.7500000000000002 8.5000000000000018 44.250000000000007 8.6107158970062212 42.750000000000007 6.7340460360381895 3.2500000000000004 7.5000000000000009 44.250000000000007 2.7500000000000004 1.5792323705748004 2.1302901426325938 5.5000000000000009
decision_type=2 2 2 2 2 10 8 2 2 2 2 8 2 2 2 8 2 2 8 2 2 2 10 2 2 8 2 2 2 10 2 8 8 2 2 10 10 2 10 2 8 2 2 2 2 2 2 2 2 2 8 2 10 2 8 2 10 2 2 10 2 2
left_child=1 19 3 4 9 8 -6 21 -5 12 14 13 -2 16 15 -11 -12 24 33 -1 -21 22 23 -3 25 26 48 -26 29 30 -28 -25 -10 -19 -35 -14 -37 -23 -31 -22 41 -17 -16 44 -29 49 47 -41 -7 -46 56 53 54 -52 -53 -56 57 -51 -59 -60 61 -61
right_child=2 7 -4 5 6 17 -8 -9 32 10 11 -13 35 -15 42 40 -18 18 -20 20 39 37 -24 31 27 -27 28 43 -30 38 -32 -33 -34 34 -36 36 -38 -39 -40 46 -42 -43 -44 -45 45 -47 -48 -49 -50 50 51 52 -54 -55 55 -57 -58 58 59 60 -62 -63
leaf_value=-0.066808761683818427 -0.11714885778774023 -0.013035858033944962 0.08041606639438735 0.032553341240481808 -0.21467762970126381 -0.022064020317806379 -0.0080022844502569326 0.15841508747511346 0.11764073711206176 -0.083754034888389353 0.16777391557437207 -0.016947819951434136 -0.089572842003178679 0.19220131205115792 -0.011331803136382183 0.1266380625822377 -0.027908373424218275 0.050461436967895026 -0.094497119284483913 -0.061150118186848457 -0.05726878113781006 -0.17118569862314909 -0.022666669245358602 0.045354949380503308 -0.020771004652052338 0.17464466668876277 0.088027584414318294 -0.042702044063540584 -0.22599426866420325 -0.21258955251501532 -0.11899793793289465 -0.013544649924661409 0.058449009172251459 0.30246933569785123 0.074408686158908457 0.25153359131434477 -0.04342570880495044 -0.022274514546197104 -0.050396494860090381 -0.03123816071721789 0.19500724664730271 -0.051853353891498116 -0.17673886975547323 -0.058101317301248172 0.024140094154653943 0.1617370324477822 -0.069820764923475706 0.010953079377714793 0.13214158579187632 0.10277741827825702 0.026830910755838079 0.10004467885488642 0.31986127684455973 -0.14395440380650923 0.079860447209017971 -0.15139049530953871 0.18044051445428941 0.13780821813361935 0.057331664744009636 -0.12899705487518356 -0.19663166470972579 0.10175424629625857
leaf_weight=6427 685 6912 4888 7122 365 220 272 212 1676 482 231 743 282 573 211 245 355 356 201 5845 3707 316 13432 3509 2397 211 371 581 209 244 294 1771 3730 257 261 221 471 362 315 9369 204 236 317 411 13824 221 1244 4258 293 1495 729 517 214 473 239 344 424 508 1055 207 335 217
leaf_count=6427 685 6912 4888 7122 365 220 272 212 1676 482 231 743 282 573 211 245 355 356 201 5845 3707 316 13432 3509 2397 211 371 581 209 244 294 1771 3730 257 261 221 471 362 315 9369 204 236 317 411 13824 221 1244 4258 293 1495 729 517 214 473 239 344 424 508 1055 207 335 217
internal_value=5.03121e-05 -0.028245 0.0320445 0.0268854 -0.0109674 0.032469 -0.126578 -0.0108623 0.0516589 0.00306535 0.0240368 0.0665804 -0.0423914 0.120096 -0.0237136 0.0157423 0.0493836 0.0237007 0.0896454 -0.0431838 -0.0369643 -0.0122326 -0.0101231 0.00369703 0.0210068 -0.0217 -0.0430679 0.0248155 -0.0821664 -0.0574432 -0.00354074 0.0256002 0.0768183 0.132054 0.187923 0.0102507 0.0510008 -0.0918284 -0.121446 -0.0293521 0.0857729 0.0391363 -0.110785 0.0298301 0.0315228 0.0335979 -0.0223897 -0.0180549 0.0660963 0.0322141 0.0487265 0.0154479 0.0665628 -0.0404388 0.017039 -0.0566151 0.068461 0.0559781 0.0258155 -0.00560604 -0.0930489 -0.0109387
internal_weight=108096 57364 50732 45844 5893 39951 637 26514 12528 5256 3597 1902 1659 1159 1695 1167 586 27423 1075 30850 24423 26302 25624 12192 26348 2157 1946 24191 1433 1224 665 5280 5406 874 518 974 692 678 559 18578 685 481 528 21794 21383 20802 14871 13627 513 20581 6757 2516 1314 1202 1100 583 4241 3817 2322 1814 759 424
internal_count=108096 57364 50732 45844 5893 39951 637 26514 12528 5256 3597 1902 1659 1159 1695 1167 586 27423 1075 30850 24423 26302 25624 12192 26348 2157 1946 24191 1433 1224 665 5280 5406 874 518 974 692 678 559 18578 685 481 528 21794 21383 20802 14871 13627 513 20581 6757 2516 1314 1202 1100 583 4241 3817 2322 1814 759 424
is_linear=0
shrinkage=0.05


Tree=46
num_leaves=63
num_cat=0
split_feature=15 25 15 11 30 11 30 14 7 13 14 6 30 32 28 6 20 32 11 28 30 14 9 7 8 13 6 14 30 13 13 22 17 32 20 14 13 16 14 30 32 26 18 14 6 30 28 32 13 14 28 9 13 16 20 10 20 8 8 9 30 13
split_gain=36315.9 6624.03 4469.68 2783.01 2303.09 2210.22 2891.95 2123.02 2626.37 4088.14 2536.66 2176.03 1967.4 1962.5 1959.39 2434.77 1952.91 1945.41 1847.22 1783.13 1757.79 3234.36 4463.58 1761.07 1717.45 1755.1 1716.12 1693.7 2510.37 3036.47 2459.98 2035.84 1658.64 1653.41 1594.14 1591.01 1589.16 1577.98 1504.63 1486.66 1523.19 1458.94 1454.72 1383.68 1902.83 2669.33 2312.57 1600.46 1638.73 1590.49 1602.38 1492.88 1414.18 1361.63 1667.24 1336.85 1311.78 1275.45 1273.38 1253.39 1419.15 1234.43
threshold=24.585625000000004 108.50000000000001 39.967847222222225 0.85527777777777791 29.000000000000004 6.0889583333333341 14.500000000000002 40.250000000000007 -0.12822470150714424 -6.2499999999999991 41.250000000000007 16.022244940106294 18.500000000000004 7.6361081275768141 0.59393382352941193 -8.076096416499821 14.500000000000002 10.381804656457303 5.2802083333333334 0.53761792452830204 8.5000000000000018 49.250000000000007 2.5000000000000004 0.20265381155395631 2.5000000000000004 10.250000000000002 -4.5430655333932766 45.250000000000007 13.500000000000002 4.7500000000000009 -3.2499999999999996 1.0000000180025095e-35 1.0000000180025095e-35 4.5115467133363945 73.500000000000014 45.750000000000007 2.7500000000000004 1.0000000180025095e-35 44.250000000000007 7.5000000000000009 3.3026222866488255 2.0002825656965251 2.5000000000000004 45.250000000000007 9.3142065921304766 9.5000000000000018 0.57989361702127662 7.9341502294093837 -6.7499999999999991 47.250000000000007 0.64805366591080882 13.500000000000002 -10.749999999999998 1.0000000180025095e-35 13.500000000000002 20.500000000000004 42.500000000000007 15.500000000000002 6.5000000000000009 7.5000000000000009 7.5000000000000009 -4.7499999999999991
decision_type=2 2 2 2 8 2 8 2 2 2 2 2 10 10 2 2 8 8 2 2 10 2 2 2 2 2 2 2 10 2 2 2 2 10 10 2 2 2 2 10 10 2 8 2 2 10 2 10 2 2 2 2 2 2 8 2 10 2 2 2 8 2
left_child=1 3 5 7 12 16 24 17 14 10 -10 41 13 18 -9 -16 37 26 56 -6 33 27 -23 36 25 -7 -1 55 29 31 -30 -29 -4 61 42 -35 -24 -2 -26 40 57 -11 -34 44 47 46 -46 48 -12 51 52 59 -51 54 -3 -22 -5 -28 -32 60 -45 -18
right_child=2 53 32 4 19 6 -8 8 9 11 43 -13 -14 -15 15 -17 20 -19 -20 -21 21 22 23 -25 38 -27 39 28 30 -31 58 -33 34 35 -36 -37 -38 -39 -40 -41 -42 -43 -44 49 45 -47 -48 -49 -50 50 -52 -53 -54 -55 -56 -57 -58 -59 -60 -61 -62 -63
leaf_value=0.022292171052883371 0.10004751800455412 0.026276989485856619 0.042584464522948631 0.036985910331032539 -0.20644937890422779 0.094851494773307399 -0.076349266031239593 -0.057779905332658046 0.10835170530827364 0.077353051181294263 -0.058021468195950276 0.16116889724620137 0.15694399483113863 -0.057726810957242781 -0.078264308460759671 0.030635814298366971 0.0056977973372391473 0.057635249768731994 0.13087787664358025 -0.019990601472632399 -0.00030292978437811971 -0.25787873880784795 0.066837027334081742 -0.1535812377332918 0.1715840565709813 0.28882247639567032 -0.031552635141117717 0.01461500022459887 0.018402201076969504 0.18109197751660874 0.10450610787625991 -0.13096625582224899 0.118458134969638 0.0123619061073391 0.0311465643167914 0.17759261270714277 -0.093440539512959164 0.025844424237139049 0.00053029632950663225 -0.12822005568109485 0.060451751107349995 0.0061004367725809912 0.058803588899988601 -0.047604761408397304 0.0070942655062681886 0.14593683200711918 -0.19306039276587614 -0.21394790674555672 -0.19174293710616458 -0.10165572687773583 -0.17564029079438612 -0.075596566679083571 0.0013570510850533432 -0.058580827506230317 -0.039932820574359089 -0.12647924527208407 -0.0030229152473628066 -0.13732900235037782 0.27594369132433261 0.11399365505014823 0.10713164858437248 0.031727706290583663
leaf_weight=427 1364 1032 6533 3655 204 227 215 5044 295 777 1895 248 239 912 741 1664 6782 328 355 343 4585 267 459 205 205 242 687 1065 343 221 203 309 2550 253 1295 343 232 1510 342 1148 249 9384 1711 433 493 226 203 226 260 487 219 306 1050 11004 11993 219 4660 487 236 443 224 13871
leaf_count=427 1364 1032 6533 3655 204 227 215 5044 295 777 1895 248 239 912 741 1664 6782 328 355 343 4585 267 459 205 205 242 687 1065 343 221 203 309 2550 253 1295 343 232 1510 342 1148 249 9384 1711 433 493 226 203 226 260 487 219 306 1050 11004 11993 219 4660 487 236 443 224 13871
internal_value=-0.000217617 -0.0250507 0.0335935 -0.0121426 0.00998035 0.0242354 0.089973 -0.0203509 -0.0152838 -0.00452585 -0.0347986 0.0151359 0.0155452 0.0120024 -0.0400756 -0.00293578 0.0217403 -0.05784 0.019343 -0.089779 0.0179174 -0.00152903 -0.0788452 -0.0252668 0.12521 0.19534 -0.0704887 0.011002 0.0455133 0.00951283 0.118836 -0.0181963 0.059675 0.0255533 0.0797597 0.107591 0.0129673 0.0610838 0.0648325 -0.0859007 -0.0516937 0.0115561 0.0945233 -0.0413463 -0.0639745 -0.00298168 -0.0514774 -0.0875818 -0.0742364 -0.0176963 -0.0494153 0.0219255 -0.0313275 -0.0456301 -0.0346853 -0.00608006 0.014566 -0.0755104 0.197086 0.0490984 0.00523428 0.0231807
internal_weight=108128 62341 45787 38312 10368 33698 1231 27944 24618 17169 6760 10409 9821 9582 7449 2405 32467 3326 8670 547 29593 8344 1163 896 1016 469 2998 7181 2377 1595 782 1374 12089 21249 5556 596 691 2874 547 2571 1423 10161 4261 6465 3303 922 696 2381 2155 3162 1756 1406 1537 24029 13025 4804 8315 1174 439 1100 657 20653
internal_count=108128 62341 45787 38312 10368 33698 1231 27944 24618 17169 6760 10409 9821 9582 7449 2405 32467 3326 8670 547 29593 8344 1163 896 1016 469 2998 7181 2377 1595 782 1374 12089 21249 5556 596 691 2874 547 2571 1423 10161 4261 6465 3303 922 696 2381 2155 3162 1756 1406 1537 24029 13025 4804 8315 1174 439 1100 657 20653
is_linear=0
shrinkage=0.05


Tree=47
num_leaves=63
num_cat=0
split_feature=0 12 12 16 21 18 16 21 18 21 12 21 11 6 5 28 21 11 13 27 11 31 29 29 14 14 16 21 13 13 14 5 0 8 9 13 14 30 28 14 9 30 28 21 13 29 29 11 30 14 27 14 14 11 24 27 14 14 5 28 29 13
split_gain=31502.5 5501.82 3809.1 2618.29 3789.39 2830.44 2488.82 2709.04 2118.28 1369.14 1334.98 1428.63 1303.21 1274.97 1218.59 1291.86 1151.11 1129.63 1092.49 1420.26 1088.48 1499.09 1624.07 1064.36 1054.12 1147.24 1054.01 1309.44 1052.53 1038.18 1179.29 3045.25 1072.93 1034.4 951.953 1067.52 1011.61 977.42 949.132 1526.08 923.36 1274.33 921.512 900.949 898.792 896.775 873.408 863.666 1212.91 863.185 854.208 1126.78 1705.03 2534.48 839.129 1033.3 826.336 826.034 806.238 798.521 940.123 793.902
threshold=1876.5000000000002 7.2333333333333352 40.186041666666675 1.0000000180025095e-35 0.42500000000000004 3.5000000000000004 1.0000000180025095e-35 0.39500000000000007 3.5000000000000004 0.21500000000000002 50.363750000000003 0.81500000000000006 4.3975000000000009 4.1061606825572676 -16.499999999999996 0.60432213930348266 0.78500000000000014 -0.49999999999999989 -5.7499999999999991 0.9693170142272044 0.81847222222222238 1.0000000180025095e-35 0.5953463203463204 0.64124040920716119 54.750000000000007 53.250000000000007 1.0000000180025095e-35 0.8650000000000001 -9.2499999999999982 -8.2499999999999982 39.750000000000007 -1.4999999999999998 2390.5000000000005 2.5000000000000004 5.5000000000000009 -2.7499999999999996 46.750000000000007 1.5000000000000002 0.49295634920634929 40.750000000000007 6.5000000000000009 2.5000000000000004 0.53015151515151526 0.77500000000000013 -8.7499999999999982 0.59769353128313896 0.51351598173515989 -2.9462499999999996 9.5000000000000018 39.750000000000007 1.0438437787423431 49.250000000000007 48.250000000000007 0.81847222222222238 2.5000000000000004 0.94757768557640032 47.250000000000007 43.250000000000007 4.5000000000000009 0.51895777178796065 0.54669331395348852 -13.749999999999998
decision_type=2 2 2 2 8 8 2 8 8 10 2 10 2 2 2 2 10 2 2 2 2 2 2 2 2 2 2 10 2 2 2 2 2 2 2 2 2 10 2 2 2 8 2 10 2 2 2 2 10 2 2 2 2 2 2 2 2 2 2 2 2 2
left_child=1 26 3 4 -2 12 7 -3 13 -5 11 24 16 17 -8 20 -6 -9 40 -20 23 22 -22 38 25 28 27 -1 -4 44 31 -31 45 59 -35 37 -37 -36 39 -16 -17 -42 -14 -19 54 -32 -21 -33 -49 -15 51 52 -30 -54 55 -11 -24 -48 -23 60 -34 -40
right_child=2 6 10 9 5 -7 14 8 -10 29 -12 -13 42 49 15 18 -18 43 19 46 21 58 56 -25 -26 -27 -28 -29 50 30 32 47 33 34 35 36 -38 -39 61 -41 41 -43 -44 -45 -46 -47 57 48 -50 -51 -52 -53 53 -55 -56 -57 -58 -59 -60 -61 -62 -63
leaf_value=-0.039269932690982536 0.0082984138041927499 -0.025750805438170057 -0.0032291908513374188 0.043946617210638458 0.0523814374063881 0.018049448059236337 -0.06661295093981176 -0.011408359867295508 -0.01261094582780453 -0.1544363783926449 0.11787035746618789 0.10184017314043975 0.058929430695954625 -0.044623601846643185 -0.10475643091414484 0.051835999504747723 0.09915143189343803 0.016123401007874093 0.12715945982144514 -0.062373024672817662 -0.00032900087357429518 0.021798548027336894 -0.047152349991291913 0.030443418410776014 -0.035193158809462083 0.13080451090602474 -0.056930173143555043 0.023727267207935526 0.039553760152412402 0.079696625118864883 0.0050474023579325199 -0.022321432044418069 -0.10971794111433171 0.020869762674397038 0.10997954685383687 0.15763218586318015 0.048859084025515538 -0.011530935532230151 -0.13056565844238441 0.019117527645953286 0.037015241825199489 -0.08296534161662053 0.17747369649796405 0.077186386792925915 -0.13093284111822126 -0.050999300267205311 -0.067853279210081927 -0.18844938944052184 -0.033609022378194624 0.061008923297576005 0.078842041027872942 0.00059051817622326563 0.045478438599494062 0.23966271251007179 0.0039862378058925898 -0.014910813190120584 -0.16292833466422818 0.039663243803194158 0.12882502633109083 0.018266824414864519 0.0090870694483462574 -0.044980709362730208
leaf_weight=10574 7411 7234 1037 2378 4678 3531 1683 2506 5321 219 798 1220 253 207 309 274 1833 2005 300 339 1870 620 400 549 398 398 9430 894 3792 371 4219 286 294 1920 247 493 379 497 280 1255 303 815 472 864 200 858 204 334 204 2807 1971 1344 413 283 1212 335 251 1392 245 2611 382 7840
leaf_count=10574 7411 7234 1037 2378 4678 3531 1683 2506 5321 219 798 1220 253 207 309 274 1833 2005 300 339 1870 620 400 549 398 398 9430 894 3792 371 4219 286 294 1920 247 493 379 497 280 1255 303 815 472 864 200 858 204 334 204 2807 1971 1344 413 283 1212 335 251 1392 245 2611 382 7840
internal_value=4.67535e-05 -0.023765 0.0306587 0.0225388 0.0358165 0.0547549 -0.012873 -0.000997 0.0120651 0.00869722 0.0554708 0.0508736 0.0726613 0.0277164 -0.0260124 -0.0220466 0.0655615 0.0131155 0.00446994 0.0261222 -0.0291083 -0.00453314 -0.0240213 -0.0372388 0.0444109 0.0478439 -0.0445453 -0.0343573 0.0440944 0.0031291 0.00821615 -0.0391133 0.0129719 0.0259212 0.0446876 0.0729556 0.110466 0.0289027 -0.0410785 -0.00540759 -0.0302887 -0.0504442 0.136244 0.034533 -0.0307413 -0.00443252 0.0103999 -0.0926384 -0.129908 0.0537417 0.0503832 0.0407533 0.0527778 0.124666 -0.019327 -0.0702451 -0.0919724 0.0258866 0.0522262 0.00572582 -0.0426683 -0.0479476
internal_weight=108042 60771 47271 35617 18178 10767 39873 20944 13710 17439 11654 10856 7236 8389 18929 17246 6511 5375 3627 2235 13619 3386 2521 10233 9636 9238 20898 11468 8840 15061 13095 1195 11900 6823 3536 1616 872 744 9684 1564 1392 1118 725 2869 1966 5077 1935 824 538 3014 7803 5832 4488 696 1766 554 651 1596 865 3287 676 8120
internal_count=108042 60771 47271 35617 18178 10767 39873 20944 13710 17439 11654 10856 7236 8389 18929 17246 6511 5375 3627 2235 13619 3386 2521 10233 9636 9238 20898 11468 8840 15061 13095 1195 11900 6823 3536 1616 872 744 9684 1564 1392 1118 725 2869 1966 5077 1935 824 538 3014 7803 5832 4488 696 1766 554 651 1596 865 3287 676 8120
is_linear=0
shrinkage=0.05


Tree=48
num_leaves=63
num_cat=0
split_feature=1 25 16 21 13 18 21 25 14 16 12 21 18 13 28 6 14 21 26 14 14 12 13 14 28 17 21 12 6 13 18 32 13 14 14 32 5 28 26 28 32 5 26 11 14 11 13 13 13 13 7 14 9 32 14 14 14 13 8 13 14 6
split_gain=29595.4 5129.49 3378.96 3842.32 2473.91 2426.98 2482.62 2406.64 1850.36 1800.35 1675.86 1660.08 1697.59 1589.2 1458.84 1884.63 1746.19 1320.82 1303.15 1392.19 1112.63 1108.33 1105.28 1103.75 1039.9 1039.65 1295.66 1003.76 984.011 1048.37 961.793 957.041 952.894 891.616 3007.39 1785.89 2142.3 1528.64 994.674 959.572 1128.39 1122.09 1800.14 1102.28 978.174 1393.39 2009.91 1584.06 1527.05 868.621 863.829 853.545 1474.55 848.007 847.257 1487.26 1275.31 925.706 848.832 826.418 847.681 815.477
threshold=43.617656598543768 109.50000000000001 1.0000000180025095e-35 0.85500000000000009 -11.249999999999998 2.5000000000000004 0.38500000000000006 3.5000000000000004 56.750000000000007 1.0000000180025095e-35 44.119166666666679 0.45500000000000007 3.5000000000000004 -6.7499999999999991 0.59812675070028021 2.6524098052593357 45.250000000000007 0.26500000000000007 2.2924577454173689 46.250000000000007 39.750000000000007 0.92256944444444355 5.7500000000000009 54.750000000000007 0.56960594315245483 1.0000000180025095e-35 0.8650000000000001 34.026111111111121 -6.1174953772438849 -7.7499999999999991 2.5000000000000004 3.1463051945768203 5.2500000000000009 49.250000000000007 50.250000000000007 0.55830748646840611 -1.0000000180025095e-35 0.54601482153660019 2.1120750347158164 0.51379375951293771 1.6093433704453444 -6.4999999999999991 2.4042490502639207 0.64166666666666705 47.250000000000007 -0.64763888888888876 -3.2499999999999996 -4.2499999999999991 3.7500000000000004 -16.749999999999996 -0.35239938754054251 53.250000000000007 16.500000000000004 2.650221889817526 39.750000000000007 42.250000000000007 41.250000000000007 2.2500000000000004 5.5000000000000009 -6.7499999999999991 41.250000000000007 6.0641478225181986
decision_type=2 2 2 10 2 8 10 2 2 2 2 8 8 2 2 2 2 8 2 2 2 2 2 2 2 2 10 2 2 2 8 10 2 2 2 8 2 2 2 2 8 2 2 2 2 2 2 2 2 2 2 2 2 10 2 2 2 2 2 2 2 2
left_child=1 4 3 5 18 6 27 -4 9 11 -8 -6 61 -9 33 22 -17 -7 49 -20 24 -3 -16 51 -19 -23 50 -2 -22 -30 -5 -29 -33 39 38 -36 -37 -38 -35 40 -15 42 43 53 -43 46 47 -46 -47 -1 -27 -11 -53 -41 -42 56 -56 58 -57 -52 -61 -13
right_child=2 21 7 30 8 17 10 13 -10 23 -12 12 -14 14 15 16 -18 20 19 -21 28 25 -24 -25 -26 26 -28 31 29 -31 -32 32 -34 34 35 36 37 -39 -40 41 54 44 -44 -45 45 48 -48 -49 -50 -51 59 52 -54 -55 55 57 -58 -59 -60 60 -62 -63
leaf_value=-0.0012513507528239816 0.0071664354932660067 -0.065645425429717602 0.073737518327317078 0.13896830035690713 -0.017305085877576547 -0.030991585914729444 0.064723037665025115 -0.01448974417325284 0.14196366991773987 -0.021625718939112464 0.1495272194410607 0.019176319634482974 -0.0096096791683248951 0.04389224885006579 0.0097084118203231325 0.018806187093574952 0.18962683119327547 0.015078237034475651 0.048590719620385997 -0.094568507772562038 -0.032113619373175181 -0.047602618320136465 0.13264701093353753 -0.10689053274414972 -0.1253606569381398 -0.052920604569521967 0.035610373205410023 0.07190280443272809 -0.011746997814906304 0.043888550962272885 0.062237524002959378 0.0021997454923607419 0.11486092010623516 -0.16938248583254928 0.059704910498924381 0.06473767773140085 -0.18084199311719701 -0.02282603314105686 -0.03357868850562308 -0.083289794548759677 -0.12437204776043838 0.027555120433709168 -0.14364581950319311 0.044336275564937355 0.0045830483595771651 0.2119926461857122 -0.06954307498626712 0.19767801072021637 0.045296641927504655 -0.11483009199003945 -0.050408629556518675 0.12903708470488343 -0.046541813563653944 0.014502885213424598 -0.010947612610234079 -0.081832190032352967 0.14390353628730376 -0.10871242359892724 0.034948783842970926 -0.058568587067700531 0.0037339157792507095 0.059973135538570456
leaf_weight=200 2856 3980 1675 1203 7710 1213 5762 4598 201 16292 648 5059 4936 744 1330 234 415 312 403 292 582 10177 211 370 227 2782 820 1828 994 5700 622 1313 218 340 1060 352 263 365 224 412 206 5420 209 1078 215 300 296 209 254 1063 1485 252 226 478 343 265 216 425 374 654 3279 1616
leaf_count=200 2856 3980 1675 1203 7710 1213 5762 4598 201 16292 648 5059 4936 744 1330 234 415 312 403 292 582 10177 211 370 227 2782 820 1828 994 5700 622 1313 218 340 1060 352 263 365 224 412 206 5420 209 1078 215 300 296 209 254 1063 1485 252 226 478 343 265 216 425 374 654 3279 1616
internal_value=-0.000433463 -0.0230352 0.0299371 0.0432078 -0.0118751 0.0373318 0.0514868 0.016095 -0.00894962 -0.00978544 0.0733181 0.000679341 0.0126219 0.0114578 0.0188056 0.0567537 0.12816 0.0175337 -0.06662 -0.0116062 0.0250685 -0.0416299 0.0266168 -0.0215812 -0.0441903 -0.0366478 -0.0242838 0.0289623 0.0302045 0.0356266 0.112865 0.0474867 0.0183061 0.0128861 -0.0135171 0.014749 -0.0338881 -0.0891838 -0.115601 0.0188946 -0.0079865 0.0266914 -0.00448971 0.010354 0.0368312 0.0762419 0.0303024 0.100005 0.135785 -0.0968598 -0.0302768 -0.0196927 0.0460989 -0.0308101 -0.0291022 -0.0169409 0.0490377 -0.0516179 -0.0135337 -0.0186423 -0.00663833 0.0290606
internal_weight=107786 61797 45989 23478 38620 21653 12625 22511 36662 36461 6410 19321 11611 20836 16238 2190 649 9028 1958 695 7815 23177 1541 17140 539 19197 9020 6215 7276 6694 1825 3359 1531 14048 2604 2040 980 628 564 11444 2573 8871 2177 1968 6694 1274 720 424 554 1263 8200 16770 478 890 1829 1623 559 1064 639 5418 3933 6675
internal_count=107786 61797 45989 23478 38620 21653 12625 22511 36662 36461 6410 19321 11611 20836 16238 2190 649 9028 1958 695 7815 23177 1541 17140 539 19197 9020 6215 7276 6694 1825 3359 1531 14048 2604 2040 980 628 564 11444 2573 8871 2177 1968 6694 1274 720 424 554 1263 8200 16770 478 890 1829 1623 559 1064 639 5418 3933 6675
is_linear=0
shrinkage=0.05


Tree=49
num_leaves=63
num_cat=0
split_feature=12 14 12 7 13 29 14 14 14 32 13 14 14 13 29 30 6 13 29 13 9 9 11 32 30 30 30 24 13 30 10 13 9 11 13 11 28 14 30 27 32 5 32 28 6 13 14 11 6 14 14 13 13 10 13 31 32 6 29 7 14 7
split_gain=26777.5 7985.31 5430.26 2626.7 3004.33 2395.62 2398.42 2265.19 2830.21 2539.31 2120.91 2049.25 2414.93 2315.12 2331.14 2916.15 2308.98 1881.59 2441.71 1841.18 3069.47 6126.9 5513.11 2581.82 2259.85 1809.87 2081.41 1765.08 1712.29 1807.2 1528.67 1531.21 1960.42 1572.24 3248.83 1623.65 1527.68 1721.01 3166.56 1869.65 1799.64 2374.49 1593.85 1501.42 1666.7 1481.56 2795.18 3564.61 2544.82 2527.89 2133.13 2116.99 2031.65 1999.01 3062.54 2631.84 3206.59 1607.08 1606.97 1581.58 1509.48 1479.42
threshold=19.448125000000005 57.750000000000007 33.223055555555568 -0.63896143452423371 -6.7499999999999991 0.41883445945945952 54.750000000000007 54.750000000000007 53.250000000000007 4.7166939890710395 -2.7499999999999996 51.250000000000007 49.250000000000007 -8.2499999999999982 0.50633012820512835 4.5000000000000009 17.062237559471885 1.7500000000000002 0.61878094059405953 -4.2499999999999991 9.5000000000000018 13.500000000000002 -0.6726388888888889 3.6070009303561936 2.5000000000000004 11.500000000000002 17.500000000000004 1.5000000000000002 -8.7499999999999982 16.500000000000004 37.500000000000007 -4.7499999999999991 13.500000000000002 -1.3017361111111108 2.2500000000000004 1.5314583333333338 0.59812675070028021 47.250000000000007 4.5000000000000009 1.1008913683107282 5.7382789855072476 11.500000000000002 2.9313385627530368 0.6301041666666668 7.7696971911682207 6.7500000000000009 47.250000000000007 0.38784722222222229 1.5624499479950551 47.750000000000007 40.750000000000007 -2.2499999999999996 2.2500000000000004 22.500000000000004 -3.2499999999999996 1.0000000180025095e-35 4.0529060427031522 -2.0338113905426281 0.51307245386192768 0.46669547680783641 45.250000000000007 0.1253606618717
decision_type=2 2 2 2 2 2 2 2 2 10 2 2 2 2 2 10 2 2 2 2 2 2 2 8 10 8 10 2 2 8 2 2 2 2 2 2 2 2 10 2 10 2 8 2 2 2 2 2 2 2 2 2 2 2 2 2 10 2 2 2 2 2
left_child=3 2 5 -1 -5 -2 11 8 17 10 -9 12 13 14 15 -7 45 18 -4 23 22 -22 -21 24 -14 -19 -27 -6 29 43 31 32 -13 -33 -35 -36 -29 38 -38 40 41 42 -39 44 -16 46 53 48 51 -50 -47 -48 -49 59 -55 56 61 -54 -52 -15 -58 -56
right_child=1 -3 7 4 27 6 -8 9 -10 -11 -12 30 19 16 28 -17 -18 25 -20 20 21 -23 -24 -25 -26 26 -28 36 -30 -31 -32 33 -34 34 35 -37 37 39 -40 -41 -42 -43 -44 -45 -46 50 47 52 49 -51 58 -53 57 54 55 -57 60 -59 -60 -61 -62 -63
leaf_value=-0.048591948918636205 -0.1403247762395832 0.32941774692297693 0.023767578051890285 -0.047021754108355754 -0.046188032247812552 0.15993020892109011 -0.080328172725704958 -0.086699057445171646 0.12239043837436908 -0.19545934404575485 0.080987575434635403 0.067370067445657031 0.011345730872034991 0.0095865061858678297 -0.061369757546593386 -0.025053905021630053 0.17787947903694881 0.071774672029962669 0.11462155136678215 -0.31022769280366208 0.14610206511250387 -0.10985149756282414 -0.026430900719931528 -0.080541926693026164 0.21364525632317843 -0.010255198832931099 0.1554141992473439 -0.014202846932788003 -0.16361216809341894 -0.16122076424520726 -0.050711622939642542 0.15981949884250021 -0.10930293226896126 -0.059709525911094366 0.22061921106051161 0.065517505071125928 -0.079950176806011755 0.02170487002415819 0.04013346291512572 -0.04658639455042584 -0.035534089655864166 0.24548394632707271 0.14678170956187667 0.10886635240669562 0.039637243579908284 0.18979340919344001 0.0045214806054139616 0.22816769020217986 0.19616114170812826 0.028525568938147602 0.12943076543671769 -0.1435094656472522 0.024331011871825188 -0.081449925622265495 -0.022790641561247563 0.12061940347223801 0.013023467605828115 0.1581298319105473 0.014447221178484286 0.10837029642749318 0.15816764605946398 -0.13454022195043647
leaf_weight=12186 270 209 15770 8697 3479 339 736 346 1020 200 412 427 407 14326 1474 570 220 5692 775 303 374 620 392 421 208 1411 218 18195 287 253 315 564 247 388 255 499 952 658 1294 379 291 235 415 203 564 257 1004 323 295 938 376 317 519 1586 767 425 529 395 1568 416 270 482
leaf_count=12186 270 209 15770 8697 3479 339 736 346 1020 200 412 427 407 14326 1474 570 220 5692 775 303 374 620 392 421 208 1411 218 18195 287 253 315 564 247 388 255 499 952 658 1294 379 291 235 415 203 564 257 1004 323 295 938 376 317 519 1586 767 425 529 395 1568 416 270 482
internal_value=-0.000153022 0.0216209 0.0205605 -0.0286297 -0.0215968 0.00776162 0.00891261 0.0379567 0.0408613 -0.0374599 0.00443122 0.0108397 0.00725078 0.0115217 -0.0254447 0.0440335 0.0169759 0.0373718 0.02803 -0.0377233 -0.0698971 -0.013497 -0.150426 0.0147466 0.0800015 0.058477 0.0119972 -0.0130572 -0.0481621 -0.0348163 0.0526746 0.0663736 0.00255891 0.091569 0.0577518 0.118195 -0.00791412 0.0191717 -0.0107787 0.0531683 0.0768268 0.101833 0.070172 -0.0204802 -0.0334112 0.015541 0.0117246 0.0508848 0.0171261 0.0687595 0.0546911 -0.0310831 0.120515 0.00382613 -0.0272407 0.00754389 -0.0159689 0.082264 0.0367419 0.0123812 0.0622073 -0.0659889
internal_weight=107963 61182 60973 46781 34595 35129 34859 25844 24886 958 758 34123 31428 28703 3690 909 25013 23866 16545 2725 1689 994 695 1036 615 7321 1629 25898 2781 2494 2695 2380 674 1706 1142 754 22419 4224 2246 1978 1599 1308 1073 2241 2038 24793 22592 3791 2554 1233 2201 1321 1237 18801 4059 2473 2048 914 1944 14742 799 1249
internal_count=107963 61182 60973 46781 34595 35129 34859 25844 24886 958 758 34123 31428 28703 3690 909 25013 23866 16545 2725 1689 994 695 1036 615 7321 1629 25898 2781 2494 2695 2380 674 1706 1142 754 22419 4224 2246 1978 1599 1308 1073 2241 2038 24793 22592 3791 2554 1233 2201 1321 1237 18801 4059 2473 2048 914 1944 14742 799 1249
is_linear=0
shrinkage=0.05


Tree=50
num_leaves=63
num_cat=0
split_feature=0 7 11 11 14 14 14 24 30 14 14 8 11 14 9 32 14 32 11 14 14 11 11 24 11 14 10 6 24 14 11 32 10 11 11 14 26 32 8 10 32 2 31 9 32 26 32 28 32 11 14 28 14 30 30 9 14 11 32 28 32 0
split_gain=24124.5 4520.62 3254.93 3181.64 4444.72 3342.42 3712.81 3172.7 2538.61 2417.33 2416.85 2262.48 2677.35 2230.49 2363.4 2193.52 3434.63 2098.14 2040.49 2024.25 3145.51 10964.5 2987.63 3366.27 2540.76 2531.98 2339.76 1975.73 1907.72 2378.58 1837.25 3204.2 3120.44 2214.71 3785.48 1974.33 1860.21 1818.33 2350.96 1775.91 1746.99 1727.84 1720.82 2060.13 3198.49 1908.22 1983.16 1703.06 1695.83 1679.64 1985.8 3491.16 1571.9 4306.68 2970.97 3464.93 2470.09 3938.75 2481.07 2283.04 1945.16 1559.95
threshold=1902.5000000000002 -0.63896143452423371 0.75000000000000033 2.5618750000000001 56.750000000000007 54.750000000000007 51.250000000000007 2.5000000000000004 29.000000000000004 41.250000000000007 40.250000000000007 5.5000000000000009 5.2802083333333334 51.750000000000007 13.500000000000002 6.8521540788446531 40.750000000000007 10.381804656457303 10.19513888888889 49.250000000000007 47.250000000000007 0.51173611111111128 -1.8206944444444442 2.5000000000000004 -5.3031944444444443 48.750000000000007 13.500000000000002 2.4492345610174353 2.5000000000000004 56.250000000000007 -3.4911805555555548 3.5337033532828728 11.500000000000002 -1.0809722222222218 0.67756944444444445 50.750000000000007 2.1189860851079905 2.4146062271062276 6.5000000000000009 5.5000000000000009 8.6973665434507073 1238.5000000000002 1.0000000180025095e-35 6.5000000000000009 9.8056620460567423 2.3361713531335742 7.6361081275768141 0.54261805915931516 2.650221889817526 -8.9545833333333302 47.750000000000007 0.58295107033639149 39.750000000000007 22.500000000000004 7.5000000000000009 2.5000000000000004 38.750000000000007 -1.7447222222222221 1.1492362904944662 0.54361413043478268 12.211353291316529 1800.5000000000002
decision_type=2 2 2 2 2 2 2 2 8 2 2 2 2 2 2 8 2 8 2 2 2 2 2 2 2 2 2 2 2 2 2 8 2 2 2 2 2 10 2 2 10 2 2 2 10 2 10 2 10 2 2 2 2 8 10 2 2 2 10 2 10 2
left_child=1 -1 10 4 5 6 19 9 42 -5 17 12 -11 27 -15 18 -17 -3 -9 20 52 22 23 24 -22 -23 -26 -8 61 -30 31 32 41 35 -35 -32 -36 38 -24 -18 -41 -21 43 -4 45 46 -45 -10 -13 -25 51 -51 53 54 56 -56 57 58 -2 -58 -54 -12
right_child=3 2 8 7 -6 -7 13 15 47 11 28 48 -14 14 -16 16 39 -19 -20 30 21 25 37 49 26 -27 -28 -29 29 -31 33 -33 -34 34 36 -37 -38 -39 -40 40 -42 -43 -44 44 -46 -47 -48 -49 -50 50 -52 -53 60 -55 55 -57 59 -59 -60 -61 -62 -63
leaf_value=-0.046530624539090376 0.032184540711191055 -0.06838079438136406 -0.05158898423349572 0.15658641463859166 0.22400707295772607 -0.088575840241741394 0.23852716150601011 0.075197308219232928 -0.19771966750164871 -0.14583596238367527 -0.039428763442231188 -0.045340787772746652 0.057526228089792367 0.072356902501838863 -0.066846860657337304 0.20132525298171322 0.037498905256414944 0.060300969876263336 0.20829930855941617 -0.090984886204285076 -0.20352854317448701 0.1538166411303164 -0.25420769914766356 -0.043111293244303441 -0.10515184239780029 0.32999013147670136 0.10594102924444924 0.041377460988987168 -0.0080791566834325906 0.14044306845585014 -0.1521237884219192 -0.068318793188472685 0.20487189203898648 0.18987259071158327 -0.13079740199700871 0.0074941882782880347 0.056854520537802634 0.0069768364833824696 -0.019152000654112857 -0.15296973835505634 0.024994813826130339 0.089410895184886208 0.055290126735334871 0.044211921673087129 0.19707323650344591 -0.034685855568408717 -0.076070231526440102 -0.015122893798338661 0.10450616491124723 0.08067782332674206 0.05339041392132432 0.32876326309804305 0.018955912711260112 0.19438514636684825 -0.18134718005856376 0.0058069445031928464 0.050167293215007895 -0.10757341681049426 0.26929094829942385 -0.14681258898157376 -0.12477643822325675 -0.00047279419612818375
leaf_weight=12849 207 3553 1259 200 267 699 341 5590 225 559 10524 356 227 2330 350 207 663 347 303 241 202 702 208 305 251 289 273 203 21482 272 684 601 322 206 350 270 211 486 217 347 228 293 2409 3190 241 1579 383 294 400 485 1792 200 21581 205 622 410 251 201 236 353 237 3400
leaf_count=12849 207 3553 1259 200 267 699 341 5590 225 559 10524 356 227 2330 350 207 663 347 303 241 202 702 208 305 251 289 273 203 21482 272 684 601 322 206 350 270 211 486 217 347 228 293 2409 3190 241 1579 383 294 400 485 1792 200 21581 205 622 410 251 201 236 353 237 3400
internal_value=0.000248282 -0.0201251 -0.0132224 0.0276153 0.0211185 0.019641 0.0217379 0.0541414 0.0129275 -0.00651634 -0.0195523 -0.0277588 -0.0871057 0.0729358 0.0541592 0.0685402 0.0133231 -0.0569189 0.0820752 0.0167174 0.0207741 0.0552512 0.0215236 0.0424739 -0.0533517 0.205474 0.00481824 0.165169 -0.0154662 -0.00621575 -0.0212057 0.0201057 0.0821961 -0.0561713 0.00709231 -0.106988 -0.0602433 -0.0591084 -0.134518 -0.0182489 -0.082482 0.00797843 0.0190912 0.00597553 0.0194211 0.0110743 0.0313009 -0.0945113 0.0339766 0.0674911 0.0811218 0.153485 0.0130973 -0.0245745 -0.0443383 -0.10706 0.00757167 0.075638 0.158821 -0.0650074 0.017389 -0.0299171
internal_weight=108168 62007 49158 46161 37081 36814 36115 9080 9580 1742 39578 1542 786 3224 2680 7338 1445 3900 5893 32891 29713 5410 4419 3508 726 991 524 544 35678 21754 3178 1457 856 1721 767 954 561 911 425 1238 575 534 9061 6652 5393 5152 3573 519 756 2782 2477 685 24303 2485 2280 1032 1248 644 443 604 21818 13924
internal_count=108168 62007 49158 46161 37081 36814 36115 9080 9580 1742 39578 1542 786 3224 2680 7338 1445 3900 5893 32891 29713 5410 4419 3508 726 991 524 544 35678 21754 3178 1457 856 1721 767 954 561 911 425 1238 575 534 9061 6652 5393 5152 3573 519 756 2782 2477 685 24303 2485 2280 1032 1248 644 443 604 21818 13924
is_linear=0
shrinkage=0.05


Tree=51
num_leaves=63
num_cat=0
split_feature=12 14 12 16 20 25 14 12 18 16 20 18 14 13 6 13 14 26 24 20 13 29 13 14 14 5 14 26 5 14 13 5 32 8 14 30 6 14 14 31 30 32 13 13 32 26 14 13 32 29 32 6 32 7 29 7 14 9 13 29 30 8
split_gain=22456.9 6508.6 4820.47 2031.43 2737.7 2006.88 1886.96 2101.43 1739.71 1692.44 2315.63 2071.9 1367.45 1357.13 1319.57 1428.78 1327.92 2100.82 1222.01 1152.69 1130.89 1629.93 1062.75 1011.28 2176.52 1869.83 1367.25 1355.3 1094.9 953.667 1390.44 924.655 888.809 898.745 863.485 1205.29 1455.27 1322.98 1125.12 1016.97 848.287 845.222 834.173 826.711 825.606 821.199 803.492 1508.61 1174.77 1195.35 1562.2 1144.96 1117.57 1270.92 1201.57 1149.69 1078.87 1180.79 968.556 803.51 928.083 788.456
threshold=18.036180555555557 57.750000000000007 31.605833333333337 1.0000000180025095e-35 44.500000000000007 118.50000000000001 55.750000000000007 46.501041666666673 1.0000000180025095e-35 1.0000000180025095e-35 65.500000000000014 3.5000000000000004 54.750000000000007 -7.7499999999999991 1.5624499479950551 5.7500000000000009 40.250000000000007 2.1235387265921624 2.5000000000000004 19.500000000000004 3.2500000000000004 0.5953463203463204 -6.2499999999999991 53.250000000000007 48.750000000000007 8.5000000000000018 47.250000000000007 2.3247396182923681 12.500000000000002 43.250000000000007 -3.2499999999999996 -13.499999999999998 2.8731142558801905 9.5000000000000018 42.750000000000007 7.5000000000000009 7.8512030212614796 45.250000000000007 45.250000000000007 1.0000000180025095e-35 7.5000000000000009 5.9432523997741393 -7.7499999999999991 -8.2499999999999982 2.1174278932109871 2.4189381751548695 41.750000000000007 5.7500000000000009 5.9812281468531472 0.59853819889031168 8.0726726546698089 5.5830596945653497 2.6988828316953324 0.19881265048307845 0.54745817245817252 0.25463290932537358 43.250000000000007 11.500000000000002 -2.2499999999999996 0.5100505050505052 3.5000000000000004 1.0000000180025095e-35
decision_type=2 2 2 2 8 2 2 2 10 2 10 8 2 2 2 2 2 2 2 10 2 2 2 2 2 2 2 2 2 2 2 2 8 2 2 10 2 2 2 2 10 8 2 2 8 2 2 2 10 2 10 2 10 2 2 2 2 2 2 2 10 2
left_child=5 2 3 4 8 13 7 9 -2 10 11 19 22 45 20 16 17 -16 -18 -4 29 31 -5 24 25 -20 34 28 -26 -15 -31 40 -33 -34 -27 36 38 -37 -36 -38 -22 -35 -21 -11 -17 -1 47 51 52 50 -50 59 53 -48 -54 -55 -56 -58 -57 -24 -61 -62
right_child=1 -3 6 12 -6 -7 -8 -9 -10 43 -12 -13 -14 14 15 44 18 -19 23 42 21 -23 46 -25 27 26 -28 -29 -30 30 -32 32 33 41 35 37 39 -39 -40 -41 -42 -43 -44 -45 -46 -47 48 -49 49 -51 -52 -53 54 55 56 58 57 -59 -60 60 61 -63
leaf_value=-0.054929515240530337 -0.0037565672474718231 0.2927915158735655 0.11714730985897462 -0.027195716037510892 0.0025798182937341492 -0.040803661446103708 -0.079561408551486398 0.077774851548025478 0.056366004301731124 -0.014652831754734251 0.012844078066156056 0.021682681525351827 -0.10699516931753827 -0.055042697700071086 0.061762177964947262 0.14714982965388565 -0.034212128798608278 -0.088987739883974792 -0.017242148730166097 0.011344787727119689 0.011369452572873105 -0.058672602500763005 -0.071478279862134772 0.10601945992519138 -0.028867151763894268 0.079196305657157628 0.12779730421233096 0.049291539391410864 -0.14874575649918637 -0.050748887588117797 -0.0026632015895798129 -0.0068634777272818612 0.00076477398199714577 0.13433311580160731 0.089558616881397796 0.020171925788526852 -0.12190834661769506 0.16753977693398936 -0.040475817557266904 0.014367519181922351 -0.077163132398920226 0.034096196618629622 0.071009865628220314 0.022695704897235384 0.021754497863104814 0.022722842681564784 -0.011433957331670829 0.07989632543439168 -0.051910078887089421 -0.10482594781464204 0.0687291000125239 -0.10969732933439487 0.081552770074051484 0.15147007035578158 0.11585200858794512 0.069264928934657397 -0.040890864123966982 0.05118605106136364 -0.036119438052724981 -0.06048964229356002 -0.041119842895095911 0.060310687518278644
leaf_weight=3306 1565 216 1221 4026 11813 16478 364 2595 5202 1704 4270 2784 335 3394 304 243 1756 955 1890 678 735 994 523 278 369 720 436 222 394 2523 3718 799 423 474 401 468 369 225 283 217 427 379 4327 11323 285 379 3632 318 675 398 444 429 1163 221 228 509 805 612 380 412 273 637
leaf_count=3306 1565 216 1221 4026 11813 16478 364 2595 5202 1704 4270 2784 335 3394 304 243 1756 955 1890 678 735 994 523 278 369 720 436 222 394 2523 3718 799 423 474 401 468 369 225 283 217 427 379 4327 11323 285 379 3632 318 675 398 444 429 1163 221 228 509 805 612 380 412 273 637
internal_value=0.000555316 0.0194207 0.0184916 0.00585781 0.0171071 -0.027018 0.0334273 0.0348531 0.042463 0.0306163 0.0431768 0.057549 -0.00718939 -0.0187161 -0.0143225 -0.000293604 -0.00484586 -0.0525673 0.00264372 0.0735808 -0.0242521 -0.00270295 -0.00505106 0.0129662 0.00863348 0.0219962 0.0457712 -0.0592732 -0.0908841 -0.0337136 -0.0221074 0.0144967 0.0344886 0.0603673 0.0323989 0.0152027 -0.0137424 0.0681911 0.0357773 -0.0715059 -0.021202 0.0898885 0.0629312 0.0178096 0.0796339 -0.046939 0.00259745 -0.0219469 0.00961564 -0.0305219 -0.0040239 -0.0362177 0.0176833 0.00287801 0.0426759 0.0496759 0.0151574 -0.00111494 0.0242288 -0.019082 0.00168493 0.0298698
internal_weight=107926 64082 63866 34600 18580 43844 29266 28902 6767 26307 13280 9010 16020 27366 23681 9815 9287 1259 8028 6226 13866 4231 15685 6272 5994 5009 3119 985 763 9635 6241 3237 2075 1276 2683 1963 1270 693 684 586 1162 853 5005 13027 528 3685 11659 2592 9067 1517 1119 2274 7550 4742 2808 1110 1645 1417 889 1845 1322 910
internal_count=107926 64082 63866 34600 18580 43844 29266 28902 6767 26307 13280 9010 16020 27366 23681 9815 9287 1259 8028 6226 13866 4231 15685 6272 5994 5009 3119 985 763 9635 6241 3237 2075 1276 2683 1963 1270 693 684 586 1162 853 5005 13027 528 3685 11659 2592 9067 1517 1119 2274 7550 4742 2808 1110 1645 1417 889 1845 1322 910
is_linear=0
shrinkage=0.05


Tree=52
num_leaves=63
num_cat=0
split_feature=12 25 29 16 18 20 20 16 18 25 12 20 11 16 20 11 30 7 11 7 32 29 30 12 9 30 14 9 29 7 30 26 14 32 9 30 20 0 32 28 26 14 14 5 14 7 20 11 11 7 29 11 32 29 26 9 14 11 9 28 9 7
split_gain=19454.1 4206.23 2337.34 2278.41 2540.17 3254.39 1979.76 2040.53 2185.16 1609.79 1345.42 1313.5 1087.56 1039.85 1341.43 994.285 898.054 870.069 865.789 827.545 804.16 1737.36 860.974 789.263 923.966 751.68 1694.88 2443.22 1235.27 1191.55 1038.7 1727.83 930.231 1504.78 1014.88 1058.84 939.089 907.907 841.076 1022.61 800.79 740.754 736.72 723.93 721.868 684.367 684.221 720.582 672.679 685.72 656.255 1285.26 891.511 928.749 848.337 1719.72 1099.58 819.194 817.76 974.995 748.099 635.897
threshold=25.779027777777781 110.50000000000001 0.38130296610169495 1.0000000180025095e-35 2.5000000000000004 44.500000000000007 43.500000000000007 1.0000000180025095e-35 3.5000000000000004 3.5000000000000004 45.251666666666672 67.500000000000014 1.7722916666666668 1.0000000180025095e-35 13.500000000000002 -7.7909027777777764 24.500000000000004 -1.2597812909467185 5.5018055555555563 -0.34160859209040684 9.9716988783833909 0.56807149161518111 16.500000000000004 30.394652777777782 1.0000000180025095e-35 8.5000000000000018 49.750000000000007 2.5000000000000004 0.57265395894428173 0.35563967845135153 7.5000000000000009 2.0340407748455394 45.250000000000007 8.436812280185304 2.5000000000000004 11.500000000000002 53.500000000000007 2390.5000000000005 3.8963524548589983 0.63506756756756766 2.1077492534649482 39.750000000000007 47.250000000000007 -19.499999999999996 44.250000000000007 5.6280339805825248 5.5000000000000009 3.1102083333333339 6.9356944444444446 -0.09370122268470342 0.49350539811066135 -4.2122222222222208 1.1611497936928974 0.57481343283582098 2.3011776021290973 7.5000000000000009 46.250000000000007 -1.3629166666666668 24.500000000000004 0.60432213930348266 8.5000000000000018 -0.19380739278035933
decision_type=2 2 2 2 8 10 10 2 8 2 2 10 2 2 8 2 8 2 2 2 10 2 10 2 2 10 2 2 2 2 10 2 2 10 2 10 8 2 10 2 2 2 2 2 2 2 10 2 2 2 2 2 10 2 2 2 2 2 2 2 2 2
left_child=1 2 -1 4 5 10 7 8 46 42 16 41 23 14 -3 -11 -2 -8 20 -16 22 -22 50 -7 -25 29 32 -28 -29 30 37 -32 36 34 35 -34 44 -17 39 61 -36 -6 -5 -9 -27 -21 -4 -48 49 -43 54 52 -52 60 56 -56 -19 -58 59 -53 -54 -39
right_child=3 13 6 9 11 12 17 43 -10 15 -12 -13 -14 -15 19 25 -18 18 -20 45 21 -23 -24 24 -26 26 27 28 -30 -31 31 -33 33 -35 40 -37 -38 38 -40 -41 -42 48 -44 -45 -46 -47 47 -49 -50 -51 51 58 53 -55 55 -57 57 -59 -60 -61 -62 -63
leaf_value=-0.17566588870023642 0.086432318363138971 0.03281639294994132 0.092534305610919021 0.037658613964890106 -0.043693314913639245 -0.0068934102434716872 -0.075202101926423778 -0.081262788366287309 -0.004331793602352264 -0.027589157221861772 0.19022935785502695 -0.0218427918842201 0.062610783253753508 -0.046083617361711036 -0.047637499537434715 -0.010762303810818189 -0.0093084555515884904 -0.071836391898304972 0.086432186551750279 -0.011764706105812811 0.11072425045052732 -0.053047743353607325 -0.094491777190430129 0.017572478254926676 0.065594523486620551 -0.021817174017550831 -0.21913002706957208 0.076505995459818954 -0.094396376785730818 0.11326558131037193 -0.0059706833398191156 0.12561627915313653 -0.10804323352866743 0.12328478483559223 -0.0047228299346715602 0.041233811216746893 0.019657449931716531 -0.028677040988336441 -0.054501971072095957 0.12893157031559185 0.097716058012847981 -0.0078824563983645509 0.10730225815395913 -0.010158302032319461 -0.11565951686846375 -0.050257645514240806 0.030027435777145856 0.10938394256487588 0.11345974722308881 0.034826508331453246 -0.11835000888942732 -0.011722394402784322 -0.015672063432633877 0.051189757462986554 0.12542675907832679 -0.04144654781879082 -0.060534726619915741 0.060129845564181987 -0.051926184867763715 0.022080472272357137 -0.12715325180616863 0.025935188079209193
leaf_weight=205 3719 942 566 1109 353 1614 618 373 5199 1562 298 1712 2436 10229 3973 2876 262 1774 207 5900 366 289 358 2948 1517 919 208 208 213 335 453 554 282 391 378 204 1226 574 346 229 384 1133 578 8368 263 1435 4902 303 235 5502 442 13488 349 245 221 506 247 324 1049 2533 264 7331
leaf_count=205 3719 942 566 1109 353 1614 618 373 5199 1562 298 1712 2436 10229 3973 2876 262 1774 207 5900 366 289 358 2948 1517 919 208 208 213 335 453 554 282 391 378 204 1226 574 346 229 384 1133 578 8368 263 1435 4902 303 235 5502 442 13488 349 245 221 506 247 324 1049 2533 264 7331
internal_value=0.000264656 -0.0167744 -0.00764586 0.0266867 0.0379846 0.0522706 -0.0068406 0.00482 0.0191796 0.0147817 0.0878408 0.0175251 0.0343874 -0.0343147 -0.0244845 0.0106103 0.0801306 -0.0167133 -0.0151151 -0.0292603 -0.016055 0.0384938 -0.0176956 0.0230692 0.0338992 0.014046 -0.00309181 -0.0793798 -0.00997884 0.0203567 0.0178302 0.0664745 0.00878183 0.0378263 0.0109747 -0.0454277 -0.0109947 0.0135112 0.0217438 0.0249935 0.0469603 0.0268578 0.0615694 -0.0132015 -0.0427776 -0.0193012 0.0403576 0.0346672 0.0304887 0.0275334 -0.0164091 -0.0128306 -0.0607357 -0.0309524 -0.0377965 0.00938371 -0.0524211 0.00791886 -0.00917896 -0.00637695 -0.0638124 0.0219665
internal_weight=108027 65675 43196 42352 21729 12794 42991 19711 10970 20623 4279 8935 8515 22479 12250 18936 3981 23280 22662 11308 22455 655 21800 6079 4465 17374 4676 629 421 12698 12363 1007 4047 1639 1248 486 2408 11356 8480 8134 762 7223 1687 8741 1182 7335 5771 5205 6870 6635 21442 18370 1300 858 3072 727 2345 571 17070 16021 613 7905
internal_count=108027 65675 43196 42352 21729 12794 42991 19711 10970 20623 4279 8935 8515 22479 12250 18936 3981 23280 22662 11308 22455 655 21800 6079 4465 17374 4676 629 421 12698 12363 1007 4047 1639 1248 486 2408 11356 8480 8134 762 7223 1687 8741 1182 7335 5771 5205 6870 6635 21442 18370 1300 858 3072 727 2345 571 17070 16021 613 7905
is_linear=0
shrinkage=0.05


Tree=53
num_leaves=63
num_cat=0
split_feature=12 12 17 20 18 12 13 29 27 14 13 14 20 2 14 8 13 28 13 27 11 11 13 14 8 5 27 14 12 8 29 28 7 13 16 18 14 13 13 5 13 29 29 28 13 28 14 14 27 7 13 7 7 11 6 13 28 29 8 20 5 6
split_gain=17777.1 4123.73 2298.18 2660.76 2452.51 1653.44 1438.68 1990.04 2035.71 2686.48 2692.18 1744.04 1383.65 1307.94 1197.01 1250.46 1838.89 1634.41 2889.26 1735.87 1317.23 1352.93 1151.07 1955.88 1862.36 1813.84 1533.48 1149.97 1136.89 1121.62 1403.49 1291.04 1185.73 1121 1042.3 1235.45 998.13 1614.16 2285.43 1241.2 942.454 927.935 1270.28 1079.01 913.95 902.643 901.503 939.97 888.98 1084.11 862.185 940.664 1029.67 857.275 856.808 1001.53 1945.82 1250.55 1000.66 1053.64 923.375 1172.84
threshold=25.779027777777781 13.072500000000002 1.0000000180025095e-35 61.500000000000007 3.5000000000000004 37.614652777777785 -2.7499999999999996 0.59626969416126052 1.1078461965930713 47.750000000000007 -3.2499999999999996 51.250000000000007 30.500000000000004 1522.5000000000002 54.250000000000007 6.5000000000000009 10.250000000000002 0.57046767786204422 -2.2499999999999996 0.97803714502868544 1.7367361111111115 0.60875000000000001 3.2500000000000004 42.750000000000007 20.500000000000004 19.500000000000004 1.0438437787423431 40.250000000000007 48.401597222222229 9.5000000000000018 0.57304369918699194 0.60973957549300029 0.45811814571716641 -13.749999999999998 1.0000000180025095e-35 3.5000000000000004 39.750000000000007 -3.7499999999999996 -6.7499999999999991 -12.499999999999998 -15.749999999999998 0.62560679611650494 0.53233273596176833 0.55420094007050535 -6.7499999999999991 0.57613871635610769 42.750000000000007 45.750000000000007 1.0581581645902027 0.22496585355861048 -11.249999999999998 -0.16429514802710854 5.0083612040133785 2.0200694444444447 -6.2899721709352763 -6.2499999999999991 0.59626969416126052 0.52902763734411884 2.5000000000000004 34.500000000000007 6.5000000000000009 11.725447145433142
decision_type=2 2 2 10 8 2 2 2 2 2 2 2 8 2 2 2 2 2 2 2 2 2 2 2 2 2 2 2 2 2 2 2 2 2 2 8 2 2 2 2 2 2 2 2 2 2 2 2 2 2 2 2 2 2 2 2 2 2 2 8 2 2
left_child=1 12 13 4 5 -4 7 33 9 10 -9 45 34 40 15 16 41 22 -19 20 21 -20 25 26 48 27 -24 -17 -5 -21 32 -32 -31 -3 35 -1 37 38 -35 44 -2 42 -8 -44 -38 -11 -45 -48 -25 -50 -14 53 -53 -52 -42 -56 60 -58 -59 -60 -57 -62
right_child=2 6 3 28 -6 -7 14 8 -10 11 -12 -13 50 -15 -16 17 -18 18 19 29 -22 -23 23 24 -26 -27 -28 -29 -30 30 31 -33 -34 36 -36 -37 39 -39 -40 -41 54 -43 43 46 -46 -47 47 -49 49 -51 51 52 -54 -55 55 56 57 58 59 -61 61 -63
leaf_value=0.021991303030531026 -0.097590955816419189 -0.081539805087421979 0.048048546347884059 0.0098930202326316611 0.013675759730510915 0.092278905746534828 -0.052731238436973443 0.011392769651039266 0.090167771022975074 -0.19100974053013284 0.20979285818242019 0.013850857362596562 -0.076199040967940432 0.036848239067403969 -0.085742451800114916 -0.094365638322508688 0.1053332625913459 0.1735170904453964 0.055833206694189674 -0.054037050873761955 -0.0022281949004022087 0.23139310957655251 0.14488582298594543 -0.0087028643253746433 -0.13916411493150962 0.12917583749899381 0.0050854562092868113 -0.010711748291945648 0.10525388911229337 0.043803353906405024 0.037058074659506002 -0.067332629045904632 0.1795970567253114 -0.10967602130876059 -0.02932902153730917 -0.040961256411047808 0.0040570307792937854 -0.15986811035575016 0.053640515663447144 -0.0098023155990913467 -0.016913575101337879 -0.12620648548833008 0.040889050201905808 -0.12256061639333303 -0.1018443819211282 -0.05504246225198603 0.042260305381725823 -0.068762934132470852 0.021965383784386242 0.1569325078578922 -0.046736028864977755 -0.019323955862333802 -0.058976072687379893 0.048538140516943676 -0.0091579450779990627 0.019728451928771568 -0.0038533212278471633 0.017241926234654429 0.1975645135535061 0.084643754593212939 -0.03353762231438167 0.089697478159646932
leaf_weight=3100 212 768 5769 7586 3251 3338 1529 1146 804 283 200 344 1214 4618 342 462 295 387 203 521 204 240 522 1195 209 213 314 3649 325 793 672 528 201 425 4129 1040 294 315 430 10411 2834 209 1113 210 662 216 438 336 506 210 10078 12220 1890 241 3738 7086 446 330 292 712 1689 217
leaf_count=3100 212 768 5769 7586 3251 3338 1529 1146 804 283 200 344 1214 4618 342 462 295 387 203 521 204 240 522 1195 209 213 314 3649 325 793 672 528 201 425 4129 1040 294 315 430 10411 2834 209 1113 210 662 216 438 336 506 210 10078 12220 1890 241 3738 7086 446 330 292 712 1689 217
internal_value=-0.000923753 -0.0172153 0.0242989 0.0364679 0.0509615 0.0642687 -0.00428003 -0.0146515 0.0221805 -0.00282035 0.0410066 -0.0727635 -0.029344 0.0131741 0.00662493 0.00871434 -0.0147505 0.0175017 0.0443189 0.0293997 0.10293 0.151252 0.00368738 0.0277286 0.00217639 -0.0127504 0.0924459 -0.0201336 0.0138234 0.0118455 0.0275078 -0.00889165 0.0714155 -0.022938 -0.0115568 0.00617106 -0.0193419 -0.0632974 -0.0275735 -0.0148124 0.00694507 -0.0240127 -0.0180892 0.00718269 -0.0693062 -0.132382 -0.0309453 -0.00596237 0.017699 0.0617144 -0.0350792 -0.0330327 -0.0246391 -0.0445064 0.00822839 0.0131398 0.0208775 0.0686255 0.0928423 0.117649 0.011419 -0.0194675
internal_weight=108154 65711 42443 20269 12358 9107 31799 16298 2993 2189 1346 843 33912 22174 15501 15159 4130 11029 3749 3362 647 443 7280 2956 2120 4324 836 4111 7911 2715 2194 1200 994 13305 8269 4140 12537 1170 855 11367 17556 3835 3626 2097 956 499 984 774 1911 716 25643 24429 14110 10319 17344 14510 10772 1780 1334 1004 8992 1906
internal_count=108154 65711 42443 20269 12358 9107 31799 16298 2993 2189 1346 843 33912 22174 15501 15159 4130 11029 3749 3362 647 443 7280 2956 2120 4324 836 4111 7911 2715 2194 1200 994 13305 8269 4140 12537 1170 855 11367 17556 3835 3626 2097 956 499 984 774 1911 716 25643 24429 14110 10319 17344 14510 10772 1780 1334 1004 8992 1906
is_linear=0
shrinkage=0.05


Tree=54
num_leaves=63
num_cat=0
split_feature=12 14 12 14 14 30 13 20 16 20 28 13 14 14 14 14 30 9 24 5 13 32 6 20 30 32 32 20 26 9 11 16 19 27 9 27 14 9 32 32 32 27 14 14 14 14 13 32 14 5 22 14 13 5 13 13 32 14 10 27 11 26
split_gain=16203.4 5768.15 3429.98 1987.56 2403.94 1928.71 1931.97 1885.99 1761.82 1925.22 1512.64 1423.16 1929.23 2101.82 1533.59 1525.61 1848.88 1518.54 1357.07 1372.9 1458.17 1270.02 1288.4 1232.97 1179.97 1094.75 1228.9 1055.46 1051.15 963.735 953.26 946.15 2052.45 929.809 927.831 1175.43 1343.22 1059.31 1149.29 895.826 892.662 874.608 865.217 841.582 938.739 2721.34 4617.81 3048.56 1987.29 1655.57 1568.23 1549.27 1985.67 1331.62 1239.27 2113.82 1058.31 906.826 1304.99 944.629 1044.62 1012.38
threshold=19.053472222222229 57.750000000000007 31.805347222222228 54.750000000000007 53.250000000000007 8.5000000000000018 -2.7499999999999996 23.500000000000004 1.0000000180025095e-35 14.500000000000002 0.6019463340891914 -9.2499999999999982 49.750000000000007 47.250000000000007 43.750000000000007 41.250000000000007 5.5000000000000009 2.5000000000000004 1.5000000000000002 -16.499999999999996 1.2500000000000002 1.7590670866507578 5.1137613898778005 34.500000000000007 5.5000000000000009 9.9716988783833909 9.1390937072503444 85.500000000000014 2.2225317239244817 28.500000000000004 6.9356944444444446 1.0000000180025095e-35 1.0000000180025095e-35 0.96377904790300584 5.5000000000000009 1.0153086723537548 47.250000000000007 15.500000000000002 3.6070009303561936 4.3002850833223745 5.7986567187142848 0.98463346820678599 42.750000000000007 39.750000000000007 49.250000000000007 48.250000000000007 1.2500000000000002 1.0837513834038144 50.250000000000007 -1.4999999999999998 1.0000000180025095e-35 51.750000000000007 -3.2499999999999996 1.0000000180025095e-35 -2.2499999999999996 -4.2499999999999991 11.434006279573142 40.750000000000007 2.5000000000000004 1.1294671259459994 -0.92076388888888883 2.2161136178817915
decision_type=2 2 2 2 2 10 2 8 2 8 2 2 2 2 2 2 10 2 2 2 2 8 2 8 8 10 8 8 2 2 2 2 2 2 2 2 2 2 10 10 10 2 2 2 2 2 2 8 2 2 2 2 2 2 2 2 10 2 2 2 2 2
left_child=7 2 8 4 11 6 -5 31 9 -2 28 12 13 14 15 -4 -17 -15 -9 -20 -21 22 29 -13 41 26 34 -10 -6 -22 -11 32 -1 -14 -23 36 -36 38 -37 -26 -18 -16 -28 -25 45 56 47 -47 53 -48 51 52 -50 -46 55 -53 57 58 -45 61 -61 -59
right_child=1 -3 3 5 10 -7 -8 18 27 30 -12 23 33 17 24 16 40 -19 19 20 21 25 -24 43 39 -27 42 -29 -30 -31 -32 -33 -34 -35 35 37 -38 -39 -40 -41 -42 -43 -44 44 48 46 49 -49 50 -51 -52 54 -54 -55 -56 -57 -58 59 -60 60 -62 -63
leaf_value=-0.057837635158181133 0.074173489774140552 0.2750465755357927 0.066747095189833391 -0.087347218389683345 0.16725097587974935 -0.17597618315619634 0.066023465302688156 -0.050225019634863477 -0.01083283500856861 0.0093562848193690703 -0.018748525931563193 0.052422000827939755 0.16648173393365348 -0.044239324267763752 0.14996087689810253 -0.18246514381164924 0.052576249600367775 -0.20788697126162697 -0.056869323197861379 -0.027784236119788204 0.020932306443424267 -0.086676369290798916 0.10696512913227846 -0.023315721397520976 -0.089463142971690821 0.089168373312259852 -0.0093894909569609032 0.050189487466956034 0.047651886729658109 -0.07764218843696144 0.11812126839501491 -0.01809570918223127 0.031103667374273936 0.024910724152948045 -0.0011769180418356999 -0.054649372590910732 0.097346675299928992 -0.050204534021432524 0.049219571120595454 0.047193524945860162 -0.091819286329986816 0.018514088023276556 -0.12685383544264492 0.023622564611630377 -0.09365708297821429 -0.079963248194742598 0.099463761645254861 0.10187232158149669 0.011678103252017607 0.27216609133364938 -0.08264502219579839 -0.03306579852077976 0.1546789605310446 0.027440356411545325 -0.066227874635577097 0.16150452236053148 -0.082421218554556447 0.026932008732836878 0.17405521162296 0.099520464596061564 0.014265646503772586 -0.013318614864507975
leaf_weight=793 1288 214 239 384 622 207 439 5610 14511 16195 205 5603 211 411 321 267 228 216 2815 19979 2294 389 397 839 203 233 246 744 262 277 203 4391 3543 257 1232 417 480 1752 733 290 200 209 432 336 688 387 227 567 442 363 269 333 538 338 400 239 221 8149 252 821 639 1932
leaf_count=793 1288 214 239 384 622 207 439 5610 14511 16195 205 5603 211 411 321 267 228 216 2815 19979 2294 389 397 839 203 233 246 744 262 277 203 4391 3543 257 1232 417 480 1752 733 290 200 209 432 336 688 387 227 567 442 363 269 333 538 338 400 239 221 8149 252 821 639 1932
internal_value=-0.000189501 0.0165129 0.0156117 0.0282299 0.030764 -0.0399432 -0.00555626 -0.0226619 0.00459674 0.0153356 0.103548 0.0277844 -0.00434191 -0.0212677 0.00427024 -0.042029 -0.0794775 -0.100857 -0.0275591 -0.0235434 -0.020291 -0.00343468 0.0232493 0.031942 0.0465412 -0.016828 -0.0211902 -0.00785363 0.131898 0.0102858 0.0107099 -0.00173786 0.0148278 0.0889576 -0.0126211 -0.00636018 0.0264872 -0.0257406 0.011541 -0.00914406 -0.014955 0.0982587 -0.0843106 0.0255574 0.0279509 0.0336071 0.0961708 0.0281023 0.00374492 0.206 0.030329 0.0459319 0.0902603 -0.0537755 0.00119191 0.0483719 0.0257782 0.0277563 0.0882798 0.0246653 0.0622422 0.0192175
internal_weight=107922 61909 61695 28754 27724 1030 823 46013 32941 17686 1089 26635 3052 2584 1957 934 695 627 37286 31676 28861 8882 2968 23583 1023 5914 5681 15255 884 2571 16398 8727 4336 468 5003 4614 1712 2902 1150 493 428 530 678 17980 17141 13894 1544 954 3247 590 2221 1952 980 1026 972 572 12350 12129 588 11541 1460 10081
internal_count=107922 61909 61695 28754 27724 1030 823 46013 32941 17686 1089 26635 3052 2584 1957 934 695 627 37286 31676 28861 8882 2968 23583 1023 5914 5681 15255 884 2571 16398 8727 4336 468 5003 4614 1712 2902 1150 493 428 530 678 17980 17141 13894 1544 954 3247 590 2221 1952 980 1026 972 572 12350 12129 588 11541 1460 10081
is_linear=0
shrinkage=0.05


Tree=55
num_leaves=63
num_cat=0
split_feature=12 7 13 30 14 14 13 13 28 32 14 13 6 32 13 6 9 13 14 30 11 14 14 32 14 9 6 27 32 26 28 30 14 30 11 32 32 26 32 32 32 11 9 27 13 14 7 14 28 32 32 32 23 32 16 29 30 11 14 14 14 8
split_gain=15079.5 3064.58 2912.35 2567.48 4462.72 4254.25 3799.2 3359.23 3310.56 2924.91 2448.67 4555 2576.84 2173.73 2231.71 1898.21 1887 2046.86 1799.14 3235.5 3019.62 2755.88 1745.35 4349.92 3315.05 3135.17 1732.93 1723.37 1650.96 1629.95 1627.73 3154.95 1993.33 2073.44 1912.93 2604.44 2882.88 2206.01 1902.61 2013.4 1620.57 2637.19 2130.33 1632.01 1610.59 1688.57 1603.74 1564.68 1535.38 2126.71 1594.39 1535.24 1465.46 1446.81 1426.86 1410.4 1402.74 1368.8 1359.69 5307.04 1433.09 1917.91
threshold=25.619722222222226 -0.72830750797428789 -6.2499999999999991 8.5000000000000018 54.750000000000007 56.750000000000007 13.750000000000002 5.2500000000000009 0.51967234262125916 4.2439889756066238 41.250000000000007 3.2500000000000004 16.022244940106294 5.3375143020594971 5.2500000000000009 2.2396986230580409 7.5000000000000009 9.7500000000000018 54.750000000000007 6.5000000000000009 -2.769791666666666 54.250000000000007 48.750000000000007 6.1444878472222229 50.750000000000007 9.5000000000000018 7.7696971911682207 1.0363804197826296 1.0658544869120592 2.250654614202102 0.58777856804172612 13.500000000000002 43.250000000000007 1.5000000000000002 0.021319444444444367 6.1020444194627013 4.9615630848025223 2.3791203431166434 6.1875831854480934 2.8731142558801905 3.4215180542147876 -1.7654166666666666 5.5000000000000009 0.96025323070774959 -13.749999999999998 52.750000000000007 0.09040115548215559 50.250000000000007 0.54016129032258076 2.9585076441573155 4.1040899629972252 3.5789803731737373 2.5000000000000004 1.7277091487279848 1.0000000180025095e-35 0.57036751760563387 21.500000000000004 2.9359722222222229 37.250000000000007 38.750000000000007 45.750000000000007 27.500000000000004
decision_type=2 2 2 10 2 2 2 2 2 10 2 2 2 10 2 2 2 2 2 10 2 2 2 10 2 2 2 2 8 2 2 10 2 10 2 8 10 2 10 10 10 2 2 2 2 2 2 2 2 8 8 8 2 10 2 2 8 2 2 2 2 2
left_child=1 -1 58 5 7 6 9 44 -9 18 11 26 15 28 -15 30 17 -10 19 21 -20 40 -17 24 25 55 48 47 -13 -27 34 32 33 -32 -12 36 53 -37 39 -34 54 42 -42 -43 -5 -46 57 -21 49 -4 -51 -30 -29 -36 -2 -24 -50 -22 -3 -60 -61 -62
right_child=3 2 10 4 -6 -7 -8 8 16 -11 12 13 -14 14 -16 22 -18 -19 20 27 46 -23 23 -25 -26 29 -28 52 51 -31 31 -33 38 -35 35 37 -38 -39 -40 -41 41 43 -44 -45 45 -47 -48 -49 56 50 -52 -53 -54 -55 -56 -57 -58 -59 59 60 61 -63
leaf_value=-0.038712497994109203 0.038239113758267891 -0.1581458970757541 -0.0065659445868629339 -0.10599996895625761 -0.18572014213746624 0.20324154297510783 0.24012888781371569 -0.081596477947519341 0.1793919514472172 0.083116142312260707 -0.035798810708766442 0.088459523869111711 0.1540206594466095 0.033630470891999047 0.24138274460785675 0.027489536395708305 0.0017700079510611232 0.010533376553087918 -0.21550604284263963 -0.020391608895160517 -0.11686698864054651 0.20702693269813444 -0.045147822479579297 -0.21350723921687342 0.04888560911053532 -0.071490979207431818 -0.11847350641127351 -0.20511562073424844 -0.13892369367270255 0.10997201941596967 -0.1685355779576686 0.17404818931578564 0.0040131164007954816 0.0032713566392917059 0.029773770744847168 -0.082426332117010698 0.10994017765564344 0.059782771671492256 -0.077121482257361179 0.080893492484782989 0.091336484792227127 0.28888411239879885 -0.10410965190934283 0.087501969915902741 -0.0024642949007907932 0.13927825871291896 0.11529739648701812 0.11568765304904727 -0.020951433867940846 -0.18424360834384573 -0.070428542742787578 0.018371481116176033 -0.045507233863871871 -0.025920026602801956 0.013668201372420048 -0.2102529758582081 0.10421316013468995 0.051746672559075238 0.17614206602447668 -0.046380718627821824 0.0023121969312953016 -0.062850386864174254
leaf_weight=11675 12046 202 1112 366 305 350 209 280 782 2138 6968 377 278 277 242 9228 322 233 204 1818 291 218 208 256 1538 232 775 213 253 263 309 295 2441 405 2469 1333 735 342 457 1307 414 204 209 200 9247 214 217 238 1942 386 1517 398 441 2208 11599 344 252 204 311 7899 4513 1505
leaf_count=11675 12046 202 1112 366 305 350 209 280 782 2138 6968 377 278 277 242 9228 322 233 204 1818 291 218 208 256 1538 232 775 213 253 263 309 295 2441 405 2469 1333 735 342 457 1307 414 204 209 200 9247 214 217 238 1942 386 1517 398 441 2208 11599 344 252 204 311 7899 4513 1505
internal_value=-0.00035631 -0.0155012 -0.0104425 0.022646 0.00272293 0.030145 0.0281754 0.00776102 0.074519 0.0267226 -0.00336466 -0.0289846 0.0027388 0.047472 0.130779 0.0013919 0.10725 0.140678 0.0224917 0.0247801 -0.0464133 0.030429 0.0169401 -0.0173238 0.00217981 -0.0664103 -0.048755 -0.027094 0.00532682 0.02495 -0.00834695 0.0155105 0.00596935 -0.0712138 -0.0171979 0.0010932 0.0179567 -0.0533719 0.0190887 0.0308372 0.0288602 0.0903217 0.0257077 0.189652 -0.00323026 0.000756185 0.00226892 -0.00459066 -0.0383615 -0.0615122 -0.0935992 -0.0428779 -0.0977236 0.00348095 0.026187 -0.148234 -0.00653426 -0.0474135 -0.0296425 -0.0278071 -0.032377 -0.0139916
internal_weight=108214 65252 53577 42962 11749 31213 30863 11444 1617 30654 39147 7531 31616 1547 519 31338 1337 1015 28516 27600 916 24890 12069 2841 2585 1047 5984 2710 1028 495 19269 5214 4919 714 14055 7087 5412 1675 4205 3748 24672 1027 623 404 9827 9461 712 2056 5209 3015 1903 651 654 4677 23645 552 2194 495 14430 14228 13917 6018
internal_count=108214 65252 53577 42962 11749 31213 30863 11444 1617 30654 39147 7531 31616 1547 519 31338 1337 1015 28516 27600 916 24890 12069 2841 2585 1047 5984 2710 1028 495 19269 5214 4919 714 14055 7087 5412 1675 4205 3748 24672 1027 623 404 9827 9461 712 2056 5209 3015 1903 651 654 4677 23645 552 2194 495 14430 14228 13917 6018
is_linear=0
shrinkage=0.05


Tree=56
num_leaves=63
num_cat=0
split_feature=12 14 12 20 20 30 32 14 27 28 16 29 14 32 24 27 27 28 14 30 14 14 8 29 29 7 23 27 18 28 30 14 28 10 29 27 28 8 14 14 14 9 6 9 7 28 14 14 9 24 8 28 16 18 5 18 7 14 29 6 14 14
split_gain=14057.9 4909.92 3485.88 1610.03 1496.3 1312.28 2718.54 1657.24 1612.98 1356.25 1263.55 1218.84 1200.93 2720.22 1805.72 1800.29 1503.46 1378.82 1333.03 1178.04 1773.98 1532.54 1744.85 1487.33 1279.71 1826.94 1581.57 1390.26 1139.94 1111.54 1080.64 2614.8 1073.84 1068.44 1053.42 2102.06 992.516 936.115 918.277 1056.99 1668.81 1259 2237.46 1217.93 1076.49 1261.43 1405.75 1248.19 965.648 917.131 915.022 886.873 865.228 1542.04 845.328 843.679 824.664 1681.47 1943.4 2795.31 1652.77 3384.87
threshold=18.036180555555557 57.750000000000007 33.434444444444452 34.500000000000007 30.500000000000004 8.5000000000000018 4.5115467133363945 54.750000000000007 0.94353733915940918 0.51242283950617296 1.0000000180025095e-35 0.41883445945945952 45.250000000000007 8.436812280185304 2.5000000000000004 0.94203913431784159 1.0049786088318335 0.60301697998787152 49.250000000000007 6.5000000000000009 50.250000000000007 46.250000000000007 1.0000000180025095e-35 0.48742088607594941 0.55420094007050535 -0.13446454642623004 2.5000000000000004 1.1232969385649774 1.0000000180025095e-35 0.56960594315245483 7.5000000000000009 47.250000000000007 0.51411772521924004 6.5000000000000009 0.55120920745920754 0.83638279266275439 0.56905722670579617 2.5000000000000004 54.750000000000007 51.250000000000007 49.250000000000007 9.5000000000000018 -2.2413723301237432 27.500000000000004 -0.42586059495251966 0.55220445736434121 52.250000000000007 52.250000000000007 13.500000000000002 1.5000000000000002 5.5000000000000009 0.5621778350515465 1.0000000180025095e-35 1.0000000180025095e-35 -13.499999999999998 3.5000000000000004 -0.22848594301174782 39.750000000000007 0.55721726190476206 3.3657795784502178 40.750000000000007 41.750000000000007
decision_type=2 2 2 10 8 8 10 2 2 2 2 2 2 10 2 2 2 2 2 10 2 2 2 2 2 2 2 2 10 2 10 2 2 2 2 2 2 2 2 2 2 2 2 2 2 2 2 2 2 2 2 2 2 10 2 10 2 2 2 2 2 2
left_child=4 2 3 10 52 6 19 9 -8 50 28 -5 14 16 -11 -15 18 34 51 23 21 22 -21 33 25 29 36 32 -2 -25 31 -23 -28 -4 35 -16 -27 -20 39 40 43 -42 -43 56 -41 47 -47 -46 -44 -6 -7 -14 53 -1 -51 -26 60 58 -58 -60 -13 -62
right_child=1 -3 5 11 49 7 8 -9 -10 12 -12 38 13 15 17 -17 -18 -19 37 20 -22 30 -24 24 55 26 27 -29 -30 -31 -32 -33 -34 -35 -36 -37 -38 -39 -40 44 41 42 48 -45 45 46 -48 -49 -50 54 -52 -53 -54 -55 -56 -57 57 -59 59 -61 61 -63
leaf_value=-0.056647993008811751 0.010366033026764572 0.2569901326867311 0.037039975771003507 -0.12118215405068873 -0.04618903735641245 -0.10267565301389066 0.061393694928076864 -0.12216963993981607 0.20811225878278911 0.1178353819840379 0.00031877921021943837 0.08759078186407071 0.074356228097821109 0.20421735493019427 -0.090339082554518363 0.051221137731081216 0.068735403812371601 -0.10240348663140018 -0.013425623570605555 -0.027831544469102926 0.090607417348048669 -0.25119715293403716 0.11351648339103111 -0.017329057888861712 0.049432260342303677 0.047967662384258647 -0.078491083040813009 0.11166418779332161 0.049849741458955772 -0.16305008141412625 0.017717708545958385 -0.023430217314805643 0.012779325494600367 0.17738898958088278 -0.019397866798513876 0.090083932160806957 0.18962531694303758 -0.12858086092185023 -0.065998494641861416 -0.067211293637020775 -0.093600542149641003 -0.07699075855872059 0.11777520793448851 0.11538224143371212 -0.095961007867388592 0.1574541548907441 0.03914804317899509 0.051986031591362405 -0.016997925929482217 -0.044970223340075499 0.02475047645288532 -0.0066443104651642305 -0.019583941061290681 0.019827194720929628 -0.019839291621433757 -0.0072437394424740009 -0.074530421564721658 0.0095043056453515025 0.12449188868042937 -0.095081741105182083 -0.18834728813944765 -0.015973741974990754
leaf_weight=769 3244 208 237 213 5197 383 407 222 348 298 5107 305 551 370 212 401 1073 362 459 721 416 215 312 348 8406 301 363 319 4189 209 203 303 2810 318 1947 667 210 286 537 223 830 634 315 230 244 388 711 340 229 3884 222 871 5373 4579 24170 712 1301 15899 352 245 318 2659
leaf_count=769 3244 208 237 213 5197 383 407 222 348 298 5107 305 551 370 212 401 1073 362 459 721 416 215 312 348 8406 301 363 319 4189 209 203 303 2810 318 1947 667 210 286 537 223 830 634 315 230 244 388 711 340 229 3884 222 871 5373 4579 24170 712 1301 15899 352 245 318 2659
internal_value=0.000121118 0.0150379 0.0142475 0.00475504 -0.0216585 0.0285934 0.0364963 0.0123009 0.129206 0.0160001 0.0194671 -0.00234854 0.0218134 0.040466 0.000346175 0.124813 0.0203623 -0.0106697 -0.00361056 0.0322215 -0.0020946 -0.02412 0.0149287 0.0374531 0.0341915 0.0125616 0.024371 0.0123345 0.0326215 -0.0722014 -0.0800096 -0.118269 0.0023163 0.117631 0.00111312 0.0465157 0.10644 -0.057746 -0.00136128 1.74164e-05 -0.00290956 -0.0464727 -0.013216 0.00119749 0.0358073 0.0494892 0.081021 -0.00988583 0.0611146 -0.0268957 -0.055954 0.0247722 -0.00541452 0.00882213 -0.0233201 0.0450063 -5.38321e-05 0.00419347 -0.0402755 0.0343738 -0.0230795 -0.0344436
internal_weight=108175 64203 63995 38513 43972 25482 17158 8324 755 8102 12540 25973 7497 4011 3486 771 3240 3188 2167 16403 2170 1754 1033 14233 13678 4560 4003 3492 7433 557 721 518 3173 555 2826 879 511 745 25760 25223 23317 2008 1178 21309 1906 1683 1099 584 544 33251 605 1422 10721 5348 28054 9118 21079 17797 1898 597 3282 2977
internal_count=108175 64203 63995 38513 43972 25482 17158 8324 755 8102 12540 25973 7497 4011 3486 771 3240 3188 2167 16403 2170 1754 1033 14233 13678 4560 4003 3492 7433 557 721 518 3173 555 2826 879 511 745 25760 25223 23317 2008 1178 21309 1906 1683 1099 584 544 33251 605 1422 10721 5348 28054 9118 21079 17797 1898 597 3282 2977
is_linear=0
shrinkage=0.05


Tree=57
num_leaves=63
num_cat=0
split_feature=0 13 12 7 13 28 31 13 29 5 30 32 13 30 13 23 26 26 6 26 5 32 21 13 29 8 11 11 6 32 6 28 32 21 30 30 13 29 28 0 6 5 26 12 13 13 24 11 30 13 13 5 13 32 13 29 32 32 9 6 9 32
split_gain=13006.3 2227.61 2118.41 2050.04 2872.07 2293.3 3098.69 2680.47 2369.83 2021.98 1914.3 11267.4 3090.37 2582.82 1834.45 1828.33 2155.32 1544.82 1650.76 1438.13 1457.87 1593.77 1382.7 1362.23 1274.91 1422.66 1273.13 1258.01 1587.74 1290.38 1138.45 1125.87 1121.41 1112.67 1100.3 1656 2109.97 1327.46 1223.22 1109.4 1092.46 1084.89 1235.47 1060.11 1048.79 1173.48 1269.5 1128.67 1032.69 1558.66 1523.33 1426 1532.34 1027.76 1629.01 1599.26 3106.76 2553.73 1156.17 1710.94 1216.49 1093.27
threshold=1804.5000000000002 -11.249999999999998 37.207222222222228 -0.56441984226712749 -6.2499999999999991 0.57827818627451 1.0000000180025095e-35 2.2500000000000004 0.58647910731244079 -3.4999999999999996 3.5000000000000004 2.7413983585858595 -14.249999999999998 1.0000000180025095e-35 -14.749999999999998 2.5000000000000004 2.2487392678854454 2.0315098528620879 6.6285996498150626 2.1674160368589099 11.500000000000002 2.2682823724894834 0.65500000000000014 3.2500000000000004 0.52790758047767405 6.5000000000000009 0.71256944444444459 -0.57638888888888884 3.9967000238847681 3.4039267963487183 10.476547883102706 0.57481343283582098 1.871601906158358 0.77500000000000013 13.500000000000002 9.5000000000000018 -5.7499999999999991 0.59511904761904766 0.53988636363636378 400.50000000000006 2.1227929511176638 14.500000000000002 2.2199899091826443 47.027222222222228 7.7500000000000009 -2.2499999999999996 2.5000000000000004 -0.15583333333333324 7.5000000000000009 4.7500000000000009 3.7500000000000004 -1.4999999999999998 3.2500000000000004 2.4512299835573228 -4.7499999999999991 0.57481343283582098 7.9341502294093837 3.9836312724014338 6.5000000000000009 3.6631043230544136 13.500000000000002 8.3657655381810496
decision_type=2 2 2 2 2 2 2 2 2 2 10 10 2 8 2 2 2 2 2 2 2 10 8 2 2 2 2 2 2 10 2 2 8 10 10 8 2 2 2 2 2 2 2 2 2 2 2 2 10 2 2 2 2 8 2 2 10 8 2 2 2 10
left_child=3 10 22 -1 -5 6 17 9 15 -8 12 -12 -2 -14 31 -9 -17 18 40 20 21 -7 41 -10 25 -19 -23 28 -27 32 -11 -13 -29 43 35 36 -26 -37 39 -36 -6 -3 -43 -4 45 46 -38 -47 49 51 -50 -49 -53 54 -21 56 -55 -57 -56 60 -60 -59
right_child=1 2 33 4 5 19 7 8 23 30 11 14 13 -15 -16 16 -18 24 -20 53 -22 26 -24 -25 34 27 -28 29 -30 -31 -32 -33 -34 -35 38 37 44 -39 -40 -41 -42 42 -44 -45 -46 47 -48 48 50 -51 -52 52 -54 55 58 57 -58 61 59 -61 -62 -63
leaf_value=-0.033619209707636273 0.049534952793333496 0.0035531498192459656 0.023903934988750531 -0.032202528766021359 0.024334599036458321 -0.010275207274730637 -0.090158927420068535 -0.081156654794915947 0.2188110857903881 0.0034180373495798066 0.30971680603517121 -0.22232494114870482 -0.06692526103304651 -0.27453787082254338 -0.014530247181070759 -0.0061856098886757483 0.16917235334595182 -0.086772421130444866 -0.09718981680196169 -0.10521373412705207 0.15940274995986095 0.052016039325717071 0.027171977763823338 0.08263665914215132 0.089139998318477687 0.013927666910615911 0.19765137257286122 0.04300793653719448 0.14967593995908635 0.025839324962075166 0.12068173786783967 -0.055433946601455897 -0.090544195115419182 0.066336802362135364 -0.029092179873906488 0.028879813174362043 -0.078522863314707481 -0.039468460276346949 -0.0087700336574421927 -0.14769525943442957 0.14117357521941984 0.010940799668808527 0.12820164573165074 0.062293503923315154 0.045183162117129909 -0.15351615232728766 -0.0077918056045271191 0.038325699252061182 -0.056745057688518008 -0.1647251493818912 0.10071652715759619 -0.10761568059679122 0.029258032676141729 0.033343974834348748 -0.099133256977322948 0.092330111005694715 0.2297729366815891 -0.024089517081118363 -0.087255533978128269 0.09584981404299002 0.012849118459891904 -0.14994326251818432
leaf_weight=13575 294 21423 12200 11682 642 827 575 308 304 2882 257 201 393 242 1120 438 291 415 200 425 293 597 11522 467 285 664 200 208 318 1024 222 204 636 2403 287 1753 939 1193 432 633 290 552 378 2109 278 397 1952 304 571 446 209 1075 252 1783 257 471 226 1224 398 481 1267 200
leaf_count=13575 294 21423 12200 11682 642 827 575 308 304 2882 257 201 393 242 1120 438 291 415 200 425 293 597 11522 467 285 664 200 208 318 1024 222 204 636 2403 287 1753 939 1193 432 633 290 552 378 2109 278 397 1952 304 571 446 209 1075 252 1783 257 471 226 1224 398 481 1267 200
internal_value=0.000337779 0.0179235 0.02029 -0.0167672 -0.0112168 -0.00291661 -0.0118808 0.0203811 0.0702138 -0.00412101 -0.0262255 0.00411942 -0.0843747 -0.146354 -0.0475505 0.0208145 0.0639491 -0.023374 0.0328275 0.0187336 0.0569291 0.0383542 0.0131026 0.136543 -0.027834 -0.000395435 0.0887638 0.0122083 0.0579944 -0.0118794 0.011841 -0.138605 -0.0576189 0.034857 -0.0359731 -0.0300509 -0.0437727 0.00119778 -0.0782075 -0.110768 0.0608024 0.00584957 0.0586882 0.0295661 -0.0496832 -0.0539816 -0.0307845 -0.0745752 -0.0635559 -0.0819706 -0.0144785 -0.0592542 -0.0816206 0.00785023 -0.0151008 0.0244752 0.0555443 -0.00847492 0.000873941 0.0128912 -0.0111178 -0.0418584
internal_weight=108094 53298 50587 54796 41221 29539 20890 5487 1808 3679 2711 1782 929 635 1525 1037 729 15403 1132 8649 1917 1624 33875 771 14271 3265 797 2850 982 1868 3104 405 844 16712 11006 9654 6708 2946 1352 920 932 22353 930 14309 6423 6145 2891 3254 2857 2077 780 1631 1327 6732 2828 3904 2009 1895 2403 2146 1665 1424
internal_count=108094 53298 50587 54796 41221 29539 20890 5487 1808 3679 2711 1782 929 635 1525 1037 729 15403 1132 8649 1917 1624 33875 771 14271 3265 797 2850 982 1868 3104 405 844 16712 11006 9654 6708 2946 1352 920 932 22353 930 14309 6423 6145 2891 3254 2857 2077 780 1631 1327 6732 2828 3904 2009 1895 2403 2146 1665 1424
is_linear=0
shrinkage=0.05


Tree=58
num_leaves=63
num_cat=0
split_feature=12 14 14 14 14 14 31 8 29 8 0 8 29 8 29 14 28 9 29 14 29 28 7 6 9 28 29 6 26 31 14 6 28 23 20 17 7 14 5 29 26 29 14 14 24 14 29 6 28 26 28 6 9 14 6 8 29 28 9 14 7 6
split_gain=11584.3 4719.44 2750.27 3249.92 3002.44 5247.16 4546.91 3378.18 2669.23 3584.11 3603.11 2581.61 2563.14 2257.72 1935.41 1889.39 2837.3 2706.5 2149.93 2051.25 3101.2 2465.29 1820.22 1797.57 3052.88 2304.07 2720.86 2422.96 1673.59 1649 2965.89 1630.75 1546.67 1525.84 1426.23 1342.61 1306.46 1859.03 3185.4 2643.4 2632.64 2005.38 1723.68 1778.56 1346.04 1327.71 2635.12 2468.07 2672.34 1451.89 1419.14 1278.52 1223.49 1219.65 2292.1 1176.98 1101.57 1094.78 1311.31 1051.83 1049.26 1036.06
threshold=18.452638888888895 57.750000000000007 54.750000000000007 51.250000000000007 49.250000000000007 48.250000000000007 1.0000000180025095e-35 6.5000000000000009 0.52234706616729099 4.0000000000000009 3091.5000000000005 9.5000000000000018 0.48365110477548118 6.5000000000000009 0.41883445945945952 51.750000000000007 0.54318633952254658 13.500000000000002 0.53233273596176833 53.250000000000007 0.52146697388632879 0.60301697998787152 0.33788087055695853 -1.3895442862114054 9.5000000000000018 0.59685648452929574 0.5953463203463204 2.5367849287592792 2.2161136178817915 1.0000000180025095e-35 49.750000000000007 9.9106003848117403 0.60733486943164372 2.5000000000000004 34.500000000000007 1.0000000180025095e-35 -0.27741000047223185 39.750000000000007 -1.4999999999999998 0.56047544409613381 2.4304168133884394 0.59112762237762251 40.750000000000007 41.750000000000007 2.5000000000000004 40.750000000000007 0.49152298850574716 -2.8852594718508437 0.49180107526881728 2.2309375125710789 0.43137842465753434 6.0641478225181986 6.5000000000000009 56.250000000000007 5.4440079168559938 2.5000000000000004 0.53039541759053965 0.5418859649122808 11.500000000000002 50.250000000000007 -0.09706774916672882 11.725447145433142
decision_type=2 2 2 2 2 2 2 2 2 2 2 2 2 2 2 2 2 2 2 2 2 2 2 2 2 2 2 2 2 2 2 2 2 2 8 2 2 2 2 2 2 2 2 2 2 2 2 2 2 2 2 2 2 2 2 2 2 2 2 2 2 2
left_child=34 2 3 4 5 14 7 -7 -8 10 -10 -11 -6 60 -2 16 -5 19 -19 31 -21 -22 57 33 25 26 29 -27 -13 51 -31 55 59 -14 -1 -28 42 38 39 44 41 -40 -16 -44 -38 46 -39 -48 -49 -50 -47 -25 -18 54 -15 -17 -35 58 -9 -26 -4 -52
right_child=1 -3 13 15 12 6 8 22 9 11 -12 28 23 53 36 17 52 18 -20 20 21 -23 -24 24 32 27 35 -29 -30 30 -32 -33 -34 56 -36 -37 37 45 40 -41 -42 -43 43 -45 -46 50 47 48 49 -51 61 -53 -54 -55 -56 -57 -58 -59 -60 -61 -62 -63
leaf_value=-0.0053708109830466417 -0.11671821022104004 0.24843322712460211 0.10445433666163516 -0.015229866380391064 -0.17450663429099833 0.1570783048367479 0.14855612607060406 0.080423905966528708 -0.2491770618544841 0.14427812634514339 0.012381610170519371 -0.14149842054962561 -0.13254015781662681 -0.21275654013882425 0.087703369534103404 0.06690527926387245 0.094678964112071121 0.10267570877264515 -0.06413041615646918 -0.072696887845841218 0.17294696793687458 0.0053398821411745536 -0.08772445936301132 -0.016910798166772538 0.079362816177760656 -0.04373045663609311 -0.23743902764174046 0.15104360542886916 0.055831480820045298 -0.096074379461101325 0.11459579481557013 0.16054035539902148 -0.0067726355894918797 -0.12271384434181176 -0.025298642173648224 -0.06678655606928309 -0.078917059277315155 -0.11297667116819439 -0.044895187742863947 0.21319209900684655 -0.19816858240306148 0.10869062278224713 -0.1338546582111311 -0.016646750478305671 0.079118747384238408 0.10781068062701385 0.18670165265258654 -0.10364582804356551 0.099549549749018251 -0.016386229674718381 0.010624229952097664 -0.13156148886686 0.22804923267152494 -0.015179369681988778 -0.035750950872356635 -0.012563407226329924 -0.0047842298344731695 0.10327012739626754 -0.08398438167733778 0.23934306074869621 -0.025376686305431519 0.049571206567938342
leaf_weight=12435 301 212 247 304 268 1421 237 288 295 319 237 215 494 392 345 707 317 243 927 211 953 285 204 825 205 282 221 366 213 250 499 210 208 247 32307 242 241 216 2321 223 258 233 363 2925 303 395 372 257 1095 358 33289 344 381 335 343 1362 983 940 208 208 417 1799
leaf_count=12435 301 212 247 304 268 1421 237 288 295 319 237 215 494 392 345 707 317 243 927 211 953 285 204 825 205 282 221 366 213 250 499 210 208 247 32307 242 241 216 2321 223 258 233 363 2925 303 395 372 257 1095 358 33289 344 381 335 343 1362 983 940 208 208 417 1799
internal_value=-0.000283006 0.0134714 0.0126786 0.0144323 0.010682 0.0145932 0.065607 0.100669 -0.00520761 -0.033794 -0.132851 0.0368359 -0.0238865 -0.0494033 0.00943689 0.0497108 0.112241 0.0368985 -0.029428 0.0577168 0.104212 0.134398 0.0517267 -0.016344 0.00353296 -0.0171806 -0.0399305 0.066344 -0.0433933 -0.0136393 0.0442443 0.0281224 0.104431 -0.0584047 -0.0197604 -0.148579 0.0102834 0.0128087 -0.0216283 0.0686318 -0.0462633 -0.0308466 -0.0184607 -0.0296234 0.00909022 0.0160714 0.0528955 0.0701501 0.0447008 0.0709929 0.0136851 -0.0507325 0.167701 -0.0943155 -0.130315 0.0146111 -0.0285465 0.0715845 0.0114482 0.160317 0.0230033 0.0126224
internal_weight=108101 63359 63147 61413 55513 49871 4577 3061 1516 1279 532 747 5642 1734 45294 5900 1002 4898 1170 3728 1449 1238 1640 5374 3650 3029 2381 648 428 1918 749 2279 621 1724 44742 463 44993 41360 3579 767 2812 2554 3633 3288 544 37781 2298 2082 1710 1453 35483 1169 698 1070 735 2069 1230 1436 496 413 664 35088
internal_count=108101 63359 63147 61413 55513 49871 4577 3061 1516 1279 532 747 5642 1734 45294 5900 1002 4898 1170 3728 1449 1238 1640 5374 3650 3029 2381 648 428 1918 749 2279 621 1724 44742 463 44993 41360 3579 767 2812 2554 3633 3288 544 37781 2298 2082 1710 1453 35483 1169 698 1070 735 2069 1230 1436 496 413 664 35088
is_linear=0
shrinkage=0.05


Tree=59
num_leaves=63
num_cat=0
split_feature=12 14 16 21 18 12 18 14 0 16 21 18 6 11 6 13 32 30 30 32 14 14 14 14 21 21 32 14 26 14 6 21 29 27 13 5 25 29 6 10 11 29 11 31 32 13 24 21 14 6 24 10 32 14 32 13 29 21 6 30 25 5
split_gain=9518.73 4118.85 2509.59 3016.64 4330.62 2151.89 1879.52 1812.64 1611.68 1358.99 1903.12 1699.28 1294.96 1254.68 1143.68 1110.58 1031.78 1095.13 1006.05 2674.47 1472.14 988.613 1789.98 985.308 947.303 924.019 889.907 884.579 848.572 821.182 838.935 788.587 712.449 702.935 693.922 751.724 688.3 1039.82 683.125 659.227 655.361 628.642 627.219 797.801 889.214 693.967 613.383 604.021 575.649 547.885 547.612 535.04 871.278 799.306 704.947 553.034 529.793 529.654 513.147 570.561 546.918 499.47
threshold=15.950486111111113 57.750000000000007 1.0000000180025095e-35 0.52500000000000013 3.5000000000000004 36.218194444444457 2.5000000000000004 54.750000000000007 3317.5000000000005 1.0000000180025095e-35 0.39500000000000007 3.5000000000000004 -2.3013582785487752 2.0200694444444447 -6.2899721709352763 -11.249999999999998 1.5344820491653841 3.5000000000000004 3.5000000000000004 2.8527441388432773 43.250000000000007 42.750000000000007 48.250000000000007 45.750000000000007 0.27500000000000008 0.12500000000000003 3.4215180542147876 43.750000000000007 2.268943403349398 53.250000000000007 2.6524098052593357 0.81500000000000006 0.56686991869918713 0.98011407961428409 7.7500000000000009 14.500000000000002 43.500000000000007 0.60903263403263408 1.1900046456310627 5.5000000000000009 2.9359722222222229 0.58478359564164661 -1.0000000180025095e-35 1.0000000180025095e-35 0.99814860781813064 2.2500000000000004 1.5000000000000002 0.18500000000000003 53.750000000000007 -10.493516436658764 2.5000000000000004 13.500000000000002 2.6022812585312587 54.250000000000007 4.0529060427031522 -10.749999999999998 0.51162947937795822 0.92500000000000016 8.9889129239636443 15.500000000000002 9.5000000000000018 -20.499999999999996
decision_type=2 2 2 10 8 2 10 2 2 2 10 8 2 2 2 2 8 10 8 10 2 2 2 2 10 10 10 2 2 2 2 10 2 2 2 2 2 2 2 2 2 2 2 2 10 2 2 10 2 2 2 2 8 2 10 2 2 10 2 10 2 2
left_child=9 2 3 6 5 34 13 8 15 10 -1 31 -9 27 -15 18 28 -18 23 -20 -21 32 26 -4 47 56 -23 41 -16 -27 -31 38 -19 -14 35 49 37 -29 -12 -26 -6 42 43 44 -2 -44 -11 -10 61 -5 -50 52 -38 55 -54 -53 -17 -51 59 60 -46 -48
right_child=1 -3 7 4 40 -7 -8 12 24 46 11 -13 33 14 16 25 17 21 19 20 -22 22 -24 -25 39 29 -28 36 -30 30 -32 -33 -34 -35 -36 -37 51 -39 -40 -41 -42 -43 45 -45 58 -47 48 -49 50 57 -52 53 54 -55 -56 -57 -58 -59 -60 -61 -62 -63
leaf_value=-0.027844551860397772 0.079073708116546654 0.22166277754132624 -0.17901683483371694 -0.033018647173730035 -0.013211603338567347 0.094515766057091 -0.019315755726634611 0.014443765719414959 0.0074499378627052113 -0.050940666055944987 -0.0096022690737478465 -0.031531797677678351 -0.18021105829201922 -0.024184044791678974 0.068754075997017536 0.11214426082745195 -0.067764845059471251 0.053312893524013132 0.14806794176341523 0.03333460463726013 -0.10247458733057464 -0.10100306901274184 0.11048284744401632 -0.036607144306290827 0.010486120511170552 -0.0033453822813702774 0.013267820430631761 0.026586144482302582 0.17606871980261132 0.017623984636694408 0.13211620526604875 0.040970538534830049 0.17237469025813373 -0.068221214223642399 0.10639158700873406 0.09514586327211362 -0.083989522827613128 0.12813843861819271 0.022165821639354627 0.094472111083190272 0.043368708580838432 0.033730950472531496 -0.11612910122368957 -0.063282665673003821 0.041402047594780465 -0.016668437316077714 -0.061671158429411468 0.098493848450936575 -0.038986193453105382 0.030615684343580758 0.066218950537807797 -0.048361015762690897 0.086991218525436842 -0.072835076909042951 -0.034593290330592504 0.023808852487886493 0.027175378668229923 0.075649952301549847 0.055963108091286032 0.059507104621140984 -0.042926650401171752 -0.025183638334331727
leaf_weight=9405 340 230 225 299 3585 2611 4976 297 244 2868 3645 2793 236 556 719 224 234 286 201 310 557 223 416 264 2576 24328 711 3306 248 627 214 1983 225 348 389 526 401 272 3157 256 596 674 315 533 227 395 1003 720 200 5223 321 285 201 253 290 3706 1000 746 265 203 1231 14380
leaf_count=9405 340 230 225 299 3585 2611 4976 297 244 2868 3645 2793 236 556 719 224 234 286 201 310 557 223 416 264 2576 24328 711 3306 248 627 214 1983 225 348 389 526 401 272 3157 256 596 674 315 533 227 395 1003 720 200 5223 321 285 201 253 290 3706 1000 746 265 203 1231 14380
internal_value=-0.000430857 0.010888 0.0101728 0.0193793 0.0374617 0.0556458 0.00761953 0.000164941 0.00212923 -0.0198832 -0.0111385 0.00243333 -0.0705385 0.0157359 0.0417518 -0.00202299 0.0537284 0.0339819 -0.0430441 -0.0158129 -0.0539329 0.046805 0.0243474 -0.102365 0.0326946 0.000398502 -0.0140941 0.00843493 0.0964298 -0.00166535 0.0468799 0.0132342 0.105972 -0.113708 0.0415055 0.0377753 0.0175068 0.0343398 0.00514329 0.0181087 -0.00513766 -0.0104633 -0.0189592 -0.00830326 0.00465099 -0.0608966 -0.0296568 0.0754811 -0.0258156 0.0329464 0.0258358 0.00577571 -0.0294045 0.013175 0.0152552 0.0186443 0.0428041 0.0362558 -0.00852119 -0.0188367 -0.0297779 -0.0275665
internal_weight=108078 68323 68093 35466 13975 9794 21491 32627 31746 39755 20983 11578 881 16515 3618 27950 3062 2095 1557 1068 867 1861 1350 489 3796 26393 934 12897 967 25169 841 8785 511 584 7183 6794 8714 3578 6802 2832 4181 4183 3509 2799 2266 710 18772 964 15904 6268 521 5136 892 4244 491 3991 1224 5969 1926 1661 1458 15383
internal_count=108078 68323 68093 35466 13975 9794 21491 32627 31746 39755 20983 11578 881 16515 3618 27950 3062 2095 1557 1068 867 1861 1350 489 3796 26393 934 12897 967 25169 841 8785 511 584 7183 6794 8714 3578 6802 2832 4181 4183 3509 2799 2266 710 18772 964 15904 6268 521 5136 892 4244 491 3991 1224 5969 1926 1661 1458 15383
is_linear=0
shrinkage=0.05


Tree=60
num_leaves=63
num_cat=0
split_feature=0 20 12 17 16 20 18 6 11 6 22 11 28 8 5 32 32 26 14 14 14 32 6 32 22 14 30 32 28 32 32 32 30 11 14 28 11 9 26 14 32 23 11 32 28 18 7 32 11 14 11 11 22 26 14 12 24 11 26 12 32 26
split_gain=10247.2 2034.3 1976.41 1831.73 1765.63 1904.21 2184.89 1238.54 1000.17 1412.53 1431.48 1290.26 1395.79 1200.31 1480.7 1183.69 2041.06 1219.45 1107.06 5537.8 1697.6 2166.21 2170.4 1775.85 1693.7 1679.65 2145.06 2957.58 2047.57 1732.6 1550.35 1547.74 1298 1282.5 2584.8 1100.1 1732.08 1217.7 1047.61 1019.29 1035.14 963.59 1202.04 1172.21 1119.21 962.617 931.815 923.535 908.851 908.577 882.559 897.558 844.033 831.398 824.047 814.646 801.309 797.493 790.128 1327.15 1260.51 2635.55
threshold=1829.5000000000002 34.500000000000007 45.251666666666672 1.0000000180025095e-35 1.0000000180025095e-35 47.500000000000007 3.5000000000000004 6.0641478225181986 1.0317361111111116 -6.4388361609007818 -1.0000000180025095e-35 6.0889583333333341 0.55671097770154387 10.500000000000002 9.5000000000000018 1.0658544869120592 2.6761566379023281 2.0492870828817078 48.250000000000007 49.250000000000007 46.750000000000007 1.6911018668831173 5.8922736592081906 0.54056029376924919 1.0000000180025095e-35 42.250000000000007 14.500000000000002 6.3250386996904036 0.55366743471582192 4.1040899629972252 1.871601906158358 2.5164784011916588 15.500000000000002 3.0001388888888894 42.750000000000007 0.59812675070028021 -2.0163194444444437 6.5000000000000009 2.0778287116413257 43.250000000000007 2.4844951923076928 2.5000000000000004 -6.3481249999999987 5.9432523997741393 0.61258802816901425 1.0000000180025095e-35 2.843922844029827 6.6594717089697406 4.1937500000000005 56.250000000000007 0.49166666666666686 -1.4656944444444442 1.5000000000000002 2.1120750347158164 51.250000000000007 46.049166666666672 2.5000000000000004 0.12638888888888888 1.8293950611023784 35.018541666666671 1.6911018668831173 2.2225317239244817
decision_type=2 10 2 2 2 8 8 2 2 2 2 2 2 2 2 8 10 2 2 2 2 8 2 10 2 2 8 10 2 10 10 10 8 2 2 2 2 2 2 2 10 2 2 10 2 10 2 10 2 2 2 2 2 2 2 2 2 2 2 2 8 2
left_child=4 3 8 -2 5 6 7 57 13 11 15 12 56 14 41 53 -17 -18 20 -20 21 23 25 33 30 26 27 28 29 -23 54 -22 39 34 -12 50 37 -37 -16 -27 -41 42 -3 52 -45 -5 49 -42 -33 -6 51 -15 58 -11 -21 -47 -10 -1 59 -43 61 -60
right_child=1 2 -4 45 46 -7 -8 -9 9 10 18 -13 -14 35 38 16 17 -19 19 24 31 22 -24 -25 -26 32 -28 -29 -30 -31 -32 48 -34 -35 -36 36 -38 -39 -40 40 47 43 -44 44 -46 55 -48 -49 -50 -51 -52 -53 -54 -55 -56 -57 -58 -59 60 -61 -62 -63
leaf_value=0.0010247377588798975 0.017195496598067579 -0.10906022072238537 0.048306838443611361 0.0068583286432083697 -0.021907915330147229 -0.016328652724784919 -0.023291731737370914 0.062299653548406719 -0.055927302445814335 0.073853551497897851 -0.15342694128935852 0.091394540614060812 -0.091607316648066484 0.0066216426158976051 -0.0033549579475508177 -0.070861550732945089 0.16575969649096231 0.035740448041815004 0.21479826584349465 -0.093092042814085507 -0.16013121058730256 0.22823665447774069 -0.091207384678919853 0.17389968742938414 -0.11665344922599269 -0.11831021579964979 -0.052261344582315475 0.26848345193548584 -0.048852290911599996 0.022508621655315871 0.11629022696931086 0.065020532732714117 0.077112815364515822 0.095570162560645044 0.072431234296377309 0.093064962794763312 0.19184119726935056 -0.034711141854694136 -0.14720069738525537 -0.11868032378455003 0.027256322320535216 -0.10717562415856541 -0.016066824231068411 -0.01703624700590985 -0.13576350759637232 0.056352965480524132 -0.05662479455419276 -0.090390351675541228 -0.081815508988174593 0.079257444973752311 -0.091176409665310737 0.087845705959768303 -0.061553974847520204 0.21716332624652496 0.037300378067108494 0.15641684356180707 0.05464966376195371 0.03591059969799517 0.026693781199866873 0.003228585193947016 0.036726789783301697 -0.063150895107377578
leaf_weight=4494 9141 390 3055 999 24667 18221 3660 1612 277 207 205 208 696 2758 214 281 296 461 401 230 265 200 574 323 250 289 314 200 297 209 325 217 317 523 328 401 225 347 309 200 876 330 3129 2456 215 5244 1981 205 203 223 201 387 392 200 254 211 398 2577 2547 1532 4733 1200
leaf_count=4494 9141 390 3055 999 24667 18221 3660 1612 277 207 205 208 696 2758 214 281 296 461 401 230 265 200 574 323 250 289 314 200 297 209 325 217 317 523 328 401 225 347 309 200 876 330 3129 2456 215 5244 1981 205 203 223 201 387 392 200 254 211 398 2577 2547 1532 4733 1200
internal_value=0.000179481 0.0165746 0.00988979 0.0315973 -0.0142775 -0.00605721 0.0091058 0.0227629 0.0062202 0.0191149 0.0270532 -0.0243617 -0.0419773 0.000159685 -0.00568251 0.0724558 0.0440421 0.0867318 0.0179386 0.0568014 0.00805412 0.0180576 -0.00197079 0.0714827 -0.00317176 0.0145392 0.0602353 0.0992388 0.0509822 0.12342 0.0319975 -0.0657592 -0.0150209 0.0400215 -0.0145619 0.0237556 0.0705223 0.0338219 -0.0884609 -0.0336609 -0.0144862 -0.00311935 -0.0264011 0.00299394 -0.0266403 0.0519892 -0.0236269 0.00488298 -0.00597598 -0.0209984 0.0101391 0.0166412 0.0103698 0.144636 -0.0247271 0.0602514 0.00925655 0.013742 0.0131017 -0.0163852 0.0195774 -0.00208871
internal_weight=108080 50645 35050 15595 57435 30564 12343 8683 31995 10229 8650 1579 1371 21766 17447 1445 1038 757 7205 1460 5745 5060 3681 1379 1059 3107 1220 906 706 409 809 685 1887 1056 533 4319 973 748 523 1570 1281 16924 3519 13405 2671 6454 26871 1081 420 24890 3346 3145 10734 407 484 5455 675 7071 10342 1862 8480 3747
internal_count=108080 50645 35050 15595 57435 30564 12343 8683 31995 10229 8650 1579 1371 21766 17447 1445 1038 757 7205 1460 5745 5060 3681 1379 1059 3107 1220 906 706 409 809 685 1887 1056 533 4319 973 748 523 1570 1281 16924 3519 13405 2671 6454 26871 1081 420 24890 3346 3145 10734 407 484 5455 675 7071 10342 1862 8480 3747
is_linear=0
shrinkage=0.05


Tree=61
num_leaves=63
num_cat=0
split_feature=0 7 29 20 24 14 26 12 14 32 26 14 14 8 29 14 9 14 14 14 32 14 8 6 32 28 28 14 9 5 29 32 7 10 28 29 14 14 8 18 16 28 14 28 32 29 32 29 14 9 2 28 26 26 8 32 32 28 32 14 10 8
split_gain=8781.8 1810.96 1776.74 1484.99 1291.63 1809.43 2415.13 1241.48 1223.31 1220.58 1646.32 1332.79 1322.13 1379.62 1465.46 1197.26 1159.32 1257.76 1182.81 1261.25 1131.89 1281.1 1116.67 1698.86 1115.98 1108.68 1113 1588.39 1106.5 1103.3 2729.65 1093.35 1707.14 1057.52 1013.29 1000.54 985.394 1040.48 1133.08 910.218 1729.52 879.151 840.834 1329.23 1139.68 903.809 902.7 845.659 825.641 798.808 796.098 790.521 1837.09 1817.71 1359.12 1477.75 1351.48 1073.35 1337.5 2221.33 1412.15 1383.69
threshold=1829.5000000000002 -0.76455262711176375 0.41883445945945952 22.500000000000004 2.5000000000000004 53.250000000000007 2.3128566742373216 43.838055555555563 54.250000000000007 6.4549305555555563 2.4042490502639207 40.250000000000007 52.750000000000007 12.500000000000002 0.54836823020236303 43.250000000000007 7.5000000000000009 42.750000000000007 49.750000000000007 41.750000000000007 8.6107158970062212 44.250000000000007 5.5000000000000009 -4.6676338025282496 1.0000000180025095e-35 0.66291708796764415 0.53587516087516096 41.250000000000007 12.500000000000002 -1.4999999999999998 0.53039541759053965 4.2439889756066238 0.48198464937253749 35.500000000000007 0.5100505050505052 0.5953463203463204 46.250000000000007 47.750000000000007 20.500000000000004 2.5000000000000004 1.0000000180025095e-35 0.52828905249679903 45.250000000000007 0.56988372093023265 6.9276724807276366 0.53141447368421069 8.9101147280392592 0.61589784376104639 41.750000000000007 16.500000000000004 988.50000000000011 0.60150588768115953 2.1633183934170694 2.551814975375406 25.500000000000004 3.719507208659103 1.2900102015022392 0.52690637065637069 1.6911018668831173 46.750000000000007 37.500000000000007 25.500000000000004
decision_type=2 2 2 10 2 2 2 2 2 8 2 2 2 2 2 2 2 2 2 2 8 2 2 2 10 2 2 2 2 2 2 8 2 2 2 2 2 2 2 8 2 2 2 2 10 2 8 2 2 2 2 2 2 2 2 10 10 2 10 2 2 2
left_child=1 -1 -2 39 -3 9 31 -5 -8 11 22 29 13 15 16 28 17 -15 19 33 -12 -22 -11 -24 -20 26 -25 -28 34 30 -6 32 -7 -18 -13 41 -21 38 -38 40 50 -9 43 -29 -44 -46 -45 -47 -36 -39 -4 53 -53 57 55 56 -54 58 59 61 -61 -16
right_child=2 4 3 7 5 6 8 35 -10 10 20 12 -14 14 51 -17 18 -19 24 36 21 -23 23 25 -26 -27 27 42 -30 -31 -32 -33 -34 -35 48 -37 37 49 -40 -41 -42 -43 44 46 45 47 -48 -49 -50 -51 -52 52 54 -55 -56 -57 -58 -59 -60 60 -62 -63
leaf_value=-0.031329887203969085 -0.11375149812731417 -0.020755262360868679 0.058518483194543162 0.0080268536478547408 -0.072034151289483594 0.06814812422186757 0.059652115670585287 0.12063221933777367 -0.084945805625590898 -0.11785781871315659 -0.026457974132818154 -0.10009452007826447 -0.10074117572729786 0.16233027935542432 0.058058756505720413 -0.0016304477462826665 0.011487752922703438 0.04799313848553334 0.030130463811387655 -0.030452750296376438 -0.0038000186525586673 0.15071683036635239 0.078754968178466805 -0.061700826473867681 0.18281557642998389 -0.126006844322166 0.085123611114858069 0.014610389739644118 -0.10187435215439394 -0.05883254343750749 0.16634757790987087 0.026517342788386435 0.23339397541605511 0.15896733881732039 0.096786633303229425 -0.026074810855668679 0.017957743161341883 0.049927755714923763 0.1676664816039718 0.019781422832818123 0.020298289975182703 0.03709576183064027 0.048487218526550899 -0.021555745323633621 -0.13066939068431002 0.05760343105600934 -0.15178755602849248 -0.080156176666070417 -0.023962604822851535 -0.063082400801285146 0.12159761428137761 0.15256854439140263 0.026947130145660293 -0.11850932924843888 -0.053937542443700331 -0.033095373828871198 0.17403764911937369 -0.018414889091457078 -0.0080681751250524011 -0.082321516877426365 0.059429476783217895 0.18769011190189333
leaf_weight=11335 265 15514 1378 34766 289 395 235 343 384 386 423 257 299 311 551 3864 251 1057 297 1548 240 303 336 1744 200 328 374 356 672 1588 204 373 259 235 215 579 289 283 224 6367 2470 3769 627 202 211 243 391 204 410 347 788 265 359 339 537 384 276 3882 1946 356 345 329
leaf_count=11335 265 15514 1378 34766 289 395 235 343 384 386 423 257 299 311 551 3864 251 1057 297 1548 240 303 336 1744 200 328 374 356 672 1588 204 373 259 235 215 579 289 283 224 6367 2470 3769 627 202 211 243 391 204 410 347 788 265 359 339 537 384 276 3882 1946 356 345 329
internal_value=-1.37503e-05 -0.0134319 0.0151362 0.0158153 -0.00901495 -0.00302758 0.0479419 0.0112853 -0.0300423 -0.00594452 -0.0252597 -0.000454822 0.00344734 0.00500766 0.0129985 -0.01654 0.0348102 0.074086 0.0201699 0.00893625 0.0348334 0.0825406 -0.0360101 -0.0296894 0.0918169 -0.0374903 -0.0307916 -0.0101066 -0.0535875 -0.038556 0.0267436 0.0949286 0.133846 0.0829799 -0.0167238 0.0354273 -0.00446204 0.0307338 0.0835267 0.0320577 0.0489098 0.0440915 -0.0260802 -0.061748 0.000288712 -0.0456429 -0.107536 -0.00530531 0.0176634 -0.0123188 0.0815125 0.0015032 0.0311375 -0.00546483 0.010372 0.044282 0.0910525 -0.000277161 0.0196857 0.0538306 -0.0125729 0.106681
internal_weight=107997 57272 50725 50460 45937 30423 1646 39457 619 28777 6368 22409 20328 20029 14611 5418 5042 1368 3674 3177 966 543 5402 5016 497 4680 4352 2608 1554 2081 493 1027 654 486 882 4691 2691 1143 513 11003 4636 4112 2234 949 1285 658 593 447 625 630 2166 9569 1821 7748 1556 1019 635 7409 3527 1581 701 880
internal_count=107997 57272 50725 50460 45937 30423 1646 39457 619 28777 6368 22409 20328 20029 14611 5418 5042 1368 3674 3177 966 543 5402 5016 497 4680 4352 2608 1554 2081 493 1027 654 486 882 4691 2691 1143 513 11003 4636 4112 2234 949 1285 658 593 447 625 630 2166 9569 1821 7748 1556 1019 635 7409 3527 1581 701 880
is_linear=0
shrinkage=0.05


Tree=62
num_leaves=63
num_cat=0
split_feature=12 11 32 14 28 30 13 14 30 13 6 14 32 13 13 14 30 9 11 28 13 14 14 30 14 32 14 32 6 8 13 6 6 30 14 14 14 11 32 13 32 13 13 28 31 5 13 13 13 30 14 30 14 11 32 32 26 32 32 9 25 14
split_gain=7370.13 2769.22 2434.27 5001.8 3931.13 3720.22 1894.23 1815.89 1905.32 1752.66 1991.99 3590.51 3615.48 2563.71 1781.11 3190.1 2596.08 2563.07 1726.06 1662.08 1766.76 3044.34 1631.5 9404.37 2078.19 5874.38 3782.26 2970.8 2464.18 2663.2 2046.13 1624.88 1570.95 1537.56 1481.62 4931.87 2569.25 7458.09 2662.39 3937.82 3019.7 2605.6 3156.04 2316.84 4164.56 3455.37 1982.94 1859.4 4078.57 2370.67 1721.48 2114.66 2670.76 2523.39 1850.05 1491.89 2297.72 1450.57 2864.3 2382.64 2358.98 2316.94
threshold=27.498055555555556 0.75000000000000033 6.696107792925015 40.750000000000007 0.51481562774363487 17.500000000000004 -6.7499999999999991 53.750000000000007 16.500000000000004 -11.249999999999998 1.1900046456310627 40.250000000000007 8.9101147280392592 -6.2499999999999991 -9.7499999999999982 43.750000000000007 2.5000000000000004 6.5000000000000009 6.0889583333333341 0.63289561170212771 -7.7499999999999991 46.250000000000007 56.250000000000007 1.0000000180025095e-35 54.250000000000007 4.7676282051282062 53.250000000000007 2.9107822304100401 5.7069645558804156 6.5000000000000009 2.2500000000000004 16.022244940106294 5.9614851800673945 6.5000000000000009 49.250000000000007 50.250000000000007 48.250000000000007 0.53798611111111116 0.51933824078220647 5.7500000000000009 3.5558368324720075 -2.2499999999999996 -3.2499999999999996 0.55220445736434121 1.0000000180025095e-35 1.0000000180025095e-35 4.2500000000000009 2.2500000000000004 -1.7499999999999998 4.5000000000000009 52.250000000000007 6.5000000000000009 51.250000000000007 -1.0178472222222221 5.5459160341698919 3.719507208659103 2.0722385251002229 0.5755360009172209 1.1130772005772009 9.5000000000000018 88.500000000000014 51.250000000000007
decision_type=2 2 8 2 2 10 2 2 10 2 2 2 8 2 2 2 10 2 2 2 2 2 2 8 2 10 2 10 2 2 2 2 2 8 2 2 2 2 8 2 10 2 2 2 2 2 2 2 2 8 2 8 2 2 10 10 2 10 10 2 2 2
left_child=1 9 18 4 -4 -5 7 8 -2 -1 -11 12 -12 14 15 -13 -16 -17 -3 20 21 -18 24 -24 26 28 34 30 29 -26 -28 57 -22 -19 36 46 -8 41 -39 40 -40 42 55 44 45 -37 47 48 49 -36 51 52 53 -45 -53 56 -38 59 -59 61 -61 -15
right_child=6 2 3 5 -6 -7 22 -9 -10 10 11 13 -14 31 16 17 19 33 -20 -21 32 -23 23 -25 25 -27 27 -29 -30 -31 -32 -33 -34 -35 35 43 37 38 39 -41 -42 -43 -44 50 -46 -47 -48 -49 -50 -51 -52 54 -54 -55 -56 -57 -58 58 -60 60 -62 -63
leaf_value=-0.049991881045313519 0.0062390817369376884 0.016648743291831542 -0.062400782418880987 -0.086290661325477247 0.19897332350045335 0.076308062479033004 0.020211856041928211 -0.11935707253579469 -0.10563637401648517 -0.022180171922999495 -0.076990224201726687 -0.059009583807680045 0.11172428553838704 -0.01687575354896138 -0.079959683633538545 0.17568278909971319 -0.15782551956436355 0.082835204763493195 0.14434820303686541 -0.12559484573960136 -0.0096664637203980261 0.060762055445951924 0.33996605939066515 -0.11694596531123601 0.037668760279884084 -0.27272180004325591 -0.042489181425053854 0.2384695876150259 0.16430234972432983 -0.15728595170216136 0.14606769953937024 0.13174085633649779 0.078524894242234328 -0.052584833311176249 -0.049447701735334706 -0.016636437719049334 -0.18110726047754289 0.06196745121353911 0.43639869594127617 0.065121690817750461 0.18728919150021214 -0.13573704690237839 0.16837206254806369 -0.16969403106558836 0.06932425852172884 -0.25129538818051017 0.033228093379648861 -0.22037583401628569 0.0855383526074881 -0.2447702399969689 -0.0090009692916179392 0.24536226714612699 0.12543956002364084 0.072420723086562819 0.052764740155315876 0.07250396279837644 0.036526487456729352 -0.17621487574694172 0.0065311310960036346 0.14903647772100151 0.0407188941283015 0.15008837848942241
leaf_weight=3440 7470 11277 232 2170 376 419 20133 328 400 27951 2394 789 283 2150 2019 389 380 455 270 266 1188 273 230 219 498 225 282 349 204 269 292 300 877 387 319 387 249 392 233 260 259 299 299 208 618 263 307 285 277 303 597 325 492 221 203 261 235 219 8451 672 1991 229
leaf_count=3440 7470 11277 232 2170 376 419 20133 328 400 27951 2394 789 283 2150 2019 389 380 455 270 266 1188 273 230 219 498 225 282 349 204 269 292 300 877 387 319 387 249 392 233 260 259 299 299 208 618 263 307 285 277 303 597 325 492 221 203 261 235 219 8451 672 1991 229
internal_value=-0.000632719 -0.0102893 0.00895685 -0.0296479 0.0992998 -0.0599566 0.0170279 -0.00427082 0.00054021 -0.0154391 -0.0131375 -0.00247775 -0.0570059 0.00446411 -0.0201901 0.0194303 -0.0361878 0.0697128 0.0196469 -0.00655448 0.00513744 -0.0664873 0.0228495 0.117342 0.0214095 -0.0431275 0.0241337 0.123634 0.0102999 -0.030821 0.053519 0.0168217 0.0278081 0.0206049 0.0207806 -0.00443396 0.0261367 0.0740725 0.167827 0.222854 0.305908 -0.00585567 0.0314365 0.0295437 -0.0235502 -0.111823 -0.0799243 -0.109267 -0.0738375 -0.144837 0.0624439 0.0918656 0.0460445 -0.0450899 0.171554 -0.0236736 -0.0755805 0.014298 0.00189527 0.0356205 0.0680982 -0.000747655
internal_weight=108038 69847 14744 3197 608 2589 38191 8198 7870 55103 51663 23712 2677 21035 7023 2020 5003 1231 11547 2984 2718 653 29993 449 29544 1196 28348 923 971 767 574 14012 2065 842 27425 4805 22620 2487 1144 752 492 1343 1044 3314 1268 650 1491 1184 899 622 2046 1449 921 429 528 745 484 13712 8670 5042 2663 2379
internal_count=108038 69847 14744 3197 608 2589 38191 8198 7870 55103 51663 23712 2677 21035 7023 2020 5003 1231 11547 2984 2718 653 29993 449 29544 1196 28348 923 971 767 574 14012 2065 842 27425 4805 22620 2487 1144 752 492 1343 1044 3314 1268 650 1491 1184 899 622 2046 1449 921 429 528 745 484 13712 8670 5042 2663 2379
is_linear=0
shrinkage=0.05


Tree=63
num_leaves=63
num_cat=0
split_feature=12 13 7 30 13 28 13 14 14 7 30 13 24 7 14 30 11 27 14 14 14 14 13 9 29 13 27 7 20 14 13 27 13 30 14 29 30 28 13 14 14 14 28 24 14 9 13 30 30 13 27 7 14 13 13 29 13 13 30 13 27 14
split_gain=7960.07 2218.67 2077.98 1668.62 3392.57 3060.84 2944.87 2542.06 2262.61 5243.67 2212.32 2224.5 2076.23 2338.28 1781.38 2851.77 2396.65 2330.69 2148.73 2002.16 1887.53 3073.14 2217.03 1652.14 1477.27 1475.48 1474.78 2364.46 1457.05 1431.29 1343.03 2956.84 1303.08 2185.18 2026.07 3326.4 2668.66 2095.71 1651.45 1468.16 1518.43 3411.53 2246.17 2795.53 2055.52 1923.79 5176.16 5644.69 1544.31 1425.68 1281.05 1257.46 1213.39 2015.94 10693.3 5620.57 2738.37 1931.23 2436.59 3476.37 3004.23 2371.38
threshold=25.779027777777781 -11.249999999999998 -0.63896143452423371 8.5000000000000018 5.2500000000000009 0.52909799051704687 13.750000000000002 56.750000000000007 53.750000000000007 0.087030099180439399 7.5000000000000009 -8.2499999999999982 2.5000000000000004 0.087030099180439399 54.750000000000007 6.5000000000000009 -2.6385416666666663 1.0383605168650454 54.250000000000007 45.750000000000007 48.250000000000007 45.250000000000007 -2.2499999999999996 7.5000000000000009 0.38130296610169495 9.7500000000000018 0.95385731020248798 -0.067937349088655716 12.500000000000002 45.750000000000007 3.7500000000000004 0.95900282027500383 -1.7499999999999998 17.500000000000004 44.750000000000007 0.59511904761904766 13.500000000000002 0.56960594315245483 2.7500000000000004 39.750000000000007 44.750000000000007 45.250000000000007 0.52828905249679903 2.5000000000000004 42.250000000000007 2.5000000000000004 -3.2499999999999996 11.500000000000002 12.500000000000002 -7.7499999999999991 0.96490364625108882 3.0024232633279486 51.250000000000007 2.2500000000000004 -1.2499999999999998 0.61135912698412709 3.2500000000000004 -11.249999999999998 3.5000000000000004 -14.249999999999998 0.9576706518232968 45.750000000000007
decision_type=2 2 2 10 2 2 2 2 2 2 10 2 2 2 2 10 2 2 2 2 2 2 2 2 2 2 2 2 8 2 2 2 2 10 2 2 10 2 2 2 2 2 2 2 2 2 2 10 10 2 2 2 2 2 2 2 2 2 10 2 2 2
left_child=1 -1 -3 6 8 -6 7 10 30 -10 14 -12 -13 50 15 18 -16 20 52 -19 21 -17 -23 25 -4 -7 -18 -28 -26 -15 32 -32 39 34 37 36 -36 38 -34 -5 42 -42 44 48 -41 46 -43 -48 -44 -47 -14 -30 57 54 -54 56 -55 58 59 -2 -60 -61
right_child=3 2 24 4 5 23 -8 -9 9 -11 11 12 13 29 16 17 26 19 -20 -21 -22 22 -24 -25 28 -27 27 -29 51 -31 31 -33 33 -35 35 -37 -38 -39 -40 40 41 45 43 -45 -46 49 47 -49 -50 -51 -52 -53 53 55 -56 -57 -58 -59 60 61 -62 -63
leaf_value=-0.050337971433372423 0.04942746541518226 -0.026184171522219482 -0.13105662919218297 -0.097941773633245813 -0.054994551009682861 0.17280637605539914 0.21302132449277186 0.15543143734007969 0.062323092107112968 -0.28246057898952415 -0.071285171172238135 -0.0023441975548671315 0.033283693908941835 0.11595795527954698 -0.1980450731893636 0.031789991307797971 -0.11137170917334366 -0.0053929092119742415 0.18229040686793171 -0.19363182857632638 0.10220042885389893 -0.044320120147875508 -0.25025961380721867 0.0018756604083042978 0.026886703879200807 0.025704571902419312 -0.080052364683289037 0.14126340524885514 -0.002812369887559292 0.30026454631154514 0.01433290523150331 -0.23194282004277747 -0.035959627919757133 0.1744833769559884 0.050494443827653425 -0.096029219197798665 0.23637147049637552 -0.10063965642577753 0.1123139618938932 0.034678922578439873 -0.17029961662001469 0.0062603228399034268 0.25210037867318053 0.017920050636849878 -0.14962221075604007 -0.0521692752169493 -0.37555700150766858 -0.010570567618146468 0.061339815408084079 0.065007267931659604 0.13699543108236958 -0.031978211226283776 0.060468904421375064 0.26792158532490695 -0.30106175679237568 -0.10104227833999474 0.081317798229489202 0.021826777218936885 -0.08392990554582816 -0.31068099127479004 0.18461286994935991 -0.071997605298546333
leaf_weight=3274 226 12683 225 463 383 728 203 354 208 233 262 542 734 206 213 814 230 233 212 358 333 356 206 289 3783 223 218 268 41699 219 307 201 444 235 615 253 281 557 324 294 371 1220 227 1473 310 350 215 208 200 997 501 4054 2066 389 226 243 399 19895 213 212 202 205
leaf_count=3274 226 12683 225 463 383 728 203 354 208 233 262 542 734 206 213 814 230 233 212 358 333 356 206 289 3783 223 218 268 41699 219 307 201 444 235 615 253 281 557 324 294 371 1220 227 1473 310 350 215 208 200 997 501 4054 2066 389 226 243 399 19895 213 212 202 205
internal_value=0.00067077 -0.0102224 -0.0081183 0.0175756 0.00142519 0.0684481 0.023675 0.0224092 -0.00947365 -0.120068 0.0208439 0.0662377 0.0826254 0.110353 0.0168062 0.0191674 -0.0512259 -0.0340539 0.0241673 -0.119554 -0.00443406 -0.0302957 -0.120117 0.10659 -0.00351326 0.138376 -0.007334 0.0420295 -0.00293131 0.211412 -0.00435188 -0.0833751 9.90121e-05 0.0291111 0.0152376 0.0637999 0.108987 -0.0268906 0.026658 -0.0123236 -0.00554913 -0.0275049 0.0239202 0.0506167 -0.0600037 -0.00973583 -0.0460375 -0.196532 0.163103 0.0345444 0.075433 -0.00539729 0.022779 0.0508455 0.0247048 0.108878 0.173658 0.0183256 -0.0474704 -0.108364 0.0469121 -0.193796
internal_weight=108065 65718 62444 42347 11609 1623 30738 30535 9986 441 30181 2464 2202 1660 27717 26788 929 2300 24488 591 1709 1376 562 1240 49761 951 716 486 49536 425 9545 508 9037 2709 2474 1149 896 1325 768 6328 5865 3361 2504 1900 604 2990 1643 423 427 1347 1235 45753 24276 3323 2292 1031 788 20953 1058 643 415 417
internal_count=108065 65718 62444 42347 11609 1623 30738 30535 9986 441 30181 2464 2202 1660 27717 26788 929 2300 24488 591 1709 1376 562 1240 49761 951 716 486 49536 425 9545 508 9037 2709 2474 1149 896 1325 768 6328 5865 3361 2504 1900 604 2990 1643 423 427 1347 1235 45753 24276 3323 2292 1031 788 20953 1058 643 415 417
is_linear=0
shrinkage=0.05


Tree=64
num_leaves=63
num_cat=0
split_feature=15 14 14 13 32 32 30 30 30 14 5 7 13 24 13 30 14 13 14 13 32 13 13 14 28 13 14 32 13 29 6 14 13 30 30 30 14 14 14 14 30 13 13 29 9 27 14 14 14 13 13 11 27 6 13 30 32 14 14 13 14 11
split_gain=6100.26 3977.48 2619.89 2843.73 3450.88 3975.65 4809.57 2360.89 7989.16 2639.71 5237.69 3056.59 4497.48 3027.08 2854.68 3698.45 2890.22 3481.49 3116.84 5299.04 2897.42 2752.42 4004.62 2734.89 2728.81 2688.79 4091.97 4415.94 3173.49 2836.24 2609.36 2488.61 6595 2425.96 3549.11 2324.91 3103.17 2292.03 4190.31 2645.47 3109.31 2976.32 4390.9 2654.1 2281.7 2579.39 2260.89 2251.99 3008.17 2235.37 2112.1 2775.85 2646.92 1973.64 1910.79 2500.15 2235.64 1890.19 3908.63 6725.37 1842.09 1934.48
threshold=16.367222222222228 57.750000000000007 54.750000000000007 -6.2499999999999991 4.7676282051282062 3.4039267963487183 1.5000000000000002 24.500000000000004 22.500000000000004 39.750000000000007 -1.4999999999999998 -0.12822470150714424 12.500000000000002 2.5000000000000004 -6.2499999999999991 20.500000000000004 41.250000000000007 -7.7499999999999991 43.750000000000007 -6.7499999999999991 4.0250160462130937 6.2500000000000009 -3.7499999999999996 37.750000000000007 0.57827818627451 4.2500000000000009 49.250000000000007 7.2424801806618175 3.2500000000000004 0.57304369918699194 16.022244940106294 43.250000000000007 -10.249999999999998 1.0000000180025095e-35 5.5000000000000009 1.0000000180025095e-35 38.750000000000007 52.750000000000007 49.250000000000007 50.250000000000007 2.5000000000000004 2.2500000000000004 -3.2499999999999996 0.52094298245614046 6.5000000000000009 0.9285919734530711 51.750000000000007 40.750000000000007 41.750000000000007 -6.7499999999999991 3.2500000000000004 -0.77284722222222213 0.98667147881117667 8.8299679096155881 -10.749999999999998 8.5000000000000018 4.7407620754394957 37.250000000000007 38.750000000000007 -6.2499999999999991 55.250000000000007 0.99840277777777786
decision_type=2 2 2 2 10 8 10 10 10 2 2 2 2 2 2 10 2 2 2 2 8 2 2 2 2 2 2 8 2 2 2 2 2 10 10 8 2 2 2 2 8 2 2 2 2 2 2 2 2 2 2 2 2 2 2 10 10 2 2 2 2 2
left_child=-1 2 7 -4 5 6 60 8 9 10 13 12 47 -2 15 16 17 20 19 31 -13 22 57 -24 30 28 27 -27 -26 -30 37 33 -33 -18 -35 -25 -37 38 -16 43 44 42 -42 -40 45 -41 -46 -11 -49 -20 51 52 -39 54 56 -56 -36 -12 59 -59 -5 -62
right_child=1 -3 3 4 -6 -7 -8 -9 -10 11 21 14 -14 -15 24 -17 18 -19 49 -21 -22 -23 23 35 25 26 -28 -29 29 -31 -32 32 -34 34 53 36 -38 50 39 40 41 -43 -44 -45 46 -47 -48 48 -50 -51 -52 -53 -54 -55 55 -57 -58 58 -60 -61 61 -63
leaf_value=-0.016090005600671715 -0.044260095560397859 0.21923874889337563 -0.19530889771259985 -0.065248887520160045 -0.18057687346067422 0.21419544373248967 -0.20755038026611516 -0.13525355833539496 0.25317011314355548 0.08262812456718889 -0.14541353232643198 -0.11935277458816849 0.19343767072101917 0.13159001453342287 0.020131926105616288 -0.20544604551030232 0.090693107088439195 0.21920632055631051 0.00051556523490072067 -0.25199482927540529 0.13784729184573918 0.10284579811536748 -0.026665697237705073 -0.024861272925619588 0.046263332234076776 0.12935883405672519 0.26416104899124349 -0.11930215989318696 0.050264452225825887 -0.18180595616499584 0.17624160903156275 -0.28851915003458489 0.03189276382371635 -0.20714709022510039 0.15631334976792211 -0.31660326840530773 -0.12920218943474046 0.17656268095820429 -0.266302276494018 0.10212867763814888 -0.024590113429891286 0.041943799082919044 -0.27016495138162472 -0.066579417016396122 0.25672123317069945 -0.10463432862708813 0.02727532414676145 -0.10629460109027014 -0.011177865459643452 0.078125381064098845 -0.01932857936159486 0.25377088320159613 -0.077622362824888977 0.13649745963227292 -0.19893372887917968 0.0041963253419569054 -0.066672406310790064 0.33584948897591277 -0.066654592986878605 -0.058162587548652035 0.21409916319555389 0.011933153699503433
leaf_weight=40627 389 222 288 282 286 202 273 280 335 583 205 229 267 657 20599 220 537 324 7859 290 208 229 468 222 7298 644 341 246 234 299 252 292 355 244 236 372 548 208 203 282 452 423 304 908 215 322 214 892 12026 1051 314 293 200 220 269 345 213 210 555 222 200 288
leaf_count=40627 389 222 288 282 286 202 273 280 335 583 205 229 267 657 20599 220 537 324 7859 290 208 229 468 222 7298 644 341 246 234 299 252 292 355 244 236 372 548 208 203 282 452 423 304 908 215 322 214 892 12026 1051 314 293 200 220 269 345 213 210 555 222 200 288
internal_value=-0.000775993 0.00842171 0.00772431 -0.0514504 -0.0242791 0.0117416 -0.0276357 0.00936583 0.00998779 0.00873036 -0.0302151 0.0113376 -0.00938784 0.0662128 0.0173904 -0.00266417 0.000872283 0.0952769 -0.00516677 -0.0492294 0.00310262 -0.0635033 -0.0771304 -0.128538 0.0249388 0.0484672 0.117136 0.0605711 0.0376591 -0.0800181 0.0164727 -0.0274544 -0.112936 -0.000616957 -0.0327663 -0.170227 -0.205239 0.0148511 0.0117267 -0.0403671 -0.00873654 -0.0641995 -0.123566 -0.103279 0.0545663 -0.00809004 0.142595 -0.013413 -0.0177535 0.00967795 0.0884052 0.136621 0.052077 0.000532811 -0.0277085 -0.0849759 0.0506186 -0.00764556 0.0210871 0.133704 0.0363388 0.0950565
internal_weight=108271 67644 67422 1819 1531 1245 1043 65603 65323 64988 4077 60911 13768 1046 47143 12892 12672 761 11911 3001 437 3031 2802 1610 34251 9062 1231 890 7831 533 25189 2711 647 2064 1527 1142 920 24937 23922 3323 2212 1179 756 1111 1033 604 429 13501 12918 8910 1015 701 408 1283 1063 614 449 1192 987 432 770 488
internal_count=108271 67644 67422 1819 1531 1245 1043 65603 65323 64988 4077 60911 13768 1046 47143 12892 12672 761 11911 3001 437 3031 2802 1610 34251 9062 1231 890 7831 533 25189 2711 647 2064 1527 1142 920 24937 23922 3323 2212 1179 756 1111 1033 604 429 13501 12918 8910 1015 701 408 1283 1063 614 449 1192 987 432 770 488
is_linear=0
shrinkage=0.05


Tree=65
num_leaves=63
num_cat=0
split_feature=12 14 13 30 13 14 30 28 30 14 10 13 29 14 6 28 8 13 11 14 29 13 31 28 13 14 14 11 6 14 14 24 13 26 14 30 31 14 14 30 8 10 8 13 30 28 28 14 30 14 14 30 29 13 12 13 30 13 14 13 14 30
split_gain=6137.16 3273.18 2227.92 3387.14 5108.19 6008.78 6888.15 4419.69 3840.09 3692.43 3141.61 2773.05 3254.21 2894.75 3233.04 2684.58 2570.97 2225.16 3319.41 2556.68 2221.37 1970.98 2449.69 1818.21 1784.45 2006.61 1960.44 3799.79 4707.82 3547.74 4946.67 3164.49 2648.03 7065.68 4419.21 3989.67 3827.06 2643.73 2464.96 2413.83 2394.85 2363.5 2278.68 2285.17 2242.93 2208.2 2161.01 3153.05 2813.45 2138.52 2118.7 2083.35 1898.48 2067.98 1890.52 1855.4 2777.6 2709.42 1778.38 3293.13 1747.3 1707.56
threshold=15.745069444444445 57.750000000000007 1.7500000000000002 11.500000000000002 10.750000000000002 40.750000000000007 17.500000000000004 0.51092928810320126 14.500000000000002 45.250000000000007 19.500000000000004 11.750000000000002 0.62917130144605127 38.250000000000007 11.987012641289391 0.56282894736842115 2.5000000000000004 6.2500000000000009 2.8568055555555563 44.250000000000007 0.63200995807127891 3.7500000000000004 1.0000000180025095e-35 0.62318229715490003 -15.749999999999998 46.250000000000007 45.750000000000007 -1.0000000180025095e-35 7.1929652709055967 41.250000000000007 42.750000000000007 2.5000000000000004 -1.7499999999999998 2.1797537972372019 44.750000000000007 3.5000000000000004 1.0000000180025095e-35 44.750000000000007 43.750000000000007 6.5000000000000009 13.500000000000002 22.500000000000004 7.5000000000000009 -6.7499999999999991 10.500000000000002 0.58562030075187976 0.59842275211127682 46.250000000000007 6.5000000000000009 45.250000000000007 41.250000000000007 1.5000000000000002 0.49043040293040296 -3.2499999999999996 28.600763888888896 -3.2499999999999996 4.5000000000000009 -1.7499999999999998 42.750000000000007 -6.7499999999999991 45.750000000000007 14.500000000000002
decision_type=2 2 2 8 2 2 10 2 8 2 2 2 2 2 2 2 2 2 2 2 2 2 2 2 2 2 2 2 2 2 2 2 2 2 2 8 2 2 2 10 2 2 2 2 10 2 2 2 10 2 2 10 2 2 2 2 8 2 2 2 2 10
left_child=-1 2 20 11 5 7 10 -5 -9 -8 17 12 13 -4 -15 -12 -13 18 19 -7 24 22 -14 -22 25 -2 27 32 29 -29 -31 42 34 35 36 -34 40 -32 58 -35 -26 -42 55 -44 51 -36 -33 -48 -49 -47 -37 54 -43 -54 -45 -28 -57 -58 -38 -60 -19 -50
right_child=1 -3 3 4 -6 6 9 8 -10 -11 15 16 21 14 -16 -17 -18 60 -20 -21 23 -23 -24 -25 26 -27 31 28 -30 30 37 46 33 39 45 50 38 -39 -40 -41 41 52 43 44 -46 49 47 48 61 -51 -52 -53 53 -55 -56 56 57 -59 59 -61 -62 -63
leaf_value=-0.015171479509575198 -0.010567224540586128 0.20300772498712083 -0.10652460614642636 -0.074730002481320057 -0.25484902250373043 -0.099693997638180043 0.016808739424779801 0.33856343842664383 0.082569225035922636 0.28997824132330557 -0.1999381211565873 0.23106171014138038 -0.19106805015141562 0.034954917623985102 0.1916715849769918 -0.036065382557146052 0.041277482115769204 0.16971257971681036 -0.14024940007217399 0.053679265647302514 0.073683117719943445 0.016980104718822987 0.0033407929012573218 -0.07237012342351383 0.0034698534351010795 -0.17019703170983122 -0.018290989223049222 -0.17307041256345523 -0.28923885764239671 0.17912976718179777 -0.11329062167692744 0.013976082870861087 0.34614081963219429 0.02699829216794547 -0.03836052157517459 0.18731927805181062 -0.042195599498254188 0.088191409417976666 0.036811033764714167 -0.15841180397472421 0.10706296513229011 0.15459707390235844 -0.057551418414322146 0.034769970546735245 0.19577832565678716 -0.21611899656436392 0.21927740020163383 0.079505145309799991 -0.041718435745141072 -0.046683687720979965 -0.0070267629965475066 -0.032728935550109382 -0.037662539811402114 0.11147675269614843 0.20176210033052877 -0.17911484063051544 -0.13723250827331909 0.083549463709246666 -0.0080453288880644059 -0.22310604749238927 -0.0081072089039483097 0.11626193354224286
leaf_weight=39386 512 217 351 215 210 418 264 250 354 232 569 331 378 14139 336 446 387 228 656 772 1690 603 283 243 9982 319 1649 410 230 283 635 12734 219 413 2272 293 1641 218 678 304 1246 211 846 719 207 400 278 2098 1032 349 268 882 1095 294 221 569 265 290 300 437 348 204
leaf_count=39386 512 217 351 215 210 418 264 250 354 232 569 331 378 14139 336 446 387 228 656 772 1690 603 283 243 9982 319 1649 410 230 283 635 12734 219 413 2272 293 1641 218 678 304 1246 211 846 719 207 400 278 2098 1032 349 268 882 1095 294 221 569 265 290 300 437 348 204
internal_value=0.00057293 0.00957015 0.00895626 0.0221763 -0.0141199 -0.00343019 -0.0290934 0.119695 0.188912 0.144908 -0.0542387 0.0328917 0.0285967 0.0351628 0.0386057 -0.128037 0.128968 -0.0232715 -0.0500387 -0.000233176 0.00282415 -0.0483874 -0.107955 0.0552946 0.000569218 -0.071976 0.0019356 -0.00855394 -0.0786788 -0.0471868 -0.00164122 0.0125128 -0.00244599 0.061545 -0.00751613 0.165599 0.0030278 -0.0617552 -0.0472465 -0.0517247 0.0150073 0.0554582 -0.0197495 0.0114401 0.0402206 -0.0629373 0.0236608 0.0577908 0.0442638 -0.137337 0.0946293 0.0224498 0.0152293 -0.00603777 0.0742036 -0.0520788 -0.101588 -0.0219262 -0.0712179 -0.135694 0.0624519 -0.0155711
internal_weight=108309 68923 68706 21770 4962 4752 3933 819 604 496 3437 16808 16090 14826 14475 1015 718 2422 1846 1190 46936 1264 661 1933 45003 831 44172 22178 1776 1546 1136 21994 20402 1497 18905 780 15884 853 3056 717 12828 2846 5648 2875 2029 3021 16346 3612 3334 749 561 1822 1600 1389 940 2773 1124 555 2378 737 576 1236
internal_count=108309 68923 68706 21770 4962 4752 3933 819 604 496 3437 16808 16090 14826 14475 1015 718 2422 1846 1190 46936 1264 661 1933 45003 831 44172 22178 1776 1546 1136 21994 20402 1497 18905 780 15884 853 3056 717 12828 2846 5648 2875 2029 3021 16346 3612 3334 749 561 1822 1600 1389 940 2773 1124 555 2378 737 576 1236
is_linear=0
shrinkage=0.05


Tree=66
num_leaves=63
num_cat=0
split_feature=15 11 29 30 28 7 13 14 32 30 14 29 30 28 30 8 11 14 14 30 6 14 32 30 29 7 16 20 18 20 14 13 13 32 13 32 30 28 6 8 28 26 32 6 32 32 6 6 14 6 11 6 13 29 29 10 32 6 30 14 28 13
split_gain=5788.05 2201.25 2181.63 1563.89 1823.31 1507.4 1517.38 1795.91 3308.56 1645.56 1650.57 3240.77 1655.81 1625.65 1498.34 1771.97 1451.38 1418.46 4228.75 3286.11 1582.63 1562.64 1799.53 1368.4 1346.45 1300.82 1265.27 1674.57 1276.49 1698.9 1223.82 2350.38 2063.28 1932.84 1683.47 1617.13 1223.68 1147.06 2427.39 2171.79 1123.27 1698.41 2586.68 1918.48 1739.38 1904.66 1732.67 1500.38 2319.84 2927.11 2200.39 2815.71 2515.12 2335.43 2228.26 1825.95 1626.45 4356.39 2140.66 2189.89 1725.16 1332.66
threshold=28.799166666666668 0.75000000000000033 0.62202212138400459 29.000000000000004 0.53587516087516096 -0.46661482633488849 -10.749999999999998 40.250000000000007 10.158713939989974 7.5000000000000009 38.750000000000007 0.58478359564164661 6.5000000000000009 0.50633012820512835 9.5000000000000018 13.500000000000002 -1.0492361111111108 46.250000000000007 45.750000000000007 2.5000000000000004 8.9889129239636443 51.250000000000007 7.2424801806618175 20.500000000000004 0.42695630081300817 0.46669547680783641 1.0000000180025095e-35 10.500000000000002 3.5000000000000004 57.500000000000007 45.250000000000007 4.2500000000000009 6.2500000000000009 3.4929282029687339 3.2500000000000004 5.7382789855072476 1.5000000000000002 0.47424845269672861 11.725447145433142 8.5000000000000018 0.59842275211127682 2.1695388577553927 3.6338818444689065 -4.6676338025282496 8.6973665434507073 7.5759836624562658 2.3487289615752043 1.1900046456310627 47.750000000000007 7.4647598010994294 -0.3634722222222222 7.7696971911682207 -2.7499999999999996 0.62294197031039145 0.55150848999393587 7.5000000000000009 1.1492362904944662 11.725447145433142 13.500000000000002 41.250000000000007 0.58487288135593229 -8.7499999999999982
decision_type=2 2 2 8 2 2 2 2 8 10 2 2 10 2 10 2 2 2 2 10 2 2 8 10 2 2 2 8 8 10 2 2 2 8 2 8 10 2 2 2 2 2 8 2 10 10 2 2 2 2 2 2 2 2 2 2 10 2 10 2 2 2
left_child=1 5 3 -3 -5 -1 17 8 9 10 11 -8 -12 -10 16 -16 -11 18 19 -7 -21 22 -19 24 -9 -17 27 -2 29 -29 33 34 -33 36 -32 -34 -4 38 39 -26 47 42 46 -43 45 -45 -42 55 50 -50 52 -52 53 56 -54 -39 57 61 59 -58 -61 -49
right_child=26 2 30 4 -6 6 7 23 13 14 12 -13 -14 -15 15 25 -18 21 -20 20 -22 -23 -24 -25 37 -27 -28 28 -30 -31 31 32 35 -35 -36 -37 -38 40 -40 -41 41 43 -44 44 -46 -47 -48 48 49 -51 51 -53 54 -55 -56 -57 58 -59 -60 60 -62 -63
leaf_value=-0.028467579224294461 0.092212477545988311 0.019701348199212394 0.034652189685649586 -0.15747854838446873 0.0058380704145919492 -0.14252019909860222 -0.021498389616595257 -0.097230933121136842 -0.0075569158301509003 -0.22258371135333729 -0.077929491530718861 0.19676416261990867 0.06348751044549282 0.1763716340057698 -0.11064731514235837 0.094426811136695196 -0.073316767105208222 -0.12664937967623932 0.19280570292979615 -0.028036979406481373 0.084717218401095848 0.049115296639951962 0.036929891839863199 -0.07694745126263812 0.12675135909305074 -0.050971678713962354 0.006872680672837971 0.050169186799287738 -0.0011683609161330481 0.013490111452600104 -0.059374923711470899 0.11071411043748447 0.0011053403580462086 0.10415503439453236 -0.23304426084993587 -0.17808427999064846 -0.13196953009246801 0.072146416494983087 0.1813424222318766 0.00065712520081274495 0.055702549258998035 0.12154466264107107 -0.0054109246551120723 -0.0074716511305976639 0.10988976829085673 -0.15915685865340309 0.19150829969824834 0.032023768041223762 -0.0022284087510905516 -0.093482127863774009 -0.0025088227538631151 -0.14909496100109701 0.17571823630834671 0.10430807812449637 0.034655084468747162 -0.027190189929588028 0.15212893274560724 0.17189850570361101 -0.074962492381954307 0.040689517889390459 -0.080273328236714292 -0.072646208532648249
leaf_weight=12026 901 12913 201 273 454 548 696 356 227 310 1207 224 249 254 626 257 345 1015 221 1377 401 206 201 596 389 380 17327 5821 4324 6899 281 238 337 323 278 200 242 485 239 2745 562 307 892 4473 298 216 404 377 3103 1225 2265 382 507 687 625 9631 393 243 447 2456 334 1561
leaf_count=12026 901 12913 201 273 454 548 696 356 227 310 1207 224 249 254 626 257 345 1015 221 1377 401 206 201 596 389 380 17327 5821 4324 6899 281 238 337 323 278 200 242 485 239 2745 562 307 892 4473 298 216 404 377 3103 1225 2265 382 507 687 625 9631 393 243 447 2456 334 1561
internal_value=-0.000109475 -0.00817231 0.00837838 0.0156829 -0.055622 -0.0127453 -0.00853759 -0.00567766 -0.034496 -0.0484294 -0.0206055 0.0317997 -0.0537179 0.089734 -0.0828687 -0.0509762 -0.144194 -0.0380525 -0.0157062 -0.0355918 -0.00257371 -0.0780387 -0.0996022 -0.00187529 -0.000616408 0.00774594 0.0165106 0.0258157 0.0223006 0.030278 -0.0390511 -0.0679579 -0.0115472 0.0113134 -0.146005 -0.0658389 -0.0564614 0.000362171 0.0280853 0.0163437 -0.00257245 0.0148773 0.0559922 0.000439583 -0.00703853 -0.0144915 0.112638 -0.0076212 0.00263053 -0.0280726 0.0155621 -0.0237116 0.0291883 0.0171991 0.0979338 -0.0224209 0.00688455 -0.0272343 0.0273859 0.0417781 0.0261851 -0.0522787
internal_weight=107980 72708 15740 13640 727 56968 44942 40973 4775 4294 2376 920 1456 481 1918 1263 655 3969 2547 2326 1778 1422 1216 36198 35602 637 35272 17945 17044 12720 2100 1334 775 766 559 537 443 35246 3373 3134 31873 7152 1858 5294 4987 4689 966 24721 14605 4328 10277 2647 7630 6498 1132 10116 5811 2181 3630 3183 2790 1938
internal_count=107980 72708 15740 13640 727 56968 44942 40973 4775 4294 2376 920 1456 481 1918 1263 655 3969 2547 2326 1778 1422 1216 36198 35602 637 35272 17945 17044 12720 2100 1334 775 766 559 537 443 35246 3373 3134 31873 7152 1858 5294 4987 4689 966 24721 14605 4328 10277 2647 7630 6498 1132 10116 5811 2181 3630 3183 2790 1938
is_linear=0
shrinkage=0.05


Tree=67
num_leaves=63
num_cat=0
split_feature=12 5 13 25 20 14 28 14 14 5 13 14 13 20 17 32 14 14 28 22 30 11 5 14 14 30 14 30 14 32 14 11 6 5 14 13 30 29 28 6 13 28 13 29 10 32 14 32 13 13 14 13 32 13 11 32 14 29 28 30 6 32
split_gain=5349.81 1868.62 1785.45 1613.44 1496.41 1493.92 1373.04 1985.61 1695.36 1527.73 3024.52 1610.11 1429.96 1372.81 1428.05 1302.93 1249.97 1208.55 1188.15 1151.98 1128.62 1325.76 1229.43 1078.85 4203.99 2245.73 1445.42 1641.14 1218.35 1723.32 1076.84 1135 1070.55 1579.72 1240.17 1347.7 1284.62 1128.07 1106.52 1035.04 1034.25 1016.93 984.48 1089.92 1031.81 983.975 2884.44 2365.4 3002.13 2262.61 1668.57 2397.03 3110.93 1386.62 1846 3712.8 1359.74 2436.14 1357.9 1255.52 1253.29 1026.55
threshold=29.991666666666671 -16.499999999999996 -11.249999999999998 122.50000000000001 20.500000000000004 39.250000000000007 0.59872482131254079 43.250000000000007 42.750000000000007 11.500000000000002 -1.2499999999999998 43.750000000000007 13.250000000000002 22.500000000000004 1.0000000180025095e-35 2.4146062271062276 41.750000000000007 50.750000000000007 0.58098171701112888 1.5000000000000002 11.500000000000002 0.99840277777777786 -23.499999999999996 46.250000000000007 45.750000000000007 2.5000000000000004 44.750000000000007 4.5000000000000009 51.250000000000007 7.0723603189007012 43.250000000000007 -4.3047222222222219 -4.6676338025282496 -9.4999999999999982 47.250000000000007 -2.7499999999999996 3.5000000000000004 0.64465757767913778 0.6301041666666668 -4.7902389134255623 -12.749999999999998 0.62440476190476202 -2.7499999999999996 0.63737745098039222 25.500000000000004 1.0983511222175084 54.250000000000007 2.4146062271062276 1.2500000000000002 5.2500000000000009 44.250000000000007 9.7500000000000018 8.5144662458913025 7.2500000000000009 2.2502083333333336 6.8118371456532048 46.750000000000007 0.55345238095238114 0.55930823345492453 13.500000000000002 -5.9659101004535842 4.6714945199366946
decision_type=2 2 2 2 10 2 2 2 2 2 2 2 2 10 2 10 2 2 2 2 8 2 2 2 2 10 2 10 2 8 2 2 2 2 2 2 10 2 2 2 2 2 2 2 2 8 2 8 2 2 2 2 10 2 2 8 2 2 2 8 2 10
left_child=1 5 23 4 -4 -1 12 8 -8 11 17 -9 -6 14 41 -10 -7 -11 20 42 21 -18 -23 24 25 -3 27 -27 29 40 31 -29 33 -13 35 36 -34 -36 -38 -16 -25 -2 43 44 -15 60 47 48 -47 -50 -49 52 53 54 59 56 58 -58 -56 61 -44 -52
right_child=13 2 3 -5 6 16 7 9 15 10 -12 32 -14 19 39 -17 18 -19 -20 -21 -22 22 -24 28 -26 26 -28 30 -30 -31 -32 -33 34 -35 37 -37 38 -39 -40 -41 -42 -43 45 -45 -46 46 -48 50 49 -51 51 -53 -54 -55 55 -57 57 -59 -60 -61 -62 -63
leaf_value=0.087466589606450998 0.010836318783383179 -0.1360379609021489 0.01553412220084067 -0.020406338185312959 -0.00968265284225827 -0.1084287224632053 -0.0043654846960318756 0.14478747040613907 -0.20033618133905545 0.0025986909666663094 0.23710474356143307 0.020150177317912212 0.097507656630199807 -0.00056451333011044191 0.0028067966528947021 -0.027744889493272487 -0.025186855163305367 0.1338525860517765 -0.054218609603998894 -0.083523828760261029 -0.10514143170325257 -0.030073395396875976 0.11558053505167627 -0.093776106686199762 0.17772886759800013 0.12082164243384318 -0.12891561540229055 0.054682553297675712 0.038581101120551034 0.036592542202871982 -0.11333077317180713 -0.058302410691740171 -0.16080409474886045 0.1660680103541485 0.030204768836726459 0.020184891933702702 0.026531499857927063 -0.093238794959915605 -0.1120812701640249 0.080324444715949517 -0.21690686211788043 0.10635253999419388 -0.02111702206652431 0.11751127242224246 0.10515470331891422 -0.17773891144948883 -0.16128925402765668 -0.0008601361179371485 0.056485300547492026 -0.10691946052980644 0.082055320883503757 -0.079696128081552853 0.19127017882737249 0.15810601668204163 0.062167325290601427 -0.14433717530005236 0.23087010694232155 0.020790314402951302 -0.11854541046871535 0.15044689245556064 0.055298317806948383 -0.0073949038205990709
leaf_weight=232 3760 483 12119 11723 34220 621 1316 230 228 659 240 765 313 12907 538 210 916 238 2614 315 228 215 441 721 243 253 231 509 201 205 241 393 302 244 2211 591 330 201 254 2158 224 300 638 204 234 318 230 2744 611 323 838 330 406 250 204 362 200 441 210 382 3359 519
leaf_count=232 3760 483 12119 11723 34220 621 1316 230 228 659 240 765 313 12907 538 210 916 238 2614 315 228 215 441 721 243 253 231 509 201 205 241 393 302 244 2211 591 330 201 254 2158 224 300 638 204 234 318 230 2744 611 323 838 330 406 250 204 362 200 441 210 382 3359 519
internal_value=-0.000284157 -0.00761847 -0.00546008 -0.003575 3.44213e-05 -0.0363378 -0.00438022 0.014257 -0.0327524 0.0274212 0.0798314 0.0157874 -0.00870831 0.0165775 0.0366584 -0.117839 -0.0420586 0.0375344 -0.0326987 0.0113633 -0.0014342 0.0136646 0.0678702 -0.03924 -0.0187788 -0.0414833 -0.0133469 0.00585512 -0.0748365 -0.0946762 -0.0196758 0.00544513 0.00970146 0.055566 -0.00220932 -0.0382767 -0.0772519 0.0198834 -0.0338441 0.0648622 -0.123161 0.0179186 0.0125291 0.00311063 0.00132587 0.022693 0.0129422 0.0178856 -0.0453086 -7.79693e-05 0.0293803 0.0494095 0.0606039 0.0449768 0.0359681 -0.0063956 0.0410279 0.0865953 -0.0295633 0.0704714 0.0430987 0.0478638
internal_weight=108146 75365 70098 66394 54671 5267 42552 8019 1754 6265 1137 5128 34533 32781 6756 438 5035 897 4414 26025 1800 1572 656 3704 2353 2110 1627 1396 1351 1150 1143 902 4898 1009 3889 1477 886 2412 584 2696 945 4060 25710 13345 13141 12365 8368 8138 1252 934 6886 4142 3812 3406 3156 1417 1055 641 414 1739 3997 1357
internal_count=108146 75365 70098 66394 54671 5267 42552 8019 1754 6265 1137 5128 34533 32781 6756 438 5035 897 4414 26025 1800 1572 656 3704 2353 2110 1627 1396 1351 1150 1143 902 4898 1009 3889 1477 886 2412 584 2696 945 4060 25710 13345 13141 12365 8368 8138 1252 934 6886 4142 3812 3406 3156 1417 1055 641 414 1739 3997 1357
is_linear=0
shrinkage=0.05


Tree=68
num_leaves=63
num_cat=0
split_feature=13 1 30 30 14 5 29 27 14 30 30 14 30 32 6 29 14 32 30 13 30 13 28 14 16 20 18 32 13 30 14 13 14 6 14 14 30 13 13 13 13 13 29 14 29 26 14 14 30 26 29 13 13 27 8 9 13 10 13 14 27 32
split_gain=4785.87 4079.14 1896.28 4879.25 1983.2 3153.65 2511.12 2101.23 1799.07 5566.93 3407.21 2730.9 2755.8 2118.29 1885.57 1531.42 1530.4 2999.69 4314.57 4449.61 2951.38 2096.09 1639.5 1504.79 1467.23 1615.38 2038.43 1459 1453.93 1623.31 1336.46 2632.54 1709.26 1597.94 2541.6 2440.72 1994.85 1899.89 1560.49 11208.3 4721.18 3900.08 2579.07 1638.83 1548.88 1478.15 2524.26 2002.56 2013.24 3144.57 1641.01 1463.84 1806.8 1399.13 1392.62 1350.33 1312.51 1653.17 1278.68 4469.57 3274.7 2508.99
threshold=14.750000000000002 42.772654416550544 24.500000000000004 22.500000000000004 39.750000000000007 -1.4999999999999998 0.56047544409613381 1.1180801042629851 40.750000000000007 10.500000000000002 8.5000000000000018 40.250000000000007 16.500000000000004 5.8681222251052301 -11.278297716359225 0.50819892473118289 38.750000000000007 5.8340857198141114 7.5000000000000009 -1.2499999999999998 10.500000000000002 -3.2499999999999996 0.53039541759053965 56.750000000000007 1.0000000180025095e-35 63.500000000000007 3.5000000000000004 3.2311299055528422 -15.749999999999998 3.5000000000000004 54.750000000000007 -3.7499999999999996 51.250000000000007 -2.6603832220579631 48.750000000000007 43.750000000000007 1.0000000180025095e-35 9.2500000000000018 2.2500000000000004 -2.2499999999999996 -4.2499999999999991 2.7500000000000004 0.54836823020236303 53.250000000000007 0.45095331432644342 1.9384855894496333 47.250000000000007 47.750000000000007 1.5000000000000002 2.1377142824228552 0.5418859649122808 4.2500000000000009 2.7500000000000004 1.0335367636982002 12.500000000000002 7.5000000000000009 -2.7499999999999996 20.500000000000004 3.2500000000000004 42.750000000000007 0.9225512144873832 1.1611497936928974
decision_type=2 2 10 10 2 2 2 2 2 8 10 2 8 8 2 2 2 8 10 2 8 2 2 2 2 8 8 10 2 10 2 2 2 2 2 2 10 2 2 2 2 2 2 2 2 2 2 2 10 2 2 2 2 2 2 2 2 2 2 2 2 10
left_child=1 24 3 4 5 6 -3 16 9 10 15 12 -11 23 -15 -6 17 18 19 -7 22 -19 -18 28 25 26 -1 -24 29 -10 32 -32 33 34 35 53 -36 45 39 40 55 -40 -43 -44 -35 46 50 51 -49 -50 -37 52 56 -30 -42 -34 57 -47 -46 -60 -61 -62
right_child=-2 2 -4 -5 8 7 -8 -9 13 11 -12 -13 -14 14 -16 -17 20 21 -20 -21 -22 -23 27 -25 -26 -27 -28 -29 30 -31 31 -33 38 44 36 37 -38 -39 41 -41 54 42 43 -45 58 47 -48 48 49 -51 -52 -53 -54 -55 -56 -57 -58 -59 59 60 61 -63
leaf_value=0.017234658718727907 0.23059182095099198 0.0064570749709840685 -0.13932778599929993 0.22538799851606708 -0.082965452537891726 0.13636860362574227 0.20878445258863818 -0.20801439151221601 0.015194026708345991 -0.016729587746110369 -0.18921482192210193 0.31668525141477588 0.2271865838048695 -0.13627878512844391 -0.0065446729817400136 0.058953399317531685 0.090108925099553441 -0.0071952514151935702 -0.22962520646432305 -0.1545751713155748 -0.21199776574568108 0.20384060743085125 -0.14416246670503285 0.13426395660090559 -0.018478244004776875 -0.015770709969538162 -0.022796819610130279 0.027813047431593782 -0.015643262484083171 -0.17755008708091752 -0.20239027531534509 0.0024682057149082817 0.033000193063429516 -0.0919046052362541 -0.14639241407366874 0.23120404544125603 -0.014937078043987013 0.16521030304602738 0.29403754640336865 -0.20629886745403089 0.1189455429494581 0.20676148805955272 -0.048193291143835609 0.1011111007794034 0.016466436103572981 -0.020962348257892543 -0.054311560166822814 -0.018979497033611924 -0.0027079442339898343 0.26547080063651401 0.06473804214580596 0.068359206826714966 -0.16541249681041115 -0.11214980221676583 0.25537892813805402 -0.10068371597906529 0.038055713626952779 -0.17216918774719756 0.18508810312132096 -0.037005333082440001 0.13822275978205284 0.018713335063482991
leaf_weight=13163 223 609 212 261 234 319 204 207 231 234 202 224 228 287 10185 995 202 243 263 222 324 227 317 264 26726 12949 4192 201 1610 206 203 678 802 302 525 248 640 236 206 425 744 217 457 306 17718 905 257 333 200 240 368 402 237 489 251 246 647 225 517 1223 757 1045
leaf_count=13163 223 609 212 261 234 319 204 207 231 234 202 224 228 287 10185 995 202 243 263 222 324 227 317 264 26726 12949 4192 201 1610 206 203 678 802 302 525 248 640 236 206 425 744 217 457 306 17718 905 257 333 200 240 368 402 237 489 251 246 647 225 517 1223 757 1045
internal_value=-0.000282469 -0.000762245 0.0095476 0.0101747 0.00905327 -0.0281801 0.0574197 -0.0557533 0.011701 0.0567321 0.000565709 0.173724 0.103875 0.00957343 -0.0101129 0.0318868 -0.0420724 -0.00528106 -0.0639172 0.0169146 -0.0869211 0.094947 -0.0304207 0.0155734 -0.00993861 -0.00240689 0.00756453 -0.0775056 0.0146505 -0.0758627 0.0158279 -0.0449112 0.0174617 0.0134164 -0.00635959 0.0060143 -0.0742514 0.0275958 0.0496923 0.0270218 0.0756361 0.0968057 0.0550893 0.011739 0.020352 0.0195617 0.0771691 0.00377228 0.0737662 0.143842 0.132023 -0.0186435 -0.0360348 -0.0381689 0.153584 0.00155413 -0.0186963 -0.0511955 0.0219508 0.0493729 0.0261244 0.0689667
internal_weight=108013 107790 50760 50548 50287 3338 813 2525 46949 2117 1431 686 462 44832 10472 1229 2318 1274 804 541 1044 470 720 34360 57030 30304 17355 518 34096 437 33659 881 32778 29124 7562 6397 1165 4298 3654 2468 2043 1186 980 763 21562 4062 873 3189 773 440 616 2416 2014 2099 995 1048 1777 1130 21260 3542 3025 1802
internal_count=108013 107790 50760 50548 50287 3338 813 2525 46949 2117 1431 686 462 44832 10472 1229 2318 1274 804 541 1044 470 720 34360 57030 30304 17355 518 34096 437 33659 881 32778 29124 7562 6397 1165 4298 3654 2468 2043 1186 980 763 21562 4062 873 3189 773 440 616 2416 2014 2099 995 1048 1777 1130 21260 3542 3025 1802
is_linear=0
shrinkage=0.05


Tree=69
num_leaves=63
num_cat=0
split_feature=13 14 13 0 30 30 14 13 13 30 30 14 32 13 14 13 29 13 9 14 13 32 27 14 28 32 5 28 13 13 32 31 30 14 32 14 13 13 5 28 9 7 30 32 14 14 14 28 29 28 14 14 14 29 10 28 14 32 32 13 14 13
split_gain=4704.41 4352.17 3883.67 3646.75 1953.49 4960.89 1678.09 4239.35 3635.67 3840.87 4776.88 3675.25 2779.71 2929.19 3360.65 3145.38 2447.59 2367.37 2194.75 1979.4 3668.83 4184.45 3607.88 2363.1 2413.73 1885.75 2069.49 2478.99 1748.57 1550.39 3280.53 2295.21 5399.08 3526.88 3177.04 2741.63 3384.31 2788.34 2424.23 2989.37 2394.94 2298.99 4589.37 3477.09 4721.59 2881.37 2051.8 1951.13 1923.07 1762.46 1533.17 1520.23 1512.15 1433.4 1539.2 1875.76 1419.28 1406.63 1609.69 4181.6 3375.01 2509.07
threshold=14.750000000000002 58.250000000000007 -18.249999999999996 1323.5000000000002 24.500000000000004 22.500000000000004 39.750000000000007 6.7500000000000009 -3.7499999999999996 1.5000000000000002 7.5000000000000009 38.750000000000007 1.0358661372350362 -3.2499999999999996 37.750000000000007 3.2500000000000004 0.54086270871985176 1.0000000180025095e-35 12.500000000000002 54.750000000000007 -6.2499999999999991 4.796771638872614 0.97698421906765975 53.250000000000007 0.60540935672514629 7.5078585311150059 -14.499999999999998 0.53587516087516096 13.750000000000002 1.7500000000000002 10.158713939989974 1.0000000180025095e-35 1.0000000180025095e-35 40.250000000000007 1.0983511222175084 42.750000000000007 6.2500000000000009 7.2500000000000009 6.5000000000000009 0.57613871635610769 2.5000000000000004 0.067834937400068351 7.5000000000000009 6.7340460360381895 45.250000000000007 48.250000000000007 45.750000000000007 0.54884676564156953 0.65775171624713968 0.56377763871506059 45.250000000000007 45.750000000000007 38.750000000000007 0.42695630081300817 31.500000000000004 0.5837719298245615 46.750000000000007 11.434006279573142 8.0726726546698089 -2.7499999999999996 42.750000000000007 -3.7499999999999996
decision_type=2 2 2 2 10 10 2 2 2 8 10 2 8 2 2 2 2 2 2 2 2 10 2 2 2 8 2 2 2 2 10 2 8 2 8 2 2 2 2 2 2 2 10 10 2 2 2 2 2 2 2 2 2 2 2 2 2 10 10 2 2 2
left_child=1 2 -1 -4 5 6 7 8 9 -5 11 16 52 -14 17 -16 -11 -15 19 23 -21 22 -22 28 -25 -20 -27 -28 29 48 31 32 -31 -34 -35 -33 38 -38 39 -37 -40 -36 45 49 -45 46 -43 -48 53 51 -29 -44 -10 -8 57 -56 -39 58 61 60 -60 -55
right_child=-2 -3 3 4 -6 -7 18 -9 12 10 -12 -13 13 14 15 -17 -18 -19 25 20 21 -23 -24 24 -26 26 27 50 -30 30 -32 35 33 34 41 36 37 56 40 -41 -42 42 43 44 -46 -47 47 -49 -50 -51 -52 -53 -54 54 55 -57 -58 -59 59 -61 -62 -63
leaf_value=-0.20202168046186367 0.22430498266188917 0.19988303276813693 -0.01241522199983777 -0.16070166590005192 -0.12201156905697037 0.2017261345731523 -0.1217616024427116 0.17933915265732342 0.10696206035987077 0.11413083696424697 -0.050341646518226604 0.014903498326635196 -0.24761808313663769 0.11803152301721882 -0.18640895118600881 -0.010911457430146917 0.35024794783735058 -0.099840428544031024 -0.0029847000959830373 -0.2274392193995225 -0.069632279160076804 -0.1940324473135821 0.1450559737751291 0.11645549357312837 -0.044895658279180434 -0.19605240120517844 -0.13741728649834159 -0.070719367797071317 -0.11821607963127737 -0.19681515464189178 0.21521682938074937 -0.049185839929472806 0.16912646043522281 0.16589865183147293 0.025982646390566824 0.13303865992559868 -0.13624011305782849 0.16019435254900671 0.31382837299809413 -0.027295471546050318 0.088125347480248514 -0.074321209332766203 0.10155530342147279 -0.17708300149272291 0.12373641831709924 0.047685714281050007 -0.32585505077346644 -0.11452628129990161 0.13891873371884875 0.18387219898590665 0.061689971777462008 -0.053441758364699922 -0.058726884203497323 0.017142293917506712 0.1663922982250392 -0.026809479094496588 -0.022029604692835103 -0.1155556199298698 0.17389972263715314 0.17256903527250697 -0.040271119266589057 -0.012154388906745191
leaf_weight=239 232 269 40820 246 293 325 215 242 278 225 628 359 293 306 725 394 216 209 10910 233 359 232 428 1035 298 241 420 361 252 296 229 461 378 329 5958 962 270 212 269 416 210 740 411 355 205 301 200 243 276 326 551 256 271 16639 325 204 214 235 228 518 934 13031
leaf_count=239 232 269 40820 246 293 325 215 242 278 225 628 359 293 306 725 394 216 209 10910 233 359 232 428 1035 298 241 420 361 252 296 229 461 378 329 5958 962 270 212 269 416 210 740 411 355 205 301 200 243 276 326 551 256 271 16639 325 204 214 235 228 518 934 13031
internal_value=-0.000121738 -0.000608146 -0.00111294 -0.00066228 0.00658748 0.00716124 0.00619364 -0.023656 -0.0355337 0.0213758 0.0528326 0.133786 -0.0740027 -0.102268 -0.0760696 -0.124681 0.230311 0.0295914 0.00833733 0.0131333 -0.0488978 -0.00789036 0.0471591 0.0147717 0.0803779 -0.0103661 -0.0615279 -0.0370594 0.0128728 0.013596 0.0280239 0.0247132 0.0131804 0.0196068 0.0135277 0.0629526 0.083213 -0.0108121 0.11844 0.0846512 0.215267 0.00793675 -0.0274627 0.032613 -0.0669373 -0.0903113 -0.125434 -0.210453 0.00773604 0.0887651 0.00925789 0.0420752 0.0252158 0.00661185 0.00747506 0.0919773 0.0688174 0.00605691 0.00697217 0.0545704 0.00186547 0.00427528
internal_weight=107736 107504 107235 106996 66176 65883 65558 4392 4150 1674 1428 800 2476 1927 1634 1119 441 515 61166 48683 1252 1019 787 47431 1333 12483 1573 1332 46098 45846 13241 13012 9998 9702 9324 3014 2553 696 1857 1378 479 8995 3037 1553 560 1484 1183 443 32605 993 912 667 549 32329 32114 529 426 31585 31350 1680 1162 29670
internal_count=107736 107504 107235 106996 66176 65883 65558 4392 4150 1674 1428 800 2476 1927 1634 1119 441 515 61166 48683 1252 1019 787 47431 1333 12483 1573 1332 46098 45846 13241 13012 9998 9702 9324 3014 2553 696 1857 1378 479 8995 3037 1553 560 1484 1183 443 32605 993 912 667 549 32329 32114 529 426 31585 31350 1680 1162 29670
is_linear=0
shrinkage=0.05


Tree=70
num_leaves=63
num_cat=0
split_feature=12 13 7 29 26 13 13 20 16 19 32 32 14 14 20 5 29 2 10 17 9 8 13 26 22 29 14 28 5 8 13 13 32 16 13 6 29 22 14 26 13 14 29 14 13 7 14 32 29 14 28 14 9 14 29 7 26 17 32 14 5 9
split_gain=3933.09 1407.28 1472.07 1265.28 1260.43 1232.26 1650.79 1182.52 1378.54 1674.87 1171.99 1617.35 1154.64 1314.48 1107.18 852.415 847.21 837.408 871.547 800.173 848.214 775.957 1365.79 1287 1023.44 1001.41 1293.4 1530.04 1220.17 1093.48 931.119 1283.93 936.984 900.155 790.749 1141.21 2021.49 949.585 1353.6 1656.71 1705.95 2175.12 1595.22 1229.5 1164.11 1395.76 887.92 769.71 760.411 968.086 939.887 781.491 747.521 883.857 979.944 736.863 735.381 714.256 708.385 795.777 699.434 649.989
threshold=27.134861111111118 -11.249999999999998 -0.63896143452423371 0.38130296610169495 2.3058153196421345 -11.249999999999998 -12.749999999999998 47.500000000000007 1.0000000180025095e-35 1.0000000180025095e-35 2.7413983585858595 1.1611497936928974 43.250000000000007 45.250000000000007 27.500000000000004 -28.499999999999996 0.4700746268656717 1463.5000000000002 1.0000000180025095e-35 1.0000000180025095e-35 7.5000000000000009 10.500000000000002 -9.7499999999999982 2.0552200847873778 1.5000000000000002 0.620426149040607 49.750000000000007 0.56440092165898637 9.5000000000000018 5.5000000000000009 -6.7499999999999991 2.7500000000000004 2.7413983585858595 1.0000000180025095e-35 -5.7499999999999991 -6.2053404418188718 0.4950490196078432 -1.0000000180025095e-35 51.250000000000007 2.1235387265921624 -9.7499999999999982 47.250000000000007 0.54640396210163666 46.750000000000007 -6.7499999999999991 -0.085156713195950071 51.250000000000007 6.1444878472222229 0.53892496392496403 43.250000000000007 0.52146697388632879 45.750000000000007 13.500000000000002 46.250000000000007 0.55491155186277152 1.7185635441527449 2.6127627912764675 1.0000000180025095e-35 3.7462331495098042 50.250000000000007 10.500000000000002 2.5000000000000004
decision_type=2 2 2 2 2 2 2 10 2 2 8 10 2 2 10 2 2 2 2 2 2 2 2 2 2 2 2 2 2 2 2 2 10 2 2 2 2 2 2 2 2 2 2 2 2 2 2 8 2 2 2 2 2 2 2 2 2 2 8 2 2 2
left_child=1 4 15 -4 48 6 10 8 9 57 11 -2 -12 -14 19 16 -3 21 58 -7 -21 24 -23 33 25 28 27 29 34 -27 -25 32 -32 -24 37 36 -36 43 39 44 -41 42 -42 -16 45 -39 -38 61 49 -1 -50 -51 53 54 -6 -10 -17 -5 -19 -60 -34 -47
right_child=5 2 3 7 52 14 -8 -9 55 -11 12 -13 13 -15 17 56 -18 18 -20 20 -22 22 23 30 -26 26 -28 -29 -30 -31 31 -33 60 -35 35 -37 46 38 -40 40 41 -43 -44 -45 -46 47 -48 -49 50 51 -52 -53 -54 -55 -56 -57 -58 -59 59 -61 -62 -63
leaf_value=0.03876005391179884 -0.0063705553796063082 -0.0064986531680280516 -0.11882027327425747 0.0099849330905045844 0.012757989790996696 0.017150641738123484 -0.11951905082608145 -0.0091965486914960242 -0.0023755857484699136 0.028599636861384781 0.043885470749904412 0.16480301195891892 -0.17787964653082511 -0.026974445867934516 -0.15974627933629296 -0.015963033550577124 -0.11959412075925913 0.032150517894708117 0.061674105883674439 0.057613850226594966 -0.0081365382322871656 0.1509448488671068 0.010639775421143702 -0.042403221352229264 -0.079431842063146338 -0.036443801379251871 -0.038993781804754518 0.16164114565519033 -0.07806361418524739 0.10381140633234903 0.12814445885860673 -0.027499380435771738 0.1008229840377515 -0.088485865536424513 0.1109606561422648 0.014694894508394977 -0.060079338210825943 0.090599164823916833 -0.10026807918442859 -0.06086547045767729 0.12464249262144578 0.20914402191973447 -0.027920330007844191 -0.0078255204763263472 -0.10436751978719294 -0.053964647887851637 0.036672575780519134 -0.11630563927607405 -0.027936122669156512 -0.12315540783156786 -0.11829307968447243 -0.013803989536707448 -0.062622486085150461 -0.033056341284844144 0.15416526931905894 -0.039495501214105659 -0.097668351306652676 -0.024779469300549112 -0.011292843436810793 0.073461392934664707 -0.01314130152566481 0.045014730720419983
leaf_weight=353 422 274 230 3394 305 5208 380 25746 9767 9473 296 204 210 458 254 11840 418 3257 1276 3170 580 210 598 260 390 309 327 334 496 251 599 325 241 370 235 9956 1498 285 354 282 290 239 416 279 398 367 281 224 447 300 811 358 313 355 204 1548 281 2615 2529 310 303 301
leaf_count=353 422 274 230 3394 305 5208 380 25746 9767 9473 296 204 210 458 254 11840 418 3257 1276 3170 580 210 598 260 390 309 327 334 496 251 599 325 241 370 235 9956 1498 285 354 282 290 239 416 279 398 367 281 224 447 300 811 358 313 355 204 1548 281 2615 2529 310 303 301
internal_value=-0.000216335 -0.00738546 -0.00574875 -0.00205756 -0.0385255 0.0124824 -0.026041 -0.00154419 0.0058081 0.0155027 -0.00363923 0.0495851 -0.0382175 -0.0746097 0.014534 -0.0209504 -0.0748875 0.00964516 0.0241123 0.0298364 0.047445 0.00448501 0.0284325 0.0188372 0.000566522 0.00236653 0.0460088 0.0771091 -0.000934605 0.0264936 0.0446841 0.0601267 0.0850445 -0.0273014 0.00151329 0.00775094 -0.026566 -0.0187231 -0.00828696 0.00336541 0.0469038 0.0790938 0.0348348 -0.0803866 -0.0305613 -0.00553646 -0.044785 -0.0363195 -0.0602968 -0.0279687 -0.0862346 -0.0637715 0.00346036 0.0274448 0.0696232 -0.00745699 -0.0178651 -0.00514546 0.0162411 -0.00201563 0.0374389 -0.00936404
internal_weight=108004 69032 65586 52773 3446 38972 1970 52543 26797 15482 1590 626 964 668 37002 12813 692 28044 7372 8958 3750 20672 2906 2696 17766 17376 1221 894 16155 560 1728 1468 1143 968 15659 11970 2014 3689 3156 2802 1227 945 706 533 1575 1177 1779 892 2269 1011 1258 658 1177 864 509 11315 12121 6009 6096 2839 544 668
internal_count=108004 69032 65586 52773 3446 38972 1970 52543 26797 15482 1590 626 964 668 37002 12813 692 28044 7372 8958 3750 20672 2906 2696 17766 17376 1221 894 16155 560 1728 1468 1143 968 15659 11970 2014 3689 3156 2802 1227 945 706 533 1575 1177 1779 892 2269 1011 1258 658 1177 864 509 11315 12121 6009 6096 2839 544 668
is_linear=0
shrinkage=0.05


Tree=71
num_leaves=63
num_cat=0
split_feature=13 14 13 1 16 20 18 1 18 1 14 5 12 20 20 14 8 14 8 28 11 11 7 13 7 14 14 14 32 13 13 14 5 5 14 28 28 30 28 10 13 29 32 32 32 10 32 30 28 8 13 13 28 30 14 14 14 32 29 31 5 32
split_gain=3826.63 3528.79 3357.15 3490.71 1747.47 2187.97 2361.95 1383.84 1203.43 1136.69 1011.63 924.441 840.026 791.924 757.572 727.32 817.695 691.023 644.144 865.532 1180.38 699.158 637.516 565.968 674.689 1136.94 1252.34 1284.29 876.484 994.735 1045.36 845.701 1779.31 728.551 677.483 647.399 627.952 712.27 1094.94 1056.65 560.657 1141.26 1618.81 2932.34 1384.96 1458.1 1370.85 2235.53 1270.59 1001.44 849.613 1074.97 809.885 1329.59 1200.61 1000.72 2302.53 1328.64 1131.92 2055.11 2029.45 1084.95
threshold=14.750000000000002 58.250000000000007 -18.249999999999996 36.379938878133473 1.0000000180025095e-35 47.500000000000007 3.5000000000000004 53.315100844060247 2.5000000000000004 59.316945152601626 55.750000000000007 -28.499999999999996 0.81826388888888912 20.500000000000004 75.500000000000014 51.250000000000007 2.5000000000000004 48.750000000000007 13.500000000000002 0.53460249042145602 0.57291666666666652 0.42145833333333343 0.36389414891685889 -11.249999999999998 -0.13446454642623004 40.750000000000007 54.750000000000007 53.250000000000007 7.5759836624562658 2.2500000000000004 -5.2499999999999991 46.250000000000007 9.5000000000000018 19.500000000000004 45.250000000000007 0.56885775862068977 0.45509219245174309 11.500000000000002 0.49397502903600471 28.500000000000004 -6.7499999999999991 0.51967234262125916 1.2099818056339797 1.0358661372350362 2.7413983585858595 23.500000000000004 2.7413983585858595 1.5000000000000002 0.56885775862068977 12.500000000000002 -7.7499999999999991 -7.2499999999999991 0.59220647773279367 13.500000000000002 45.250000000000007 49.250000000000007 51.250000000000007 4.7407620754394957 0.52146697388632879 1.0000000180025095e-35 1.0000000180025095e-35 2.7777999220521545
decision_type=2 2 2 2 2 8 8 2 10 2 2 2 2 8 10 2 2 2 2 2 2 2 2 2 2 2 2 2 8 2 2 2 2 2 2 2 2 8 2 2 2 2 10 8 10 2 10 8 2 2 2 2 2 10 2 2 2 8 2 2 2 10
left_child=1 2 -1 11 5 6 7 18 14 10 40 -4 -13 -14 -7 16 17 -9 21 20 22 -5 -20 -15 -25 33 27 28 -27 30 34 32 -32 36 -30 -33 -26 38 -38 -39 41 46 43 -43 49 50 47 48 -6 -44 -46 -52 55 -54 -55 -42 58 61 -57 60 -60 -58
right_child=-2 -3 3 4 9 8 -8 15 -10 -11 -12 12 13 23 -16 -17 -18 -19 19 -21 -22 -23 -24 24 25 26 -28 -29 29 -31 31 35 -34 -35 -36 -37 37 39 -40 -41 52 42 44 -45 45 -47 -48 -49 -50 -51 51 -53 53 54 -56 56 57 -59 59 -61 -62 -63
leaf_value=-0.18974504551988969 0.20589232345090971 0.18240383274343305 -0.075184187630209356 0.0056134882292458929 -0.075160521960684235 0.016190432026406614 -0.0017667122788401807 0.058101702749906586 -0.017639721200396561 0.041833373924666663 -0.096454559775020099 -0.034563566704687181 0.0072287737794625691 -0.042823178345534868 -0.010517142109087836 0.1467914623313869 0.11149831223124361 -0.040617016017014909 -0.0021475418175489498 0.079568688905837529 -0.076178894471006092 0.044040436725143656 0.11731729198571134 -0.019804536343011728 -0.093791074662469331 0.0058962307222611351 -0.07808054469624448 0.088335072279241297 -0.10382037966838108 -0.087428114505428645 -0.010277210811013853 -0.085577651198642954 0.18328653880150864 -0.11701766878292107 -0.0084309819434538382 0.037586417723605985 0.053607495711681385 -0.039804267544227029 -0.064732566328101454 0.11925534993093811 0.0010365229549761834 -0.030680102481159734 0.011631578782360149 -0.18057476137449968 -0.027269188007345152 -0.10550477689717926 -0.023347563698269385 0.15241930341261195 0.081352763284993329 0.15105923742278793 0.10928312764791684 -0.019820260817559811 0.010569291439022854 0.019141252449454239 0.18518210071301378 -0.18936568114704688 0.0033409740360535248 -0.090894846115577022 -0.045373471320743604 0.031017676096897734 -0.22040108955754772 0.10687081919895719
leaf_weight=234 224 262 571 2769 293 12983 4089 1411 4848 1415 292 3502 6280 1443 3337 309 669 202 217 1315 250 2067 229 12038 299 11831 490 428 349 539 280 215 205 262 398 210 257 205 807 211 15591 1365 331 428 1313 433 1017 385 231 210 312 332 4302 218 217 202 1210 294 438 392 266 319
leaf_count=234 224 262 571 2769 293 12983 4089 1411 4848 1415 292 3502 6280 1443 3337 309 669 202 217 1315 250 2067 229 12038 299 11831 490 428 349 539 280 215 205 262 398 210 257 205 807 211 15591 1365 331 428 1313 433 1017 385 231 210 312 332 4302 218 217 202 1210 294 438 392 266 319
internal_value=-9.20888e-05 -0.000521947 -0.000969239 -0.000555873 0.00650901 0.0142692 0.0299755 0.0437265 0.00423144 -0.00195624 -0.00399639 -0.0120653 -0.0111681 -0.00893758 0.0107291 0.0748471 0.0650452 0.0457214 0.0319409 0.0557188 0.0106082 0.0220436 0.0593173 -0.01227 -0.0107495 -0.00433146 0.000449968 0.00311724 0.000510908 -0.0284921 -0.00927986 0.0266906 0.0717472 -0.039326 -0.0530763 -0.0247747 -0.0278247 -0.0144434 -0.0361251 0.0409651 -0.00309625 -0.0159093 -0.0291335 -0.0665416 -0.0062347 -0.0225911 0.0165245 0.0611104 -0.00613972 0.0659321 -0.00420135 0.0427992 0.000537997 0.0190041 0.102206 -0.00413751 -0.0299765 0.00626678 -0.0808448 -0.0606892 -0.111725 0.0249965
internal_weight=108041 107817 107555 107321 66501 34695 13527 9438 21168 31806 30391 40820 40249 36747 16320 2591 2282 1613 6847 2011 696 4836 446 30467 29024 16986 14945 14455 14027 2196 1657 910 485 2041 747 425 1779 1480 1064 416 30099 6650 4724 1793 2931 2390 1926 909 524 541 1957 644 23449 4737 435 18712 3121 1823 1298 1096 704 1529
internal_count=108041 107817 107555 107321 66501 34695 13527 9438 21168 31806 30391 40820 40249 36747 16320 2591 2282 1613 6847 2011 696 4836 446 30467 29024 16986 14945 14455 14027 2196 1657 910 485 2041 747 425 1779 1480 1064 416 30099 6650 4724 1793 2931 2390 1926 909 524 541 1957 644 23449 4737 435 18712 3121 1823 1298 1096 704 1529
is_linear=0
shrinkage=0.05


Tree=72
num_leaves=63
num_cat=0
split_feature=0 30 30 5 30 32 27 30 22 11 11 30 27 22 27 11 7 30 6 11 11 10 28 28 32 7 32 11 32 11 31 32 9 9 30 27 32 28 5 24 8 9 11 11 30 5 28 27 9 5 6 28 27 28 32 27 32 11 28 11 27 27
split_gain=3392.43 1450.59 4378.46 1245.36 1248.93 2153.1 2095.93 1453.88 1750.18 2069.59 1683.38 1835.25 1597.14 1435.07 1685.62 2049.68 2002.37 1624.51 1575.55 2158.39 1378.89 1877.15 2062.13 1561.59 2253.59 1980.85 1196.37 1305.98 1187.83 1186.05 2108.49 2725.47 2705.6 1703.91 2598.6 2170.92 1205.24 1651.4 1516.76 1128.12 1506.31 1066.18 1064.62 2115.09 2028.96 1056.18 1070.1 1145.01 1171.78 966.419 964.697 1317.83 1000.08 2098.44 1927.3 1790.66 1026.77 952.458 951.249 945.662 940.959 889.247
threshold=1902.5000000000002 24.500000000000004 22.500000000000004 -8.4999999999999982 8.5000000000000018 4.4408766645529498 0.9693170142272044 6.5000000000000009 -1.0000000180025095e-35 4.0002777777777787 7.5001388888888902 1.5000000000000002 0.9790623932899104 1.0000000180025095e-35 0.90305590411602654 2.7102083333333336 -0.076742702272343047 9.5000000000000018 -2.4207723742776701 -3.0220833333333328 0.53798611111111116 14.500000000000002 0.61617524916943534 0.60403138528138534 6.7340460360381895 -0.063168978958452623 3.4215180542147876 -1.545694444444444 4.2439889756066238 0.53798611111111116 1.0000000180025095e-35 0.55830748646840611 26.500000000000004 6.5000000000000009 18.500000000000004 1.0155331995318944 2.1174278932109871 0.53460249042145602 -13.499999999999998 2.5000000000000004 6.5000000000000009 14.500000000000002 2.0200694444444447 -1.3017361111111108 7.5000000000000009 13.500000000000002 0.59112762237762251 0.99243005314560517 11.500000000000002 -4.4999999999999991 1.1900046456310627 0.6946248196248197 1.0000115743419988 0.61140661938534291 3.6070009303561936 1.0438437787423431 10.158713939989974 -1.1152083333333329 0.55025252525252533 -5.5163194444444441 0.91527976008268686 0.94203913431784159
decision_type=2 10 10 2 10 10 2 10 2 2 2 10 2 2 2 2 2 10 2 2 2 2 2 2 10 2 10 2 10 2 2 10 2 2 10 2 10 2 2 2 2 2 2 2 10 2 2 2 2 2 2 2 2 2 8 2 10 2 2 2 2 2
left_child=29 2 3 39 5 7 -7 10 12 28 26 -12 -9 17 -15 16 -16 18 -6 -20 21 22 -19 24 25 -22 -5 -28 42 50 31 49 45 -33 35 36 -35 -38 -39 -2 -41 -37 43 44 59 46 47 48 -32 -31 -1 52 53 -52 -55 -54 -57 -21 -51 -10 -23 -61
right_child=1 -3 -4 4 13 6 -8 8 9 -11 11 -13 -14 14 15 -17 -18 20 19 57 23 60 -24 -25 -26 -27 27 -29 -30 30 32 33 -34 34 -36 41 37 38 -40 40 -42 -43 -44 -45 -46 -47 -48 -49 -50 58 51 -53 55 54 -56 56 -58 -59 -60 61 -62 -63
leaf_value=-0.018392017171840854 -0.054782485659969841 -0.12396796474532129 0.22455067212053598 0.014421322617155178 0.068674626558398219 0.026344081089162915 0.15337041194318279 0.0012029436978868637 -0.028337244888497218 -0.12480640162879238 0.037452514467652513 0.22405218916045955 -0.16101092232010839 0.037143318358992303 0.071717203563392756 -0.20735069443621945 -0.073442194204611205 -0.0035972845879583141 0.020958832862755558 -0.16603489889936851 -0.038903494158135495 -0.016538864670112011 -0.13164270358420044 0.14851643300967887 -0.010789282464404084 0.11182932951476564 0.026201445286362837 0.14502353726805448 0.080825390878828937 -0.026010227917454422 -0.074478334158658982 -0.048513067309405994 -0.068355076805129644 0.12574027886991768 0.18361632890224666 0.014759652503936412 -0.015693057485284514 -0.023403657592566202 0.096369373668890784 0.019282444671477408 -0.11270007055556897 -0.032424369302729079 0.081234178199015697 -0.14313139602197236 -0.11543994141959023 0.15122118693786665 -0.010895022856925306 0.091022914803994576 0.062614632314430999 -0.15906171919362222 0.0040585319522214612 -0.12796533449679753 -0.03322682327047112 0.18159663851817831 0.0088237352088285422 0.0051794851398088634 -0.078210289079261891 -0.06210528147699125 -0.032315823405400554 0.0095578567330634797 0.10670035052362048 0.11058114309338792
leaf_weight=24999 1360 200 237 23887 290 780 556 265 433 296 377 202 354 547 302 216 1101 3659 533 380 278 217 343 308 1534 1001 621 368 536 516 249 1374 499 369 213 2028 1133 355 1030 1837 244 2920 325 280 283 272 599 1379 413 447 6010 212 5398 336 310 10197 382 528 222 420 538 452
leaf_count=24999 1360 200 237 23887 290 780 556 265 433 296 377 202 354 547 302 216 1101 3659 533 380 278 217 343 308 1534 1001 621 368 536 516 249 1374 499 369 213 2028 1133 355 1030 1837 244 2920 325 280 283 272 599 1379 413 447 6010 212 5398 336 310 10197 382 528 222 420 538 452
internal_value=-0.000207089 0.0100619 0.0106487 0.00953335 0.0118914 0.0172408 0.0792835 0.0143897 -0.0151459 0.000539313 0.0186183 0.102827 -0.0916756 -0.00193584 -0.0386911 -0.0643198 -0.0421674 0.00635246 -0.0374923 -0.0588911 0.0159898 -0.000955262 -0.0146018 0.0418094 0.0300772 0.0790617 0.0166542 0.0705161 0.0141756 -0.00785764 0.00493239 -0.00606487 0.0391217 0.00292659 0.0117136 0.00701746 0.0414658 0.0290707 0.0656747 -0.0193868 0.00376062 -0.0130863 -0.00214393 -0.016686 0.00568522 0.0575561 0.0478521 0.0650904 0.0110149 -0.0774986 -0.0116051 -0.00417772 -0.00301262 0.01327 0.0988288 -0.00979633 0.00216123 -0.105735 -0.117114 0.0320205 0.0713043 0.0619898
internal_weight=107950 46088 45888 45651 42210 30435 1336 29099 3644 3025 25455 579 619 11775 2166 1619 1403 9609 1731 1441 7878 4757 4002 3121 2813 1279 24876 989 2729 61862 14018 10607 3411 9422 8048 7835 2887 2518 1385 3441 2081 4948 2193 1868 1588 2912 2640 2041 662 1185 47844 22845 22633 6656 646 15977 10579 908 669 1305 755 872
internal_count=107950 46088 45888 45651 42210 30435 1336 29099 3644 3025 25455 579 619 11775 2166 1619 1403 9609 1731 1441 7878 4757 4002 3121 2813 1279 24876 989 2729 61862 14018 10607 3411 9422 8048 7835 2887 2518 1385 3441 2081 4948 2193 1868 1588 2912 2640 2041 662 1185 47844 22845 22633 6656 646 15977 10579 908 669 1305 755 872
is_linear=0
shrinkage=0.05


end of trees

feature_importances:
pregame_total=705
pregame_spread=634
wind_x_pass_rate=370
total_decayed=319
spread_decayed=290
wind_mph=264
yardline_100=225
home_pass_rate=190
score_diff_per_min=170
away_pass_rate=168
score_diff_x_sqrt_time=150
has_ball_home=121
score_diff=103
away_score=101
home_score=77
has_ball_away=74
plays_per_min=74
down=71
pace_ratio=59
total_points_so_far=56
expected_remaining_total=51
is_dome=51
field_pos_value=48
away_timeouts=46
seconds_remaining=31
timeout_diff=25
plays_run=16
half_seconds_remaining=10
distance=9
home_timeouts=8
sqrt_seconds_remaining=6
clock_seconds=4

parameters:
[boosting: gbdt]
[objective: regression]
[metric: l2]
[tree_learner: serial]
[device_type: cpu]
[data_sample_strategy: bagging]
[data: ]
[valid: ]
[num_iterations: 700]
[learning_rate: 0.05]
[num_leaves: 63]
[num_threads: 0]
[seed: 7]
[deterministic: 0]
[force_col_wise: 0]
[force_row_wise: 0]
[histogram_pool_size: -1]
[max_depth: -1]
[min_data_in_leaf: 200]
[min_sum_hessian_in_leaf: 0.001]
[bagging_fraction: 0.85]
[pos_bagging_fraction: 1]
[neg_bagging_fraction: 1]
[bagging_freq: 1]
[bagging_seed: 17422]
[bagging_by_query: 0]
[feature_fraction: 0.85]
[feature_fraction_bynode: 1]
[feature_fraction_seed: 7040]
[extra_trees: 0]
[extra_seed: 6516]
[early_stopping_round: 0]
[early_stopping_min_delta: 0]
[first_metric_only: 0]
[max_delta_step: 0]
[lambda_l1: 0]
[lambda_l2: 1]
[linear_lambda: 0]
[min_gain_to_split: 0]
[drop_rate: 0.1]
[max_drop: 50]
[skip_drop: 0.5]
[xgboost_dart_mode: 0]
[uniform_drop: 0]
[drop_seed: 15215]
[top_rate: 0.2]
[other_rate: 0.1]
[min_data_per_group: 100]
[max_cat_threshold: 32]
[cat_l2: 10]
[cat_smooth: 10]
[max_cat_to_onehot: 4]
[top_k: 20]
[monotone_constraints: ]
[monotone_constraints_method: basic]
[monotone_penalty: 0]
[feature_contri: ]
[forcedsplits_filename: ]
[refit_decay_rate: 0.9]
[cegb_tradeoff: 1]
[cegb_penalty_split: 0]
[cegb_penalty_feature_lazy: ]
[cegb_penalty_feature_coupled: ]
[path_smooth: 0]
[interaction_constraints: ]
[verbosity: -1]
[saved_feature_importance_type: 0]
[use_quantized_grad: 0]
[num_grad_quant_bins: 4]
[quant_train_renew_leaf: 0]
[stochastic_rounding: 1]
[linear_tree: 0]
[max_bin: 255]
[max_bin_by_feature: ]
[min_data_in_bin: 3]
[bin_construct_sample_cnt: 200000]
[data_random_seed: 61]
[is_enable_sparse: 1]
[enable_bundle: 1]
[use_missing: 1]
[zero_as_missing: 0]
[feature_pre_filter: 1]
[pre_partition: 0]
[two_round: 0]
[header: 0]
[label_column: ]
[weight_column: ]
[group_column: ]
[ignore_column: ]
[categorical_feature: ]
[forcedbins_filename: ]
[precise_float_parser: 0]
[parser_config_file: ]
[objective_seed: 15521]
[num_class: 1]
[is_unbalance: 0]
[scale_pos_weight: 1]
[sigmoid: 1]
[boost_from_average: 1]
[reg_sqrt: 0]
[alpha: 0.9]
[fair_c: 1]
[poisson_max_delta_step: 0.7]
[tweedie_variance_power: 1.5]
[lambdarank_truncation_level: 30]
[lambdarank_norm: 1]
[label_gain: ]
[lambdarank_position_bias_regularization: 0]
[eval_at: ]
[multi_error_top_k: 1]
[auc_mu_weights: ]
[num_machines: 1]
[local_listen_port: 12400]
[time_out: 120]
[machine_list_filename: ]
[machines: ]
[gpu_platform_id: -1]
[gpu_device_id: -1]
[gpu_device_id_list: ]
[gpu_use_dp: 0]
[num_gpu: 1]

end of parameters

pandas_categorical:[]
